mapa_anexo.xlsx,3,AL2021,010100,Águeda,,CM,[A],coalition,PPD/PSD.MPT,JUNTOS POR ÁGUEDA
mapa_anexo.xlsx,4,AL2021,010100,Águeda,,AM,[A],coalition,PPD/PSD.MPT,JUNTOS POR ÁGUEDA
mapa_anexo.xlsx,5,AL2021,010103,Águeda,Aguada de Cima,AF,[A],coalition,PPD/PSD.MPT,JUNTOS POR ÁGUEDA
mapa_anexo.xlsx,6,AL2021,010109,Águeda,Fermentelos,AF,[A],coalition,PPD/PSD.MPT,JUNTOS POR ÁGUEDA
mapa_anexo.xlsx,7,AL2021,010112,Águeda,Macinhata do Vouga,AF,[A],coalition,PPD/PSD.MPT,JUNTOS POR ÁGUEDA
mapa_anexo.xlsx,8,AL2021,010119,Águeda,Valongo do Vouga,AF,[A],coalition,PPD/PSD.MPT,JUNTOS POR ÁGUEDA
mapa_anexo.xlsx,9,AL2021,010121,Águeda,União das freguesias de Águeda e Borralha,AF,[A],coalition,PPD/PSD.MPT,JUNTOS POR ÁGUEDA
mapa_anexo.xlsx,10,AL2021,010122,Águeda,União das freguesias de Barrô e Aguada de Baixo,AF,[A],coalition,PPD/PSD.MPT,JUNTOS POR ÁGUEDA
mapa_anexo.xlsx,11,AL2021,010123,Águeda,"União das freguesias de Belazaima do Chão, Castanheira do Vouga e Agadão",AF,[A],coalition,PPD/PSD.MPT,JUNTOS POR ÁGUEDA
mapa_anexo.xlsx,12,AL2021,010124,Águeda,União das freguesias de Recardães e Espinhel,AF,[A],coalition,PPD/PSD.MPT,JUNTOS POR ÁGUEDA
mapa_anexo.xlsx,13,AL2021,010125,Águeda,União das freguesias de Travassô e Óis da Ribeira,AF,[A],coalition,PPD/PSD.MPT,JUNTOS POR ÁGUEDA
mapa_anexo.xlsx,14,AL2021,010126,Águeda,"União das freguesias de Trofa, Segadães e Lamas do Vouga",AF,[A],coalition,PPD/PSD.MPT,JUNTOS POR ÁGUEDA
mapa_anexo.xlsx,15,AL2021,010127,Águeda,União das freguesias do Préstimo e Macieira de Alcoba,AF,[A],coalition,PPD/PSD.MPT,JUNTOS POR ÁGUEDA
mapa_anexo.xlsx,16,AL2021,010300,Anadia,,CM,[D],citizen_group,MIAP,Movimento Independente Anadia Primeiro
mapa_anexo.xlsx,17,AL2021,010300,Anadia,,AM,[D],citizen_group,MIAP,Movimento Independente Anadia Primeiro
mapa_anexo.xlsx,18,AL2021,010304,Anadia,Avelãs de Caminho,AF,[D],citizen_group,MIAP,Movimento Independente Anadia Primeiro
mapa_anexo.xlsx,18,AL2021,010304,Anadia,Avelãs de Caminho,AF,[E],citizen_group,+ PNT,+ PNT - Mais Pela Nossa Terra
mapa_anexo.xlsx,19,AL2021,010305,Anadia,Avelãs de Cima,AF,[D],citizen_group,MIAP,Movimento Independente Anadia Primeiro
mapa_anexo.xlsx,20,AL2021,010307,Anadia,Moita,AF,[D],citizen_group,MIAP,Movimento Independente Anadia Primeiro
mapa_anexo.xlsx,20,AL2021,010307,Anadia,Moita,AF,[E],citizen_group,MIMO,Movimento Independente pela Moita
mapa_anexo.xlsx,21,AL2021,010309,Anadia,Sangalhos,AF,[D],citizen_group,MIAP,Movimento Independente Anadia Primeiro
mapa_anexo.xlsx,22,AL2021,010310,Anadia,São Lourenço do Bairro,AF,[D],citizen_group,MIAP,Movimento Independente Anadia Primeiro
mapa_anexo.xlsx,23,AL2021,010312,Anadia,Vila Nova de Monsarros,AF,[D],citizen_group,MIAP,Movimento Independente Anadia Primeiro
mapa_anexo.xlsx,24,AL2021,010313,Anadia,Vilarinho do Bairro,AF,[D],citizen_group,MIAP,Movimento Independente Anadia Primeiro
mapa_anexo.xlsx,25,AL2021,010316,Anadia,"União das freguesias de Amoreira da Gândara, Paredes do Bairro e Ancas",AF,[D],citizen_group,MIAP,Movimento Independente Anadia Primeiro
mapa_anexo.xlsx,26,AL2021,010317,Anadia,União das freguesias de Arcos e Mogofores,AF,[D],citizen_group,MIAP,Movimento Independente Anadia Primeiro
mapa_anexo.xlsx,27,AL2021,010318,Anadia,"União das freguesias de Tamengos, Aguim e Óis do Bairro",AF,[D],citizen_group,MIAP,Movimento Independente Anadia Primeiro
mapa_anexo.xlsx,28,AL2021,010400,Arouca,,CM,[A],coalition,PPD/PSD.CDS-PP.PPM.IL,AGORA OS AROUQUENSES
mapa_anexo.xlsx,29,AL2021,010400,Arouca,,AM,[A],coalition,PPD/PSD.CDS-PP.PPM.IL,AGORA OS AROUQUENSES
mapa_anexo.xlsx,30,AL2021,010402,Arouca,Alvarenga,AF,[A],coalition,PPD/PSD.CDS-PP.PPM.IL,AGORA OS AROUQUENSES
mapa_anexo.xlsx,31,AL2021,010407,Arouca,Chave,AF,[A],coalition,PPD/PSD.CDS-PP.PPM.IL,AGORA OS AROUQUENSES
mapa_anexo.xlsx,32,AL2021,010409,Arouca,Escariz,AF,[A],coalition,PPD/PSD.CDS-PP.PPM.IL,AGORA OS AROUQUENSES
mapa_anexo.xlsx,33,AL2021,010411,Arouca,Fermedo,AF,[A],coalition,PPD/PSD.CDS-PP.PPM.IL,AGORA OS AROUQUENSES
mapa_anexo.xlsx,34,AL2021,010413,Arouca,Mansores,AF,[A],coalition,PPD/PSD.CDS-PP.PPM.IL,AGORA OS AROUQUENSES
mapa_anexo.xlsx,34,AL2021,010413,Arouca,Mansores,AF,[D],citizen_group,LIM,Lista Independente de Mansores
mapa_anexo.xlsx,35,AL2021,010414,Arouca,Moldes,AF,[A],coalition,PPD/PSD.CDS-PP.PPM.IL,AGORA OS AROUQUENSES
mapa_anexo.xlsx,35,AL2021,010414,Arouca,Moldes,AF,[D],citizen_group,M,Mudança
mapa_anexo.xlsx,36,AL2021,010415,Arouca,Rossas,AF,[A],coalition,PPD/PSD.CDS-PP.PPM.IL,AGORA OS AROUQUENSES
mapa_anexo.xlsx,36,AL2021,010415,Arouca,Rossas,AF,[D],citizen_group,UNIR,União Independente por Rossas
mapa_anexo.xlsx,37,AL2021,010416,Arouca,Santa Eulália,AF,[A],coalition,PPD/PSD.CDS-PP.PPM.IL,AGORA OS AROUQUENSES
mapa_anexo.xlsx,38,AL2021,010417,Arouca,São Miguel do Mato,AF,[A],coalition,PPD/PSD.CDS-PP.PPM.IL,AGORA OS AROUQUENSES
mapa_anexo.xlsx,39,AL2021,010418,Arouca,Tropeço,AF,[A],coalition,PPD/PSD.CDS-PP.PPM.IL,AGORA OS AROUQUENSES
mapa_anexo.xlsx,40,AL2021,010419,Arouca,Urrô,AF,[A],coalition,PPD/PSD.CDS-PP.PPM.IL,AGORA OS AROUQUENSES
mapa_anexo.xlsx,41,AL2021,010420,Arouca,Várzea,AF,[A],coalition,PPD/PSD.CDS-PP.PPM.IL,AGORA OS AROUQUENSES
mapa_anexo.xlsx,42,AL2021,010421,Arouca,União das freguesias de Arouca e Burgo,AF,[A],coalition,PPD/PSD.CDS-PP.PPM.IL,AGORA OS AROUQUENSES
mapa_anexo.xlsx,43,AL2021,010422,Arouca,União das freguesias de Cabreiros e Albergaria da Serra,AF,[A],coalition,PPD/PSD.CDS-PP.PPM.IL,AGORA OS AROUQUENSES
mapa_anexo.xlsx,44,AL2021,010423,Arouca,União das freguesias de Canelas e Espiunca,AF,[A],coalition,PPD/PSD.CDS-PP.PPM.IL,AGORA OS AROUQUENSES
mapa_anexo.xlsx,44,AL2021,010423,Arouca,União das freguesias de Canelas e Espiunca,AF,[D],citizen_group,JPU,Juntos pela União
mapa_anexo.xlsx,45,AL2021,010424,Arouca,União das freguesias de Covelo de Paivó e Janarde,AF,[A],coalition,PPD/PSD.CDS-PP.PPM.IL,AGORA OS AROUQUENSES
mapa_anexo.xlsx,46,AL2021,010500,Aveiro,,CM,[A],coalition,PPD/PSD.CDS-PP.PPM,ALIANÇA COM AVEIRO
mapa_anexo.xlsx,46,AL2021,010500,Aveiro,,CM,[B],coalition,PS-PAN,VIVA AVEIRO
mapa_anexo.xlsx,47,AL2021,010500,Aveiro,,AM,[A],coalition,PPD/PSD.CDS-PP.PPM,ALIANÇA COM AVEIRO
mapa_anexo.xlsx,47,AL2021,010500,Aveiro,,AM,[B],coalition,PS-PAN,VIVA AVEIRO
mapa_anexo.xlsx,48,AL2021,010501,Aveiro,Aradas,AF,[A],coalition,PPD/PSD.CDS-PP.PPM,ALIANÇA COM AVEIRO
mapa_anexo.xlsx,48,AL2021,010501,Aveiro,Aradas,AF,[B],coalition,PS-PAN,VIVA AVEIRO
mapa_anexo.xlsx,48,AL2021,010501,Aveiro,Aradas,AF,[D],citizen_group,SA,Sentir Aradas
mapa_anexo.xlsx,49,AL2021,010502,Aveiro,Cacia,AF,[A],coalition,PPD/PSD.CDS-PP.PPM,ALIANÇA COM AVEIRO
mapa_anexo.xlsx,49,AL2021,010502,Aveiro,Cacia,AF,[B],coalition,PS-PAN,VIVA AVEIRO
mapa_anexo.xlsx,50,AL2021,010505,Aveiro,Esgueira,AF,[A],coalition,PPD/PSD.CDS-PP.PPM,ALIANÇA COM AVEIRO
mapa_anexo.xlsx,50,AL2021,010505,Aveiro,Esgueira,AF,[B],coalition,PS-PAN,VIVA AVEIRO
mapa_anexo.xlsx,51,AL2021,010508,Aveiro,Oliveirinha,AF,[A],coalition,PPD/PSD.CDS-PP.PPM,ALIANÇA COM AVEIRO
mapa_anexo.xlsx,51,AL2021,010508,Aveiro,Oliveirinha,AF,[B],coalition,PS-PAN,VIVA AVEIRO
mapa_anexo.xlsx,52,AL2021,010510,Aveiro,São Bernardo,AF,[A],coalition,PPD/PSD.CDS-PP.PPM,ALIANÇA COM AVEIRO
mapa_anexo.xlsx,52,AL2021,010510,Aveiro,São Bernardo,AF,[D],citizen_group,SB MM,São Bernardo Mais e Melhor
mapa_anexo.xlsx,53,AL2021,010511,Aveiro,São Jacinto,AF,[A],coalition,PPD/PSD.CDS-PP.PPM,ALIANÇA COM AVEIRO
mapa_anexo.xlsx,53,AL2021,010511,Aveiro,São Jacinto,AF,[B],coalition,PS-PAN,VIVA AVEIRO
mapa_anexo.xlsx,54,AL2021,010513,Aveiro,Santa Joana,AF,[A],coalition,PPD/PSD.CDS-PP.PPM,ALIANÇA COM AVEIRO
mapa_anexo.xlsx,54,AL2021,010513,Aveiro,Santa Joana,AF,[B],coalition,PS-PAN,VIVA AVEIRO
mapa_anexo.xlsx,55,AL2021,010515,Aveiro,Eixo e Eirol,AF,[A],coalition,PPD/PSD.CDS-PP.PPM,ALIANÇA COM AVEIRO
mapa_anexo.xlsx,55,AL2021,010515,Aveiro,Eixo e Eirol,AF,[B],coalition,PS-PAN,VIVA AVEIRO
mapa_anexo.xlsx,56,AL2021,010516,Aveiro,"Requeixo, Nossa Senhora de Fátima e Nariz",AF,[A],coalition,PPD/PSD.CDS-PP.PPM,ALIANÇA COM AVEIRO
mapa_anexo.xlsx,56,AL2021,010516,Aveiro,"Requeixo, Nossa Senhora de Fátima e Nariz",AF,[B],coalition,PS-PAN,VIVA AVEIRO
mapa_anexo.xlsx,57,AL2021,010517,Aveiro,União das freguesias de Glória e Vera Cruz,AF,[A],coalition,PPD/PSD.CDS-PP.PPM,ALIANÇA COM AVEIRO
mapa_anexo.xlsx,57,AL2021,010517,Aveiro,União das freguesias de Glória e Vera Cruz,AF,[B],coalition,PS-PAN,VIVA AVEIRO
mapa_anexo.xlsx,58,AL2021,010600,Castelo de Paiva,,CM,[D],citizen_group,MPM,Mudar para Melhor
mapa_anexo.xlsx,58,AL2021,010600,Castelo de Paiva,,CM,[E],citizen_group,UCPT,Um Concelho para Todos
mapa_anexo.xlsx,59,AL2021,010600,Castelo de Paiva,,AM,[D],citizen_group,MPM,Mudar para Melhor
mapa_anexo.xlsx,59,AL2021,010600,Castelo de Paiva,,AM,[E],citizen_group,UCPT,Um Concelho para Todos
mapa_anexo.xlsx,60,AL2021,010602,Castelo de Paiva,Fornos,AF,[D],citizen_group,MPM,Mudar para Melhor
mapa_anexo.xlsx,60,AL2021,010602,Castelo de Paiva,Fornos,AF,[E],citizen_group,UCPT,Um Concelho para Todos
mapa_anexo.xlsx,61,AL2021,010606,Castelo de Paiva,Real,AF,[D],citizen_group,MPM,Mudar para Melhor
mapa_anexo.xlsx,61,AL2021,010606,Castelo de Paiva,Real,AF,[E],citizen_group,UCPT,Um Concelho para Todos
mapa_anexo.xlsx,62,AL2021,010607,Castelo de Paiva,Santa Maria de Sardoura,AF,[D],citizen_group,MPM,Mudar para Melhor
mapa_anexo.xlsx,62,AL2021,010607,Castelo de Paiva,Santa Maria de Sardoura,AF,[E],citizen_group,UCPT,Um Concelho para Todos
mapa_anexo.xlsx,63,AL2021,010608,Castelo de Paiva,São Martinho de Sardoura,AF,[D],citizen_group,MPM,Mudar para Melhor
mapa_anexo.xlsx,63,AL2021,010608,Castelo de Paiva,São Martinho de Sardoura,AF,[E],citizen_group,UCPT,Um Concelho para Todos
mapa_anexo.xlsx,64,AL2021,010610,Castelo de Paiva,"União das freguesias de Raiva, Pedorido e Paraíso",AF,[D],citizen_group,MPM,Mudar para Melhor
mapa_anexo.xlsx,64,AL2021,010610,Castelo de Paiva,"União das freguesias de Raiva, Pedorido e Paraíso",AF,[E],citizen_group,UCPT,Um Concelho para Todos
mapa_anexo.xlsx,65,AL2021,010611,Castelo de Paiva,União das freguesias de Sobrado e Bairros,AF,[D],citizen_group,MPM,Mudar para Melhor
mapa_anexo.xlsx,65,AL2021,010611,Castelo de Paiva,União das freguesias de Sobrado e Bairros,AF,[E],citizen_group,UCPT,Um Concelho para Todos
mapa_anexo.xlsx,66,AL2021,010704,Espinho,Paramos,AF,[D],citizen_group,IP,Independentes de Paramos - IP
mapa_anexo.xlsx,67,AL2021,010800,Estarreja,,CM,[A],coalition,PPD/PSD.CDS-PP,SEMPRE MAIS!
mapa_anexo.xlsx,68,AL2021,010800,Estarreja,,AM,[A],coalition,PPD/PSD.CDS-PP,SEMPRE MAIS!
mapa_anexo.xlsx,69,AL2021,010801,Estarreja,Avanca,AF,[A],coalition,PPD/PSD.CDS-PP,SEMPRE MAIS!
mapa_anexo.xlsx,70,AL2021,010805,Estarreja,Pardilhó,AF,[A],coalition,PPD/PSD.CDS-PP,SEMPRE MAIS!
mapa_anexo.xlsx,71,AL2021,010806,Estarreja,Salreu,AF,[A],coalition,PPD/PSD.CDS-PP,SEMPRE MAIS!
mapa_anexo.xlsx,72,AL2021,010808,Estarreja,União das freguesias de Beduído e Veiros,AF,[A],coalition,PPD/PSD.CDS-PP,SEMPRE MAIS!
mapa_anexo.xlsx,73,AL2021,010809,Estarreja,União das freguesias de Canelas e Fermelã,AF,[A],coalition,PPD/PSD.CDS-PP,SEMPRE MAIS!
mapa_anexo.xlsx,74,AL2021,010914,Feira,Milheirós de Poiares,AF,[D],citizen_group,MM,Mais Milheirós
mapa_anexo.xlsx,75,AL2021,010917,Feira,Nogueira da Regedoura,AF,[A],coalition,PPD/PSD.CDS-PP,NOGUEIRA COM VIDA
mapa_anexo.xlsx,76,AL2021,011000,Ílhavo,,CM,[D],citizen_group,UPF,Unir Para Fazer
mapa_anexo.xlsx,77,AL2021,011000,Ílhavo,,AM,[D],citizen_group,UPF,Unir Para Fazer
mapa_anexo.xlsx,78,AL2021,011005,Ílhavo,Gafanha da Encarnação,AF,[D],citizen_group,UPF,Unir Para Fazer
mapa_anexo.xlsx,79,AL2021,011006,Ílhavo,Gafanha da Nazaré,AF,[D],citizen_group,UPF,Unir Para Fazer
mapa_anexo.xlsx,80,AL2021,011007,Ílhavo,Gafanha do Carmo,AF,[D],citizen_group,UPF,Unir Para Fazer
mapa_anexo.xlsx,81,AL2021,011008,Ílhavo,Ílhavo (São Salvador),AF,[D],citizen_group,UPF,Unir Para Fazer
mapa_anexo.xlsx,82,AL2021,011100,Mealhada,,CM,[A],coalition,PPD/PSD.CDS-PP.IL.MPT.PPM.,JUNTOS PELO CONCELHO DA MEALHADA
mapa_anexo.xlsx,82,AL2021,011100,Mealhada,,CM,[D],citizen_group,MMMI,Mais e Melhor - Movimento Independente
mapa_anexo.xlsx,83,AL2021,011100,Mealhada,,AM,[A],coalition,PPD/PSD.CDS-PP.IL.MPT.PPM.,JUNTOS PELO CONCELHO DA MEALHADA
mapa_anexo.xlsx,83,AL2021,011100,Mealhada,,AM,[D],citizen_group,MMMI,Mais e Melhor - Movimento Independente
mapa_anexo.xlsx,84,AL2021,011102,Mealhada,Barcouço,AF,[A],coalition,PPD/PSD.CDS-PP.IL.MPT.PPM.,JUNTOS PELO CONCELHO DA MEALHADA
mapa_anexo.xlsx,84,AL2021,011102,Mealhada,Barcouço,AF,[D],citizen_group,MMMI,Mais e Melhor - Movimento Independente
mapa_anexo.xlsx,85,AL2021,011103,Mealhada,Casal Comba,AF,[A],coalition,PPD/PSD.CDS-PP.IL.MPT.PPM.,JUNTOS PELO CONCELHO DA MEALHADA
mapa_anexo.xlsx,85,AL2021,011103,Mealhada,Casal Comba,AF,[D],citizen_group,MMMI,Mais e Melhor - Movimento Independente
mapa_anexo.xlsx,86,AL2021,011104,Mealhada,Luso,AF,[A],coalition,PPD/PSD.CDS-PP.IL.MPT.PPM.,JUNTOS PELO CONCELHO DA MEALHADA
mapa_anexo.xlsx,86,AL2021,011104,Mealhada,Luso,AF,[D],citizen_group,MMMI,Mais e Melhor - Movimento Independente
mapa_anexo.xlsx,87,AL2021,011106,Mealhada,Pampilhosa,AF,[A],coalition,PPD/PSD.CDS-PP.IL.MPT.PPM.,JUNTOS PELO CONCELHO DA MEALHADA
mapa_anexo.xlsx,87,AL2021,011106,Mealhada,Pampilhosa,AF,[D],citizen_group,MMMI,Mais e Melhor - Movimento Independente
mapa_anexo.xlsx,88,AL2021,011107,Mealhada,Vacariça,AF,[A],coalition,PPD/PSD.CDS-PP.IL.MPT.PPM.,JUNTOS PELO CONCELHO DA MEALHADA
mapa_anexo.xlsx,88,AL2021,011107,Mealhada,Vacariça,AF,[D],citizen_group,MMMI,Mais e Melhor - Movimento Independente
mapa_anexo.xlsx,89,AL2021,011109,Mealhada,"União das freguesias da Mealhada, Ventosa do Bairro e Antes",AF,[A],coalition,PPD/PSD.CDS-PP.IL.MPT.PPM.,JUNTOS PELO CONCELHO DA MEALHADA
mapa_anexo.xlsx,89,AL2021,011109,Mealhada,"União das freguesias da Mealhada, Ventosa do Bairro e Antes",AF,[D],citizen_group,MMMI,Mais e Melhor - Movimento Independente
mapa_anexo.xlsx,90,AL2021,011300,Oliveira de Azeméis,,CM,[A],coalition,PPD/PSD.CDS-PP,PELAS PESSOAS
mapa_anexo.xlsx,91,AL2021,011300,Oliveira de Azeméis,,AM,[A],coalition,PPD/PSD.CDS-PP,PELAS PESSOAS
mapa_anexo.xlsx,92,AL2021,011301,Oliveira de Azeméis,Carregosa,AF,[A],coalition,PPD/PSD.CDS-PP,PELAS PESSOAS
mapa_anexo.xlsx,93,AL2021,011302,Oliveira de Azeméis,Cesar,AF,[D],citizen_group,IC,IC - Independentes Por Cesar
mapa_anexo.xlsx,94,AL2021,011304,Oliveira de Azeméis,Loureiro,AF,[A],coalition,PPD/PSD.CDS-PP,PELAS PESSOAS
mapa_anexo.xlsx,95,AL2021,011305,Oliveira de Azeméis,Macieira de Sarnes,AF,[A],coalition,PPD/PSD.CDS-PP,PELAS PESSOAS
mapa_anexo.xlsx,96,AL2021,011310,Oliveira de Azeméis,Ossela,AF,[A],coalition,PPD/PSD.CDS-PP,PELAS PESSOAS
mapa_anexo.xlsx,97,AL2021,011318,Oliveira de Azeméis,São Roque,AF,[A],coalition,PPD/PSD.CDS-PP,PELAS PESSOAS
mapa_anexo.xlsx,98,AL2021,011319,Oliveira de Azeméis,Vila de Cucujães,AF,[A],coalition,PPD/PSD.CDS-PP,PELAS PESSOAS
mapa_anexo.xlsx,99,AL2021,011320,Oliveira de Azeméis,União das freguesias de Nogueira do Cravo e Pindelo,AF,[A],coalition,PPD/PSD.CDS-PP,PELAS PESSOAS
mapa_anexo.xlsx,100,AL2021,011321,Oliveira de Azeméis,"União das freguesias de Oliveira de Azeméis, Santiago de Riba-Ul, Ul, Macinhata da Seixa e Madail",AF,[A],coalition,PPD/PSD.CDS-PP,PELAS PESSOAS
mapa_anexo.xlsx,101,AL2021,011322,Oliveira de Azeméis,"União das freguesias de Pinheiro da Bemposta, Travanca e Palmaz",AF,[D],citizen_group,JPNU,JPNU - Juntos Pela Nossa União
mapa_anexo.xlsx,102,AL2021,011500,Ovar,,CM,[A],coalition,NC/PPM,Movimento 2030
mapa_anexo.xlsx,103,AL2021,011500,Ovar,,AM,[A],coalition,NC/PPM,Movimento 2030
mapa_anexo.xlsx,104,AL2021,011502,Ovar,Cortegaça,AF,[A],coalition,NC/PPM,Movimento 2030
mapa_anexo.xlsx,105,AL2021,011503,Ovar,Esmoriz,AF,[A],coalition,NC/PPM,Movimento 2030
mapa_anexo.xlsx,106,AL2021,011504,Ovar,Maceda,AF,[A],coalition,NC/PPM,Movimento 2030
mapa_anexo.xlsx,107,AL2021,011507,Ovar,Válega,AF,[A],coalition,NC/PPM,Movimento 2030
mapa_anexo.xlsx,108,AL2021,011509,Ovar,"União das freguesias de Ovar, São João, Arada e São Vicente de Pereira Jusã",AF,[A],coalition,NC/PPM,Movimento 2030
mapa_anexo.xlsx,109,AL2021,011600,São João da Madeira,,CM,[A],coalition,PPD/PSD.CDS-PP.IL,A MELHOR CIDADE DO PAÍS
mapa_anexo.xlsx,110,AL2021,011600,São João da Madeira,,AM,[A],coalition,PPD/PSD.CDS-PP.IL,A MELHOR CIDADE DO PAÍS
mapa_anexo.xlsx,111,AL2021,011601,São João da Madeira,São João da Madeira,AF,[A],coalition,PPD/PSD.CDS-PP.IL,A MELHOR CIDADE DO PAÍS
mapa_anexo.xlsx,112,AL2021,011702,Sever do Vouga,Couto de Esteves,AF,[D],citizen_group,II - U.O.I.,Um Olhar Independente
mapa_anexo.xlsx,113,AL2021,011901,Vale de Cambra,Arões,AF,[D],citizen_group,UPA,Unidos por Arões
mapa_anexo.xlsx,114,AL2021,011905,Vale de Cambra,Junqueira,AF,[D],citizen_group,MAJ,Movimento dos Amigos de Junqueira
mapa_anexo.xlsx,116,AL2021,020100,Aljustrel,,CM,[A],coalition,PPD/PSD.CDS-PP.PPM.A,"POR ALJUSTREL, COM AMOR"
mapa_anexo.xlsx,117,AL2021,020100,Aljustrel,,AM,[A],coalition,PPD/PSD.CDS-PP.PPM.A,"POR ALJUSTREL, COM AMOR"
mapa_anexo.xlsx,118,AL2021,020103,Aljustrel,Messejana,AF,[A],coalition,PPD/PSD.CDS-PP.PPM.A,"POR ALJUSTREL, COM AMOR"
mapa_anexo.xlsx,119,AL2021,020104,Aljustrel,São João de Negrilhos,AF,[A],coalition,PPD/PSD.CDS-PP.PPM.A,"POR ALJUSTREL, COM AMOR"
mapa_anexo.xlsx,120,AL2021,020106,Aljustrel,União das freguesias de Aljustrel e Rio de Moinhos,AF,[A],coalition,PPD/PSD.CDS-PP.PPM.A,"POR ALJUSTREL, COM AMOR"
mapa_anexo.xlsx,121,AL2021,020300,Alvito,,CM,[A],coalition,PPD/PSD.CDS-PP.A,"UMA EQUIPA, UM NOVO RUMO"
mapa_anexo.xlsx,122,AL2021,020300,Alvito,,AM,[A],coalition,PPD/PSD.CDS-PP.A,"UMA EQUIPA, UM NOVO RUMO"
mapa_anexo.xlsx,123,AL2021,020301,Alvito,Alvito,AF,[A],coalition,PPD/PSD.CDS-PP.A,"UMA EQUIPA, UM NOVO RUMO"
mapa_anexo.xlsx,124,AL2021,020302,Alvito,Vila Nova da Baronia,AF,[A],coalition,PPD/PSD.CDS-PP.A,"UMA EQUIPA, UM NOVO RUMO"
mapa_anexo.xlsx,125,AL2021,020400,Barrancos,,CM,[A],coalition,PPD/PSD.CDS-PP,TEMPOS DE MUDANÇA
mapa_anexo.xlsx,126,AL2021,020400,Barrancos,,AM,[A],coalition,PPD/PSD.CDS-PP,TEMPOS DE MUDANÇA
mapa_anexo.xlsx,127,AL2021,020401,Barrancos,Barrancos,AF,[A],coalition,PPD/PSD.CDS-PP,TEMPOS DE MUDANÇA
mapa_anexo.xlsx,128,AL2021,020500,Beja,,CM,[A],coalition,PPD/PSD.CDS-PP.PPM.IL.A,CONSIGO BEJA CONSEGUE
mapa_anexo.xlsx,129,AL2021,020500,Beja,,AM,[A],coalition,PPD/PSD.CDS-PP.PPM.IL.A,CONSIGO BEJA CONSEGUE
mapa_anexo.xlsx,131,AL2021,020520,Beja,União das freguesias de Beja (Salvador e Santa Maria da Feira),AF,[A],coalition,PPD/PSD.CDS-PP.PPM.IL.A,CONSIGO BEJA CONSEGUE
mapa_anexo.xlsx,132,AL2021,020521,Beja,União das freguesias de Beja (Santiago Maior e São João Baptista),AF,[A],coalition,PPD/PSD.CDS-PP.PPM.IL.A,CONSIGO BEJA CONSEGUE
mapa_anexo.xlsx,133,AL2021,020700,Cuba,,CM,[A],coalition,PPD/PSD.CDS-PP.PPM,"CONSIGO, CUBA CONSEGUE"
mapa_anexo.xlsx,134,AL2021,020700,Cuba,,AM,[A],coalition,PPD/PSD.CDS-PP.PPM,"CONSIGO, CUBA CONSEGUE"
mapa_anexo.xlsx,135,AL2021,020701,Cuba,Cuba,AF,[A],coalition,PPD/PSD.CDS-PP.PPM,"CONSIGO, CUBA CONSEGUE"
mapa_anexo.xlsx,136,AL2021,020800,Ferreira do Alentejo,,CM,[A],coalition,PPD/PSD.CDS-PP,JUNTOS POR FERREIRA DO ALENTEJO
mapa_anexo.xlsx,137,AL2021,020800,Ferreira do Alentejo,,AM,[A],coalition,PPD/PSD.CDS-PP,JUNTOS POR FERREIRA DO ALENTEJO
mapa_anexo.xlsx,138,AL2021,020900,Mértola,,CM,[A],coalition,NC/RIR,UNIDOS POR MÉRTOLA E PELAS PESSOAS
mapa_anexo.xlsx,138,AL2021,020900,Mértola,,CM,[D],citizen_group,MCDM,Movimento Cidadãos a Direito por Mértola
mapa_anexo.xlsx,139,AL2021,020900,Mértola,,AM,[D],citizen_group,MCDM,Movimento Cidadãos a Direito por Mértola
mapa_anexo.xlsx,140,AL2021,021000,Moura,,CM,[A],coalition,PPD/PSD.CDS-PP.A,"CONSIGO, MOURA CONSEGUE"
mapa_anexo.xlsx,141,AL2021,021000,Moura,,AM,[A],coalition,PPD/PSD.CDS-PP.A,"CONSIGO, MOURA CONSEGUE"
mapa_anexo.xlsx,142,AL2021,021001,Moura,Amareleja,AF,[A],coalition,PPD/PSD.CDS-PP.A,"CONSIGO, MOURA CONSEGUE"
mapa_anexo.xlsx,142,AL2021,021001,Moura,Amareleja,AF,[D],citizen_group,ATUA,ATUAmareleja
mapa_anexo.xlsx,143,AL2021,021009,Moura,União das freguesias de Moura (Santo Agostinho e São João Baptista) e Santo Amador,AF,[A],coalition,PPD/PSD.CDS-PP.A,"CONSIGO, MOURA CONSEGUE"
mapa_anexo.xlsx,144,AL2021,021100,Odemira,,CM,[A],coalition,PPD/PSD.CDS-PP,JUNTOS PARA CUMPRIR ODEMIRA
mapa_anexo.xlsx,145,AL2021,021100,Odemira,,AM,[A],coalition,PPD/PSD.CDS-PP,JUNTOS PARA CUMPRIR ODEMIRA
mapa_anexo.xlsx,146,AL2021,021106,Odemira,São Luís,AF,[A],coalition,PPD/PSD.CDS-PP,JUNTOS PARA CUMPRIR ODEMIRA
mapa_anexo.xlsx,147,AL2021,021111,Odemira,Vila Nova de Milfontes,AF,[A],coalition,PPD/PSD.CDS-PP,JUNTOS PARA CUMPRIR ODEMIRA
mapa_anexo.xlsx,147,AL2021,021111,Odemira,Vila Nova de Milfontes,AF,[D],citizen_group,PNF,Pela Nossa Freguesia
mapa_anexo.xlsx,148,AL2021,021117,Odemira,Longueira/Almograve,AF,[A],coalition,PPD/PSD.CDS-PP,JUNTOS PARA CUMPRIR ODEMIRA
mapa_anexo.xlsx,149,AL2021,021120,Odemira,São Salvador e Santa Maria,AF,[A],coalition,PPD/PSD.CDS-PP,JUNTOS PARA CUMPRIR ODEMIRA
mapa_anexo.xlsx,150,AL2021,021121,Odemira,São Teotónio,AF,[A],coalition,PPD/PSD.CDS-PP,JUNTOS PARA CUMPRIR ODEMIRA
mapa_anexo.xlsx,151,AL2021,021300,Serpa,,CM,[A],coalition,PPD/PSD.CDS-PP,CONSIGO SERPA CONSEGUE
mapa_anexo.xlsx,152,AL2021,021300,Serpa,,AM,[A],coalition,PPD/PSD.CDS-PP,CONSIGO SERPA CONSEGUE
mapa_anexo.xlsx,153,AL2021,021302,Serpa,Brinches,AF,[A],coalition,PPD/PSD.CDS-PP,CONSIGO SERPA CONSEGUE
mapa_anexo.xlsx,154,AL2021,021308,Serpa,União das freguesias de Serpa (Salvador e Santa Maria),AF,[A],coalition,PPD/PSD.CDS-PP,CONSIGO SERPA CONSEGUE
mapa_anexo.xlsx,155,AL2021,021309,Serpa,União das freguesias de Vila Nova de São Bento e Vale de Vargo,AF,[A],coalition,PPD/PSD.CDS-PP,CONSIGO SERPA CONSEGUE
mapa_anexo.xlsx,156,AL2021,021400,Vidigueira,,CM,[D],citizen_group,MC,Grupo de Cidadãos Eleitores Mais Cidadãos
mapa_anexo.xlsx,157,AL2021,021400,Vidigueira,,AM,[D],citizen_group,MC,Grupo de Cidadãos Eleitores Mais Cidadãos
mapa_anexo.xlsx,158,AL2021,021401,Vidigueira,Pedrógão,AF,[D],citizen_group,MC,Grupo de Cidadãos Eleitores Mais Cidadãos
mapa_anexo.xlsx,159,AL2021,021402,Vidigueira,Selmes,AF,[D],citizen_group,MC,Grupo de Cidadãos Eleitores Mais Cidadãos
mapa_anexo.xlsx,160,AL2021,021403,Vidigueira,Vidigueira,AF,[D],citizen_group,MC,Grupo de Cidadãos Eleitores Mais Cidadãos
mapa_anexo.xlsx,161,AL2021,021404,Vidigueira,Vila de Frades,AF,[D],citizen_group,MC,Grupo de Cidadãos Eleitores Mais Cidadãos
mapa_anexo.xlsx,163,AL2021,030100,Amares,,CM,[A],coalition,PPD/PSD.CDS-PP,JUNTOS POR AMARES
mapa_anexo.xlsx,164,AL2021,030100,Amares,,AM,[A],coalition,PPD/PSD.CDS-PP,JUNTOS POR AMARES
mapa_anexo.xlsx,165,AL2021,030102,Amares,Barreiros,AF,[A],coalition,PPD/PSD.CDS-PP,JUNTOS POR AMARES
mapa_anexo.xlsx,166,AL2021,030104,Amares,Bico,AF,[D],citizen_group,BSV-S,"Bico, S. Vicente-Sempre"
mapa_anexo.xlsx,167,AL2021,030105,Amares,Caires,AF,[D],citizen_group,PC,Por Caires
mapa_anexo.xlsx,168,AL2021,030107,Amares,Carrazedo,AF,[A],coalition,PPD/PSD.CDS-PP,JUNTOS POR AMARES
mapa_anexo.xlsx,169,AL2021,030108,Amares,Dornelas,AF,[D],citizen_group,CDF,Dornelas com Futuro
mapa_anexo.xlsx,170,AL2021,030111,Amares,Fiscal,AF,[D],citizen_group,MIJPF,Movimento Independente Juntos por Fiscal
mapa_anexo.xlsx,171,AL2021,030112,Amares,Goães,AF,[A],coalition,PPD/PSD.CDS-PP,JUNTOS POR AMARES
mapa_anexo.xlsx,172,AL2021,030113,Amares,Lago,AF,[A],coalition,PPD/PSD.CDS-PP,JUNTOS POR AMARES
mapa_anexo.xlsx,172,AL2021,030113,Amares,Lago,AF,[D],citizen_group,Lago 1º,Alberto Paz Lago em Primeiro
mapa_anexo.xlsx,173,AL2021,030118,Amares,Rendufe,AF,[A],coalition,PPD/PSD.CDS-PP,JUNTOS POR AMARES
mapa_anexo.xlsx,173,AL2021,030118,Amares,Rendufe,AF,[D],citizen_group,RNT,Rendufe a Nossa Terra
mapa_anexo.xlsx,174,AL2021,030119,Amares,Bouro (Santa Maria),AF,[D],citizen_group,PB,Por Bouro
mapa_anexo.xlsx,175,AL2021,030120,Amares,Bouro (Santa Marta),AF,[A],coalition,PPD/PSD.CDS-PP,JUNTOS POR AMARES
mapa_anexo.xlsx,176,AL2021,030125,Amares,União das freguesias de Amares e Figueiredo,AF,[A],coalition,PPD/PSD.CDS-PP,JUNTOS POR AMARES
mapa_anexo.xlsx,177,AL2021,030126,Amares,"União das freguesias de Caldelas, Sequeiros e Paranhos",AF,[D],citizen_group,JPCSP,Juntos por Caldelas Sequeiros Paranhos
mapa_anexo.xlsx,178,AL2021,030127,Amares,"União das freguesias de Ferreiros, Prozelo e Besteiros",AF,[D],citizen_group,FPB,"Unidos por Ferreiros, Prozelo e Besteiros"
mapa_anexo.xlsx,179,AL2021,030128,Amares,União das freguesias de Torre e Portela,AF,[D],citizen_group,JPTP,Junto por Torre Portela
mapa_anexo.xlsx,180,AL2021,030129,Amares,"União das freguesias de Vilela, Seramil e Paredes Secas",AF,[D],citizen_group,VSPS,"Juntos por Vilela, Seramil e Paredes Secas"
mapa_anexo.xlsx,181,AL2021,030200,Barcelos,,CM,[A],coalition,PPD/PSD.CDS-PP,BARCELOS MAIS FUTURO
mapa_anexo.xlsx,181,AL2021,030200,Barcelos,,CM,[D],citizen_group,TB,TODOS BARCELOS
mapa_anexo.xlsx,182,AL2021,030200,Barcelos,,AM,[A],coalition,PPD/PSD.CDS-PP,BARCELOS MAIS FUTURO
mapa_anexo.xlsx,182,AL2021,030200,Barcelos,,AM,[D],citizen_group,TB,TODOS BARCELOS
mapa_anexo.xlsx,183,AL2021,030201,Barcelos,Abade de Neiva,AF,[A],coalition,PPD/PSD.CDS-PP,BARCELOS MAIS FUTURO
mapa_anexo.xlsx,184,AL2021,030202,Barcelos,Aborim,AF,[A],coalition,PPD/PSD.CDS-PP,BARCELOS MAIS FUTURO
mapa_anexo.xlsx,185,AL2021,030203,Barcelos,Adães,AF,[A],coalition,PPD/PSD.CDS-PP,BARCELOS MAIS FUTURO
mapa_anexo.xlsx,186,AL2021,030205,Barcelos,Airó,AF,[A],coalition,PPD/PSD.CDS-PP,BARCELOS MAIS FUTURO
mapa_anexo.xlsx,187,AL2021,030208,Barcelos,Alvelos,AF,[A],coalition,PPD/PSD.CDS-PP,BARCELOS MAIS FUTURO
mapa_anexo.xlsx,188,AL2021,030209,Barcelos,Arcozelo,AF,[A],coalition,PPD/PSD.CDS-PP,BARCELOS MAIS FUTURO
mapa_anexo.xlsx,189,AL2021,030210,Barcelos,Areias,AF,[A],coalition,PPD/PSD.CDS-PP,BARCELOS MAIS FUTURO
mapa_anexo.xlsx,190,AL2021,030212,Barcelos,Balugães,AF,[A],coalition,PPD/PSD.CDS-PP,BARCELOS MAIS FUTURO
mapa_anexo.xlsx,191,AL2021,030213,Barcelos,Barcelinhos,AF,[A],coalition,PPD/PSD.CDS-PP,BARCELOS MAIS FUTURO
mapa_anexo.xlsx,192,AL2021,030215,Barcelos,Barqueiros,AF,[A],coalition,PPD/PSD.CDS-PP,BARCELOS MAIS FUTURO
mapa_anexo.xlsx,193,AL2021,030216,Barcelos,Cambeses,AF,[A],coalition,PPD/PSD.CDS-PP,BARCELOS MAIS FUTURO
mapa_anexo.xlsx,194,AL2021,030218,Barcelos,Carapeços,AF,[A],coalition,PPD/PSD.CDS-PP,BARCELOS MAIS FUTURO
mapa_anexo.xlsx,194,AL2021,030218,Barcelos,Carapeços,AF,[D],citizen_group,PPC21,Pedro Pereira Carapeços 21
mapa_anexo.xlsx,195,AL2021,030220,Barcelos,Carvalhal,AF,[A],coalition,PPD/PSD.CDS-PP,BARCELOS MAIS FUTURO
mapa_anexo.xlsx,196,AL2021,030221,Barcelos,Carvalhas,AF,[A],coalition,PPD/PSD.CDS-PP,BARCELOS MAIS FUTURO
mapa_anexo.xlsx,197,AL2021,030224,Barcelos,Cossourado,AF,[A],coalition,PPD/PSD.CDS-PP,BARCELOS MAIS FUTURO
mapa_anexo.xlsx,198,AL2021,030228,Barcelos,Cristelo,AF,[A],coalition,PPD/PSD.CDS-PP,BARCELOS MAIS FUTURO
mapa_anexo.xlsx,198,AL2021,030228,Barcelos,Cristelo,AF,[D],citizen_group,JPC,Juntos Por Cristelo
mapa_anexo.xlsx,199,AL2021,030234,Barcelos,Fornelos,AF,[A],coalition,PPD/PSD.CDS-PP,BARCELOS MAIS FUTURO
mapa_anexo.xlsx,199,AL2021,030234,Barcelos,Fornelos,AF,[D],citizen_group,IUF,Independentes Unidos por Fornelos
mapa_anexo.xlsx,200,AL2021,030235,Barcelos,Fragoso,AF,[A],coalition,PPD/PSD.CDS-PP,BARCELOS MAIS FUTURO
mapa_anexo.xlsx,201,AL2021,030237,Barcelos,Gilmonde,AF,[A],coalition,PPD/PSD.CDS-PP,BARCELOS MAIS FUTURO
mapa_anexo.xlsx,202,AL2021,030242,Barcelos,Lama,AF,[A],coalition,PPD/PSD.CDS-PP,BARCELOS MAIS FUTURO
mapa_anexo.xlsx,203,AL2021,030243,Barcelos,Lijó,AF,[A],coalition,PPD/PSD.CDS-PP,BARCELOS MAIS FUTURO
mapa_anexo.xlsx,204,AL2021,030244,Barcelos,Macieira de Rates,AF,[A],coalition,PPD/PSD.CDS-PP,BARCELOS MAIS FUTURO
mapa_anexo.xlsx,205,AL2021,030245,Barcelos,Manhente,AF,[A],coalition,PPD/PSD.CDS-PP,BARCELOS MAIS FUTURO
mapa_anexo.xlsx,206,AL2021,030247,Barcelos,Martim,AF,[A],coalition,PPD/PSD.CDS-PP,BARCELOS MAIS FUTURO
mapa_anexo.xlsx,206,AL2021,030247,Barcelos,Martim,AF,[D],citizen_group,M.A.,Martim Activo
mapa_anexo.xlsx,207,AL2021,030252,Barcelos,Moure,AF,[A],coalition,PPD/PSD.CDS-PP,BARCELOS MAIS FUTURO
mapa_anexo.xlsx,208,AL2021,030254,Barcelos,Oliveira,AF,[A],coalition,PPD/PSD.CDS-PP,BARCELOS MAIS FUTURO
mapa_anexo.xlsx,209,AL2021,030255,Barcelos,Palme,AF,[A],coalition,PPD/PSD.CDS-PP,BARCELOS MAIS FUTURO
mapa_anexo.xlsx,210,AL2021,030256,Barcelos,Panque,AF,[A],coalition,PPD/PSD.CDS-PP,BARCELOS MAIS FUTURO
mapa_anexo.xlsx,211,AL2021,030257,Barcelos,Paradela,AF,[A],coalition,PPD/PSD.CDS-PP,BARCELOS MAIS FUTURO
mapa_anexo.xlsx,212,AL2021,030259,Barcelos,Pereira,AF,[A],coalition,PPD/PSD.CDS-PP,BARCELOS MAIS FUTURO
mapa_anexo.xlsx,213,AL2021,030260,Barcelos,Perelhal,AF,[A],coalition,PPD/PSD.CDS-PP,BARCELOS MAIS FUTURO
mapa_anexo.xlsx,214,AL2021,030261,Barcelos,Pousa,AF,[A],coalition,PPD/PSD.CDS-PP,BARCELOS MAIS FUTURO
mapa_anexo.xlsx,215,AL2021,030263,Barcelos,Remelhe,AF,[A],coalition,PPD/PSD.CDS-PP,BARCELOS MAIS FUTURO
mapa_anexo.xlsx,216,AL2021,030264,Barcelos,Roriz,AF,[A],coalition,PPD/PSD.CDS-PP,BARCELOS MAIS FUTURO
mapa_anexo.xlsx,217,AL2021,030265,Barcelos,Rio Covo (Santa Eugénia),AF,[A],coalition,PPD/PSD.CDS-PP,BARCELOS MAIS FUTURO
mapa_anexo.xlsx,218,AL2021,030268,Barcelos,Galegos (Santa Maria),AF,[A],coalition,PPD/PSD.CDS-PP,BARCELOS MAIS FUTURO
mapa_anexo.xlsx,219,AL2021,030272,Barcelos,Galegos (São Martinho),AF,[A],coalition,PPD/PSD.CDS-PP,BARCELOS MAIS FUTURO
mapa_anexo.xlsx,220,AL2021,030277,Barcelos,Tamel (São Veríssimo),AF,[A],coalition,PPD/PSD.CDS-PP,BARCELOS MAIS FUTURO
mapa_anexo.xlsx,221,AL2021,030279,Barcelos,Silva,AF,[A],coalition,PPD/PSD.CDS-PP,BARCELOS MAIS FUTURO
mapa_anexo.xlsx,222,AL2021,030282,Barcelos,Ucha,AF,[A],coalition,PPD/PSD.CDS-PP,BARCELOS MAIS FUTURO
mapa_anexo.xlsx,223,AL2021,030283,Barcelos,Várzea,AF,[A],coalition,PPD/PSD.CDS-PP,BARCELOS MAIS FUTURO
mapa_anexo.xlsx,224,AL2021,030287,Barcelos,Vila Seca,AF,[A],coalition,PPD/PSD.CDS-PP,BARCELOS MAIS FUTURO
mapa_anexo.xlsx,224,AL2021,030287,Barcelos,Vila Seca,AF,[D],citizen_group,VSP,Vila Seca Primeiro
mapa_anexo.xlsx,225,AL2021,030290,Barcelos,União das freguesias de Alheira e Igreja Nova,AF,[A],coalition,PPD/PSD.CDS-PP,BARCELOS MAIS FUTURO
mapa_anexo.xlsx,226,AL2021,030291,Barcelos,União das freguesias de Alvito (São Pedro e São Martinho) e Couto,AF,[A],coalition,PPD/PSD.CDS-PP,BARCELOS MAIS FUTURO
mapa_anexo.xlsx,227,AL2021,030292,Barcelos,União das freguesias de Areias de Vilar e Encourados,AF,[A],coalition,PPD/PSD.CDS-PP,BARCELOS MAIS FUTURO
mapa_anexo.xlsx,227,AL2021,030292,Barcelos,União das freguesias de Areias de Vilar e Encourados,AF,[D],citizen_group,UAVE,União de Areias de Vilar e Encourados
mapa_anexo.xlsx,228,AL2021,030293,Barcelos,"União das freguesias de Barcelos, Vila Boa e Vila Frescainha (São Martinho e São Pedro)",AF,[A],coalition,PPD/PSD.CDS-PP,BARCELOS MAIS FUTURO
mapa_anexo.xlsx,228,AL2021,030293,Barcelos,"União das freguesias de Barcelos, Vila Boa e Vila Frescainha (São Martinho e São Pedro)",AF,[D],citizen_group,TB,TODOS BARCELOS
mapa_anexo.xlsx,229,AL2021,030294,Barcelos,União das freguesias de Campo e Tamel (São Pedro Fins),AF,[A],coalition,PPD/PSD.CDS-PP,BARCELOS MAIS FUTURO
mapa_anexo.xlsx,230,AL2021,030295,Barcelos,União das freguesias de Carreira e Fonte Coberta,AF,[D],citizen_group,U.P.F.,União Para o Futuro
mapa_anexo.xlsx,231,AL2021,030296,Barcelos,"União das freguesias de Chorente, Góios, Courel, Pedra Furada e Gueral",AF,[A],coalition,PPD/PSD.CDS-PP,BARCELOS MAIS FUTURO
mapa_anexo.xlsx,231,AL2021,030296,Barcelos,"União das freguesias de Chorente, Góios, Courel, Pedra Furada e Gueral",AF,[D],citizen_group,M5,Cinco em Movimento
mapa_anexo.xlsx,232,AL2021,030299,Barcelos,União das freguesias de Gamil e Midões,AF,[A],coalition,PPD/PSD.CDS-PP,BARCELOS MAIS FUTURO
mapa_anexo.xlsx,233,AL2021,030201,Barcelos,"União das freguesias de Milhazes, Vilar de Figos e Faria",AF,[A],coalition,PPD/PSD.CDS-PP,BARCELOS MAIS FUTURO
mapa_anexo.xlsx,234,AL2021,030202,Barcelos,União das freguesias de Negreiros e Chavão,AF,[A],coalition,PPD/PSD.CDS-PP,BARCELOS MAIS FUTURO
mapa_anexo.xlsx,235,AL2021,030203,Barcelos,União das freguesias de Quintiães e Aguiar,AF,[A],coalition,PPD/PSD.CDS-PP,BARCELOS MAIS FUTURO
mapa_anexo.xlsx,236,AL2021,030204,Barcelos,União das freguesias de Sequeade e Bastuço (São João e Santo Estevão),AF,[A],coalition,PPD/PSD.CDS-PP,BARCELOS MAIS FUTURO
mapa_anexo.xlsx,237,AL2021,030205,Barcelos,União das freguesias de Silveiros e Rio Covo (Santa Eulália),AF,[D],citizen_group,MAIS,Movimento Autárquico Independente Solidário
mapa_anexo.xlsx,238,AL2021,030206,Barcelos,União das freguesias de Tamel (Santa Leocádia) e Vilar do Monte,AF,[A],coalition,PPD/PSD.CDS-PP,BARCELOS MAIS FUTURO
mapa_anexo.xlsx,239,AL2021,030207,Barcelos,"União das freguesias de Viatodos, Grimancelos, Minhotães e Monte de Fralães",AF,[A],coalition,PPD/PSD.CDS-PP,BARCELOS MAIS FUTURO
mapa_anexo.xlsx,240,AL2021,030208,Barcelos,União das freguesias de Vila Cova e Feitos,AF,[A],coalition,PPD/PSD.CDS-PP,BARCELOS MAIS FUTURO
mapa_anexo.xlsx,241,AL2021,030300,Braga,,CM,[A],coalition,PPD/PSD.CDS-PP.PPM.A,JUNTOS POR BRAGA
mapa_anexo.xlsx,242,AL2021,030300,Braga,,AM,[A],coalition,PPD/PSD.CDS-PP.PPM.A,JUNTOS POR BRAGA
mapa_anexo.xlsx,243,AL2021,030301,Braga,Adaúfe,AF,[A],coalition,PPD/PSD.CDS-PP.PPM.A,JUNTOS POR BRAGA
mapa_anexo.xlsx,244,AL2021,030312,Braga,Espinho,AF,[A],coalition,PPD/PSD.CDS-PP.PPM.A,JUNTOS POR BRAGA
mapa_anexo.xlsx,245,AL2021,030313,Braga,Esporões,AF,[D],citizen_group,ME,ME-Mais Esporões
mapa_anexo.xlsx,246,AL2021,030315,Braga,Figueiredo,AF,[A],coalition,PPD/PSD.CDS-PP.PPM.A,JUNTOS POR BRAGA
mapa_anexo.xlsx,247,AL2021,030319,Braga,Gualtar,AF,[A],coalition,PPD/PSD.CDS-PP.PPM.A,JUNTOS POR BRAGA
mapa_anexo.xlsx,248,AL2021,030322,Braga,Lamas,AF,[A],coalition,PPD/PSD.CDS-PP.PPM.A,JUNTOS POR BRAGA
mapa_anexo.xlsx,249,AL2021,030325,Braga,Mire de Tibães,AF,[A],coalition,PPD/PSD.CDS-PP.PPM.A,JUNTOS POR BRAGA
mapa_anexo.xlsx,249,AL2021,030325,Braga,Mire de Tibães,AF,[D],citizen_group,TNT,TIBÃES NOSSA TERRA
mapa_anexo.xlsx,250,AL2021,030330,Braga,Padim da Graça,AF,[A],coalition,PPD/PSD.CDS-PP.PPM.A,JUNTOS POR BRAGA
mapa_anexo.xlsx,251,AL2021,030331,Braga,Palmeira,AF,[A],coalition,PPD/PSD.CDS-PP.PPM.A,JUNTOS POR BRAGA
mapa_anexo.xlsx,252,AL2021,030334,Braga,Pedralva,AF,[A],coalition,PPD/PSD.CDS-PP.PPM.A,JUNTOS POR BRAGA
mapa_anexo.xlsx,252,AL2021,030334,Braga,Pedralva,AF,[D],citizen_group,M.I.P.,Movimento Independente de Pedralva
mapa_anexo.xlsx,253,AL2021,030336,Braga,Priscos,AF,[D],citizen_group,MCS21,Movimento Carlos Sá 2021
mapa_anexo.xlsx,253,AL2021,030336,Braga,Priscos,AF,[E],citizen_group,MIAP,Movimento Independente Afirmar Priscos
mapa_anexo.xlsx,254,AL2021,030338,Braga,Ruilhe,AF,[A],coalition,PPD/PSD.CDS-PP.PPM.A,JUNTOS POR BRAGA
mapa_anexo.xlsx,255,AL2021,030349,Braga,Braga (São Vicente),AF,[A],coalition,PPD/PSD.CDS-PP.PPM.A,JUNTOS POR BRAGA
mapa_anexo.xlsx,255,AL2021,030349,Braga,Braga (São Vicente),AF,[D],citizen_group,JM21,JOSÉ MACEDO 2021
mapa_anexo.xlsx,256,AL2021,030351,Braga,Braga (São Vítor),AF,[A],coalition,PPD/PSD.CDS-PP.PPM.A,JUNTOS POR BRAGA
mapa_anexo.xlsx,256,AL2021,030351,Braga,Braga (São Vítor),AF,[D],citizen_group,RS21,Ricardo Silva 2021
mapa_anexo.xlsx,257,AL2021,030354,Braga,Sequeira,AF,[A],coalition,PPD/PSD.CDS-PP.PPM.A,JUNTOS POR BRAGA
mapa_anexo.xlsx,258,AL2021,030355,Braga,Sobreposta,AF,[A],coalition,PPD/PSD.CDS-PP.PPM.A,JUNTOS POR BRAGA
mapa_anexo.xlsx,259,AL2021,030356,Braga,Tadim,AF,[A],coalition,PPD/PSD.CDS-PP.PPM.A,JUNTOS POR BRAGA
mapa_anexo.xlsx,260,AL2021,030357,Braga,Tebosa,AF,[D],citizen_group,JPT,Juntos por Tebosa
mapa_anexo.xlsx,260,AL2021,030357,Braga,Tebosa,AF,[E],citizen_group,MIT,MOVIMENTO INDEPENDENTE POR TEBOSA
mapa_anexo.xlsx,261,AL2021,030363,Braga,União das freguesias de Arentim e Cunha,AF,[D],citizen_group,LIPAC,Lista Independente por Arentim e Cunha
mapa_anexo.xlsx,262,AL2021,030364,Braga,"União das freguesias de Braga (Maximinos, Sé e Cividade)",AF,[A],coalition,PPD/PSD.CDS-PP.PPM.A,JUNTOS POR BRAGA
mapa_anexo.xlsx,262,AL2021,030364,Braga,"União das freguesias de Braga (Maximinos, Sé e Cividade)",AF,[D],citizen_group,SMSC,"Servir Maximinos, Sé e Cividade"
mapa_anexo.xlsx,263,AL2021,030365,Braga,União das freguesias de Braga (São José de São Lázaro e São João do Souto),AF,[A],coalition,PPD/PSD.CDS-PP.PPM.A,JUNTOS POR BRAGA
mapa_anexo.xlsx,264,AL2021,030366,Braga,União das freguesias de Cabreiros e Passos (São Julião),AF,[A],coalition,PPD/PSD.CDS-PP.PPM.A,JUNTOS POR BRAGA
mapa_anexo.xlsx,265,AL2021,030367,Braga,"União das freguesias de Celeirós, Aveleda e Vimieiro",AF,[A],coalition,PPD/PSD.CDS-PP.PPM.A,JUNTOS POR BRAGA
mapa_anexo.xlsx,266,AL2021,030368,Braga,União das freguesias de Crespos e Pousada,AF,[A],coalition,PPD/PSD.CDS-PP.PPM.A,JUNTOS POR BRAGA
mapa_anexo.xlsx,267,AL2021,030369,Braga,União das freguesias de Escudeiros e Penso (Santo Estêvão e São Vicente),AF,[A],coalition,PPD/PSD.CDS-PP.PPM.A,JUNTOS POR BRAGA
mapa_anexo.xlsx,268,AL2021,030370,Braga,União das freguesias de Este (São Pedro e São Mamede),AF,[A],coalition,PPD/PSD.CDS-PP.PPM.A,JUNTOS POR BRAGA
mapa_anexo.xlsx,269,AL2021,030371,Braga,União das freguesias de Ferreiros e Gondizalves,AF,[A],coalition,PPD/PSD.CDS-PP.PPM.A,JUNTOS POR BRAGA
mapa_anexo.xlsx,270,AL2021,030372,Braga,União das freguesias de Guisande e Oliveira (São Pedro),AF,[A],coalition,PPD/PSD.CDS-PP.PPM.A,JUNTOS POR BRAGA
mapa_anexo.xlsx,271,AL2021,030373,Braga,União das freguesias de Lomar e Arcos,AF,[A],coalition,PPD/PSD.CDS-PP.PPM.A,JUNTOS POR BRAGA
mapa_anexo.xlsx,271,AL2021,030373,Braga,União das freguesias de Lomar e Arcos,AF,[D],citizen_group,ALA,ALA- Abraçar Lomar e Arcos
mapa_anexo.xlsx,272,AL2021,030374,Braga,"União das freguesias de Merelim (São Paio), Panoias e Parada de Tibães",AF,[A],coalition,PPD/PSD.CDS-PP.PPM.A,JUNTOS POR BRAGA
mapa_anexo.xlsx,273,AL2021,030375,Braga,União das freguesias de Merelim (São Pedro) e Frossos,AF,[A],coalition,PPD/PSD.CDS-PP.PPM.A,JUNTOS POR BRAGA
mapa_anexo.xlsx,274,AL2021,030376,Braga,União das freguesias de Morreira e Trandeiras,AF,[A],coalition,PPD/PSD.CDS-PP.PPM.A,JUNTOS POR BRAGA
mapa_anexo.xlsx,275,AL2021,030377,Braga,"União das freguesias de Nogueira, Fraião e Lamaçães",AF,[A],coalition,PPD/PSD.CDS-PP.PPM.A,JUNTOS POR BRAGA
mapa_anexo.xlsx,276,AL2021,030378,Braga,União das freguesias de Nogueiró e Tenões,AF,[D],citizen_group,LICAU,Lista Independente Continuar a União
mapa_anexo.xlsx,277,AL2021,030379,Braga,"União das freguesias de Real, Dume e Semelhe",AF,[A],coalition,PPD/PSD.CDS-PP.PPM.A,JUNTOS POR BRAGA
mapa_anexo.xlsx,278,AL2021,030380,Braga,União das freguesias de Santa Lucrécia de Algeriz e Navarra,AF,[A],coalition,PPD/PSD.CDS-PP.PPM.A,JUNTOS POR BRAGA
mapa_anexo.xlsx,279,AL2021,030381,Braga,União das freguesias de Vilaça e Fradelos,AF,[A],coalition,PPD/PSD.CDS-PP.PPM.A,JUNTOS POR BRAGA
mapa_anexo.xlsx,280,AL2021,030400,Cabeceiras de Basto,,CM,[A],coalition,PPD/PSD.CDS-PP,FAZER DIFERENTE
mapa_anexo.xlsx,280,AL2021,030400,Cabeceiras de Basto,,CM,[D],citizen_group,IPC,Independentes por cabeceiras
mapa_anexo.xlsx,281,AL2021,030400,Cabeceiras de Basto,,AM,[A],coalition,PPD/PSD.CDS-PP,FAZER DIFERENTE
mapa_anexo.xlsx,281,AL2021,030400,Cabeceiras de Basto,,AM,[D],citizen_group,IPC,Independentes por cabeceiras
mapa_anexo.xlsx,282,AL2021,030401,Cabeceiras de Basto,Abadim,AF,[A],coalition,PPD/PSD.CDS-PP,FAZER DIFERENTE
mapa_anexo.xlsx,282,AL2021,030401,Cabeceiras de Basto,Abadim,AF,[D],citizen_group,IPC,Independentes por cabeceiras
mapa_anexo.xlsx,283,AL2021,030404,Cabeceiras de Basto,Basto,AF,[A],coalition,PPD/PSD.CDS-PP,FAZER DIFERENTE
mapa_anexo.xlsx,284,AL2021,030405,Cabeceiras de Basto,Bucos,AF,[A],coalition,PPD/PSD.CDS-PP,FAZER DIFERENTE
mapa_anexo.xlsx,284,AL2021,030405,Cabeceiras de Basto,Bucos,AF,[D],citizen_group,IPC,Independentes por cabeceiras
mapa_anexo.xlsx,285,AL2021,030406,Cabeceiras de Basto,Cabeceiras de Basto,AF,[A],coalition,PPD/PSD.CDS-PP,FAZER DIFERENTE
mapa_anexo.xlsx,285,AL2021,030406,Cabeceiras de Basto,Cabeceiras de Basto,AF,[D],citizen_group,IPC,Independentes por cabeceiras
mapa_anexo.xlsx,286,AL2021,030407,Cabeceiras de Basto,Cavez,AF,[A],coalition,PPD/PSD.CDS-PP,FAZER DIFERENTE
mapa_anexo.xlsx,286,AL2021,030407,Cabeceiras de Basto,Cavez,AF,[D],citizen_group,IPC,Independentes por cabeceiras
mapa_anexo.xlsx,287,AL2021,030408,Cabeceiras de Basto,Faia,AF,[D],citizen_group,IPC,Independentes por cabeceiras
mapa_anexo.xlsx,288,AL2021,030413,Cabeceiras de Basto,Pedraça,AF,[A],coalition,PPD/PSD.CDS-PP,FAZER DIFERENTE
mapa_anexo.xlsx,288,AL2021,030413,Cabeceiras de Basto,Pedraça,AF,[D],citizen_group,IPC,Independentes por cabeceiras
mapa_anexo.xlsx,289,AL2021,030415,Cabeceiras de Basto,Rio Douro,AF,[D],citizen_group,MR,GRUPO DE CIDADÃOS ELEITORES MAIS RIODOURO
mapa_anexo.xlsx,290,AL2021,030418,Cabeceiras de Basto,União das freguesias de Alvite e Passos,AF,[D],citizen_group,Apjv,Alvite e Passos juntos venceremos
mapa_anexo.xlsx,290,AL2021,030418,Cabeceiras de Basto,União das freguesias de Alvite e Passos,AF,[E],citizen_group,MAP,Mais Alvite e Passos
mapa_anexo.xlsx,291,AL2021,030419,Cabeceiras de Basto,União das freguesias de Arco de Baúlhe e Vila Nune,AF,[A],coalition,PPD/PSD.CDS-PP,FAZER DIFERENTE
mapa_anexo.xlsx,291,AL2021,030419,Cabeceiras de Basto,União das freguesias de Arco de Baúlhe e Vila Nune,AF,[D],citizen_group,ipc,Independentes por cabeceiras
mapa_anexo.xlsx,292,AL2021,030420,Cabeceiras de Basto,União das freguesias de Gondiães e Vilar de Cunhas,AF,[D],citizen_group,UPGV,UNIDOS POR GONDIÃES E VILAR
mapa_anexo.xlsx,293,AL2021,030421,Cabeceiras de Basto,"União das freguesias de Refojos de Basto, Outeiro e Painzela",AF,[A],coalition,PPD/PSD.CDS-PP,FAZER DIFERENTE
mapa_anexo.xlsx,293,AL2021,030421,Cabeceiras de Basto,"União das freguesias de Refojos de Basto, Outeiro e Painzela",AF,[D],citizen_group,IPC,Independentes por cabeceiras
mapa_anexo.xlsx,294,AL2021,030500,Celorico de Basto,,CM,[D],citizen_group,CIC,Cidadãos Independentes Por Celorico
mapa_anexo.xlsx,295,AL2021,030500,Celorico de Basto,,AM,[D],citizen_group,CIC,Cidadãos Independentes Por Celorico
mapa_anexo.xlsx,296,AL2021,030501,Celorico de Basto,Agilde,AF,[D],citizen_group,CIC,Cidadãos Independentes Por Celorico
mapa_anexo.xlsx,297,AL2021,030502,Celorico de Basto,Arnóia,AF,[D],citizen_group,CIC,Cidadãos Independentes Por Celorico
mapa_anexo.xlsx,298,AL2021,030503,Celorico de Basto,Borba de Montanha,AF,[D],citizen_group,CIC,Cidadãos Independentes Por Celorico
mapa_anexo.xlsx,299,AL2021,030508,Celorico de Basto,Codeçoso,AF,[D],citizen_group,CIC,Cidadãos Independentes Por Celorico
mapa_anexo.xlsx,299,AL2021,030508,Celorico de Basto,Codeçoso,AF,[E],citizen_group,SCCFP,Servir Codeçoso Com Fernando Pinheiro
mapa_anexo.xlsx,300,AL2021,030510,Celorico de Basto,Fervença,AF,[D],citizen_group,CIC,Cidadãos Independentes Por Celorico
mapa_anexo.xlsx,301,AL2021,030517,Celorico de Basto,Rego,AF,[D],citizen_group,Rego 2021,Rego 2021 Movimento Independente
mapa_anexo.xlsx,302,AL2021,030520,Celorico de Basto,Basto (São Clemente),AF,[D],citizen_group,CIC,Cidadãos Independentes Por Celorico
mapa_anexo.xlsx,303,AL2021,030521,Celorico de Basto,Vale de Bouro,AF,[D],citizen_group,CIC,Cidadãos Independentes Por Celorico
mapa_anexo.xlsx,304,AL2021,030523,Celorico de Basto,"União das freguesias de Britelo, Gémeos e Ourilhe",AF,[D],citizen_group,CIC,Cidadãos Independentes Por Celorico
mapa_anexo.xlsx,305,AL2021,030525,Celorico de Basto,União das freguesias de Canedo de Basto e Corgo,AF,[D],citizen_group,CIC,Cidadãos Independentes Por Celorico
mapa_anexo.xlsx,306,AL2021,030526,Celorico de Basto,União das freguesias de Carvalho e Basto (Santa Tecla),AF,[D],citizen_group,CIC,Cidadãos Independentes Por Celorico
mapa_anexo.xlsx,307,AL2021,030527,Celorico de Basto,"União das freguesias de Veade, Gagos e Molares",AF,[D],citizen_group,CIC,Cidadãos Independentes Por Celorico
mapa_anexo.xlsx,308,AL2021,030608,Esposende,Forjães,AF,[D],citizen_group,LIF,LISTA INDEPENDENTE DE FORJÃES
mapa_anexo.xlsx,309,AL2021,030610,Esposende,Gemeses,AF,[D],citizen_group,GdC,GEMESES DOS CIDADÃOS
mapa_anexo.xlsx,310,AL2021,030615,Esposende,Vila Chã,AF,[D],citizen_group,LIV,LISTA INDEPENDENTE DE VILA CHÃ
mapa_anexo.xlsx,311,AL2021,030616,Esposende,União das freguesias de Apúlia e Fão,AF,[D],citizen_group,LIPAF,LISTA INDEPENDENTE POR APÚLIA E FÃO
mapa_anexo.xlsx,312,AL2021,030617,Esposende,União das freguesias de Belinho e Mar,AF,[D],citizen_group,PNT,PRIMEIRO A NOSSA TERRA
mapa_anexo.xlsx,313,AL2021,030620,Esposende,União das freguesias de Palmeira de Faro e Curvos,AF,[D],citizen_group,UPC,UNIDOS POR PALMEIRA E CURVOS
mapa_anexo.xlsx,314,AL2021,030700,Fafe,,AM,[D],citizen_group,FS,JOSÉ RIBEIRO POR FAFE SEMPRE
mapa_anexo.xlsx,315,AL2021,030708,Fafe,Estorãos,AF,[D],citizen_group,IPE,INDEPENDENTES POR ESTORÃOS
mapa_anexo.xlsx,316,AL2021,030716,Fafe,Medelo,AF,[D],citizen_group,LIM,LISTA INDEPENDENTE POR MEDELO
mapa_anexo.xlsx,317,AL2021,030722,Fafe,Quinchães,AF,[D],citizen_group,LIQ,LISTA INDEPENDENTE POR QUINCHÃES
mapa_anexo.xlsx,318,AL2021,030725,Fafe,Ribeiros,AF,[D],citizen_group,LIR,LISTA INDEPENDENTE POR RIBEIROS
mapa_anexo.xlsx,319,AL2021,030728,Fafe,São Gens,AF,[D],citizen_group,LIUSG,LISTA INDEPENDENTE UNIDOS POR S. GENS
mapa_anexo.xlsx,319,AL2021,030728,Fafe,São Gens,AF,[E],citizen_group,PSG,POR SÃO GENS LISTA INDEPENDENTE
mapa_anexo.xlsx,320,AL2021,030737,Fafe,"União de freguesias de Aboim, Felgueiras, Gontim e Pedraído",AF,[D],citizen_group,U.P.A.F.G.P.,UNIDOS POR ABOIM FELGUEIRAS GONTIM PEDRAIDO
mapa_anexo.xlsx,321,AL2021,030739,Fafe,União de freguesias de Antime e Silvares (São Clemente),AF,[D],citizen_group,LIASSC,LISTA INDEPENDENTE ANTIME SILVARES SÃO CLEMENTE
mapa_anexo.xlsx,322,AL2021,030741,Fafe,União de freguesias de Cepães e Fareja,AF,[D],citizen_group,LICEFA,LISTA INDEPENDENTE DE CEPÃES E FAREJA
mapa_anexo.xlsx,322,AL2021,030741,Fafe,União de freguesias de Cepães e Fareja,AF,[E],citizen_group,MI,MOVIMENTO INDEPENDENTE
mapa_anexo.xlsx,323,AL2021,030742,Fafe,União de freguesias de Freitas e Vila Cova,AF,[D],citizen_group,MM,ANIBAL LOPES - MAIS E MELHOR
mapa_anexo.xlsx,324,AL2021,030744,Fafe,União de freguesias de Moreira do Rei e Várzea Cova,AF,[D],citizen_group,MRVC,POR MOREIRA DO REI VARZEA COVA
mapa_anexo.xlsx,324,AL2021,030744,Fafe,União de freguesias de Moreira do Rei e Várzea Cova,AF,[E],citizen_group,MVCS,MOREIRA VARZEA COVA SEMPRE
mapa_anexo.xlsx,325,AL2021,030800,Guimarães,,CM,[A],coalition,PPD/PSD.CDS-PP,JUNTOS POR GUIMARÃES
mapa_anexo.xlsx,326,AL2021,030800,Guimarães,,AM,[A],coalition,PPD/PSD.CDS-PP,JUNTOS POR GUIMARÃES
mapa_anexo.xlsx,327,AL2021,030801,Guimarães,Aldão,AF,[A],coalition,PPD/PSD.CDS-PP,JUNTOS POR GUIMARÃES
mapa_anexo.xlsx,328,AL2021,030804,Guimarães,Azurém,AF,[A],coalition,PPD/PSD.CDS-PP,JUNTOS POR GUIMARÃES
mapa_anexo.xlsx,329,AL2021,030806,Guimarães,Barco,AF,[A],coalition,PPD/PSD.CDS-PP,JUNTOS POR GUIMARÃES
mapa_anexo.xlsx,330,AL2021,030807,Guimarães,Brito,AF,[A],coalition,PPD/PSD.CDS-PP,JUNTOS POR GUIMARÃES
mapa_anexo.xlsx,331,AL2021,030808,Guimarães,Caldelas,AF,[A],coalition,PPD/PSD.CDS-PP,JUNTOS POR GUIMARÃES
mapa_anexo.xlsx,332,AL2021,030812,Guimarães,Costa,AF,[A],coalition,PPD/PSD.CDS-PP,JUNTOS POR GUIMARÃES
mapa_anexo.xlsx,333,AL2021,030813,Guimarães,Creixomil,AF,[A],coalition,PPD/PSD.CDS-PP,JUNTOS POR GUIMARÃES
mapa_anexo.xlsx,334,AL2021,030815,Guimarães,Fermentões,AF,[A],coalition,PPD/PSD.CDS-PP,JUNTOS POR GUIMARÃES
mapa_anexo.xlsx,335,AL2021,030820,Guimarães,Gonça,AF,[A],coalition,PPD/PSD.CDS-PP,JUNTOS POR GUIMARÃES
mapa_anexo.xlsx,336,AL2021,030821,Guimarães,Gondar,AF,[A],coalition,PPD/PSD.CDS-PP,JUNTOS POR GUIMARÃES
mapa_anexo.xlsx,336,AL2021,030821,Guimarães,Gondar,AF,[D],citizen_group,GF,Gondar com Futuro
mapa_anexo.xlsx,337,AL2021,030823,Guimarães,Guardizela,AF,[A],coalition,PPD/PSD.CDS-PP,JUNTOS POR GUIMARÃES
mapa_anexo.xlsx,338,AL2021,030824,Guimarães,Infantas,AF,[A],coalition,PPD/PSD.CDS-PP,JUNTOS POR GUIMARÃES
mapa_anexo.xlsx,339,AL2021,030827,Guimarães,Longos,AF,[A],coalition,PPD/PSD.CDS-PP,JUNTOS POR GUIMARÃES
mapa_anexo.xlsx,340,AL2021,030828,Guimarães,Lordelo,AF,[A],coalition,PPD/PSD.CDS-PP,JUNTOS POR GUIMARÃES
mapa_anexo.xlsx,341,AL2021,030830,Guimarães,Mesão Frio,AF,[A],coalition,PPD/PSD.CDS-PP,JUNTOS POR GUIMARÃES
mapa_anexo.xlsx,342,AL2021,030831,Guimarães,Moreira de Cónegos,AF,[A],coalition,PPD/PSD.CDS-PP,JUNTOS POR GUIMARÃES
mapa_anexo.xlsx,343,AL2021,030832,Guimarães,Nespereira,AF,[A],coalition,PPD/PSD.CDS-PP,JUNTOS POR GUIMARÃES
mapa_anexo.xlsx,344,AL2021,030835,Guimarães,Pencelo,AF,[A],coalition,PPD/PSD.CDS-PP,JUNTOS POR GUIMARÃES
mapa_anexo.xlsx,345,AL2021,030836,Guimarães,Pinheiro,AF,[A],coalition,PPD/PSD.CDS-PP,JUNTOS POR GUIMARÃES
mapa_anexo.xlsx,346,AL2021,030837,Guimarães,Polvoreira,AF,[A],coalition,PPD/PSD.CDS-PP,JUNTOS POR GUIMARÃES
mapa_anexo.xlsx,347,AL2021,030838,Guimarães,Ponte,AF,[A],coalition,PPD/PSD.CDS-PP,JUNTOS POR GUIMARÃES
mapa_anexo.xlsx,348,AL2021,030840,Guimarães,Ronfe,AF,[A],coalition,PPD/PSD.CDS-PP,JUNTOS POR GUIMARÃES
mapa_anexo.xlsx,349,AL2021,030842,Guimarães,Prazins (Santa Eufémia),AF,[A],coalition,PPD/PSD.CDS-PP,JUNTOS POR GUIMARÃES
mapa_anexo.xlsx,350,AL2021,030850,Guimarães,Selho (São Cristóvão),AF,[A],coalition,PPD/PSD.CDS-PP,JUNTOS POR GUIMARÃES
mapa_anexo.xlsx,351,AL2021,030854,Guimarães,Selho (São Jorge),AF,[A],coalition,PPD/PSD.CDS-PP,JUNTOS POR GUIMARÃES
mapa_anexo.xlsx,352,AL2021,030857,Guimarães,Candoso (São Martinho),AF,[A],coalition,PPD/PSD.CDS-PP,JUNTOS POR GUIMARÃES
mapa_anexo.xlsx,353,AL2021,030858,Guimarães,Sande (São Martinho),AF,[A],coalition,PPD/PSD.CDS-PP,JUNTOS POR GUIMARÃES
mapa_anexo.xlsx,354,AL2021,030865,Guimarães,São Torcato,AF,[A],coalition,PPD/PSD.CDS-PP,JUNTOS POR GUIMARÃES
mapa_anexo.xlsx,355,AL2021,030866,Guimarães,Serzedelo,AF,[D],citizen_group,MCS,Movimento Cívico por Serzedelo
mapa_anexo.xlsx,356,AL2021,030868,Guimarães,Silvares,AF,[A],coalition,PPD/PSD.CDS-PP,JUNTOS POR GUIMARÃES
mapa_anexo.xlsx,357,AL2021,030871,Guimarães,Urgezes,AF,[A],coalition,PPD/PSD.CDS-PP,JUNTOS POR GUIMARÃES
mapa_anexo.xlsx,358,AL2021,030875,Guimarães,União das freguesias de Abação e Gémeos,AF,[A],coalition,PPD/PSD.CDS-PP,JUNTOS POR GUIMARÃES
mapa_anexo.xlsx,359,AL2021,030876,Guimarães,"União das freguesias de Airão Santa Maria, Airão São João e Vermil",AF,[A],coalition,PPD/PSD.CDS-PP,JUNTOS POR GUIMARÃES
mapa_anexo.xlsx,359,AL2021,030876,Guimarães,"União das freguesias de Airão Santa Maria, Airão São João e Vermil",AF,[D],citizen_group,MIPAV,Movimento Independente por Airão e Vermil
mapa_anexo.xlsx,360,AL2021,030877,Guimarães,União das freguesias de Arosa e Castelões,AF,[A],coalition,PPD/PSD.CDS-PP,JUNTOS POR GUIMARÃES
mapa_anexo.xlsx,361,AL2021,030878,Guimarães,União das freguesias de Atães e Rendufe,AF,[A],coalition,PPD/PSD.CDS-PP,JUNTOS POR GUIMARÃES
mapa_anexo.xlsx,362,AL2021,030879,Guimarães,União das freguesias de Briteiros Santo Estêvão e Donim,AF,[A],coalition,PPD/PSD.CDS-PP,JUNTOS POR GUIMARÃES
mapa_anexo.xlsx,363,AL2021,030880,Guimarães,União das freguesias de Briteiros São Salvador e Briteiros Santa Leocádia,AF,[A],coalition,PPD/PSD.CDS-PP,JUNTOS POR GUIMARÃES
mapa_anexo.xlsx,364,AL2021,030881,Guimarães,União das freguesias de Candoso São Tiago e Mascotelos,AF,[A],coalition,PPD/PSD.CDS-PP,JUNTOS POR GUIMARÃES
mapa_anexo.xlsx,365,AL2021,030882,Guimarães,União das freguesias de Conde e Gandarela,AF,[A],coalition,PPD/PSD.CDS-PP,JUNTOS POR GUIMARÃES
mapa_anexo.xlsx,366,AL2021,030883,Guimarães,"União das freguesias de Leitões, Oleiros e Figueiredo",AF,[A],coalition,PPD/PSD.CDS-PP,JUNTOS POR GUIMARÃES
mapa_anexo.xlsx,367,AL2021,030884,Guimarães,"União das freguesias de Oliveira, São Paio e São Sebastião",AF,[A],coalition,PPD/PSD.CDS-PP,JUNTOS POR GUIMARÃES
mapa_anexo.xlsx,368,AL2021,030885,Guimarães,União das freguesias de Prazins Santo Tirso e Corvite,AF,[A],coalition,PPD/PSD.CDS-PP,JUNTOS POR GUIMARÃES
mapa_anexo.xlsx,368,AL2021,030885,Guimarães,União das freguesias de Prazins Santo Tirso e Corvite,AF,[D],citizen_group,PAPSC,Por Amor a Prazins Santo Tirso e Corvite
mapa_anexo.xlsx,369,AL2021,030886,Guimarães,União das freguesias de Sande São Lourenço e Balazar,AF,[A],coalition,PPD/PSD.CDS-PP,JUNTOS POR GUIMARÃES
mapa_anexo.xlsx,370,AL2021,030887,Guimarães,União das freguesias de Sande Vila Nova e Sande São Clemente,AF,[A],coalition,PPD/PSD.CDS-PP,JUNTOS POR GUIMARÃES
mapa_anexo.xlsx,371,AL2021,030888,Guimarães,União das freguesias de Selho São Lourenço e Gominhães,AF,[A],coalition,PPD/PSD.CDS-PP,JUNTOS POR GUIMARÃES
mapa_anexo.xlsx,372,AL2021,030889,Guimarães,União das freguesias de Serzedo e Calvos,AF,[A],coalition,PPD/PSD.CDS-PP,JUNTOS POR GUIMARÃES
mapa_anexo.xlsx,373,AL2021,030890,Guimarães,"União das freguesias de Souto Santa Maria, Souto São Salvador e Gondomar",AF,[A],coalition,PPD/PSD.CDS-PP,JUNTOS POR GUIMARÃES
mapa_anexo.xlsx,374,AL2021,030891,Guimarães,União das freguesias de Tabuadelo e São Faustino,AF,[A],coalition,PPD/PSD.CDS-PP,JUNTOS POR GUIMARÃES
mapa_anexo.xlsx,375,AL2021,030906,Póvoa de Lanhoso,Covelas,AF,[D],citizen_group,RIC,Renovação e Inovação de Covelas
mapa_anexo.xlsx,376,AL2021,030908,Póvoa de Lanhoso,Ferreiros,AF,[D],citizen_group,LIFE,LIFE
mapa_anexo.xlsx,377,AL2021,030926,Póvoa de Lanhoso,Taíde,AF,[D],citizen_group,Taíde.,"Taíde. - União, Tradição e Coração"
mapa_anexo.xlsx,378,AL2021,030932,Póvoa de Lanhoso,União das freguesias de Campos e Louredo,AF,[D],citizen_group,Amor à Terra,"Amor à terra, por Campos e Louredo"
mapa_anexo.xlsx,379,AL2021,031013,Terras de Bouro,Rio Caldo,AF,[D],citizen_group,RCEP,Rio Caldo Em Primeiro
mapa_anexo.xlsx,380,AL2021,031015,Terras de Bouro,Valdosende,AF,[D],citizen_group,V.M.M.,Valdozende Merece Mais
mapa_anexo.xlsx,381,AL2021,031108,Vieira do Minho,Guilhofrei,AF,[D],citizen_group,MGI,Movimento Guilhofrei Independente
mapa_anexo.xlsx,382,AL2021,031109,Vieira do Minho,Louredo,AF,[D],citizen_group,TSL,Todos Somos Louredo
mapa_anexo.xlsx,383,AL2021,031111,Vieira do Minho,Parada do Bouro,AF,[D],citizen_group,UPP,Unidos por Parada
mapa_anexo.xlsx,384,AL2021,031122,Vieira do Minho,União das freguesias de Anissó e Soutelo,AF,[D],citizen_group,PAS,Por Anissó e Soutelo
mapa_anexo.xlsx,385,AL2021,031200,Vila Nova de Famalicão,,CM,[A],coalition,PPD/PSD.CDS-PP,"MAIS AÇÃO, MAIS FAMALICÃO"
mapa_anexo.xlsx,386,AL2021,031200,Vila Nova de Famalicão,,AM,[A],coalition,PPD/PSD.CDS-PP,"MAIS AÇÃO, MAIS FAMALICÃO"
mapa_anexo.xlsx,387,AL2021,031204,Vila Nova de Famalicão,Bairro,AF,[A],coalition,PPD/PSD.CDS-PP,"MAIS AÇÃO, MAIS FAMALICÃO"
mapa_anexo.xlsx,388,AL2021,031206,Vila Nova de Famalicão,Brufe,AF,[A],coalition,PPD/PSD.CDS-PP,"MAIS AÇÃO, MAIS FAMALICÃO"
mapa_anexo.xlsx,389,AL2021,031210,Vila Nova de Famalicão,Castelões,AF,[D],citizen_group,FSPC,"Francisco Sá, Por Castelões"
mapa_anexo.xlsx,390,AL2021,031212,Vila Nova de Famalicão,Cruz,AF,[A],coalition,PPD/PSD.CDS-PP,"MAIS AÇÃO, MAIS FAMALICÃO"
mapa_anexo.xlsx,391,AL2021,031213,Vila Nova de Famalicão,Delães,AF,[D],citizen_group,MIPD,Movimento Independente Por Delães
mapa_anexo.xlsx,391,AL2021,031213,Vila Nova de Famalicão,Delães,AF,[E],citizen_group,UPD,Unidos Por Delães
mapa_anexo.xlsx,392,AL2021,031215,Vila Nova de Famalicão,Fradelos,AF,[A],coalition,PPD/PSD.CDS-PP,"MAIS AÇÃO, MAIS FAMALICÃO"
mapa_anexo.xlsx,393,AL2021,031216,Vila Nova de Famalicão,Gavião,AF,[D],citizen_group,MPG,Movimento Por Gavião
mapa_anexo.xlsx,394,AL2021,031219,Vila Nova de Famalicão,Joane,AF,[D],citizen_group,STJOANE,Somos Todos Joane
mapa_anexo.xlsx,395,AL2021,031221,Vila Nova de Famalicão,Landim,AF,[D],citizen_group,MIPL,Movimento Independente Por Landim
mapa_anexo.xlsx,396,AL2021,031223,Vila Nova de Famalicão,Louro,AF,[A],coalition,PPD/PSD.CDS-PP,"MAIS AÇÃO, MAIS FAMALICÃO"
mapa_anexo.xlsx,397,AL2021,031224,Vila Nova de Famalicão,Lousado,AF,[A],coalition,PPD/PSD.CDS-PP,"MAIS AÇÃO, MAIS FAMALICÃO"
mapa_anexo.xlsx,398,AL2021,031225,Vila Nova de Famalicão,Mogege,AF,[D],citizen_group,MPM,Movimento Por Mogege
mapa_anexo.xlsx,399,AL2021,031227,Vila Nova de Famalicão,Nine,AF,[A],coalition,PPD/PSD.CDS-PP,"MAIS AÇÃO, MAIS FAMALICÃO"
mapa_anexo.xlsx,400,AL2021,031230,Vila Nova de Famalicão,Pedome,AF,[A],coalition,PPD/PSD.CDS-PP,"MAIS AÇÃO, MAIS FAMALICÃO"
mapa_anexo.xlsx,401,AL2021,031232,Vila Nova de Famalicão,Pousada de Saramagos,AF,[A],coalition,PPD/PSD.CDS-PP,"MAIS AÇÃO, MAIS FAMALICÃO"
mapa_anexo.xlsx,402,AL2021,031233,Vila Nova de Famalicão,Requião,AF,[A],coalition,PPD/PSD.CDS-PP,"MAIS AÇÃO, MAIS FAMALICÃO"
mapa_anexo.xlsx,403,AL2021,031234,Vila Nova de Famalicão,Riba de Ave,AF,[A],coalition,PPD/PSD.CDS-PP,"MAIS AÇÃO, MAIS FAMALICÃO"
mapa_anexo.xlsx,404,AL2021,031235,Vila Nova de Famalicão,Ribeirão,AF,[A],coalition,PPD/PSD.CDS-PP,"MAIS AÇÃO, MAIS FAMALICÃO"
mapa_anexo.xlsx,404,AL2021,031235,Vila Nova de Famalicão,Ribeirão,AF,[D],citizen_group,JUNTOS,Juntos Por Ribeirão
mapa_anexo.xlsx,405,AL2021,031239,Vila Nova de Famalicão,Oliveira (Santa Maria),AF,[A],coalition,PPD/PSD.CDS-PP,"MAIS AÇÃO, MAIS FAMALICÃO"
mapa_anexo.xlsx,406,AL2021,031241,Vila Nova de Famalicão,Vale (São Martinho),AF,[A],coalition,PPD/PSD.CDS-PP,"MAIS AÇÃO, MAIS FAMALICÃO"
mapa_anexo.xlsx,407,AL2021,031242,Vila Nova de Famalicão,Oliveira (São Mateus),AF,[D],citizen_group,CPSM,Cidadãos Por São Mateus
mapa_anexo.xlsx,408,AL2021,031247,Vila Nova de Famalicão,Vermoim,AF,[A],coalition,PPD/PSD.CDS-PP,"MAIS AÇÃO, MAIS FAMALICÃO"
mapa_anexo.xlsx,409,AL2021,031249,Vila Nova de Famalicão,Vilarinho das Cambas,AF,[A],coalition,PPD/PSD.CDS-PP,"MAIS AÇÃO, MAIS FAMALICÃO"
mapa_anexo.xlsx,410,AL2021,031250,Vila Nova de Famalicão,União das freguesias de Antas e Abade de Vermoim,AF,[A],coalition,PPD/PSD.CDS-PP,"MAIS AÇÃO, MAIS FAMALICÃO"
mapa_anexo.xlsx,411,AL2021,031251,Vila Nova de Famalicão,União das freguesias de Arnoso (Santa Maria e Santa Eulália) e Sezures,AF,[D],citizen_group,UPASES,"Unidos Por Arnoso, Santa Eulália e Sezures"
mapa_anexo.xlsx,412,AL2021,031252,Vila Nova de Famalicão,União das freguesias de Avidos e Lagoa,AF,[A],coalition,PPD/PSD.CDS-PP,"MAIS AÇÃO, MAIS FAMALICÃO"
mapa_anexo.xlsx,413,AL2021,031253,Vila Nova de Famalicão,União das freguesias de Carreira e Bente,AF,[A],coalition,PPD/PSD.CDS-PP,"MAIS AÇÃO, MAIS FAMALICÃO"
mapa_anexo.xlsx,414,AL2021,031254,Vila Nova de Famalicão,União das freguesias de Esmeriz e Cabeçudos,AF,[A],coalition,PPD/PSD.CDS-PP,"MAIS AÇÃO, MAIS FAMALICÃO"
mapa_anexo.xlsx,415,AL2021,031255,Vila Nova de Famalicão,"União das freguesias de Gondifelos, Cavalões e Outiz",AF,[A],coalition,PPD/PSD.CDS-PP,"MAIS AÇÃO, MAIS FAMALICÃO"
mapa_anexo.xlsx,416,AL2021,031256,Vila Nova de Famalicão,"União das freguesias de Lemenhe, Mouquim e Jesufrei",AF,[A],coalition,PPD/PSD.CDS-PP,"MAIS AÇÃO, MAIS FAMALICÃO"
mapa_anexo.xlsx,417,AL2021,031257,Vila Nova de Famalicão,União das freguesias de Ruivães e Novais,AF,[D],citizen_group,PRNMI,Por Ruivães e Novais Movimento Independente
mapa_anexo.xlsx,418,AL2021,031258,Vila Nova de Famalicão,União das freguesias de Seide,AF,[A],coalition,PPD/PSD.CDS-PP,"MAIS AÇÃO, MAIS FAMALICÃO"
mapa_anexo.xlsx,419,AL2021,031259,Vila Nova de Famalicão,"União das freguesias de Vale (São Cosme), Telhado e Portela",AF,[A],coalition,PPD/PSD.CDS-PP,"MAIS AÇÃO, MAIS FAMALICÃO"
mapa_anexo.xlsx,420,AL2021,031260,Vila Nova de Famalicão,União das freguesias de Vila Nova de Famalicão e Calendário,AF,[A],coalition,PPD/PSD.CDS-PP,"MAIS AÇÃO, MAIS FAMALICÃO"
mapa_anexo.xlsx,421,AL2021,031304,Vila Verde,Atiães,AF,[D],citizen_group,ACF,Atiães Com Futuro
mapa_anexo.xlsx,422,AL2021,031325,Vila Verde,Loureira,AF,[D],citizen_group,MIL,Movimento Independente Pela Loureira
mapa_anexo.xlsx,423,AL2021,031330,Vila Verde,Oleiros,AF,[D],citizen_group,JPO,Juntos Por Oleiros
mapa_anexo.xlsx,424,AL2021,031331,Vila Verde,Parada de Gatim,AF,[D],citizen_group,T.P.G.,Trabalhar Por Parada de Gatim
mapa_anexo.xlsx,425,AL2021,031350,Vila Verde,Prado (São Miguel),AF,[D],citizen_group,ISM,Independentes Por Prado São Miguel
mapa_anexo.xlsx,426,AL2021,031352,Vila Verde,Soutelo,AF,[D],citizen_group,VPS,Juntos Por Soutelo
mapa_anexo.xlsx,426,AL2021,031352,Vila Verde,Soutelo,AF,[E],citizen_group,V.A.S.,Vamos Abraçar Soutelo
mapa_anexo.xlsx,427,AL2021,031359,Vila Verde,Aboim da Nóbrega e Gondomar,AF,[D],citizen_group,U.A.N.G.,Unidos Por Aboim da Nóbrega e Gondomar
mapa_anexo.xlsx,428,AL2021,031360,Vila Verde,União das freguesias da Ribeira do Neiva,AF,[D],citizen_group,AFR,A Força da Ribeira
mapa_anexo.xlsx,430,AL2021,031400,Vizela,,CM,[A],coalition,PPD/PSD.CDS-PP,VIZELA É PARA TODOS
mapa_anexo.xlsx,431,AL2021,031400,Vizela,,AM,[A],coalition,PPD/PSD.CDS-PP,VIZELA É PARA TODOS
mapa_anexo.xlsx,432,AL2021,031401,Vizela,Santa Eulália,AF,[A],coalition,PPD/PSD.CDS-PP,VIZELA É PARA TODOS
mapa_anexo.xlsx,433,AL2021,031404,Vizela,Infias,AF,[A],coalition,PPD/PSD.CDS-PP,VIZELA É PARA TODOS
mapa_anexo.xlsx,434,AL2021,031406,Vizela,Vizela (Santo Adrião),AF,[A],coalition,PPD/PSD.CDS-PP,VIZELA É PARA TODOS
mapa_anexo.xlsx,435,AL2021,031408,Vizela,União das freguesias de Caldas de Vizela (São Miguel e São João),AF,[A],coalition,PPD/PSD.CDS-PP,VIZELA É PARA TODOS
mapa_anexo.xlsx,436,AL2021,031409,Vizela,União das freguesias de Tagilde e Vizela (São Paio),AF,[A],coalition,PPD/PSD.CDS-PP,VIZELA É PARA TODOS
mapa_anexo.xlsx,438,AL2021,040100,Alfândega da Fé,,CM,[A],coalition,PPD/PSD.CDS-PP,ACREDITAR EM ALFÂNDEGA DA FÉ
mapa_anexo.xlsx,439,AL2021,040100,Alfândega da Fé,,AM,[A],coalition,PPD/PSD.CDS-PP,ACREDITAR EM ALFÂNDEGA DA FÉ
mapa_anexo.xlsx,440,AL2021,040102,Alfândega da Fé,Alfândega da Fé,AF,[A],coalition,PPD/PSD.CDS-PP,ACREDITAR EM ALFÂNDEGA DA FÉ
mapa_anexo.xlsx,441,AL2021,040103,Alfândega da Fé,Cerejais,AF,[A],coalition,PPD/PSD.CDS-PP,ACREDITAR EM ALFÂNDEGA DA FÉ
mapa_anexo.xlsx,442,AL2021,040111,Alfândega da Fé,Sambade,AF,[D],citizen_group,SCVNHS,Sambade-Covelas-Vila Nova Hoje e Sempre
mapa_anexo.xlsx,443,AL2021,040118,Alfândega da Fé,Vilar Chão,AF,[A],coalition,PPD/PSD.CDS-PP,ACREDITAR EM ALFÂNDEGA DA FÉ
mapa_anexo.xlsx,443,AL2021,040118,Alfândega da Fé,Vilar Chão,AF,[D],citizen_group,TPVC,TODOS POR VILARCHÃO
mapa_anexo.xlsx,444,AL2021,040119,Alfândega da Fé,Vilarelhos,AF,[A],coalition,PPD/PSD.CDS-PP,ACREDITAR EM ALFÂNDEGA DA FÉ
mapa_anexo.xlsx,445,AL2021,040120,Alfândega da Fé,Vilares de Vilariça,AF,[A],coalition,PPD/PSD.CDS-PP,ACREDITAR EM ALFÂNDEGA DA FÉ
mapa_anexo.xlsx,446,AL2021,040121,Alfândega da Fé,"União das freguesias de Agrobom, Saldonha e Vale Pereiro",AF,[A],coalition,PPD/PSD.CDS-PP,ACREDITAR EM ALFÂNDEGA DA FÉ
mapa_anexo.xlsx,447,AL2021,040122,Alfândega da Fé,"União das freguesias de Eucisia, Gouveia e Valverde",AF,[A],coalition,PPD/PSD.CDS-PP,ACREDITAR EM ALFÂNDEGA DA FÉ
mapa_anexo.xlsx,448,AL2021,040123,Alfândega da Fé,União das freguesias de Ferradosa e Sendim da Serra,AF,[A],coalition,PPD/PSD.CDS-PP,ACREDITAR EM ALFÂNDEGA DA FÉ
mapa_anexo.xlsx,449,AL2021,040124,Alfândega da Fé,União das freguesias de Gebelim e Soeima,AF,[A],coalition,PPD/PSD.CDS-PP,ACREDITAR EM ALFÂNDEGA DA FÉ
mapa_anexo.xlsx,450,AL2021,040125,Alfândega da Fé,União das freguesias de Parada e Sendim da Ribeira,AF,[A],coalition,PPD/PSD.CDS-PP,ACREDITAR EM ALFÂNDEGA DA FÉ
mapa_anexo.xlsx,451,AL2021,040126,Alfândega da Fé,União das freguesias de Pombal e Vales,AF,[A],coalition,PPD/PSD.CDS-PP,ACREDITAR EM ALFÂNDEGA DA FÉ
mapa_anexo.xlsx,452,AL2021,040300,Carrazeda de Ansiães,,CM,[D],citizen_group,U.C.,Unidos Por Carrazeda
mapa_anexo.xlsx,453,AL2021,040300,Carrazeda de Ansiães,,AM,[D],citizen_group,U.C.,Unidos Por Carrazeda
mapa_anexo.xlsx,454,AL2021,040304,Carrazeda de Ansiães,Carrazeda de Ansiães,AF,[D],citizen_group,U.C.,Unidos Por Carrazeda
mapa_anexo.xlsx,455,AL2021,040308,Carrazeda de Ansiães,Linhares,AF,[D],citizen_group,U.C.,Unidos Por Carrazeda
mapa_anexo.xlsx,456,AL2021,040311,Carrazeda de Ansiães,Parambos,AF,[D],citizen_group,U.C.,Unidos Por Carrazeda
mapa_anexo.xlsx,457,AL2021,040313,Carrazeda de Ansiães,Pinhal do Norte,AF,[D],citizen_group,U.C.,Unidos Por Carrazeda
mapa_anexo.xlsx,458,AL2021,040314,Carrazeda de Ansiães,Pombal,AF,[D],citizen_group,U.C.,Unidos Por Carrazeda
mapa_anexo.xlsx,459,AL2021,040320,Carrazeda de Ansiães,União das freguesias de Amedo e Zedes,AF,[D],citizen_group,U.C.,Unidos Por Carrazeda
mapa_anexo.xlsx,460,AL2021,040321,Carrazeda de Ansiães,União das freguesias de Belver e Mogo de Malta,AF,[D],citizen_group,U.C.,Unidos Por Carrazeda
mapa_anexo.xlsx,461,AL2021,040323,Carrazeda de Ansiães,"União das freguesias de Lavandeira, Beira Grande e Selores",AF,[D],citizen_group,U.C.,Unidos Por Carrazeda
mapa_anexo.xlsx,462,AL2021,040500,Macedo de Cavaleiros,,CM,[A],coalition,PPD/PSD.CDS-PP,"UM NOVO RUMO, UM NOVO CAMINHO"
mapa_anexo.xlsx,462,AL2021,040500,Macedo de Cavaleiros,,CM,[D],citizen_group,UPM,Unidos Por Macedo
mapa_anexo.xlsx,463,AL2021,040500,Macedo de Cavaleiros,,AM,[A],coalition,PPD/PSD.CDS-PP,"UM NOVO RUMO, UM NOVO CAMINHO"
mapa_anexo.xlsx,463,AL2021,040500,Macedo de Cavaleiros,,AM,[D],citizen_group,UPM,Unidos Por Macedo
mapa_anexo.xlsx,464,AL2021,040502,Macedo de Cavaleiros,Amendoeira,AF,[A],coalition,PPD/PSD.CDS-PP,"UM NOVO RUMO, UM NOVO CAMINHO"
mapa_anexo.xlsx,465,AL2021,040503,Macedo de Cavaleiros,Arcas,AF,[A],coalition,PPD/PSD.CDS-PP,"UM NOVO RUMO, UM NOVO CAMINHO"
mapa_anexo.xlsx,466,AL2021,040507,Macedo de Cavaleiros,Carrapatas,AF,[A],coalition,PPD/PSD.CDS-PP,"UM NOVO RUMO, UM NOVO CAMINHO"
mapa_anexo.xlsx,467,AL2021,040509,Macedo de Cavaleiros,Chacim,AF,[A],coalition,PPD/PSD.CDS-PP,"UM NOVO RUMO, UM NOVO CAMINHO"
mapa_anexo.xlsx,468,AL2021,040510,Macedo de Cavaleiros,Cortiços,AF,[A],coalition,PPD/PSD.CDS-PP,"UM NOVO RUMO, UM NOVO CAMINHO"
mapa_anexo.xlsx,469,AL2021,040511,Macedo de Cavaleiros,Corujas,AF,[A],coalition,PPD/PSD.CDS-PP,"UM NOVO RUMO, UM NOVO CAMINHO"
mapa_anexo.xlsx,470,AL2021,040514,Macedo de Cavaleiros,Ferreira,AF,[A],coalition,PPD/PSD.CDS-PP,"UM NOVO RUMO, UM NOVO CAMINHO"
mapa_anexo.xlsx,471,AL2021,040515,Macedo de Cavaleiros,Grijó,AF,[A],coalition,PPD/PSD.CDS-PP,"UM NOVO RUMO, UM NOVO CAMINHO"
mapa_anexo.xlsx,472,AL2021,040516,Macedo de Cavaleiros,Lagoa,AF,[A],coalition,PPD/PSD.CDS-PP,"UM NOVO RUMO, UM NOVO CAMINHO"
mapa_anexo.xlsx,473,AL2021,040517,Macedo de Cavaleiros,Lamalonga,AF,[A],coalition,PPD/PSD.CDS-PP,"UM NOVO RUMO, UM NOVO CAMINHO"
mapa_anexo.xlsx,474,AL2021,040518,Macedo de Cavaleiros,Lamas,AF,[D],citizen_group,TPL,Todos Por Lamas
mapa_anexo.xlsx,475,AL2021,040519,Macedo de Cavaleiros,Lombo,AF,[A],coalition,PPD/PSD.CDS-PP,"UM NOVO RUMO, UM NOVO CAMINHO"
mapa_anexo.xlsx,476,AL2021,040520,Macedo de Cavaleiros,Macedo de Cavaleiros,AF,[A],coalition,PPD/PSD.CDS-PP,"UM NOVO RUMO, UM NOVO CAMINHO"
mapa_anexo.xlsx,477,AL2021,040521,Macedo de Cavaleiros,Morais,AF,[A],coalition,PPD/PSD.CDS-PP,"UM NOVO RUMO, UM NOVO CAMINHO"
mapa_anexo.xlsx,478,AL2021,040523,Macedo de Cavaleiros,Olmos,AF,[A],coalition,PPD/PSD.CDS-PP,"UM NOVO RUMO, UM NOVO CAMINHO"
mapa_anexo.xlsx,479,AL2021,040524,Macedo de Cavaleiros,Peredo,AF,[A],coalition,PPD/PSD.CDS-PP,"UM NOVO RUMO, UM NOVO CAMINHO"
mapa_anexo.xlsx,480,AL2021,040526,Macedo de Cavaleiros,Salselas,AF,[A],coalition,PPD/PSD.CDS-PP,"UM NOVO RUMO, UM NOVO CAMINHO"
mapa_anexo.xlsx,481,AL2021,040528,Macedo de Cavaleiros,Sezulfe,AF,[A],coalition,PPD/PSD.CDS-PP,"UM NOVO RUMO, UM NOVO CAMINHO"
mapa_anexo.xlsx,482,AL2021,040530,Macedo de Cavaleiros,Talhas,AF,[A],coalition,PPD/PSD.CDS-PP,"UM NOVO RUMO, UM NOVO CAMINHO"
mapa_anexo.xlsx,483,AL2021,040532,Macedo de Cavaleiros,Vale Benfeito,AF,[A],coalition,PPD/PSD.CDS-PP,"UM NOVO RUMO, UM NOVO CAMINHO"
mapa_anexo.xlsx,484,AL2021,040533,Macedo de Cavaleiros,Vale da Porca,AF,[A],coalition,PPD/PSD.CDS-PP,"UM NOVO RUMO, UM NOVO CAMINHO"
mapa_anexo.xlsx,485,AL2021,040534,Macedo de Cavaleiros,Vale de Prados,AF,[A],coalition,PPD/PSD.CDS-PP,"UM NOVO RUMO, UM NOVO CAMINHO"
mapa_anexo.xlsx,486,AL2021,040536,Macedo de Cavaleiros,Vilarinho de Agrochão,AF,[A],coalition,PPD/PSD.CDS-PP,"UM NOVO RUMO, UM NOVO CAMINHO"
mapa_anexo.xlsx,487,AL2021,040538,Macedo de Cavaleiros,Vinhas,AF,[A],coalition,PPD/PSD.CDS-PP,"UM NOVO RUMO, UM NOVO CAMINHO"
mapa_anexo.xlsx,488,AL2021,040539,Macedo de Cavaleiros,União das freguesias de Ala e Vilarinho do Monte,AF,[A],coalition,PPD/PSD.CDS-PP,"UM NOVO RUMO, UM NOVO CAMINHO"
mapa_anexo.xlsx,489,AL2021,040540,Macedo de Cavaleiros,União das freguesias de Bornes e Burga,AF,[A],coalition,PPD/PSD.CDS-PP,"UM NOVO RUMO, UM NOVO CAMINHO"
mapa_anexo.xlsx,490,AL2021,040541,Macedo de Cavaleiros,União das freguesias de Castelãos e Vilar do Monte,AF,[A],coalition,PPD/PSD.CDS-PP,"UM NOVO RUMO, UM NOVO CAMINHO"
mapa_anexo.xlsx,491,AL2021,040542,Macedo de Cavaleiros,"União das freguesias de Espadanedo, Edroso, Murçós e Soutelo Mourisco",AF,[A],coalition,PPD/PSD.CDS-PP,"UM NOVO RUMO, UM NOVO CAMINHO"
mapa_anexo.xlsx,492,AL2021,040543,Macedo de Cavaleiros,União das freguesias de Podence e Santa Combinha,AF,[A],coalition,PPD/PSD.CDS-PP,"UM NOVO RUMO, UM NOVO CAMINHO"
mapa_anexo.xlsx,493,AL2021,040544,Macedo de Cavaleiros,União das freguesias de Talhinhas e Bagueixe,AF,[A],coalition,PPD/PSD.CDS-PP,"UM NOVO RUMO, UM NOVO CAMINHO"
mapa_anexo.xlsx,494,AL2021,040600,Miranda do Douro,,CM,[A],coalition,PPD/PSD.CDS-PP,TEMPO DE ACREDITAR
mapa_anexo.xlsx,495,AL2021,040600,Miranda do Douro,,AM,[A],coalition,PPD/PSD.CDS-PP,TEMPO DE ACREDITAR
mapa_anexo.xlsx,496,AL2021,040604,Miranda do Douro,Duas Igrejas,AF,[A],coalition,PPD/PSD.CDS-PP,TEMPO DE ACREDITAR
mapa_anexo.xlsx,497,AL2021,040605,Miranda do Douro,Genísio,AF,[A],coalition,PPD/PSD.CDS-PP,TEMPO DE ACREDITAR
mapa_anexo.xlsx,498,AL2021,040607,Miranda do Douro,Malhadas,AF,[A],coalition,PPD/PSD.CDS-PP,TEMPO DE ACREDITAR
mapa_anexo.xlsx,499,AL2021,040608,Miranda do Douro,Miranda do Douro,AF,[A],coalition,PPD/PSD.CDS-PP,TEMPO DE ACREDITAR
mapa_anexo.xlsx,500,AL2021,040609,Miranda do Douro,Palaçoulo,AF,[A],coalition,PPD/PSD.CDS-PP,TEMPO DE ACREDITAR
mapa_anexo.xlsx,501,AL2021,040611,Miranda do Douro,Picote,AF,[A],coalition,PPD/PSD.CDS-PP,TEMPO DE ACREDITAR
mapa_anexo.xlsx,502,AL2021,040612,Miranda do Douro,Póvoa,AF,[A],coalition,PPD/PSD.CDS-PP,TEMPO DE ACREDITAR
mapa_anexo.xlsx,503,AL2021,040613,Miranda do Douro,São Martinho de Angueira,AF,[A],coalition,PPD/PSD.CDS-PP,TEMPO DE ACREDITAR
mapa_anexo.xlsx,504,AL2021,040616,Miranda do Douro,Vila Chã de Braciosa,AF,[A],coalition,PPD/PSD.CDS-PP,TEMPO DE ACREDITAR
mapa_anexo.xlsx,505,AL2021,040618,Miranda do Douro,União das freguesias de Constantim e Cicouro,AF,[A],coalition,PPD/PSD.CDS-PP,TEMPO DE ACREDITAR
mapa_anexo.xlsx,506,AL2021,040619,Miranda do Douro,União das freguesias de Ifanes e Paradela,AF,[A],coalition,PPD/PSD.CDS-PP,TEMPO DE ACREDITAR
mapa_anexo.xlsx,507,AL2021,040620,Miranda do Douro,União das freguesias de Sendim e Atenor,AF,[A],coalition,PPD/PSD.CDS-PP,TEMPO DE ACREDITAR
mapa_anexo.xlsx,508,AL2021,040621,Miranda do Douro,União das freguesias de Silva e Águas Vivas,AF,[A],coalition,PPD/PSD.CDS-PP,TEMPO DE ACREDITAR
mapa_anexo.xlsx,509,AL2021,040701,Mirandela,Abambres,AF,[D],citizen_group,MI-JPNF,Movimento Independente Juntos Pela Nossa Freguesia
mapa_anexo.xlsx,510,AL2021,040716,Mirandela,Frechas,AF,[D],citizen_group,MIPNP,Movimento Independente o Povo é o Nosso Partido
mapa_anexo.xlsx,511,AL2021,040724,Mirandela,Passos,AF,[D],citizen_group,PMF,Passos Mais à Frente - Movimento Independente
mapa_anexo.xlsx,512,AL2021,040731,Mirandela,Vale de Asnes,AF,[D],citizen_group,RVA,Renovar Vale de Asnes
mapa_anexo.xlsx,513,AL2021,040740,Mirandela,"União das freguesias de Barcel, Marmelos e Valverde da Gestosa",AF,[D],citizen_group,MJPP,Movimento Independente Juntos Pelo Povo
mapa_anexo.xlsx,514,AL2021,040900,Torre de Moncorvo,,CM,[A],coalition,NC/A,MOVIMENTO DE MONCORVENSES
mapa_anexo.xlsx,514,AL2021,040900,Torre de Moncorvo,,CM,[B],coalition,PPD/PSD.CDS-PP,POR MONCORVO CONTINUAMOS
mapa_anexo.xlsx,515,AL2021,040900,Torre de Moncorvo,,AM,[A],coalition,NC/A,MOVIMENTO DE MONCORVENSES
mapa_anexo.xlsx,515,AL2021,040900,Torre de Moncorvo,,AM,[B],coalition,PPD/PSD.CDS-PP,POR MONCORVO CONTINUAMOS
mapa_anexo.xlsx,516,AL2021,040901,Torre de Moncorvo,Açoreira,AF,[A],coalition,PPD/PSD.CDS-PP,POR MONCORVO CONTINUAMOS
mapa_anexo.xlsx,517,AL2021,040903,Torre de Moncorvo,Cabeça Boa,AF,[A],coalition,PPD/PSD.CDS-PP,POR MONCORVO CONTINUAMOS
mapa_anexo.xlsx,518,AL2021,040905,Torre de Moncorvo,Carviçais,AF,[A],coalition,PPD/PSD.CDS-PP,POR MONCORVO CONTINUAMOS
mapa_anexo.xlsx,519,AL2021,040906,Torre de Moncorvo,Castedo,AF,[A],coalition,PPD/PSD.CDS-PP,POR MONCORVO CONTINUAMOS
mapa_anexo.xlsx,520,AL2021,040909,Torre de Moncorvo,Horta da Vilariça,AF,[A],coalition,PPD/PSD.CDS-PP,POR MONCORVO CONTINUAMOS
mapa_anexo.xlsx,521,AL2021,040910,Torre de Moncorvo,Larinho,AF,[A],coalition,PPD/PSD.CDS-PP,POR MONCORVO CONTINUAMOS
mapa_anexo.xlsx,522,AL2021,040911,Torre de Moncorvo,Lousa,AF,[A],coalition,PPD/PSD.CDS-PP,POR MONCORVO CONTINUAMOS
mapa_anexo.xlsx,523,AL2021,040913,Torre de Moncorvo,Mós,AF,[A],coalition,PPD/PSD.CDS-PP,POR MONCORVO CONTINUAMOS
mapa_anexo.xlsx,524,AL2021,040916,Torre de Moncorvo,Torre de Moncorvo,AF,[A],coalition,NC/A,MOVIMENTO DE MONCORVENSES
mapa_anexo.xlsx,524,AL2021,040916,Torre de Moncorvo,Torre de Moncorvo,AF,[B],coalition,PPD/PSD.CDS-PP,POR MONCORVO CONTINUAMOS
mapa_anexo.xlsx,525,AL2021,040918,Torre de Moncorvo,União das freguesias de Adeganha e Cardanha,AF,[A],coalition,PPD/PSD.CDS-PP,POR MONCORVO CONTINUAMOS
mapa_anexo.xlsx,526,AL2021,040919,Torre de Moncorvo,União das freguesias de Felgar e Souto da Velha,AF,[A],coalition,NC/A,MOVIMENTO DE MONCORVENSES
mapa_anexo.xlsx,526,AL2021,040919,Torre de Moncorvo,União das freguesias de Felgar e Souto da Velha,AF,[B],coalition,PPD/PSD.CDS-PP,POR MONCORVO CONTINUAMOS
mapa_anexo.xlsx,527,AL2021,040920,Torre de Moncorvo,União das freguesias de Felgueiras e Maçores,AF,[A],coalition,PPD/PSD.CDS-PP,POR MONCORVO CONTINUAMOS
mapa_anexo.xlsx,528,AL2021,040921,Torre de Moncorvo,União das freguesias de Urros e Peredo dos Castelhanos,AF,[A],coalition,NC/A,MOVIMENTO DE MONCORVENSES
mapa_anexo.xlsx,528,AL2021,040921,Torre de Moncorvo,União das freguesias de Urros e Peredo dos Castelhanos,AF,[B],coalition,PPD/PSD.CDS-PP,POR MONCORVO CONTINUAMOS
mapa_anexo.xlsx,529,AL2021,041000,Vila Flor,,CM,[A],coalition,PPD/PSD.CDS-PP,ACREDITAR
mapa_anexo.xlsx,530,AL2021,041000,Vila Flor,,AM,[A],coalition,PPD/PSD.CDS-PP,ACREDITAR
mapa_anexo.xlsx,531,AL2021,041002,Vila Flor,Benlhevai,AF,[A],coalition,PPD/PSD.CDS-PP,ACREDITAR
mapa_anexo.xlsx,532,AL2021,041005,Vila Flor,Freixiel,AF,[A],coalition,PPD/PSD.CDS-PP,ACREDITAR
mapa_anexo.xlsx,533,AL2021,041009,Vila Flor,Roios,AF,[D],citizen_group,U.P.P.,Unidos Pelo Povo
mapa_anexo.xlsx,534,AL2021,041010,Vila Flor,Samões,AF,[A],coalition,PPD/PSD.CDS-PP,ACREDITAR
mapa_anexo.xlsx,535,AL2021,041011,Vila Flor,Sampaio,AF,[A],coalition,PPD/PSD.CDS-PP,ACREDITAR
mapa_anexo.xlsx,536,AL2021,041012,Vila Flor,Santa Comba de Vilariça,AF,[A],coalition,PPD/PSD.CDS-PP,ACREDITAR
mapa_anexo.xlsx,537,AL2021,041014,Vila Flor,Trindade,AF,[A],coalition,PPD/PSD.CDS-PP,ACREDITAR
mapa_anexo.xlsx,538,AL2021,041015,Vila Flor,Vale Frechoso,AF,[A],coalition,PPD/PSD.CDS-PP,ACREDITAR
mapa_anexo.xlsx,539,AL2021,041020,Vila Flor,União das freguesias de Assares e Lodões,AF,[A],coalition,PPD/PSD.CDS-PP,ACREDITAR
mapa_anexo.xlsx,540,AL2021,041021,Vila Flor,União das freguesias de Candoso e Carvalho de Egas,AF,[A],coalition,PPD/PSD.CDS-PP,ACREDITAR
mapa_anexo.xlsx,541,AL2021,041022,Vila Flor,União das freguesias de Valtorno e Mourão,AF,[A],coalition,PPD/PSD.CDS-PP,ACREDITAR
mapa_anexo.xlsx,542,AL2021,041023,Vila Flor,União das freguesias de Vila Flor e Nabo,AF,[A],coalition,PPD/PSD.CDS-PP,ACREDITAR
mapa_anexo.xlsx,543,AL2021,041024,Vila Flor,União das freguesias de Vilas Boas e Vilarinho das Azenhas,AF,[A],coalition,PPD/PSD.CDS-PP,ACREDITAR
mapa_anexo.xlsx,543,AL2021,041024,Vila Flor,União das freguesias de Vilas Boas e Vilarinho das Azenhas,AF,[D],citizen_group,UNIDOS,UNIDOS
mapa_anexo.xlsx,544,AL2021,041114,Vimioso,Vimioso,AF,[D],citizen_group,UPV,UNIDOS POR VIMIOSO
mapa_anexo.xlsx,545,AL2021,041200,Vinhais,,CM,[A],coalition,PPD/PSD.CDS-PP,VOLTAR A ACREDITAR
mapa_anexo.xlsx,546,AL2021,041200,Vinhais,,AM,[A],coalition,PPD/PSD.CDS-PP,VOLTAR A ACREDITAR
mapa_anexo.xlsx,547,AL2021,041201,Vinhais,Agrochão,AF,[D],citizen_group,JAA,Juntos por Agrochão
mapa_anexo.xlsx,548,AL2021,041203,Vinhais,Candedo,AF,[D],citizen_group,GCPC,Grupo de Cidadãos Progresso e Cidadania
mapa_anexo.xlsx,549,AL2021,041207,Vinhais,Edrosa,AF,[A],coalition,PPD/PSD.CDS-PP,VOLTAR A ACREDITAR
mapa_anexo.xlsx,550,AL2021,041215,Vinhais,Paçó,AF,[A],coalition,PPD/PSD.CDS-PP,VOLTAR A ACREDITAR
mapa_anexo.xlsx,551,AL2021,041216,Vinhais,Penhas Juntas,AF,[D],citizen_group,CT,Continuar a Trabalhar
mapa_anexo.xlsx,552,AL2021,041221,Vinhais,Santalha,AF,[A],coalition,PPD/PSD.CDS-PP,VOLTAR A ACREDITAR
mapa_anexo.xlsx,553,AL2021,041226,Vinhais,Tuizelo,AF,[A],coalition,PPD/PSD.CDS-PP,VOLTAR A ACREDITAR
mapa_anexo.xlsx,554,AL2021,041227,Vinhais,Vale das Fontes,AF,[A],coalition,PPD/PSD.CDS-PP,VOLTAR A ACREDITAR
mapa_anexo.xlsx,555,AL2021,041229,Vinhais,Vila Boa de Ousilhão,AF,[A],coalition,PPD/PSD.CDS-PP,VOLTAR A ACREDITAR
mapa_anexo.xlsx,556,AL2021,041232,Vinhais,Vilar de Ossos,AF,[A],coalition,PPD/PSD.CDS-PP,VOLTAR A ACREDITAR
mapa_anexo.xlsx,557,AL2021,041235,Vinhais,Vinhais,AF,[A],coalition,PPD/PSD.CDS-PP,VOLTAR A ACREDITAR
mapa_anexo.xlsx,558,AL2021,041236,Vinhais,União das freguesias de Curopos e Vale de Janeiro,AF,[A],coalition,PPD/PSD.CDS-PP,VOLTAR A ACREDITAR
mapa_anexo.xlsx,559,AL2021,041237,Vinhais,União das freguesias de Moimenta e Montouto,AF,[A],coalition,PPD/PSD.CDS-PP,VOLTAR A ACREDITAR
mapa_anexo.xlsx,560,AL2021,041238,Vinhais,União das freguesias de Nunes e Ousilhão,AF,[A],coalition,PPD/PSD.CDS-PP,VOLTAR A ACREDITAR
mapa_anexo.xlsx,560,AL2021,041238,Vinhais,União das freguesias de Nunes e Ousilhão,AF,[D],citizen_group,MSP,Movimento sempre presente
mapa_anexo.xlsx,561,AL2021,041239,Vinhais,União das freguesias de Quirás e Pinheiro Novo,AF,[A],coalition,PPD/PSD.CDS-PP,VOLTAR A ACREDITAR
mapa_anexo.xlsx,562,AL2021,041240,Vinhais,União das freguesias de Sobreiro de Baixo e Alvaredos,AF,[A],coalition,PPD/PSD.CDS-PP,VOLTAR A ACREDITAR
mapa_anexo.xlsx,563,AL2021,041241,Vinhais,"União das freguesias de Soeira, Fresulfe e Mofreita",AF,[A],coalition,PPD/PSD.CDS-PP,VOLTAR A ACREDITAR
mapa_anexo.xlsx,564,AL2021,041242,Vinhais,União das freguesias de Travanca e Santa Cruz,AF,[A],coalition,PPD/PSD.CDS-PP,VOLTAR A ACREDITAR
mapa_anexo.xlsx,565,AL2021,041243,Vinhais,União das freguesias de Vilar de Lomba e São Jomil,AF,[A],coalition,PPD/PSD.CDS-PP,VOLTAR A ACREDITAR
mapa_anexo.xlsx,567,AL2021,050200,Castelo Branco,,CM,[A],coalition,PPD/PSD.CDS-PP.PPM,PSD/CDS/PPM
mapa_anexo.xlsx,567,AL2021,050200,Castelo Branco,,CM,[D],citizen_group,S-MI,SEMPRE-Movimento Independente
mapa_anexo.xlsx,568,AL2021,050200,Castelo Branco,,AM,[A],coalition,PPD/PSD.CDS-PP.PPM,PSD/CDS/PPM
mapa_anexo.xlsx,568,AL2021,050200,Castelo Branco,,AM,[D],citizen_group,S-MI,SEMPRE-Movimento Independente
mapa_anexo.xlsx,569,AL2021,050201,Castelo Branco,Alcains,AF,[A],coalition,PPD/PSD.CDS-PP.PPM,PSD/CDS/PPM
mapa_anexo.xlsx,569,AL2021,050201,Castelo Branco,Alcains,AF,[D],citizen_group,S-MI,SEMPRE-Movimento Independente
mapa_anexo.xlsx,570,AL2021,050202,Castelo Branco,Almaceda,AF,[A],coalition,PPD/PSD.CDS-PP.PPM,PSD/CDS/PPM
mapa_anexo.xlsx,571,AL2021,050203,Castelo Branco,Benquerenças,AF,[D],citizen_group,S-MI,SEMPRE-Movimento Independente
mapa_anexo.xlsx,572,AL2021,050205,Castelo Branco,Castelo Branco,AF,[A],coalition,PPD/PSD.CDS-PP.PPM,PSD/CDS/PPM
mapa_anexo.xlsx,572,AL2021,050205,Castelo Branco,Castelo Branco,AF,[D],citizen_group,S-MI,SEMPRE-Movimento Independente
mapa_anexo.xlsx,573,AL2021,050211,Castelo Branco,Lardosa,AF,[D],citizen_group,S-MI,SEMPRE-Movimento Independente
mapa_anexo.xlsx,574,AL2021,050212,Castelo Branco,Louriçal do Campo,AF,[D],citizen_group,S-MI,SEMPRE-Movimento Independente
mapa_anexo.xlsx,575,AL2021,050214,Castelo Branco,Malpica do Tejo,AF,[D],citizen_group,S-MI,SEMPRE-Movimento Independente
mapa_anexo.xlsx,576,AL2021,050216,Castelo Branco,Monforte da Beira,AF,[A],coalition,PPD/PSD.CDS-PP.PPM,PSD/CDS/PPM
mapa_anexo.xlsx,576,AL2021,050216,Castelo Branco,Monforte da Beira,AF,[D],citizen_group,S-MI,SEMPRE-Movimento Independente
mapa_anexo.xlsx,577,AL2021,050220,Castelo Branco,Salgueiro do Campo,AF,[A],coalition,PPD/PSD.CDS-PP.PPM,PSD/CDS/PPM
mapa_anexo.xlsx,577,AL2021,050220,Castelo Branco,Salgueiro do Campo,AF,[D],citizen_group,S-MI,SEMPRE-Movimento Independente
mapa_anexo.xlsx,578,AL2021,050221,Castelo Branco,Santo André das Tojeiras,AF,[A],coalition,PPD/PSD.CDS-PP.PPM,PSD/CDS/PPM
mapa_anexo.xlsx,578,AL2021,050221,Castelo Branco,Santo André das Tojeiras,AF,[D],citizen_group,S-MI,SEMPRE-Movimento Independente
mapa_anexo.xlsx,579,AL2021,050222,Castelo Branco,São Vicente da Beira,AF,[D],citizen_group,S-MI,SEMPRE-Movimento Independente
mapa_anexo.xlsx,580,AL2021,050223,Castelo Branco,Sarzedas,AF,[A],coalition,PPD/PSD.CDS-PP.PPM,PSD/CDS/PPM
mapa_anexo.xlsx,581,AL2021,050225,Castelo Branco,Tinalhas,AF,[D],citizen_group,S-MI,SEMPRE-Movimento Independente
mapa_anexo.xlsx,582,AL2021,050226,Castelo Branco,União das freguesias de Cebolais de Cima e Retaxo,AF,[A],coalition,PPD/PSD.CDS-PP.PPM,PSD/CDS/PPM
mapa_anexo.xlsx,582,AL2021,050226,Castelo Branco,União das freguesias de Cebolais de Cima e Retaxo,AF,[D],citizen_group,S-MI,SEMPRE-Movimento Independente
mapa_anexo.xlsx,583,AL2021,050227,Castelo Branco,União das freguesias de Escalos de Baixo e Mata,AF,[A],coalition,PPD/PSD.CDS-PP.PPM,PSD/CDS/PPM
mapa_anexo.xlsx,583,AL2021,050227,Castelo Branco,União das freguesias de Escalos de Baixo e Mata,AF,[D],citizen_group,S-MI,SEMPRE-Movimento Independente
mapa_anexo.xlsx,584,AL2021,050228,Castelo Branco,União das freguesias de Escalos de Cima e Lousa,AF,[A],coalition,PPD/PSD.CDS-PP.PPM,PSD/CDS/PPM
mapa_anexo.xlsx,584,AL2021,050228,Castelo Branco,União das freguesias de Escalos de Cima e Lousa,AF,[D],citizen_group,S-MI,SEMPRE-Movimento Independente
mapa_anexo.xlsx,585,AL2021,050229,Castelo Branco,União das freguesias de Freixial e Juncal do Campo,AF,[D],citizen_group,S-MI,SEMPRE-Movimento Independente
mapa_anexo.xlsx,586,AL2021,050230,Castelo Branco,União das freguesias de Ninho do Açor e Sobral do Campo,AF,[D],citizen_group,S-MI,SEMPRE-Movimento Independente
mapa_anexo.xlsx,587,AL2021,050231,Castelo Branco,União das freguesias de Póvoa de Rio de Moinhos e Cafede,AF,[A],coalition,PPD/PSD.CDS-PP.PPM,PSD/CDS/PPM
mapa_anexo.xlsx,587,AL2021,050231,Castelo Branco,União das freguesias de Póvoa de Rio de Moinhos e Cafede,AF,[D],citizen_group,S-MI,SEMPRE-Movimento Independente
mapa_anexo.xlsx,588,AL2021,050300,Covilhã,,CM,[A],coalition,CDS-PP.PPD/PSD.IL,COVILHÃ - JUNTOS FAZEMOS MELHOR
mapa_anexo.xlsx,588,AL2021,050300,Covilhã,,CM,[B],coalition,MPT/PPM/A,COVILHÃ TEM FORÇA
mapa_anexo.xlsx,589,AL2021,050300,Covilhã,,AM,[A],coalition,CDS-PP.PPD/PSD.IL,COVILHÃ - JUNTOS FAZEMOS MELHOR
mapa_anexo.xlsx,589,AL2021,050300,Covilhã,,AM,[B],coalition,MPT/PPM/A,COVILHÃ TEM FORÇA
mapa_anexo.xlsx,590,AL2021,050302,Covilhã,Aldeia de São Francisco de Assis,AF,[D],citizen_group,SPJPNT,Sempre Presente - Juntos Pela Nossa Terra
mapa_anexo.xlsx,591,AL2021,050305,Covilhã,Boidobra,AF,[A],coalition,CDS-PP.PPD/PSD.IL,"BOIDOBRA, JUNTOS FAZEMOS MELHOR"
mapa_anexo.xlsx,591,AL2021,050305,Covilhã,Boidobra,AF,[B],coalition,MPT/PPM/A,COVILHÃ TEM FORÇA
mapa_anexo.xlsx,592,AL2021,050309,Covilhã,Dominguizo,AF,[A],coalition,CDS-PP.PPD/PSD.IL,DOMINGUIZO JUNTOS FAZEMOS MELHOR
mapa_anexo.xlsx,592,AL2021,050309,Covilhã,Dominguizo,AF,[D],citizen_group,SD,Sempre Dominguizo
mapa_anexo.xlsx,593,AL2021,050311,Covilhã,Ferro,AF,[D],citizen_group,TPF,Todos pelo Ferro
mapa_anexo.xlsx,594,AL2021,050312,Covilhã,Orjais,AF,[D],citizen_group,UPO,Unidos Por Orjais
mapa_anexo.xlsx,595,AL2021,050314,Covilhã,Paul,AF,[A],coalition,CDS-PP.PPD/PSD.IL,"PAUL, JUNTOS FAZEMOS MELHOR"
mapa_anexo.xlsx,596,AL2021,050315,Covilhã,Peraboa,AF,[A],coalition,CDS-PP.PPD/PSD.IL,"PERABOA, JUNTOS FAZEMOS MELHOR"
mapa_anexo.xlsx,597,AL2021,050318,Covilhã,São Jorge da Beira,AF,[A],coalition,CDS-PP.PPD/PSD.IL,"SÃO JORGE DA BEIRA, JUNTOS FAZEMOS MELHOR"
mapa_anexo.xlsx,598,AL2021,050322,Covilhã,Sobral de São Miguel,AF,[D],citizen_group,MAS.,Acreditar Mais Sobral
mapa_anexo.xlsx,599,AL2021,050324,Covilhã,Tortosendo,AF,[D],citizen_group,USMF,Tortosendo - Unidos Somos Mais Fortes
mapa_anexo.xlsx,600,AL2021,050325,Covilhã,Unhais da Serra,AF,[A],coalition,CDS-PP.PPD/PSD.IL,"UNHAIS DA SERRA, JUNTOS FAZEMOS MELHOR"
mapa_anexo.xlsx,600,AL2021,050325,Covilhã,Unhais da Serra,AF,[B],coalition,MPT/PPM/A,COVILHÃ TEM FORÇA
mapa_anexo.xlsx,601,AL2021,050327,Covilhã,Verdelhos,AF,[A],coalition,CDS-PP.PPD/PSD.IL,"VERDELHOS, JUNTOS FAZEMOS MELHOR"
mapa_anexo.xlsx,602,AL2021,050332,Covilhã,União das freguesias de Barco e Coutada,AF,[D],citizen_group,NR,NOVO RUMO
mapa_anexo.xlsx,603,AL2021,050335,Covilhã,União das freguesias de Covilhã e Canhoso,AF,[A],coalition,CDS-PP.PPD/PSD.IL,"COVILHÃ E CANHOSO, JUNTOS FAZEMOS MELHOR"
mapa_anexo.xlsx,604,AL2021,050336,Covilhã,União das freguesias de Peso e Vales do Rio,AF,[D],citizen_group,UPPVR,Unidos Pelo Peso e Vales do Rio
mapa_anexo.xlsx,605,AL2021,050337,Covilhã,União das freguesias de Teixoso e Sarzedo,AF,[D],citizen_group,TEM,Teixoso em Mudança
mapa_anexo.xlsx,606,AL2021,050338,Covilhã,União das freguesias de Vale Formoso e Aldeia do Souto,AF,[A],coalition,MPT/PPM/A,COVILHÃ TEM FORÇA
mapa_anexo.xlsx,607,AL2021,050401,Fundão,Alcaide,AF,[D],citizen_group,MIPA,Movimento Independente pelo Alcaide
mapa_anexo.xlsx,608,AL2021,050402,Fundão,Alcaria,AF,[D],citizen_group,UPA,Unidos por Alcaria
mapa_anexo.xlsx,609,AL2021,050403,Fundão,Alcongosta,AF,[D],citizen_group,UPA,Unidos por Alcongosta
mapa_anexo.xlsx,610,AL2021,050406,Fundão,Alpedrinha,AF,[D],citizen_group,UPA,Unidos por Alpedrinha
mapa_anexo.xlsx,611,AL2021,050411,Fundão,Capinha,AF,[D],citizen_group,CPT,Capinha Para Todos
mapa_anexo.xlsx,612,AL2021,050412,Fundão,Castelejo,AF,[D],citizen_group,MIPFC,Movimento Independente pela Freguesia de Castelejo
mapa_anexo.xlsx,613,AL2021,050413,Fundão,Castelo Novo,AF,[D],citizen_group,iCN,iNOVAR CASTELO NOVO
mapa_anexo.xlsx,614,AL2021,050416,Fundão,Fatela,AF,[D],citizen_group,MIPM,Movimento Independente pela Mudança
mapa_anexo.xlsx,614,AL2021,050416,Fundão,Fatela,AF,[E],citizen_group,UNIR,"União, Neutralidade, Inovação, Responsabilidade"
mapa_anexo.xlsx,615,AL2021,050419,Fundão,Lavacolhos,AF,[D],citizen_group,PL,Por Lavacolhos
mapa_anexo.xlsx,616,AL2021,050421,Fundão,Pêro Viseu,AF,[D],citizen_group,MIPP,Movimento Independente Por Pêro Viseu
mapa_anexo.xlsx,617,AL2021,050431,Fundão,Enxames,AF,[D],citizen_group,PE,Pelos Enxames
mapa_anexo.xlsx,618,AL2021,050432,Fundão,Três Povos,AF,[D],citizen_group,PPTP,Pelo Progresso dos Três Povos
mapa_anexo.xlsx,619,AL2021,050433,Fundão,União das freguesias de Janeiro de Cima e Bogas de Baixo,AF,[D],citizen_group,MAIS,MAIS JaneiroCima_BogasBaixo
mapa_anexo.xlsx,620,AL2021,050434,Fundão,"União das freguesias de Fundão, Valverde, Donas, Aldeia de Joanes e Aldeia Nova do Cabo",AF,[D],citizen_group,DAR,DAR-Freguesias Cidade do Fundão
mapa_anexo.xlsx,620,AL2021,050434,Fundão,"União das freguesias de Fundão, Valverde, Donas, Aldeia de Joanes e Aldeia Nova do Cabo",AF,[E],citizen_group,JUNTOS,JUNTOS PELA MUDANÇA-JOÃO SALVADO
mapa_anexo.xlsx,620,AL2021,050434,Fundão,"União das freguesias de Fundão, Valverde, Donas, Aldeia de Joanes e Aldeia Nova do Cabo",AF,[F],citizen_group,SF,SENTIR FUNDÃO
mapa_anexo.xlsx,621,AL2021,050436,Fundão,União das freguesias de Vale de Prazeres e Mata da Rainha,AF,[D],citizen_group,PUFCF,Por uma Freguesia com Futuro
mapa_anexo.xlsx,622,AL2021,050500,Idanha-a-Nova,,CM,[D],citizen_group,MOV.PT,Movimento Para Todos
mapa_anexo.xlsx,623,AL2021,050500,Idanha-a-Nova,,AM,[D],citizen_group,MOV.PT,Movimento Para Todos
mapa_anexo.xlsx,624,AL2021,050502,Idanha-a-Nova,Aldeia de Santa Margarida,AF,[D],citizen_group,M.A.,"MAIS ALDEIA, M.A."
mapa_anexo.xlsx,624,AL2021,050502,Idanha-a-Nova,Aldeia de Santa Margarida,AF,[E],citizen_group,MOV.PT,Movimento Para Todos
mapa_anexo.xlsx,625,AL2021,050505,Idanha-a-Nova,Ladoeiro,AF,[D],citizen_group,MOV.PT,Movimento Para Todos
mapa_anexo.xlsx,626,AL2021,050506,Idanha-a-Nova,Medelim,AF,[D],citizen_group,MOV.PT,Movimento Para Todos
mapa_anexo.xlsx,627,AL2021,050509,Idanha-a-Nova,Oledo,AF,[D],citizen_group,MOV.PT,Movimento Para Todos
mapa_anexo.xlsx,628,AL2021,050510,Idanha-a-Nova,Penha Garcia,AF,[D],citizen_group,MOV.PT,Movimento Para Todos
mapa_anexo.xlsx,629,AL2021,050512,Idanha-a-Nova,Rosmaninhal,AF,[D],citizen_group,MOV.PT,Movimento Para Todos
mapa_anexo.xlsx,630,AL2021,050514,Idanha-a-Nova,São Miguel de Acha,AF,[D],citizen_group,MOV.PT,Movimento Para Todos
mapa_anexo.xlsx,631,AL2021,050516,Idanha-a-Nova,Toulões,AF,[D],citizen_group,MOV.PT,Movimento Para Todos
mapa_anexo.xlsx,632,AL2021,050518,Idanha-a-Nova,União das freguesias de Idanha-a-Nova e Alcafozes,AF,[D],citizen_group,MOV.PT,Movimento Para Todos
mapa_anexo.xlsx,633,AL2021,050519,Idanha-a-Nova,União das freguesias de Monfortinho e Salvaterra do Extremo,AF,[D],citizen_group,MOV.PT,Movimento Para Todos
mapa_anexo.xlsx,634,AL2021,050520,Idanha-a-Nova,União das freguesias de Monsanto e Idanha-a-Velha,AF,[D],citizen_group,MOV.PT,Movimento Para Todos
mapa_anexo.xlsx,635,AL2021,050521,Idanha-a-Nova,União das freguesias de Zebreira e Segura,AF,[D],citizen_group,MOV.PT,Movimento Para Todos
mapa_anexo.xlsx,636,AL2021,050600,Oleiros,,CM,[D],citizen_group,MCO,Mais Concelho Oleiros
mapa_anexo.xlsx,637,AL2021,050600,Oleiros,,AM,[D],citizen_group,MCO,Mais Concelho Oleiros
mapa_anexo.xlsx,638,AL2021,050603,Oleiros,Cambas,AF,[D],citizen_group,MCO,Mais Concelho Oleiros
mapa_anexo.xlsx,639,AL2021,050605,Oleiros,Isna,AF,[D],citizen_group,MCO,Mais Concelho Oleiros
mapa_anexo.xlsx,641,AL2021,050607,Oleiros,Mosteiro,AF,[D],citizen_group,MCO,Mais Concelho Oleiros
mapa_anexo.xlsx,642,AL2021,050609,Oleiros,Orvalho,AF,[D],citizen_group,PPDF,Pelo Progresso da Freguesia
mapa_anexo.xlsx,643,AL2021,050613,Oleiros,Estreito - Vilar Barroco,AF,[D],citizen_group,MCO,Mais Concelho Oleiros
mapa_anexo.xlsx,644,AL2021,050614,Oleiros,Oleiros - Amieira,AF,[D],citizen_group,MCO,Mais Concelho Oleiros
mapa_anexo.xlsx,645,AL2021,050700,Penamacor,,CM,[D],citizen_group,IND,ABRAÇAR PENAMACOR
mapa_anexo.xlsx,646,AL2021,050700,Penamacor,,AM,[D],citizen_group,IND,ABRAÇAR PENAMACOR
mapa_anexo.xlsx,647,AL2021,050704,Penamacor,Aranhas,AF,[D],citizen_group,IND,ABRAÇAR PENAMACOR
mapa_anexo.xlsx,648,AL2021,050706,Penamacor,Benquerença,AF,[D],citizen_group,IND,ABRAÇAR PENAMACOR
mapa_anexo.xlsx,649,AL2021,050708,Penamacor,Meimoa,AF,[D],citizen_group,IND,ABRAÇAR PENAMACOR
mapa_anexo.xlsx,650,AL2021,050710,Penamacor,Penamacor,AF,[D],citizen_group,IND,ABRAÇAR PENAMACOR
mapa_anexo.xlsx,651,AL2021,050711,Penamacor,Salvador,AF,[D],citizen_group,IND,ABRAÇAR PENAMACOR
mapa_anexo.xlsx,652,AL2021,050712,Penamacor,Vale da Senhora da Póvoa,AF,[D],citizen_group,IND,ABRAÇAR PENAMACOR
mapa_anexo.xlsx,653,AL2021,050713,Penamacor,"União das freguesias de Aldeia do Bispo, Águas e Aldeia de João Pires",AF,[D],citizen_group,IND,ABRAÇAR PENAMACOR
mapa_anexo.xlsx,654,AL2021,050714,Penamacor,União das freguesias de Pedrógão de São Pedro e Bemposta,AF,[D],citizen_group,IND,ABRAÇAR PENAMACOR
mapa_anexo.xlsx,655,AL2021,050800,Proença-a-Nova,,CM,[A],coalition,PPD/PSD.CDS-PP,PROENÇA COM FUTURO
mapa_anexo.xlsx,656,AL2021,050800,Proença-a-Nova,,AM,[A],coalition,PPD/PSD.CDS-PP,PROENÇA COM FUTURO
mapa_anexo.xlsx,657,AL2021,050802,Proença-a-Nova,Montes da Senhora,AF,[A],coalition,PPD/PSD.CDS-PP,PROENÇA COM FUTURO
mapa_anexo.xlsx,658,AL2021,050805,Proença-a-Nova,São Pedro do Esteval,AF,[A],coalition,PPD/PSD.CDS-PP,PROENÇA COM FUTURO
mapa_anexo.xlsx,659,AL2021,050807,Proença-a-Nova,União das freguesias de Proença-a-Nova e Peral,AF,[A],coalition,PPD/PSD.CDS-PP,PROENÇA COM FUTURO
mapa_anexo.xlsx,660,AL2021,050808,Proença-a-Nova,União das freguesias de Sobreira Formosa e Alvito da Beira,AF,[A],coalition,PPD/PSD.CDS-PP,PROENÇA COM FUTURO
mapa_anexo.xlsx,661,AL2021,050917,Sertã,União das freguesias de Ermida e Figueiredo,AF,[A],coalition,CDS-PP.PPD/PSD,ALIANÇA DEMOCRÁTICA ERMIDA E FIGUEIREDO
mapa_anexo.xlsx,662,AL2021,051100,Vila Velha de Ródão,,CM,[A],coalition,PPD/PSD.CDS-PP,NOVO RUMO
mapa_anexo.xlsx,663,AL2021,051100,Vila Velha de Ródão,,AM,[A],coalition,PPD/PSD.CDS-PP,NOVO RUMO
mapa_anexo.xlsx,664,AL2021,051101,Vila Velha de Ródão,Fratel,AF,[A],coalition,PPD/PSD.CDS-PP,NOVO RUMO
mapa_anexo.xlsx,665,AL2021,051102,Vila Velha de Ródão,Perais,AF,[A],coalition,PPD/PSD.CDS-PP,NOVO RUMO
mapa_anexo.xlsx,666,AL2021,051103,Vila Velha de Ródão,Sarnadas de Ródão,AF,[A],coalition,PPD/PSD.CDS-PP,NOVO RUMO
mapa_anexo.xlsx,667,AL2021,051104,Vila Velha de Ródão,Vila Velha de Ródão,AF,[A],coalition,PPD/PSD.CDS-PP,NOVO RUMO
mapa_anexo.xlsx,669,AL2021,060104,Arganil,Benfeita,AF,[D],citizen_group,UFB,Unidos Pela Freguesia de Benfeita (UFB)
mapa_anexo.xlsx,670,AL2021,060109,Arganil,Folques,AF,[D],citizen_group,TJF,Todos Juntos Pela Freguesia de Folques - TJF
mapa_anexo.xlsx,671,AL2021,060116,Arganil,Secarias,AF,[D],citizen_group,IPS,Independentes Por Secarias (IPS)
mapa_anexo.xlsx,672,AL2021,060121,Arganil,União das freguesias de Côja e Barril de Alva,AF,[D],citizen_group,FF,FAZER O QUE FALTA - FF
mapa_anexo.xlsx,673,AL2021,060300,Coimbra,,CM,[A],coalition,PDR.MPT,COIMBRA É CAPITAL
mapa_anexo.xlsx,673,AL2021,060300,Coimbra,,CM,[B],coalition,PPD/PSD.CDS-PP.NC.PPM.A.RIR.VP,JUNTOS SOMOS COIMBRA
mapa_anexo.xlsx,673,AL2021,060300,Coimbra,,CM,[D],citizen_group,CPC,Cidadãos por Coimbra
mapa_anexo.xlsx,674,AL2021,060300,Coimbra,,AM,[A],coalition,PDR.MPT,COIMBRA É CAPITAL
mapa_anexo.xlsx,674,AL2021,060300,Coimbra,,AM,[B],coalition,PPD/PSD.CDS-PP.NC.PPM.A.RIR.VP,JUNTOS SOMOS COIMBRA
mapa_anexo.xlsx,674,AL2021,060300,Coimbra,,AM,[D],citizen_group,CPC,Cidadãos por Coimbra
mapa_anexo.xlsx,675,AL2021,060301,Coimbra,Almalaguês,AF,[A],coalition,PPD/PSD.CDS-PP.NC.PPM.A.RIR.VP,JUNTOS SOMOS COIMBRA
mapa_anexo.xlsx,675,AL2021,060301,Coimbra,Almalaguês,AF,[D],citizen_group,CPC,Cidadãos por Coimbra
mapa_anexo.xlsx,676,AL2021,060309,Coimbra,Brasfemes,AF,[A],coalition,PPD/PSD.CDS-PP.NC.PPM.A.RIR.VP,JUNTOS SOMOS COIMBRA
mapa_anexo.xlsx,677,AL2021,060311,Coimbra,Ceira,AF,[A],coalition,PPD/PSD.CDS-PP.NC.PPM.A.RIR.VP,JUNTOS SOMOS COIMBRA
mapa_anexo.xlsx,678,AL2021,060312,Coimbra,Cernache,AF,[A],coalition,PPD/PSD.CDS-PP.NC.PPM.A.RIR.VP,JUNTOS SOMOS COIMBRA
mapa_anexo.xlsx,679,AL2021,060318,Coimbra,Santo António dos Olivais,AF,[A],coalition,PPD/PSD.CDS-PP.NC.PPM.A.RIR.VP,JUNTOS SOMOS COIMBRA
mapa_anexo.xlsx,679,AL2021,060318,Coimbra,Santo António dos Olivais,AF,[D],citizen_group,CPC,Cidadãos por Coimbra
mapa_anexo.xlsx,680,AL2021,060320,Coimbra,São João do Campo,AF,[A],coalition,PPD/PSD.CDS-PP.NC.PPM.A.RIR.VP,JUNTOS SOMOS COIMBRA
mapa_anexo.xlsx,681,AL2021,060324,Coimbra,São Silvestre,AF,[A],coalition,PPD/PSD.CDS-PP.NC.PPM.A.RIR.VP,JUNTOS SOMOS COIMBRA
mapa_anexo.xlsx,682,AL2021,060329,Coimbra,Torres do Mondego,AF,[A],coalition,PPD/PSD.CDS-PP.NC.PPM.A.RIR.VP,JUNTOS SOMOS COIMBRA
mapa_anexo.xlsx,683,AL2021,060332,Coimbra,União das freguesias de Antuzede e Vil de Matos,AF,[A],coalition,PPD/PSD.CDS-PP.NC.PPM.A.RIR.VP,JUNTOS SOMOS COIMBRA
mapa_anexo.xlsx,684,AL2021,060333,Coimbra,União das freguesias de Assafarge e Antanhol,AF,[A],coalition,PPD/PSD.CDS-PP.NC.PPM.A.RIR.VP,JUNTOS SOMOS COIMBRA
mapa_anexo.xlsx,684,AL2021,060333,Coimbra,União das freguesias de Assafarge e Antanhol,AF,[D],citizen_group,CPC,Cidadãos por Coimbra
mapa_anexo.xlsx,685,AL2021,060334,Coimbra,"União das freguesias de Coimbra (Sé Nova, Santa Cruz, Almedina e São Bartolomeu)",AF,[A],coalition,PPD/PSD.CDS-PP.NC.PPM.A.RIR.VP,JUNTOS SOMOS COIMBRA
mapa_anexo.xlsx,685,AL2021,060334,Coimbra,"União das freguesias de Coimbra (Sé Nova, Santa Cruz, Almedina e São Bartolomeu)",AF,[D],citizen_group,CPC,Cidadãos por Coimbra
mapa_anexo.xlsx,686,AL2021,060335,Coimbra,União das freguesias de Eiras e São Paulo de Frades,AF,[A],coalition,PPD/PSD.CDS-PP.NC.PPM.A.RIR.VP,JUNTOS SOMOS COIMBRA
mapa_anexo.xlsx,686,AL2021,060335,Coimbra,União das freguesias de Eiras e São Paulo de Frades,AF,[D],citizen_group,CPC,Cidadãos por Coimbra
mapa_anexo.xlsx,687,AL2021,060336,Coimbra,União das freguesias de Santa Clara e Castelo Viegas,AF,[A],coalition,PPD/PSD.CDS-PP.NC.PPM.A.RIR.VP,JUNTOS SOMOS COIMBRA
mapa_anexo.xlsx,687,AL2021,060336,Coimbra,União das freguesias de Santa Clara e Castelo Viegas,AF,[D],citizen_group,CPC,Cidadãos por Coimbra
mapa_anexo.xlsx,688,AL2021,060337,Coimbra,União das freguesias de São Martinho de Árvore e Lamarosa,AF,[A],coalition,PPD/PSD.CDS-PP.NC.PPM.A.RIR.VP,JUNTOS SOMOS COIMBRA
mapa_anexo.xlsx,689,AL2021,060338,Coimbra,União das freguesias de São Martinho do Bispo e Ribeira de Frades,AF,[A],coalition,PPD/PSD.CDS-PP.NC.PPM.A.RIR.VP,JUNTOS SOMOS COIMBRA
mapa_anexo.xlsx,689,AL2021,060338,Coimbra,União das freguesias de São Martinho do Bispo e Ribeira de Frades,AF,[D],citizen_group,CPC,Cidadãos por Coimbra
mapa_anexo.xlsx,690,AL2021,060339,Coimbra,União das freguesias de Souselas e Botão,AF,[A],coalition,PPD/PSD.CDS-PP.NC.PPM.A.RIR.VP,JUNTOS SOMOS COIMBRA
mapa_anexo.xlsx,691,AL2021,060340,Coimbra,"União das freguesias de Taveiro, Ameal e Arzila",AF,[A],coalition,PPD/PSD.CDS-PP.NC.PPM.A.RIR.VP,JUNTOS SOMOS COIMBRA
mapa_anexo.xlsx,692,AL2021,060341,Coimbra,União das freguesias de Trouxemil e Torre de Vilela,AF,[A],coalition,PPD/PSD.CDS-PP.NC.PPM.A.RIR.VP,JUNTOS SOMOS COIMBRA
mapa_anexo.xlsx,693,AL2021,060412,Condeixa-a-Nova,União das freguesias de Sebal e Belide,AF,[D],citizen_group,TJPU,Todos Juntos Pela União
mapa_anexo.xlsx,696,AL2021,060507,Figueira da Foz,Maiorca,AF,[D],citizen_group,FAP,Figueira A Primeira
mapa_anexo.xlsx,697,AL2021,060508,Figueira da Foz,Marinha das Ondas,AF,[D],citizen_group,FAP,Figueira A Primeira
mapa_anexo.xlsx,698,AL2021,060512,Figueira da Foz,Tavarede,AF,[D],citizen_group,FAP,Figueira A Primeira
mapa_anexo.xlsx,699,AL2021,060513,Figueira da Foz,Vila Verde,AF,[D],citizen_group,FAP,Figueira A Primeira
mapa_anexo.xlsx,700,AL2021,060514,Figueira da Foz,São Pedro,AF,[D],citizen_group,FAP,Figueira A Primeira
mapa_anexo.xlsx,701,AL2021,060515,Figueira da Foz,Bom Sucesso,AF,[D],citizen_group,FAP,Figueira A Primeira
mapa_anexo.xlsx,702,AL2021,060518,Figueira da Foz,Moinhos da Gândara,AF,[D],citizen_group,FAP,Figueira A Primeira
mapa_anexo.xlsx,703,AL2021,060519,Figueira da Foz,Alhadas,AF,[D],citizen_group,FAP,Figueira A Primeira
mapa_anexo.xlsx,704,AL2021,060520,Figueira da Foz,Buarcos e São Julião,AF,[D],citizen_group,FAP,Figueira A Primeira
mapa_anexo.xlsx,705,AL2021,060521,Figueira da Foz,Ferreira-a-Nova,AF,[D],citizen_group,FAP,Figueira A Primeira
mapa_anexo.xlsx,706,AL2021,060523,Figueira da Foz,Paião,AF,[D],citizen_group,FAP,Figueira A Primeira
mapa_anexo.xlsx,707,AL2021,060524,Figueira da Foz,Quiaios,AF,[D],citizen_group,FAP,Figueira A Primeira
mapa_anexo.xlsx,708,AL2021,060600,Góis,,CM,[D],citizen_group,I-Góis,Independentes por Góis
mapa_anexo.xlsx,709,AL2021,060600,Góis,,AM,[D],citizen_group,I-Góis,Independentes por Góis
mapa_anexo.xlsx,710,AL2021,060601,Góis,Alvares,AF,[D],citizen_group,I-Góis,Independentes por Góis
mapa_anexo.xlsx,711,AL2021,060604,Góis,Góis,AF,[D],citizen_group,I-Góis,Independentes por Góis
mapa_anexo.xlsx,712,AL2021,060605,Góis,Vila Nova do Ceira,AF,[D],citizen_group,I-Góis,Independentes por Góis
mapa_anexo.xlsx,713,AL2021,060606,Góis,União das freguesias de Cadafaz e Colmeal,AF,[D],citizen_group,I-Góis,Independentes por Góis
mapa_anexo.xlsx,716,AL2021,060704,Lousã,Serpins,AF,[A],coalition,PPD/PSD.CDS-PP,É HORA DE MUDAR
mapa_anexo.xlsx,717,AL2021,060706,Lousã,Gândaras,AF,[A],coalition,PPD/PSD.CDS-PP,É HORA DE MUDAR
mapa_anexo.xlsx,718,AL2021,060707,Lousã,União das freguesias de Foz de Arouce e Casal de Ermio,AF,[A],coalition,PPD/PSD.CDS-PP,É HORA DE MUDAR
mapa_anexo.xlsx,719,AL2021,060708,Lousã,União das freguesias de Lousã e Vilarinho,AF,[A],coalition,PPD/PSD.CDS-PP,É HORA DE MUDAR
mapa_anexo.xlsx,720,AL2021,060900,Miranda do Corvo,,CM,[A],coalition,PPD/PSD.PPM,JUNTOS POR MIRANDA
mapa_anexo.xlsx,721,AL2021,060900,Miranda do Corvo,,AM,[A],coalition,PPD/PSD.PPM,JUNTOS POR MIRANDA
mapa_anexo.xlsx,722,AL2021,060901,Miranda do Corvo,Lamas,AF,[A],coalition,PPD/PSD.PPM,JUNTOS POR MIRANDA
mapa_anexo.xlsx,723,AL2021,060902,Miranda do Corvo,Miranda do Corvo,AF,[A],coalition,PPD/PSD.PPM,JUNTOS POR MIRANDA
mapa_anexo.xlsx,724,AL2021,060905,Miranda do Corvo,Vila Nova,AF,[A],coalition,PPD/PSD.PPM,JUNTOS POR MIRANDA
mapa_anexo.xlsx,725,AL2021,060906,Miranda do Corvo,União das freguesias de Semide e Rio Vide,AF,[A],coalition,PPD/PSD.PPM,JUNTOS POR MIRANDA
mapa_anexo.xlsx,726,AL2021,061000,Montemor-o-Velho,,CM,[A],coalition,PPD/PSD.CDS-PP,UNIR PELA MUDANÇA
mapa_anexo.xlsx,727,AL2021,061000,Montemor-o-Velho,,AM,[A],coalition,PPD/PSD.CDS-PP,UNIR PELA MUDANÇA
mapa_anexo.xlsx,728,AL2021,061002,Montemor-o-Velho,Arazede,AF,[A],coalition,PPD/PSD.CDS-PP,UNIR PELA MUDANÇA
mapa_anexo.xlsx,729,AL2021,061003,Montemor-o-Velho,Carapinheira,AF,[A],coalition,PPD/PSD.CDS-PP,UNIR PELA MUDANÇA
mapa_anexo.xlsx,730,AL2021,061005,Montemor-o-Velho,Liceia,AF,[A],coalition,PPD/PSD.CDS-PP,UNIR PELA MUDANÇA
mapa_anexo.xlsx,731,AL2021,061006,Montemor-o-Velho,Meãs do Campo,AF,[A],coalition,PPD/PSD.CDS-PP,UNIR PELA MUDANÇA
mapa_anexo.xlsx,732,AL2021,061008,Montemor-o-Velho,Pereira,AF,[A],coalition,PPD/PSD.CDS-PP,UNIR PELA MUDANÇA
mapa_anexo.xlsx,733,AL2021,061009,Montemor-o-Velho,Santo Varão,AF,[A],coalition,PPD/PSD.CDS-PP,UNIR PELA MUDANÇA
mapa_anexo.xlsx,734,AL2021,061010,Montemor-o-Velho,Seixo de Gatões,AF,[A],coalition,PPD/PSD.CDS-PP,UNIR PELA MUDANÇA
mapa_anexo.xlsx,735,AL2021,061011,Montemor-o-Velho,Tentúgal,AF,[A],coalition,PPD/PSD.CDS-PP,UNIR PELA MUDANÇA
mapa_anexo.xlsx,736,AL2021,061015,Montemor-o-Velho,"União das freguesias de Abrunheira, Verride e Vila Nova da Barca",AF,[A],coalition,PPD/PSD.CDS-PP,UNIR PELA MUDANÇA
mapa_anexo.xlsx,737,AL2021,061016,Montemor-o-Velho,União das freguesias de Montemor-o-Velho e Gatões,AF,[A],coalition,PPD/PSD.CDS-PP,UNIR PELA MUDANÇA
mapa_anexo.xlsx,738,AL2021,061100,Oliveira do Hospital,,CM,[A],coalition,PPD/PSD.CDS-PP,UNIDOS PARA CONSTRUIR O FUTURO
mapa_anexo.xlsx,739,AL2021,061100,Oliveira do Hospital,,AM,[A],coalition,PPD/PSD.CDS-PP,UNIDOS PARA CONSTRUIR O FUTURO
mapa_anexo.xlsx,740,AL2021,061101,Oliveira do Hospital,Aldeia das Dez,AF,[A],coalition,PPD/PSD.CDS-PP,UNIDOS PARA CONSTRUIR O FUTURO
mapa_anexo.xlsx,741,AL2021,061102,Oliveira do Hospital,Alvoco das Várzeas,AF,[A],coalition,PPD/PSD.CDS-PP,UNIDOS PARA CONSTRUIR O FUTURO
mapa_anexo.xlsx,742,AL2021,061103,Oliveira do Hospital,Avô,AF,[A],coalition,PPD/PSD.CDS-PP,UNIDOS PARA CONSTRUIR O FUTURO
mapa_anexo.xlsx,743,AL2021,061104,Oliveira do Hospital,Bobadela,AF,[A],coalition,PPD/PSD.CDS-PP,UNIDOS PARA CONSTRUIR O FUTURO
mapa_anexo.xlsx,744,AL2021,061106,Oliveira do Hospital,Lagares,AF,[A],coalition,PPD/PSD.CDS-PP,UNIDOS PARA CONSTRUIR O FUTURO
mapa_anexo.xlsx,745,AL2021,061109,Oliveira do Hospital,Lourosa,AF,[A],coalition,PPD/PSD.CDS-PP,UNIDOS PARA CONSTRUIR O FUTURO
mapa_anexo.xlsx,746,AL2021,061110,Oliveira do Hospital,Meruge,AF,[A],coalition,PPD/PSD.CDS-PP,UNIDOS PARA CONSTRUIR O FUTURO
mapa_anexo.xlsx,747,AL2021,061111,Oliveira do Hospital,Nogueira do Cravo,AF,[A],coalition,PPD/PSD.CDS-PP,UNIDOS PARA CONSTRUIR O FUTURO
mapa_anexo.xlsx,748,AL2021,061115,Oliveira do Hospital,São Gião,AF,[A],coalition,PPD/PSD.CDS-PP,UNIDOS PARA CONSTRUIR O FUTURO
mapa_anexo.xlsx,749,AL2021,061118,Oliveira do Hospital,Seixo da Beira,AF,[A],coalition,PPD/PSD.CDS-PP,UNIDOS PARA CONSTRUIR O FUTURO
mapa_anexo.xlsx,750,AL2021,061119,Oliveira do Hospital,Travanca de Lagos,AF,[A],coalition,PPD/PSD.CDS-PP,UNIDOS PARA CONSTRUIR O FUTURO
mapa_anexo.xlsx,751,AL2021,061122,Oliveira do Hospital,União das freguesias de Ervedal e Vila Franca da Beira,AF,[A],coalition,PPD/PSD.CDS-PP,UNIDOS PARA CONSTRUIR O FUTURO
mapa_anexo.xlsx,752,AL2021,061123,Oliveira do Hospital,União das freguesias de Lagos da Beira e Lajeosa,AF,[D],citizen_group,ILL,Independentes Lagos e Lageosa
mapa_anexo.xlsx,753,AL2021,061124,Oliveira do Hospital,União das freguesias de Oliveira do Hospital e São Paio de Gramaços,AF,[A],coalition,PPD/PSD.CDS-PP,UNIDOS PARA CONSTRUIR O FUTURO
mapa_anexo.xlsx,754,AL2021,061125,Oliveira do Hospital,União das freguesias de Penalva de Alva e São Sebastião da Feira,AF,[A],coalition,PPD/PSD.CDS-PP,UNIDOS PARA CONSTRUIR O FUTURO
mapa_anexo.xlsx,755,AL2021,061126,Oliveira do Hospital,União das freguesias de Santa Ovaia e Vila Pouca da Beira,AF,[A],coalition,PPD/PSD.CDS-PP,UNIDOS PARA CONSTRUIR O FUTURO
mapa_anexo.xlsx,756,AL2021,061402,Penela,Espinhal,AF,[D],citizen_group,JPM,"Grupo de Cidadãos ""Juntos Pela Mudança"""
mapa_anexo.xlsx,757,AL2021,061512,Soure,Vinha da Rainha,AF,[D],citizen_group,GCEVR,Vinha da Rainha - Mais Futuro
mapa_anexo.xlsx,758,AL2021,061600,Tábua,,CM,[A],coalition,PPD/PSD.CDS-PP,CORAGEM PARA MUDAR
mapa_anexo.xlsx,759,AL2021,061600,Tábua,,AM,[A],coalition,PPD/PSD.CDS-PP,CORAGEM PARA MUDAR
mapa_anexo.xlsx,760,AL2021,061602,Tábua,Candosa,AF,[A],coalition,PPD/PSD.CDS-PP,CORAGEM PARA MUDAR
mapa_anexo.xlsx,761,AL2021,061603,Tábua,Carapinha,AF,[D],citizen_group,I,Independentes pela Carapinha
mapa_anexo.xlsx,762,AL2021,061608,Tábua,Midões,AF,[A],coalition,PPD/PSD.CDS-PP,CORAGEM PARA MUDAR
mapa_anexo.xlsx,763,AL2021,061609,Tábua,Mouronho,AF,[A],coalition,PPD/PSD.CDS-PP,CORAGEM PARA MUDAR
mapa_anexo.xlsx,764,AL2021,061611,Tábua,Póvoa de Midões,AF,[A],coalition,PPD/PSD.CDS-PP,CORAGEM PARA MUDAR
mapa_anexo.xlsx,765,AL2021,061612,Tábua,São João da Boa Vista,AF,[A],coalition,PPD/PSD.CDS-PP,CORAGEM PARA MUDAR
mapa_anexo.xlsx,766,AL2021,061614,Tábua,Tábua,AF,[A],coalition,PPD/PSD.CDS-PP,CORAGEM PARA MUDAR
mapa_anexo.xlsx,767,AL2021,061616,Tábua,União das freguesias de Ázere e Covelo,AF,[A],coalition,PPD/PSD.CDS-PP,CORAGEM PARA MUDAR
mapa_anexo.xlsx,768,AL2021,061617,Tábua,União das freguesias de Covas e Vila Nova de Oliveirinha,AF,[A],coalition,PPD/PSD.CDS-PP,CORAGEM PARA MUDAR
mapa_anexo.xlsx,768,AL2021,061617,Tábua,União das freguesias de Covas e Vila Nova de Oliveirinha,AF,[D],citizen_group,I,Movimento Independente Unidos Faremos Mais
mapa_anexo.xlsx,769,AL2021,061618,Tábua,União das freguesias de Espariz e Sinde,AF,[A],coalition,PPD/PSD.CDS-PP,CORAGEM PARA MUDAR
mapa_anexo.xlsx,770,AL2021,061619,Tábua,União das freguesias de Pinheiro de Coja e Meda de Mouros,AF,[A],coalition,PPD/PSD.CDS-PP,CORAGEM PARA MUDAR
mapa_anexo.xlsx,774,AL2021,070103,Alandroal,Santiago Maior,AF,[A],coalition,PPD/PSD.CDS-PP,FAZER DIFERENTE – UNIR O ALANDROAL
mapa_anexo.xlsx,775,AL2021,070104,Alandroal,Capelins (Santo António),AF,[A],coalition,PPD/PSD.CDS-PP,FAZER DIFERENTE – UNIR O ALANDROAL
mapa_anexo.xlsx,776,AL2021,070105,Alandroal,Terena (São Pedro),AF,[A],coalition,PPD/PSD.CDS-PP,FAZER DIFERENTE – UNIR O ALANDROAL
mapa_anexo.xlsx,777,AL2021,070107,Alandroal,"União das freguesias de Alandroal (Nossa Senhora da Conceição), São Brás dos Matos (Mina do Bugalho) e Juromenha (Nossa Senhora do Loreto)",AF,[A],coalition,PPD/PSD.CDS-PP,FAZER DIFERENTE – UNIR O ALANDROAL
mapa_anexo.xlsx,778,AL2021,070200,Arraiolos,,CM,[A],coalition,PPD/PSD.CDS-PP,ARRAIOLOS NO PONTO CERTO
mapa_anexo.xlsx,779,AL2021,070200,Arraiolos,,AM,[A],coalition,PPD/PSD.CDS-PP,ARRAIOLOS NO PONTO CERTO
mapa_anexo.xlsx,780,AL2021,070201,Arraiolos,Arraiolos,AF,[A],coalition,PPD/PSD.CDS-PP,ARRAIOLOS NO PONTO CERTO
mapa_anexo.xlsx,781,AL2021,070202,Arraiolos,Igrejinha,AF,[A],coalition,PPD/PSD.CDS-PP,ARRAIOLOS NO PONTO CERTO
mapa_anexo.xlsx,782,AL2021,070206,Arraiolos,Vimieiro,AF,[A],coalition,PPD/PSD.CDS-PP,ARRAIOLOS NO PONTO CERTO
mapa_anexo.xlsx,783,AL2021,070208,Arraiolos,União das freguesias de Gafanhoeira (São Pedro) e Sabugueiro,AF,[A],coalition,PPD/PSD.CDS-PP,ARRAIOLOS NO PONTO CERTO
mapa_anexo.xlsx,784,AL2021,070209,Arraiolos,União das freguesias de São Gregório e Santa Justa,AF,[A],coalition,PPD/PSD.CDS-PP,ARRAIOLOS NO PONTO CERTO
mapa_anexo.xlsx,785,AL2021,070300,Borba,,CM,[D],citizen_group,MUB,Movimento Unidos por Borba - MUB
mapa_anexo.xlsx,786,AL2021,070300,Borba,,AM,[D],citizen_group,MUB,Movimento Unidos por Borba - MUB
mapa_anexo.xlsx,787,AL2021,070301,Borba,Borba (Matriz),AF,[D],citizen_group,MUB,Movimento Unidos por Borba - MUB
mapa_anexo.xlsx,788,AL2021,070302,Borba,Orada,AF,[D],citizen_group,MUB,Movimento Unidos por Borba - MUB
mapa_anexo.xlsx,789,AL2021,070303,Borba,Rio de Moinhos,AF,[D],citizen_group,MUB,Movimento Unidos por Borba - MUB
mapa_anexo.xlsx,790,AL2021,070304,Borba,Borba (São Bartolomeu),AF,[D],citizen_group,MUB,Movimento Unidos por Borba - MUB
mapa_anexo.xlsx,791,AL2021,070400,Estremoz,,CM,[A],coalition,MPT/A/RIR,NOVA ESPERANÇA PARA ESTREMOZ
mapa_anexo.xlsx,791,AL2021,070400,Estremoz,,CM,[B],coalition,PPD/PSD.CDS-PP.PPM,ESTREMOZ COM FUTURO
mapa_anexo.xlsx,791,AL2021,070400,Estremoz,,CM,[D],citizen_group,MIETZ,MIETZ-Movimento Independente Por Estremoz
mapa_anexo.xlsx,792,AL2021,070400,Estremoz,,AM,[A],coalition,MPT/A/RIR,NOVA ESPERANÇA PARA ESTREMOZ
mapa_anexo.xlsx,792,AL2021,070400,Estremoz,,AM,[B],coalition,PPD/PSD.CDS-PP.PPM,ESTREMOZ COM FUTURO
mapa_anexo.xlsx,792,AL2021,070400,Estremoz,,AM,[D],citizen_group,MIETZ,MIETZ-Movimento Independente Por Estremoz
mapa_anexo.xlsx,793,AL2021,070401,Estremoz,Arcos,AF,[D],citizen_group,MIPA,Mais Independência Por Arcos - MIPA
mapa_anexo.xlsx,794,AL2021,070402,Estremoz,Glória,AF,[A],coalition,MPT/A/RIR,NOVA ESPERANÇA PARA ESTREMOZ
mapa_anexo.xlsx,794,AL2021,070402,Estremoz,Glória,AF,[D],citizen_group,JPG,Juntos por Glória
mapa_anexo.xlsx,795,AL2021,070404,Estremoz,Évora Monte (Santa Maria),AF,[A],coalition,PPD/PSD.CDS-PP.PPM,ESTREMOZ COM FUTURO
mapa_anexo.xlsx,795,AL2021,070404,Estremoz,Évora Monte (Santa Maria),AF,[D],citizen_group,VAI,VAI - Vossa Alternativa Independente por Évora Monte
mapa_anexo.xlsx,796,AL2021,070413,Estremoz,Veiros,AF,[A],coalition,MPT/A/RIR,NOVA ESPERANÇA PARA ESTREMOZ
mapa_anexo.xlsx,796,AL2021,070413,Estremoz,Veiros,AF,[D],citizen_group,MIETZ,MIETZ-Movimento Independente Por Estremoz
mapa_anexo.xlsx,797,AL2021,070414,Estremoz,União das freguesias de Estremoz (Santa Maria e Santo André),AF,[A],coalition,MPT/A/RIR,NOVA ESPERANÇA PARA ESTREMOZ
mapa_anexo.xlsx,797,AL2021,070414,Estremoz,União das freguesias de Estremoz (Santa Maria e Santo André),AF,[B],coalition,PPD/PSD.CDS-PP.PPM,ESTREMOZ COM FUTURO
mapa_anexo.xlsx,797,AL2021,070414,Estremoz,União das freguesias de Estremoz (Santa Maria e Santo André),AF,[D],citizen_group,MIETZ,MIETZ-Movimento Independente Por Estremoz
mapa_anexo.xlsx,798,AL2021,070415,Estremoz,União das freguesias de São Bento do Cortiço e Santo Estêvão,AF,[D],citizen_group,MIETZ,MIETZ-Movimento Independente Por Estremoz
mapa_anexo.xlsx,799,AL2021,070416,Estremoz,União das freguesias de São Lourenço de Mamporcão e São Bento de Ana Loura,AF,[A],coalition,MPT/A/RIR,NOVA ESPERANÇA PARA ESTREMOZ
mapa_anexo.xlsx,799,AL2021,070416,Estremoz,União das freguesias de São Lourenço de Mamporcão e São Bento de Ana Loura,AF,[B],coalition,PPD/PSD.CDS-PP.PPM,ESTREMOZ COM FUTURO
mapa_anexo.xlsx,800,AL2021,070417,Estremoz,União das freguesias do Ameixial (Santa Vitória e São Bento),AF,[A],coalition,MPT/A/RIR,NOVA ESPERANÇA PARA ESTREMOZ
mapa_anexo.xlsx,800,AL2021,070417,Estremoz,União das freguesias do Ameixial (Santa Vitória e São Bento),AF,[B],coalition,PPD/PSD.CDS-PP.PPM,ESTREMOZ COM FUTURO
mapa_anexo.xlsx,800,AL2021,070417,Estremoz,União das freguesias do Ameixial (Santa Vitória e São Bento),AF,[D],citizen_group,MIETZ,MIETZ-Movimento Independente Por Estremoz
mapa_anexo.xlsx,803,AL2021,070502,Évora,Nossa Senhora da Graça do Divor,AF,[A],coalition,PPD/PSD.CDS-PP.MPT.PPM,MUDAR COM CONFIANÇA
mapa_anexo.xlsx,804,AL2021,070503,Évora,Nossa Senhora de Machede,AF,[A],coalition,PPD/PSD.CDS-PP.MPT.PPM,MUDAR COM CONFIANÇA
mapa_anexo.xlsx,804,AL2021,070503,Évora,Nossa Senhora de Machede,AF,[D],citizen_group,MMPI,Machede Movimento Popular Independente
mapa_anexo.xlsx,805,AL2021,070506,Évora,São Bento do Mato,AF,[A],coalition,PPD/PSD.CDS-PP.MPT.PPM,MUDAR COM CONFIANÇA
mapa_anexo.xlsx,805,AL2021,070506,Évora,São Bento do Mato,AF,[D],citizen_group,Micaza,Movimento Independente de Coesão Azarujense
mapa_anexo.xlsx,806,AL2021,070509,Évora,São Miguel de Machede,AF,[A],coalition,PPD/PSD.CDS-PP.MPT.PPM,MUDAR COM CONFIANÇA
mapa_anexo.xlsx,807,AL2021,070513,Évora,Torre de Coelheiros,AF,[A],coalition,PPD/PSD.CDS-PP.MPT.PPM,MUDAR COM CONFIANÇA
mapa_anexo.xlsx,808,AL2021,070515,Évora,Canaviais,AF,[A],coalition,NC/RIR,Movimento Cuidar de Évora
mapa_anexo.xlsx,808,AL2021,070515,Évora,Canaviais,AF,[B],coalition,PPD/PSD.CDS-PP.MPT.PPM,MUDAR COM CONFIANÇA
mapa_anexo.xlsx,809,AL2021,070522,Évora,União das freguesias de Bacelo e Senhora da Saúde,AF,[A],coalition,NC/RIR,Movimento Cuidar de Évora
mapa_anexo.xlsx,809,AL2021,070522,Évora,União das freguesias de Bacelo e Senhora da Saúde,AF,[B],coalition,PPD/PSD.CDS-PP.MPT.PPM,MUDAR COM CONFIANÇA
mapa_anexo.xlsx,810,AL2021,070523,Évora,"União das freguesias de Évora (São Mamede, Sé, São Pedro e Santo Antão)",AF,[A],coalition,NC/RIR,Movimento Cuidar de Évora
mapa_anexo.xlsx,810,AL2021,070523,Évora,"União das freguesias de Évora (São Mamede, Sé, São Pedro e Santo Antão)",AF,[B],coalition,PPD/PSD.CDS-PP.MPT.PPM,MUDAR COM CONFIANÇA
mapa_anexo.xlsx,811,AL2021,070524,Évora,União das freguesias de Malagueira e Horta das Figueiras,AF,[A],coalition,NC/RIR,Movimento Cuidar de Évora
mapa_anexo.xlsx,811,AL2021,070524,Évora,União das freguesias de Malagueira e Horta das Figueiras,AF,[B],coalition,PPD/PSD.CDS-PP.MPT.PPM,MUDAR COM CONFIANÇA
mapa_anexo.xlsx,812,AL2021,070525,Évora,União das freguesias de Nossa Senhora da Tourega e Nossa Senhora de Guadalupe,AF,[A],coalition,PPD/PSD.CDS-PP.MPT.PPM,MUDAR COM CONFIANÇA
mapa_anexo.xlsx,813,AL2021,070526,Évora,União das freguesias de São Manços e São Vicente do Pigeiro,AF,[A],coalition,PPD/PSD.CDS-PP.MPT.PPM,MUDAR COM CONFIANÇA
mapa_anexo.xlsx,814,AL2021,070527,Évora,União das freguesias de São Sebastião da Giesteira e Nossa Senhora da Boa Fé,AF,[A],coalition,PPD/PSD.CDS-PP.MPT.PPM,MUDAR COM CONFIANÇA
mapa_anexo.xlsx,815,AL2021,070600,Montemor-o-Novo,,CM,[A],coalition,CDS-PP.PPD/PSD,JUNTOS PARA FAZER DIFERENTE
mapa_anexo.xlsx,815,AL2021,070600,Montemor-o-Novo,,CM,[D],citizen_group,MOV,Montemor-o-Vivo
mapa_anexo.xlsx,816,AL2021,070600,Montemor-o-Novo,,AM,[A],coalition,CDS-PP.PPD/PSD,JUNTOS PARA FAZER DIFERENTE
mapa_anexo.xlsx,816,AL2021,070600,Montemor-o-Novo,,AM,[D],citizen_group,MOV,Montemor-o-Vivo
mapa_anexo.xlsx,817,AL2021,070605,Montemor-o-Novo,Santiago do Escoural,AF,[A],coalition,CDS-PP.PPD/PSD,JUNTOS PARA FAZER DIFERENTE
mapa_anexo.xlsx,818,AL2021,070606,Montemor-o-Novo,São Cristóvão,AF,[A],coalition,CDS-PP.PPD/PSD,JUNTOS PARA FAZER DIFERENTE
mapa_anexo.xlsx,819,AL2021,070610,Montemor-o-Novo,Foros de Vale de Figueira,AF,[A],coalition,CDS-PP.PPD/PSD,JUNTOS PARA FAZER DIFERENTE
mapa_anexo.xlsx,820,AL2021,070611,Montemor-o-Novo,União das freguesias de Cortiçadas de Lavre e Lavre,AF,[A],coalition,CDS-PP.PPD/PSD,JUNTOS PARA FAZER DIFERENTE
mapa_anexo.xlsx,821,AL2021,070612,Montemor-o-Novo,"União das freguesias de Nossa Senhora da Vila, Nossa Senhora do Bispo e Silveiras",AF,[A],coalition,CDS-PP.PPD/PSD,JUNTOS PARA FAZER DIFERENTE
mapa_anexo.xlsx,821,AL2021,070612,Montemor-o-Novo,"União das freguesias de Nossa Senhora da Vila, Nossa Senhora do Bispo e Silveiras",AF,[D],citizen_group,MOV,Montemor-o-Vivo
mapa_anexo.xlsx,822,AL2021,070700,Mora,,CM,[A],coalition,CDS-PP.PPD/PSD.PPM,Por Mora
mapa_anexo.xlsx,823,AL2021,070700,Mora,,AM,[A],coalition,CDS-PP.PPD/PSD.PPM,Por Mora
mapa_anexo.xlsx,824,AL2021,070703,Mora,Mora,AF,[A],coalition,CDS-PP.PPD/PSD.PPM,POR MORA
mapa_anexo.xlsx,825,AL2021,070704,Mora,Pavia,AF,[A],coalition,CDS-PP.PPD/PSD.PPM,Por Mora
mapa_anexo.xlsx,826,AL2021,070800,Mourão,,CM,[A],coalition,PPD/PSD.CDS-PP,"NOVOS TEMPOS, NOVAS SOLUÇÕES"
mapa_anexo.xlsx,827,AL2021,070800,Mourão,,AM,[A],coalition,PPD/PSD.CDS-PP,"NOVOS TEMPOS, NOVAS SOLUÇÕES"
mapa_anexo.xlsx,828,AL2021,070801,Mourão,Granja,AF,[A],coalition,PPD/PSD.CDS-PP,"NOVOS TEMPOS, NOVAS SOLUÇÕES"
mapa_anexo.xlsx,829,AL2021,070802,Mourão,Luz,AF,[A],coalition,PPD/PSD.CDS-PP,"NOVOS TEMPOS, NOVAS SOLUÇÕES"
mapa_anexo.xlsx,830,AL2021,070803,Mourão,Mourão,AF,[A],coalition,PPD/PSD.CDS-PP,"NOVOS TEMPOS, NOVAS SOLUÇÕES"
mapa_anexo.xlsx,831,AL2021,071000,Redondo,,CM,[A],coalition,PPD/PSD.CDS-PP,UMA NOVA ATITUDE
mapa_anexo.xlsx,831,AL2021,071000,Redondo,,CM,[D],citizen_group,MICRE,Movimento Independente do Concelho de Redondo
mapa_anexo.xlsx,831,AL2021,071000,Redondo,,CM,[E],citizen_group,MVR,Movimento Viver Redondo
mapa_anexo.xlsx,832,AL2021,071000,Redondo,,AM,[A],coalition,PPD/PSD.CDS-PP,UMA NOVA ATITUDE
mapa_anexo.xlsx,832,AL2021,071000,Redondo,,AM,[D],citizen_group,MICRE,Movimento Independente do Concelho de Redondo
mapa_anexo.xlsx,832,AL2021,071000,Redondo,,AM,[E],citizen_group,MVR,Movimento Viver Redondo
mapa_anexo.xlsx,833,AL2021,071001,Redondo,Montoito,AF,[A],coalition,PPD/PSD.CDS-PP,UMA NOVA ATITUDE
mapa_anexo.xlsx,833,AL2021,071001,Redondo,Montoito,AF,[D],citizen_group,MICRE,Movimento Independente do Concelho de Redondo
mapa_anexo.xlsx,833,AL2021,071001,Redondo,Montoito,AF,[E],citizen_group,MVR,Movimento Viver Redondo
mapa_anexo.xlsx,834,AL2021,071002,Redondo,Redondo,AF,[A],coalition,PPD/PSD.CDS-PP,UMA NOVA ATITUDE
mapa_anexo.xlsx,834,AL2021,071002,Redondo,Redondo,AF,[D],citizen_group,MICRE,Movimento Independente do Concelho de Redondo
mapa_anexo.xlsx,834,AL2021,071002,Redondo,Redondo,AF,[E],citizen_group,MVR,Movimento Viver Redondo
mapa_anexo.xlsx,837,AL2021,071201,Vendas Novas,Vendas Novas,AF,[A],coalition,PPD/PSD.CDS-PP,VENDAS NOVAS PRIMEIRO
mapa_anexo.xlsx,838,AL2021,071202,Vendas Novas,Landeira,AF,[A],coalition,PPD/PSD.CDS-PP,VENDAS NOVAS PRIMEIRO
mapa_anexo.xlsx,841,AL2021,071301,Viana do Alentejo,Alcáçovas,AF,[A],coalition,PPD/PSD.CDS-PP.MPT.PPM,VIVA
mapa_anexo.xlsx,842,AL2021,071302,Viana do Alentejo,Viana do Alentejo,AF,[A],coalition,PPD/PSD.CDS-PP.MPT.PPM,VIVA
mapa_anexo.xlsx,843,AL2021,071303,Viana do Alentejo,Aguiar,AF,[A],coalition,PPD/PSD.CDS-PP.MPT.PPM,VIVA
mapa_anexo.xlsx,844,AL2021,071400,Vila Viçosa,,CM,[A],coalition,PPD/PSD.CDS-PP.MPT.PPM,MOVIMENTO POR VILA VIÇOSA
mapa_anexo.xlsx,845,AL2021,071400,Vila Viçosa,,AM,[A],coalition,PPD/PSD.CDS-PP.MPT.PPM,MOVIMENTO POR VILA VIÇOSA
mapa_anexo.xlsx,846,AL2021,071401,Vila Viçosa,Bencatel,AF,[A],coalition,PPD/PSD.CDS-PP.MPT.PPM,MOVIMENTO POR VILA VIÇOSA
mapa_anexo.xlsx,847,AL2021,071402,Vila Viçosa,Ciladas,AF,[A],coalition,PPD/PSD.CDS-PP.MPT.PPM,MOVIMENTO POR VILA VIÇOSA
mapa_anexo.xlsx,848,AL2021,071404,Vila Viçosa,Pardais,AF,[A],coalition,PPD/PSD.CDS-PP.MPT.PPM,MOVIMENTO POR VILA VIÇOSA
mapa_anexo.xlsx,849,AL2021,071406,Vila Viçosa,Nossa Senhora da Conceição e São Bartolomeu,AF,[A],coalition,PPD/PSD.CDS-PP.MPT.PPM,MOVIMENTO POR VILA VIÇOSA
mapa_anexo.xlsx,851,AL2021,080100,Albufeira,,CM,[A],coalition,PPD/PSD.CDS-PP.MPT.PPM,COLIGAÇÃO SER ALBUFEIRA
mapa_anexo.xlsx,851,AL2021,080100,Albufeira,,CM,[D],citizen_group,AP,Albufeira Prometida
mapa_anexo.xlsx,851,AL2021,080100,Albufeira,,CM,[E],citizen_group,MIPA,Movimento Independente Por Albufeira
mapa_anexo.xlsx,852,AL2021,080100,Albufeira,,AM,[A],coalition,PPD/PSD.CDS-PP.MPT.PPM,COLIGAÇÃO SER ALBUFEIRA
mapa_anexo.xlsx,852,AL2021,080100,Albufeira,,AM,[D],citizen_group,AP,Albufeira Prometida
mapa_anexo.xlsx,852,AL2021,080100,Albufeira,,AM,[E],citizen_group,MIPA,Movimento Independente Por Albufeira
mapa_anexo.xlsx,853,AL2021,080102,Albufeira,Guia,AF,[A],coalition,PPD/PSD.CDS-PP.MPT.PPM,COLIGAÇÃO SER ALBUFEIRA
mapa_anexo.xlsx,853,AL2021,080102,Albufeira,Guia,AF,[D],citizen_group,MIPA,Movimento Independente Por Albufeira
mapa_anexo.xlsx,854,AL2021,080103,Albufeira,Paderne,AF,[A],coalition,PPD/PSD.CDS-PP.MPT.PPM,COLIGAÇÃO SER ALBUFEIRA
mapa_anexo.xlsx,854,AL2021,080103,Albufeira,Paderne,AF,[D],citizen_group,MIPA,Movimento Independente Por Albufeira
mapa_anexo.xlsx,855,AL2021,080104,Albufeira,Ferreiras,AF,[A],coalition,PPD/PSD.CDS-PP.MPT.PPM,COLIGAÇÃO SER ALBUFEIRA
mapa_anexo.xlsx,855,AL2021,080104,Albufeira,Ferreiras,AF,[D],citizen_group,MIPA,Movimento Independente Por Albufeira
mapa_anexo.xlsx,856,AL2021,080106,Albufeira,Albufeira e Olhos de Água,AF,[A],coalition,PPD/PSD.CDS-PP.MPT.PPM,COLIGAÇÃO SER ALBUFEIRA
mapa_anexo.xlsx,856,AL2021,080106,Albufeira,Albufeira e Olhos de Água,AF,[D],citizen_group,MIPA,Movimento Independente Por Albufeira
mapa_anexo.xlsx,857,AL2021,080300,Aljezur,,CM,[D],citizen_group,R,Renascer
mapa_anexo.xlsx,858,AL2021,080300,Aljezur,,AM,[D],citizen_group,R,Renascer
mapa_anexo.xlsx,859,AL2021,080301,Aljezur,Aljezur,AF,[D],citizen_group,R,Renascer
mapa_anexo.xlsx,860,AL2021,080302,Aljezur,Bordeira,AF,[D],citizen_group,R,Renascer
mapa_anexo.xlsx,861,AL2021,080303,Aljezur,Odeceixe,AF,[D],citizen_group,R,Renascer
mapa_anexo.xlsx,862,AL2021,080304,Aljezur,Rogil,AF,[D],citizen_group,R,Renascer
mapa_anexo.xlsx,865,AL2021,080503,Faro,Santa Bárbara de Nexe,AF,[A],coalition,PPD/PSD.CDS-PP.IL.MPT.PPM.,UNIDOS POR FARO
mapa_anexo.xlsx,866,AL2021,080506,Faro,Montenegro,AF,[A],coalition,PPD/PSD.CDS-PP.IL.MPT.PPM.,UNIDOS POR FARO
mapa_anexo.xlsx,867,AL2021,080507,Faro,União das freguesias de Conceição e Estoi,AF,[A],coalition,PPD/PSD.CDS-PP.IL.MPT.PPM.,UNIDOS POR FARO
mapa_anexo.xlsx,868,AL2021,080508,Faro,União das freguesias de Faro (Sé e São Pedro),AF,[A],coalition,PPD/PSD.CDS-PP.IL.MPT.PPM.,UNIDOS POR FARO
mapa_anexo.xlsx,869,AL2021,080600,Lagoa,,CM,[D],citizen_group,MLP,Movimento Lagoa Primeiro
mapa_anexo.xlsx,870,AL2021,080600,Lagoa,,AM,[D],citizen_group,MLP,Movimento Lagoa Primeiro
mapa_anexo.xlsx,871,AL2021,080602,Lagoa,Ferragudo,AF,[D],citizen_group,MLP,Movimento Lagoa Primeiro
mapa_anexo.xlsx,872,AL2021,080604,Lagoa,Porches,AF,[D],citizen_group,MLP,Movimento Lagoa Primeiro
mapa_anexo.xlsx,873,AL2021,080607,Lagoa,União das freguesias de Estômbar e Parchal,AF,[D],citizen_group,MLP,Movimento Lagoa Primeiro
mapa_anexo.xlsx,874,AL2021,080608,Lagoa,União das freguesias de Lagoa e Carvoeiro,AF,[D],citizen_group,MLP,Movimento Lagoa Primeiro
mapa_anexo.xlsx,875,AL2021,080700,Lagos,,CM,[A],coalition,NC/A,LAGOS COM FUTURO
mapa_anexo.xlsx,876,AL2021,080700,Lagos,,AM,[A],coalition,NC/A,LAGOS COM FUTURO
mapa_anexo.xlsx,877,AL2021,080703,Lagos,Luz,AF,[A],coalition,NC/A,LAGOS COM FUTURO
mapa_anexo.xlsx,878,AL2021,080704,Lagos,Odiáxere,AF,[A],coalition,NC/A,LAGOS COM FUTURO
mapa_anexo.xlsx,879,AL2021,080707,Lagos,União das freguesias de Bensafrim e Barão de São João,AF,[A],coalition,NC/A,LAGOS COM FUTURO
mapa_anexo.xlsx,880,AL2021,080708,Lagos,São Gonçalo de Lagos,AF,[A],coalition,NC/A,LAGOS COM FUTURO
mapa_anexo.xlsx,881,AL2021,080800,Loulé,,CM,[A],coalition,PPD/PSD.CDS-PP.MPT.PPM,MAIS E MELHOR PELA NOSSA TERRA
mapa_anexo.xlsx,882,AL2021,080800,Loulé,,AM,[A],coalition,PPD/PSD.CDS-PP.MPT.PPM,MAIS E MELHOR PELA NOSSA TERRA
mapa_anexo.xlsx,883,AL2021,080801,Loulé,Almancil,AF,[A],coalition,PPD/PSD.CDS-PP.MPT.PPM,MAIS E MELHOR PELA NOSSA TERRA
mapa_anexo.xlsx,883,AL2021,080801,Loulé,Almancil,AF,[D],citizen_group,AMM,AMM - Almancil Merece Mais
mapa_anexo.xlsx,884,AL2021,080802,Loulé,Alte,AF,[A],coalition,PPD/PSD.CDS-PP.MPT.PPM,MAIS E MELHOR PELA NOSSA TERRA
mapa_anexo.xlsx,885,AL2021,080803,Loulé,Ameixial,AF,[A],coalition,PPD/PSD.CDS-PP.MPT.PPM,MAIS E MELHOR PELA NOSSA TERRA
mapa_anexo.xlsx,886,AL2021,080804,Loulé,Boliqueime,AF,[A],coalition,PPD/PSD.CDS-PP.MPT.PPM,MAIS E MELHOR PELA NOSSA TERRA
mapa_anexo.xlsx,887,AL2021,080805,Loulé,Quarteira,AF,[A],coalition,PPD/PSD.CDS-PP.MPT.PPM,MAIS E MELHOR PELA NOSSA TERRA
mapa_anexo.xlsx,888,AL2021,080807,Loulé,Salir,AF,[A],coalition,PPD/PSD.CDS-PP.MPT.PPM,MAIS E MELHOR PELA NOSSA TERRA
mapa_anexo.xlsx,889,AL2021,080808,Loulé,Loulé (São Clemente),AF,[A],coalition,PPD/PSD.CDS-PP.MPT.PPM,MAIS E MELHOR PELA NOSSA TERRA
mapa_anexo.xlsx,890,AL2021,080809,Loulé,Loulé (São Sebastião),AF,[A],coalition,PPD/PSD.CDS-PP.MPT.PPM,MAIS E MELHOR PELA NOSSA TERRA
mapa_anexo.xlsx,891,AL2021,080812,Loulé,"União de freguesias de Querença, Tôr e Benafim",AF,[A],coalition,PPD/PSD.CDS-PP.MPT.PPM,MAIS E MELHOR PELA NOSSA TERRA
mapa_anexo.xlsx,892,AL2021,080900,Monchique,,CM,[D],citizen_group,CPM,Cidadãos por Monchique
mapa_anexo.xlsx,893,AL2021,080900,Monchique,,AM,[D],citizen_group,CPM,Cidadãos por Monchique
mapa_anexo.xlsx,894,AL2021,080903,Monchique,Monchique,AF,[D],citizen_group,CPM,Cidadãos por Monchique
mapa_anexo.xlsx,895,AL2021,081000,Olhão,,CM,[A],coalition,PPD/PSD.MPT.PPM.A,OLHÃO PARA TODOS
mapa_anexo.xlsx,896,AL2021,081000,Olhão,,AM,[A],coalition,PPD/PSD.MPT.PPM.A,OLHÃO PARA TODOS
mapa_anexo.xlsx,897,AL2021,081003,Olhão,Olhão,AF,[A],coalition,PPD/PSD.MPT.PPM.A,OLHÃO PARA TODOS
mapa_anexo.xlsx,898,AL2021,081004,Olhão,Pechão,AF,[A],coalition,PPD/PSD.MPT.PPM.A,OLHÃO PARA TODOS
mapa_anexo.xlsx,899,AL2021,081005,Olhão,Quelfes,AF,[A],coalition,PPD/PSD.MPT.PPM.A,OLHÃO PARA TODOS
mapa_anexo.xlsx,900,AL2021,081006,Olhão,União das freguesias de Moncarapacho e Fuseta,AF,[A],coalition,PPD/PSD.MPT.PPM.A,OLHÃO PARA TODOS
mapa_anexo.xlsx,901,AL2021,081100,Portimão,,CM,[A],coalition,CDS-PP.NC.A,PORTIMÃO MAIS FELIZ
mapa_anexo.xlsx,901,AL2021,081100,Portimão,,CM,[B],coalition,PPD/PSD.MPT.PPM,UM NOVO PORTIMÃO
mapa_anexo.xlsx,902,AL2021,081100,Portimão,,AM,[A],coalition,CDS-PP.NC.A,PORTIMÃO MAIS FELIZ
mapa_anexo.xlsx,902,AL2021,081100,Portimão,,AM,[B],coalition,PPD/PSD.MPT.PPM,UM NOVO PORTIMÃO
mapa_anexo.xlsx,903,AL2021,081101,Portimão,Alvor,AF,[A],coalition,CDS-PP.NC.A,PORTIMÃO MAIS FELIZ
mapa_anexo.xlsx,903,AL2021,081101,Portimão,Alvor,AF,[B],coalition,PPD/PSD.MPT.PPM,UM NOVO PORTIMÃO
mapa_anexo.xlsx,904,AL2021,081102,Portimão,Mexilhoeira Grande,AF,[A],coalition,CDS-PP.NC.A,PORTIMÃO MAIS FELIZ
mapa_anexo.xlsx,904,AL2021,081102,Portimão,Mexilhoeira Grande,AF,[B],coalition,PPD/PSD.MPT.PPM,UM NOVO PORTIMÃO
mapa_anexo.xlsx,905,AL2021,081103,Portimão,Portimão,AF,[A],coalition,CDS-PP.NC.A,PORTIMÃO MAIS FELIZ
mapa_anexo.xlsx,905,AL2021,081103,Portimão,Portimão,AF,[B],coalition,PPD/PSD.MPT.PPM,UM NOVO PORTIMÃO
mapa_anexo.xlsx,906,AL2021,081300,Silves,,CM,[A],coalition,CDS-PP.PPM.A,JUNTOS POR SILVES
mapa_anexo.xlsx,907,AL2021,081300,Silves,,AM,[A],coalition,CDS-PP.PPM.A,JUNTOS POR SILVES
mapa_anexo.xlsx,908,AL2021,081500,Vila do Bispo,,CM,[A],coalition,PPD/PSD.CDS-PP.MPT.PPM,A NOSSA TERRA EM BOAS MÃOS
mapa_anexo.xlsx,908,AL2021,081500,Vila do Bispo,,CM,[D],citizen_group,SPCVB,Somos Pelo Concelho - Vila do Bispo
mapa_anexo.xlsx,909,AL2021,081500,Vila do Bispo,,AM,[A],coalition,PPD/PSD.CDS-PP.MPT.PPM,A NOSSA TERRA EM BOAS MÃOS
mapa_anexo.xlsx,909,AL2021,081500,Vila do Bispo,,AM,[D],citizen_group,SPCVB,Somos Pelo Concelho - Vila do Bispo
mapa_anexo.xlsx,910,AL2021,081501,Vila do Bispo,Barão de São Miguel,AF,[D],citizen_group,LUP,Lista Unitária do Progresso
mapa_anexo.xlsx,911,AL2021,081502,Vila do Bispo,Budens,AF,[A],coalition,PPD/PSD.CDS-PP.MPT.PPM,A NOSSA TERRA EM BOAS MÃOS
mapa_anexo.xlsx,911,AL2021,081502,Vila do Bispo,Budens,AF,[D],citizen_group,SPCVB,Somos Pelo Concelho - Vila do Bispo
mapa_anexo.xlsx,911,AL2021,081502,Vila do Bispo,Budens,AF,[E],citizen_group,VFM,Vamos Fazer Mais
mapa_anexo.xlsx,912,AL2021,081504,Vila do Bispo,Sagres,AF,[A],coalition,PPD/PSD.CDS-PP.MPT.PPM,A NOSSA TERRA EM BOAS MÃOS
mapa_anexo.xlsx,912,AL2021,081504,Vila do Bispo,Sagres,AF,[D],citizen_group,SPCVB,Somos Pelo Concelho - Vila do Bispo
mapa_anexo.xlsx,913,AL2021,081506,Vila do Bispo,Vila do Bispo e Raposeira,AF,[A],coalition,PPD/PSD.CDS-PP.MPT.PPM,A NOSSA TERRA EM BOAS MÃOS
mapa_anexo.xlsx,913,AL2021,081506,Vila do Bispo,Vila do Bispo e Raposeira,AF,[D],citizen_group,SPCVB,Somos Pelo Concelho - Vila do Bispo
mapa_anexo.xlsx,916,AL2021,081601,Vila Real de Santo António,Vila Nova de Cacela,AF,[D],citizen_group,CICF,Candidatura Independente Construir o Futuro
mapa_anexo.xlsx,917,AL2021,081602,Vila Real de Santo António,Vila Real de Santo António,AF,[D],citizen_group,CICF,Candidatura Independente Construir o Futuro
mapa_anexo.xlsx,918,AL2021,081603,Vila Real de Santo António,Monte Gordo,AF,[D],citizen_group,CICF,Candidatura Independente Construir o Futuro
mapa_anexo.xlsx,920,AL2021,090100,Aguiar da Beira,,CM,[D],citizen_group,UPNT,Movimento Independente Unidos Pela Nossa Terra
mapa_anexo.xlsx,921,AL2021,090100,Aguiar da Beira,,AM,[D],citizen_group,UPNT,Movimento Independente Unidos Pela Nossa Terra
mapa_anexo.xlsx,922,AL2021,090102,Aguiar da Beira,Carapito,AF,[D],citizen_group,UPNT,Movimento Independente Unidos Pela Nossa Terra
mapa_anexo.xlsx,923,AL2021,090103,Aguiar da Beira,Cortiçada,AF,[D],citizen_group,UPNT,Movimento Independente Unidos Pela Nossa Terra
mapa_anexo.xlsx,924,AL2021,090105,Aguiar da Beira,Dornelas,AF,[D],citizen_group,UPNT,Movimento Independente Unidos Pela Nossa Terra
mapa_anexo.xlsx,925,AL2021,090106,Aguiar da Beira,Eirado,AF,[D],citizen_group,UPNT,Movimento Independente Unidos Pela Nossa Terra
mapa_anexo.xlsx,926,AL2021,090107,Aguiar da Beira,Forninhos,AF,[D],citizen_group,UPNT,Movimento Independente Unidos Pela Nossa Terra
mapa_anexo.xlsx,927,AL2021,090109,Aguiar da Beira,Pena Verde,AF,[D],citizen_group,UPNT,Movimento Independente Unidos Pela Nossa Terra
mapa_anexo.xlsx,928,AL2021,090110,Aguiar da Beira,Pinheiro,AF,[D],citizen_group,UPNT,Movimento Independente Unidos Pela Nossa Terra
mapa_anexo.xlsx,929,AL2021,090114,Aguiar da Beira,União das freguesias de Aguiar da Beira e Coruche,AF,[D],citizen_group,UPNT,Movimento Independente Unidos Pela Nossa Terra
mapa_anexo.xlsx,930,AL2021,090115,Aguiar da Beira,União das freguesias de Sequeiros e Gradiz,AF,[D],citizen_group,UPNT,Movimento Independente Unidos Pela Nossa Terra
mapa_anexo.xlsx,931,AL2021,090116,Aguiar da Beira,União das freguesias de Souto de Aguiar da Beira e Valverde,AF,[D],citizen_group,UPNT,Movimento Independente Unidos Pela Nossa Terra
mapa_anexo.xlsx,932,AL2021,090207,Almeida,Castelo Bom,AF,[D],citizen_group,ANT,Amor à Nossa Terra
mapa_anexo.xlsx,933,AL2021,090209,Almeida,Freineda,AF,[D],citizen_group,MF,Mais Freineda
mapa_anexo.xlsx,934,AL2021,090210,Almeida,Freixo,AF,[D],citizen_group,TUF,Todos Unidos Pelo Freixo
mapa_anexo.xlsx,935,AL2021,090213,Almeida,Malhada Sorda,AF,[D],citizen_group,M.S.M,Malhada Sorda Mais
mapa_anexo.xlsx,936,AL2021,090232,Almeida,"União das freguesias de Castelo Mendo, Ade, Monteperobolso e Mesquitela",AF,[D],citizen_group,UFF,União Faz a Força
mapa_anexo.xlsx,937,AL2021,090233,Almeida,União das freguesias de Junça e Naves,AF,[D],citizen_group,JNF,Juntos Pelas Nossas Freguesias
mapa_anexo.xlsx,938,AL2021,090235,Almeida,União das freguesias de Malpartida e Vale de Coelha,AF,[D],citizen_group,PFDNA,Pelo Futuro das Nossas Aldeias
mapa_anexo.xlsx,939,AL2021,090309,Celorico da Beira,Maçal do Chão,AF,[D],citizen_group,IMC,INDEPENDENTES MAÇAL DO CHÃO
mapa_anexo.xlsx,940,AL2021,090311,Celorico da Beira,Minhocal,AF,[D],citizen_group,SPM,SEMPTRE PRESENTES PELO MINHOCAL
mapa_anexo.xlsx,941,AL2021,090403,Figueira de Castelo Rodrigo,Castelo Rodrigo,AF,[D],citizen_group,CR,Unidos por Castelo Rodrigo
mapa_anexo.xlsx,942,AL2021,090500,Fornos de Algodres,,CM,[A],coalition,PPD/PSD.CDS-PP,"TODOS POR FORNOS, FORNOS PARA TODOS"
mapa_anexo.xlsx,943,AL2021,090500,Fornos de Algodres,,AM,[A],coalition,PPD/PSD.CDS-PP,"TODOS POR FORNOS, FORNOS PARA TODOS"
mapa_anexo.xlsx,944,AL2021,090504,Fornos de Algodres,Figueiró da Granja,AF,[D],citizen_group,TPF,TODOS POR FIGUEIRÓ
mapa_anexo.xlsx,945,AL2021,090509,Fornos de Algodres,Maceira,AF,[D],citizen_group,TPM,TODOS POR MACEIRA
mapa_anexo.xlsx,946,AL2021,090517,Fornos de Algodres,União das freguesias de Cortiçô e Vila Chã,AF,[D],citizen_group,CVC,POR CORTIÇÕ E VILA CHÃ
mapa_anexo.xlsx,947,AL2021,090519,Fornos de Algodres,União das freguesias de Sobral Pichorro e Fuinhas,AF,[D],citizen_group,IPU,INDEPENDENTES PELA UNIÃO
mapa_anexo.xlsx,948,AL2021,090621,Gouveia,Vila Nova de Tazem,AF,[D],citizen_group,IVN,Independentes XXI-Vida Nova/IVN
mapa_anexo.xlsx,949,AL2021,090700,Guarda,,CM,[D],citizen_group,PG,Pela Guarda
mapa_anexo.xlsx,950,AL2021,090700,Guarda,,AM,[D],citizen_group,PG,Pela Guarda
mapa_anexo.xlsx,951,AL2021,090706,Guarda,Arrifana,AF,[D],citizen_group,UPFA,Unidos pela Freguesia de Arrifana
mapa_anexo.xlsx,952,AL2021,090711,Guarda,Casal de Cinza,AF,[D],citizen_group,PG,Pela Guarda
mapa_anexo.xlsx,953,AL2021,090712,Guarda,Castanheira,AF,[D],citizen_group,PG,Pela Guarda
mapa_anexo.xlsx,954,AL2021,090713,Guarda,Cavadoude,AF,[D],citizen_group,PG,Pela Guarda
mapa_anexo.xlsx,955,AL2021,090717,Guarda,Famalicão,AF,[D],citizen_group,FEM,Famalicão em Movimento
mapa_anexo.xlsx,956,AL2021,090718,Guarda,Fernão Joanes,AF,[D],citizen_group,PFJS,Por Fernão Joanes Sempre
mapa_anexo.xlsx,957,AL2021,090723,Guarda,Maçainhas,AF,[D],citizen_group,PG,Pela Guarda
mapa_anexo.xlsx,958,AL2021,090724,Guarda,Marmeleiro,AF,[D],citizen_group,PG,Pela Guarda
mapa_anexo.xlsx,959,AL2021,090728,Guarda,Panoias de Cima,AF,[D],citizen_group,PG,Pela Guarda
mapa_anexo.xlsx,960,AL2021,090730,Guarda,Pêra do Moço,AF,[D],citizen_group,PG,Pela Guarda
mapa_anexo.xlsx,961,AL2021,090732,Guarda,Porto da Carne,AF,[D],citizen_group,PG,Pela Guarda
mapa_anexo.xlsx,962,AL2021,090738,Guarda,Santana da Azinha,AF,[D],citizen_group,PG,Pela Guarda
mapa_anexo.xlsx,963,AL2021,090744,Guarda,Sobral da Serra,AF,[D],citizen_group,PG,Pela Guarda
mapa_anexo.xlsx,964,AL2021,090748,Guarda,Vela,AF,[D],citizen_group,PG,Pela Guarda
mapa_anexo.xlsx,965,AL2021,090749,Guarda,Videmonte,AF,[D],citizen_group,PG,Pela Guarda
mapa_anexo.xlsx,966,AL2021,090750,Guarda,Vila Cortês do Mondego,AF,[D],citizen_group,UPDVC,Unidos Pelo Desenvolvimento de Vila Cortês
mapa_anexo.xlsx,967,AL2021,090753,Guarda,Vila Garcia,AF,[D],citizen_group,PG,Pela Guarda
mapa_anexo.xlsx,968,AL2021,090757,Guarda,Gonçalo,AF,[D],citizen_group,PG,Pela Guarda
mapa_anexo.xlsx,969,AL2021,090758,Guarda,Guarda,AF,[D],citizen_group,PG,Pela Guarda
mapa_anexo.xlsx,970,AL2021,090760,Guarda,Jarmelo São Pedro,AF,[D],citizen_group,PG,Pela Guarda
mapa_anexo.xlsx,971,AL2021,090761,Guarda,União de freguesias de Avelãs de Ambom e Rocamondo,AF,[D],citizen_group,JPAR,Juntos por Avelãs e Racamondo
mapa_anexo.xlsx,972,AL2021,090762,Guarda,União de freguesias de Corujeira e Trinta,AF,[D],citizen_group,MICT,Movimento Independente da Corujeira e Trinta
mapa_anexo.xlsx,973,AL2021,090764,Guarda,União de freguesias de Pousade e Albardo,AF,[D],citizen_group,PG,Pela Guarda
mapa_anexo.xlsx,974,AL2021,090765,Guarda,União de freguesias de Rochoso e Monte Margarida,AF,[D],citizen_group,PG,Pela Guarda
mapa_anexo.xlsx,975,AL2021,090800,Manteigas,,CM,[D],citizen_group,Manteigas 2030,Manteigas 2030
mapa_anexo.xlsx,976,AL2021,090800,Manteigas,,AM,[D],citizen_group,Manteigas 2030,Manteigas 2030
mapa_anexo.xlsx,977,AL2021,090801,Manteigas,Sameiro,AF,[D],citizen_group,Manteigas 2030,Manteigas 2030
mapa_anexo.xlsx,978,AL2021,090802,Manteigas,Manteigas (Santa Maria),AF,[D],citizen_group,Manteigas 2030,Manteigas 2030
mapa_anexo.xlsx,979,AL2021,090803,Manteigas,Manteigas (São Pedro),AF,[D],citizen_group,Manteigas 2030,Manteigas 2030
mapa_anexo.xlsx,980,AL2021,090804,Manteigas,Vale de Amoreira,AF,[D],citizen_group,Manteigas 2030,Manteigas 2030
mapa_anexo.xlsx,981,AL2021,090900,Meda,,CM,[A],coalition,PPD/PSD.CDS-PP,JUNTOS PELA MÊDA
mapa_anexo.xlsx,982,AL2021,090900,Meda,,AM,[A],coalition,PPD/PSD.CDS-PP,JUNTOS PELA MÊDA
mapa_anexo.xlsx,983,AL2021,090901,Meda,Aveloso,AF,[A],coalition,PPD/PSD.CDS-PP,JUNTOS PELA MÊDA
mapa_anexo.xlsx,984,AL2021,090902,Meda,Barreira,AF,[A],coalition,PPD/PSD.CDS-PP,JUNTOS PELA MÊDA
mapa_anexo.xlsx,985,AL2021,090905,Meda,Coriscada,AF,[D],citizen_group,CS,CORISCADA SEMPRE
mapa_anexo.xlsx,986,AL2021,090907,Meda,Longroiva,AF,[A],coalition,PPD/PSD.CDS-PP,JUNTOS PELA MÊDA
mapa_anexo.xlsx,987,AL2021,090908,Meda,Marialva,AF,[D],citizen_group,PM,POR MARIALVA
mapa_anexo.xlsx,988,AL2021,090912,Meda,Poço do Canto,AF,[A],coalition,PPD/PSD.CDS-PP,JUNTOS PELA MÊDA
mapa_anexo.xlsx,989,AL2021,090915,Meda,Ranhados,AF,[A],coalition,PPD/PSD.CDS-PP,JUNTOS PELA MÊDA
mapa_anexo.xlsx,989,AL2021,090915,Meda,Ranhados,AF,[D],citizen_group,PNT,PELA NOSSA TERRA
mapa_anexo.xlsx,990,AL2021,090917,Meda,"Mêda, Outeiro de Gatos e Fonte Longa",AF,[A],coalition,PPD/PSD.CDS-PP,JUNTOS PELA MÊDA
mapa_anexo.xlsx,991,AL2021,090918,Meda,Prova e Casteição,AF,[A],coalition,PPD/PSD.CDS-PP,JUNTOS PELA MÊDA
mapa_anexo.xlsx,992,AL2021,090919,Meda,"União das freguesias de Vale Flor, Carvalhal e Pai Penela",AF,[A],coalition,PPD/PSD.CDS-PP,JUNTOS PELA MÊDA
mapa_anexo.xlsx,993,AL2021,091009,Pinhel,Ervedosa,AF,[D],citizen_group,U.P.E.V,União Por Ervedosa e Vieiro
mapa_anexo.xlsx,994,AL2021,091024,Pinhel,Souro Pires,AF,[D],citizen_group,US,Unir Souro Pires
mapa_anexo.xlsx,995,AL2021,091029,Pinhel,Alverca da Beira/Bouça Cova,AF,[D],citizen_group,JPABC,Juntos Por Alverca e Bouça-Cova
mapa_anexo.xlsx,996,AL2021,091111,Sabugal,Bismula,AF,[D],citizen_group,BCF,Bismula Com Futuro
mapa_anexo.xlsx,997,AL2021,091114,Sabugal,Fóios,AF,[D],citizen_group,FI,Fóios Independente
mapa_anexo.xlsx,997,AL2021,091114,Sabugal,Fóios,AF,[E],citizen_group,Unidos pelos Fóios,Unidos pelos Fóios
mapa_anexo.xlsx,998,AL2021,091123,Sabugal,Quadrazais,AF,[D],citizen_group,UPQO,UNIDOS POR QUADRAZAIS OZENDO
mapa_anexo.xlsx,999,AL2021,091133,Sabugal,Sortelha,AF,[D],citizen_group,Juntos Por Sortelha,JUNTOS POR SORTELHA
mapa_anexo.xlsx,1000,AL2021,091139,Sabugal,Vila do Touro,AF,[D],citizen_group,VDTA,Vila do Touro/Abitureira
mapa_anexo.xlsx,1001,AL2021,091143,Sabugal,"União das freguesias de Pousafoles do Bispo, Pena Lobo e Lomba",AF,[D],citizen_group,PPL,Pousafoles Penalobo Lomba
mapa_anexo.xlsx,1002,AL2021,091145,Sabugal,União das freguesias de Sabugal e Aldeia de Santo António,AF,[D],citizen_group,JUNTOS,Juntos Pela União de Freguesias de Sabugal e Aldeia de Santo António
mapa_anexo.xlsx,1003,AL2021,091146,Sabugal,União das freguesias de Santo Estêvão e Moita,AF,[D],citizen_group,UPNT,Unidos Pela Nossa Terra
mapa_anexo.xlsx,1004,AL2021,091200,Seia,,CM,[D],citizen_group,JPNT,Juntos Pela Nossa Terra
mapa_anexo.xlsx,1005,AL2021,091200,Seia,,AM,[D],citizen_group,JPNT,Juntos Pela Nossa Terra
mapa_anexo.xlsx,1006,AL2021,091201,Seia,Alvoco da Serra,AF,[D],citizen_group,IFAS,Independentes da Freguesia de Alvoco da Serra
mapa_anexo.xlsx,1007,AL2021,091205,Seia,Girabolhos,AF,[D],citizen_group,JPNT,Juntos Pela Nossa Terra
mapa_anexo.xlsx,1008,AL2021,091207,Seia,Loriga,AF,[D],citizen_group,ltf,Loriga Tem Futuro
mapa_anexo.xlsx,1009,AL2021,091210,Seia,Sabugueiro,AF,[D],citizen_group,JPNT,Juntos Pela Nossa Terra
mapa_anexo.xlsx,1010,AL2021,091212,Seia,Sandomil,AF,[D],citizen_group,JPNT,Juntos Pela Nossa Terra
mapa_anexo.xlsx,1011,AL2021,091213,Seia,Santa Comba,AF,[D],citizen_group,JPNT,Juntos Pela Nossa Terra
mapa_anexo.xlsx,1012,AL2021,091216,Seia,Santiago,AF,[D],citizen_group,JPNT,Juntos Pela Nossa Terra
mapa_anexo.xlsx,1012,AL2021,091216,Seia,Santiago,AF,[E],citizen_group,UPFS,Unidos Pela Freguesia de Santiago
mapa_anexo.xlsx,1013,AL2021,091228,Seia,Vila Cova à Coelheira,AF,[D],citizen_group,JPNT,Juntos Pela Nossa Terra
mapa_anexo.xlsx,1014,AL2021,091230,Seia,União das freguesias de Carragozela e Várzea de Meruge,AF,[D],citizen_group,ICV,Independentes de Carragozela e Várzea
mapa_anexo.xlsx,1014,AL2021,091230,Seia,União das freguesias de Carragozela e Várzea de Meruge,AF,[E],citizen_group,IU,Independentes Unidos
mapa_anexo.xlsx,1015,AL2021,091232,Seia,União das freguesias de Santa Marinha e São Martinho,AF,[D],citizen_group,JPNT,Juntos Pela Nossa Terra
mapa_anexo.xlsx,1016,AL2021,091233,Seia,"União das freguesias de Seia, São Romão e Lapa dos Dinheiros",AF,[D],citizen_group,JPNT,Juntos Pela Nossa Terra
mapa_anexo.xlsx,1017,AL2021,091235,Seia,União das freguesias de Tourais e Lajes,AF,[D],citizen_group,ITL,Independentes de Tourais e Lajes
mapa_anexo.xlsx,1017,AL2021,091235,Seia,União das freguesias de Tourais e Lajes,AF,[E],citizen_group,MMFTL,Movimento Mudança da Freguesia de Tourais e Lajes
mapa_anexo.xlsx,1018,AL2021,091236,Seia,União das freguesias de Vide e Cabeça,AF,[D],citizen_group,JPNT,Juntos Pela Nossa Terra
mapa_anexo.xlsx,1019,AL2021,091300,Trancoso,,CM,[A],coalition,PPD/PSD.CDS-PP,"SIM, É POSSÍVEL"
mapa_anexo.xlsx,1020,AL2021,091300,Trancoso,,AM,[A],coalition,PPD/PSD.CDS-PP,"SIM, É POSSÍVEL"
mapa_anexo.xlsx,1021,AL2021,091301,Trancoso,Aldeia Nova,AF,[A],coalition,PPD/PSD.CDS-PP,"SIM, É POSSÍVEL"
mapa_anexo.xlsx,1022,AL2021,091303,Trancoso,Castanheira,AF,[A],coalition,PPD/PSD.CDS-PP,"SIM, É POSSÍVEL"
mapa_anexo.xlsx,1023,AL2021,091304,Trancoso,Cogula,AF,[A],coalition,PPD/PSD.CDS-PP,"SIM, É POSSÍVEL"
mapa_anexo.xlsx,1024,AL2021,091305,Trancoso,Cótimos,AF,[D],citizen_group,I,Liga dos Amigos dos Cótimos
mapa_anexo.xlsx,1025,AL2021,091309,Trancoso,Granja,AF,[A],coalition,PPD/PSD.CDS-PP,"SIM, É POSSÍVEL"
mapa_anexo.xlsx,1026,AL2021,091310,Trancoso,Guilheiro,AF,[A],coalition,PPD/PSD.CDS-PP,"SIM, É POSSÍVEL"
mapa_anexo.xlsx,1027,AL2021,091313,Trancoso,Palhais,AF,[D],citizen_group,APB,Os Amigos de Palhais e Benvende
mapa_anexo.xlsx,1028,AL2021,091314,Trancoso,Póvoa do Concelho,AF,[A],coalition,PPD/PSD.CDS-PP,"SIM, É POSSÍVEL"
mapa_anexo.xlsx,1029,AL2021,091315,Trancoso,Reboleiro,AF,[D],citizen_group,RU,Reboleiro Unido
mapa_anexo.xlsx,1030,AL2021,091316,Trancoso,Rio de Mel,AF,[A],coalition,PPD/PSD.CDS-PP,"SIM, É POSSÍVEL"
mapa_anexo.xlsx,1031,AL2021,091321,Trancoso,Tamanhos,AF,[A],coalition,PPD/PSD.CDS-PP,"SIM, É POSSÍVEL"
mapa_anexo.xlsx,1032,AL2021,091325,Trancoso,Valdujo,AF,[A],coalition,PPD/PSD.CDS-PP,"SIM, É POSSÍVEL"
mapa_anexo.xlsx,1033,AL2021,091330,Trancoso,União das freguesias de Freches e Torres,AF,[A],coalition,PPD/PSD.CDS-PP,"SIM, É POSSÍVEL"
mapa_anexo.xlsx,1034,AL2021,091331,Trancoso,"União das freguesias de Torre do Terrenho, Sebadelhe da Serra e Terrenho",AF,[A],coalition,PPD/PSD.CDS-PP,"SIM, É POSSÍVEL"
mapa_anexo.xlsx,1035,AL2021,091332,Trancoso,União das freguesias de Trancoso (São Pedro e Santa Maria) e Souto Maior,AF,[A],coalition,PPD/PSD.CDS-PP,"SIM, É POSSÍVEL"
mapa_anexo.xlsx,1036,AL2021,091333,Trancoso,União das freguesias de Vale do Seixo e Vila Garcia,AF,[D],citizen_group,UPA,Unidos Pelas Aldeias
mapa_anexo.xlsx,1037,AL2021,091334,Trancoso,União das freguesias de Vila Franca das Naves e Feital,AF,[A],coalition,PPD/PSD.CDS-PP,"SIM, É POSSÍVEL"
mapa_anexo.xlsx,1037,AL2021,091334,Trancoso,União das freguesias de Vila Franca das Naves e Feital,AF,[D],citizen_group,CF,Confiança no Futuro
mapa_anexo.xlsx,1038,AL2021,091335,Trancoso,União das freguesias de Vilares e Carnicães,AF,[D],citizen_group,JPU,Juntos Pela União
mapa_anexo.xlsx,1039,AL2021,091402,Vila Nova de Foz Côa,Castelo Melhor,AF,[D],citizen_group,DTUP,DUAS TERRAS UM PROPÓSITO
mapa_anexo.xlsx,1040,AL2021,091404,Vila Nova de Foz Côa,Chãs,AF,[D],citizen_group,SAC,Sentir A Chãs
mapa_anexo.xlsx,1041,AL2021,091415,Vila Nova de Foz Côa,Seixas,AF,[D],citizen_group,UPS,Unidos Pela Seixas
mapa_anexo.xlsx,1042,AL2021,091418,Vila Nova de Foz Côa,Freixo de Numão,AF,[D],citizen_group,PNT,Pela Nossa Terra
mapa_anexo.xlsx,1043,AL2021,091419,Vila Nova de Foz Côa,Vila Nova de Foz Côa,AF,[D],citizen_group,MF,Modernizar Foz Côa
mapa_anexo.xlsx,1045,AL2021,100104,Alcobaça,Bárrio,AF,[D],citizen_group,INDEPENDENTES,A Freguesia Primeiro- Bárrio
mapa_anexo.xlsx,1046,AL2021,100114,Alcobaça,Turquel,AF,[D],citizen_group,TA,TURQUEL ADORO-TE
mapa_anexo.xlsx,1047,AL2021,100120,Alcobaça,Aljubarrota,AF,[D],citizen_group,F.P.,A Freguesia em Primeiro - Aljubarrota
mapa_anexo.xlsx,1048,AL2021,100122,Alcobaça,"União das freguesias de Coz, Alpedriz e Montes",AF,[D],citizen_group,IUFCAM,"Independentes pela União de Freguesiaa de Coz, Alpedriz e Montes"
mapa_anexo.xlsx,1049,AL2021,100200,Alvaiázere,,CM,[D],citizen_group,VA,Vamos Alvaiázere
mapa_anexo.xlsx,1050,AL2021,100200,Alvaiázere,,AM,[D],citizen_group,VA,Vamos Alvaiázere
mapa_anexo.xlsx,1051,AL2021,100205,Alvaiázere,Pelmá,AF,[D],citizen_group,PMM,Pelmá Mais e Melhor
mapa_anexo.xlsx,1052,AL2021,100303,Ansião,Avelar,AF,[D],citizen_group,MIASP,MOVIMENTO INDEPENDENTE AVELAR SEMPRE EM PRIMEIRO
mapa_anexo.xlsx,1053,AL2021,100400,Batalha,,CM,[D],citizen_group,BTMI,BATALHA É DE TODOS MOVIMENTO INDEPENDENTE
mapa_anexo.xlsx,1054,AL2021,100400,Batalha,,AM,[D],citizen_group,BTMI,BATALHA É DE TODOS MOVIMENTO INDEPENDENTE
mapa_anexo.xlsx,1055,AL2021,100401,Batalha,Batalha,AF,[D],citizen_group,BTMI,BATALHA É DE TODOS MOVIMENTO INDEPENDENTE
mapa_anexo.xlsx,1055,AL2021,100401,Batalha,Batalha,AF,[E],citizen_group,SCB,SIM CONTINUAR PELA BATALHA
mapa_anexo.xlsx,1056,AL2021,100402,Batalha,Reguengo do Fetal,AF,[D],citizen_group,BTMI,BATALHA É DE TODOS MOVIMENTO INDEPENDENTE
mapa_anexo.xlsx,1057,AL2021,100403,Batalha,São Mamede,AF,[D],citizen_group,BTMI,BATALHA É DE TODOS MOVIMENTO INDEPENDENTE
mapa_anexo.xlsx,1058,AL2021,100404,Batalha,Golpilheira,AF,[D],citizen_group,BTMI,BATALHA É DE TODOS MOVIMENTO INDEPENDENTE
mapa_anexo.xlsx,1059,AL2021,100600,Caldas da Rainha,,CM,[A],coalition,CDS-PP.MPT.PPM.NC,CALDAS MAIS RAINHA
mapa_anexo.xlsx,1059,AL2021,100600,Caldas da Rainha,,CM,[D],citizen_group,VM,Vamos Mudar
mapa_anexo.xlsx,1060,AL2021,100600,Caldas da Rainha,,AM,[A],coalition,CDS-PP.MPT.PPM.NC,CALDAS MAIS RAINHA
mapa_anexo.xlsx,1060,AL2021,100600,Caldas da Rainha,,AM,[D],citizen_group,VM,Vamos Mudar
mapa_anexo.xlsx,1061,AL2021,100606,Caldas da Rainha,Foz do Arelho,AF,[A],coalition,CDS-PP.MPT.PPM.NC,SOMOS FOZ
mapa_anexo.xlsx,1061,AL2021,100606,Caldas da Rainha,Foz do Arelho,AF,[D],citizen_group,MIFA,Movimento Independente da Foz do Arelho
mapa_anexo.xlsx,1061,AL2021,100606,Caldas da Rainha,Foz do Arelho,AF,[E],citizen_group,VM,Vamos Mudar
mapa_anexo.xlsx,1062,AL2021,100608,Caldas da Rainha,Nadadouro,AF,[D],citizen_group,VM,Vamos Mudar
mapa_anexo.xlsx,1063,AL2021,100609,Caldas da Rainha,Salir de Matos,AF,[D],citizen_group,VM,Vamos Mudar
mapa_anexo.xlsx,1064,AL2021,100615,Caldas da Rainha,Vidais,AF,[D],citizen_group,VM,Vamos Mudar
mapa_anexo.xlsx,1065,AL2021,100617,Caldas da Rainha,"União das freguesias de Caldas da Rainha - Nossa Senhora do Pópulo, Coto e São Gregório",AF,[D],citizen_group,VM,Vamos Mudar
mapa_anexo.xlsx,1066,AL2021,100618,Caldas da Rainha,União das freguesias de Caldas da Rainha - Santo Onofre e Serra do Bouro,AF,[D],citizen_group,VM,Vamos Mudar
mapa_anexo.xlsx,1067,AL2021,100619,Caldas da Rainha,União das freguesias de Tornada e Salir do Porto,AF,[D],citizen_group,Por Tornada e Salir do Porto,Por Tornada e Salir do Porto
mapa_anexo.xlsx,1068,AL2021,100700,Castanheira de Pêra,,CM,[A],coalition,PPD/PSD.CDS-PP,"POR CASTANHEIRA, RENOVAÇÃO, UNIÃO E FUTURO"
mapa_anexo.xlsx,1068,AL2021,100700,Castanheira de Pêra,,CM,[D],citizen_group,MC21,Mudar Castanheira 21
mapa_anexo.xlsx,1069,AL2021,100700,Castanheira de Pêra,,AM,[A],coalition,PPD/PSD.CDS-PP,"POR CASTANHEIRA, RENOVAÇÃO, UNIÃO E FUTURO"
mapa_anexo.xlsx,1069,AL2021,100700,Castanheira de Pêra,,AM,[D],citizen_group,MC21,Mudar Castanheira 21
mapa_anexo.xlsx,1070,AL2021,100703,Castanheira de Pêra,União das freguesias de Castanheira de Pêra e Coentral,AF,[A],coalition,PPD/PSD.CDS-PP,"POR CASTANHEIRA, RENOVAÇÃO, UNIÃO E FUTURO"
mapa_anexo.xlsx,1070,AL2021,100703,Castanheira de Pêra,União das freguesias de Castanheira de Pêra e Coentral,AF,[D],citizen_group,MC21,Mudar Castanheira 21
mapa_anexo.xlsx,1071,AL2021,100800,Figueiró dos Vinhos,,CM,[D],citizen_group,MFI,Movimento Figueiró Independente
mapa_anexo.xlsx,1072,AL2021,100800,Figueiró dos Vinhos,,AM,[D],citizen_group,MFI,Movimento Figueiró Independente
mapa_anexo.xlsx,1073,AL2021,100802,Figueiró dos Vinhos,Arega,AF,[D],citizen_group,MFI,Movimento Figueiró Independente
mapa_anexo.xlsx,1074,AL2021,100803,Figueiró dos Vinhos,Campelo,AF,[D],citizen_group,MFI,Movimento Figueiró Independente
mapa_anexo.xlsx,1075,AL2021,100806,Figueiró dos Vinhos,União das freguesias de Figueiró dos Vinhos e Bairradas,AF,[D],citizen_group,MFI,Movimento Figueiró Independente
mapa_anexo.xlsx,1076,AL2021,100900,Leiria,,CM,[A],coalition,CDS-PP.MPT,LEIRIA PODE MAIS
mapa_anexo.xlsx,1077,AL2021,100900,Leiria,,AM,[A],coalition,CDS-PP.MPT,LEIRIA PODE MAIS
mapa_anexo.xlsx,1078,AL2021,100901,Leiria,Amor,AF,[A],coalition,CDS-PP.MPT,LEIRIA PODE MAIS
mapa_anexo.xlsx,1079,AL2021,100902,Leiria,Arrabal,AF,[A],coalition,CDS-PP.MPT,LEIRIA PODE MAIS
mapa_anexo.xlsx,1080,AL2021,100907,Leiria,Caranguejeira,AF,[A],coalition,CDS-PP.MPT,LEIRIA PODE MAIS
mapa_anexo.xlsx,1081,AL2021,100909,Leiria,Coimbrão,AF,[A],coalition,CDS-PP.MPT,LEIRIA PODE MAIS
mapa_anexo.xlsx,1082,AL2021,100913,Leiria,Maceira,AF,[A],coalition,CDS-PP.MPT,LEIRIA PODE MAIS
mapa_anexo.xlsx,1083,AL2021,100915,Leiria,Milagres,AF,[A],coalition,CDS-PP.MPT,LEIRIA PODE MAIS
mapa_anexo.xlsx,1084,AL2021,100921,Leiria,Regueira de Pontes,AF,[A],coalition,CDS-PP.MPT,LEIRIA PODE MAIS
mapa_anexo.xlsx,1085,AL2021,100925,Leiria,Bajouca,AF,[A],coalition,CDS-PP.MPT,LEIRIA PODE MAIS
mapa_anexo.xlsx,1086,AL2021,100926,Leiria,Bidoeira de Cima,AF,[A],coalition,CDS-PP.MPT,LEIRIA PODE MAIS
mapa_anexo.xlsx,1087,AL2021,100932,Leiria,União das freguesias de Colmeias e Memória,AF,[A],coalition,CDS-PP.MPT,LEIRIA PODE MAIS
mapa_anexo.xlsx,1088,AL2021,100933,Leiria,"União das freguesias de Leiria, Pousos, Barreira e Cortes",AF,[A],coalition,CDS-PP.MPT,LEIRIA PODE MAIS
mapa_anexo.xlsx,1089,AL2021,100934,Leiria,União das freguesias de Marrazes e Barosa,AF,[A],coalition,CDS-PP.MPT,LEIRIA PODE MAIS
mapa_anexo.xlsx,1090,AL2021,100935,Leiria,União das freguesias de Monte Real e Carvide,AF,[A],coalition,CDS-PP.MPT,LEIRIA PODE MAIS
mapa_anexo.xlsx,1090,AL2021,100935,Leiria,União das freguesias de Monte Real e Carvide,AF,[D],citizen_group,M.I.C.,Movimento Independente de Cidadãos
mapa_anexo.xlsx,1091,AL2021,100936,Leiria,União das freguesias de Monte Redondo e Carreira,AF,[A],coalition,CDS-PP.MPT,LEIRIA PODE MAIS
mapa_anexo.xlsx,1092,AL2021,100937,Leiria,União das freguesias de Parceiros e Azoia,AF,[A],coalition,CDS-PP.MPT,LEIRIA PODE MAIS
mapa_anexo.xlsx,1093,AL2021,100938,Leiria,União das freguesias de Santa Catarina da Serra e Chainça,AF,[A],coalition,PPD/PSD.CDS-PP.MPT.,UNIDOS PELA FREGUESIA
mapa_anexo.xlsx,1094,AL2021,100939,Leiria,União das freguesias de Santa Eufémia e Boa Vista,AF,[A],coalition,CDS-PP.MPT,LEIRIA PODE MAIS
mapa_anexo.xlsx,1095,AL2021,100940,Leiria,União das freguesias de Souto da Carpalhosa e Ortigosa,AF,[A],coalition,CDS-PP.MPT,LEIRIA PODE MAIS
mapa_anexo.xlsx,1095,AL2021,100940,Leiria,União das freguesias de Souto da Carpalhosa e Ortigosa,AF,[D],citizen_group,EC - AF,Eulália Crespo - Agimos Pelo Futuro
mapa_anexo.xlsx,1096,AL2021,101000,Marinha Grande,,CM,[D],citizen_group,+MPM,+MPM Movimento pelo Concelho
mapa_anexo.xlsx,1097,AL2021,101000,Marinha Grande,,AM,[D],citizen_group,+MPM,+MPM Movimento pelo Concelho
mapa_anexo.xlsx,1098,AL2021,101001,Marinha Grande,Marinha Grande,AF,[D],citizen_group,+MPM,+MPM Movimento pelo Concelho
mapa_anexo.xlsx,1099,AL2021,101002,Marinha Grande,Vieira de Leiria,AF,[D],citizen_group,+MPM,+MPM Movimento pelo Concelho
mapa_anexo.xlsx,1100,AL2021,101003,Marinha Grande,Moita,AF,[D],citizen_group,+MPM,+MPM Movimento pelo Concelho
mapa_anexo.xlsx,1101,AL2021,101200,Óbidos,,CM,[A],coalition,MPT.PDR,O NOSSO PARTIDO É ÓBIDOS
mapa_anexo.xlsx,1102,AL2021,101200,Óbidos,,AM,[A],coalition,MPT.PDR,O NOSSO PARTIDO É ÓBIDOS
mapa_anexo.xlsx,1103,AL2021,101201,Óbidos,A dos Negros,AF,[D],citizen_group,UPF,Unidos Pela Freguesia
mapa_anexo.xlsx,1104,AL2021,101202,Óbidos,Amoreira,AF,[A],coalition,MPT.PDR,O NOSSO PARTIDO É ÓBIDOS
mapa_anexo.xlsx,1105,AL2021,101208,Óbidos,Gaeiras,AF,[D],citizen_group,GP,Gaeiras Primeiro
mapa_anexo.xlsx,1106,AL2021,101209,Óbidos,Usseira,AF,[D],citizen_group,MPU,Movimento Pela Usseira
mapa_anexo.xlsx,1107,AL2021,101210,Óbidos,"Santa Maria, São Pedro e Sobral da Lagoa",AF,[A],coalition,MPT.PDR,O NOSSO PARTIDO É ÓBIDOS
mapa_anexo.xlsx,1108,AL2021,101400,Peniche,,CM,[D],citizen_group,GCEPP,Grupo de cidadãos Eleitores por Peniche
mapa_anexo.xlsx,1109,AL2021,101400,Peniche,,AM,[D],citizen_group,GCEPP,Grupo de cidadãos Eleitores por Peniche
mapa_anexo.xlsx,1110,AL2021,101402,Peniche,Atouguia da Baleia,AF,[D],citizen_group,GCEPP,Grupo de cidadãos Eleitores por Peniche
mapa_anexo.xlsx,1111,AL2021,101406,Peniche,Ferrel,AF,[D],citizen_group,GCEPP,Grupo de cidadãos Eleitores por Peniche
mapa_anexo.xlsx,1112,AL2021,101407,Peniche,Peniche,AF,[D],citizen_group,GCEPP,Grupo de cidadãos Eleitores por Peniche
mapa_anexo.xlsx,1112,AL2021,101407,Peniche,Peniche,AF,[E],citizen_group,GIÀFDP,Grupo Independente à Freguesia de Peniche
mapa_anexo.xlsx,1113,AL2021,101500,Pombal,,AM,[D],citizen_group,OI,OESTE INDEPENDENTES
mapa_anexo.xlsx,1114,AL2021,101518,Pombal,"União das freguesias de Guia, Ilha e Mata Mourisca",AF,[D],citizen_group,GRIND,GONÇALO RAMOS INDEPENDENTES
mapa_anexo.xlsx,1115,AL2021,101602,Porto de Mós,Alqueidão da Serra,AF,[D],citizen_group,JFAS,Juntos Fazemos Alqueidão da Serra
mapa_anexo.xlsx,1116,AL2021,101606,Porto de Mós,Juncal,AF,[D],citizen_group,FU,FORÇA DE UNIÃO - FU
mapa_anexo.xlsx,1117,AL2021,101613,Porto de Mós,Serro Ventoso,AF,[D],citizen_group,BVSV,BONS VENTOS
mapa_anexo.xlsx,1119,AL2021,110100,Alenquer,,CM,[A],coalition,CDS-PP.NC.MPT.A.PPM,FAZER CUMPRIR ALENQUER
mapa_anexo.xlsx,1119,AL2021,110100,Alenquer,,CM,[D],citizen_group,AFE,António Franco/Esperança
mapa_anexo.xlsx,1120,AL2021,110100,Alenquer,,AM,[A],coalition,CDS-PP.NC.MPT.A.PPM,FAZER CUMPRIR ALENQUER
mapa_anexo.xlsx,1121,AL2021,110106,Alenquer,Carnota,AF,[A],coalition,CDS-PP.NC.MPT.A.PPM,FAZER CUMPRIR ALENQUER
mapa_anexo.xlsx,1122,AL2021,110107,Alenquer,Meca,AF,[A],coalition,CDS-PP.NC.MPT.A.PPM,FAZER CUMPRIR ALENQUER
mapa_anexo.xlsx,1123,AL2021,110109,Alenquer,Ota,AF,[A],coalition,CDS-PP.NC.MPT.A.PPM,FAZER CUMPRIR ALENQUER
mapa_anexo.xlsx,1124,AL2021,110114,Alenquer,Vila Verde dos Francos,AF,[D],citizen_group,FMTPF,Filipa Martinho Todos Pela Freguesia
mapa_anexo.xlsx,1125,AL2021,110117,Alenquer,União das freguesias de Abrigada e Cabanas de Torres,AF,[A],coalition,CDS-PP.NC.MPT.A.PPM,FAZER CUMPRIR ALENQUER
mapa_anexo.xlsx,1126,AL2021,110118,Alenquer,União das freguesias de Aldeia Galega da Merceana e Aldeia Gavinha,AF,[D],citizen_group,IPF,Independentes pela Freguesia
mapa_anexo.xlsx,1127,AL2021,110119,Alenquer,União das freguesias de Alenquer (Santo Estêvão e Triana),AF,[A],coalition,CDS-PP.NC.MPT.A.PPM,FAZER CUMPRIR ALENQUER
mapa_anexo.xlsx,1128,AL2021,110120,Alenquer,União das freguesias de Carregado e Cadafais,AF,[A],coalition,CDS-PP.NC.MPT.A.PPM,FAZER CUMPRIR ALENQUER
mapa_anexo.xlsx,1129,AL2021,110200,Arruda dos Vinhos,,CM,[A],coalition,PPD/PSD.CDS-PP,"ARRUDA, AGORA!"
mapa_anexo.xlsx,1130,AL2021,110200,Arruda dos Vinhos,,AM,[A],coalition,PPD/PSD.CDS-PP,"ARRUDA, AGORA!"
mapa_anexo.xlsx,1131,AL2021,110201,Arruda dos Vinhos,Arranhó,AF,[A],coalition,PPD/PSD.CDS-PP,"ARRUDA, AGORA!"
mapa_anexo.xlsx,1132,AL2021,110202,Arruda dos Vinhos,Arruda dos Vinhos,AF,[A],coalition,PPD/PSD.CDS-PP,"ARRUDA, AGORA!"
mapa_anexo.xlsx,1133,AL2021,110203,Arruda dos Vinhos,Cardosas,AF,[A],coalition,PPD/PSD.CDS-PP,"ARRUDA, AGORA!"
mapa_anexo.xlsx,1134,AL2021,110204,Arruda dos Vinhos,Santiago dos Velhos,AF,[A],coalition,PPD/PSD.CDS-PP,"ARRUDA, AGORA!"
mapa_anexo.xlsx,1135,AL2021,110300,Azambuja,,CM,[A],coalition,PPD/PSD.CDS-PP.MPT.PPM,SEMPRE AO SEU LADO
mapa_anexo.xlsx,1136,AL2021,110300,Azambuja,,AM,[A],coalition,PPD/PSD.CDS-PP.MPT.PPM,SEMPRE AO SEU LADO
mapa_anexo.xlsx,1137,AL2021,110301,Azambuja,Alcoentre,AF,[A],coalition,PPD/PSD.CDS-PP.MPT.PPM,SEMPRE AO SEU LADO
mapa_anexo.xlsx,1138,AL2021,110302,Azambuja,Aveiras de Baixo,AF,[A],coalition,PPD/PSD.CDS-PP.MPT.PPM,SEMPRE AO SEU LADO
mapa_anexo.xlsx,1139,AL2021,110303,Azambuja,Aveiras de Cima,AF,[A],coalition,PPD/PSD.CDS-PP.MPT.PPM,SEMPRE AO SEU LADO
mapa_anexo.xlsx,1140,AL2021,110304,Azambuja,Azambuja,AF,[A],coalition,PPD/PSD.CDS-PP.MPT.PPM,SEMPRE AO SEU LADO
mapa_anexo.xlsx,1141,AL2021,110306,Azambuja,Vale do Paraíso,AF,[A],coalition,PPD/PSD.CDS-PP.MPT.PPM,SEMPRE AO SEU LADO
mapa_anexo.xlsx,1142,AL2021,110307,Azambuja,Vila Nova da Rainha,AF,[A],coalition,PPD/PSD.CDS-PP.MPT.PPM,SEMPRE AO SEU LADO
mapa_anexo.xlsx,1143,AL2021,110310,Azambuja,"União das freguesias de Manique do Intendente, Vila Nova de São Pedro e Maçussa",AF,[A],coalition,PPD/PSD.CDS-PP.MPT.PPM,SEMPRE AO SEU LADO
mapa_anexo.xlsx,1144,AL2021,110500,Cascais,,CM,[A],coalition,NC/PPM,SALVAR CASCAIS
mapa_anexo.xlsx,1144,AL2021,110500,Cascais,,CM,[B],coalition,PPD/PSD.CDS-PP,COLIGAÇÃO VIVA CASCAIS
mapa_anexo.xlsx,1144,AL2021,110500,Cascais,,CM,[C],coalition,PS.PAN.L,Todos por Cascais
mapa_anexo.xlsx,1145,AL2021,110500,Cascais,,AM,[A],coalition,NC/PPM,SALVAR CASCAIS
mapa_anexo.xlsx,1145,AL2021,110500,Cascais,,AM,[B],coalition,PPD/PSD.CDS-PP,COLIGAÇÃO VIVA CASCAIS
mapa_anexo.xlsx,1145,AL2021,110500,Cascais,,AM,[C],coalition,PS.PAN.L,Todos por Cascais
mapa_anexo.xlsx,1146,AL2021,110501,Cascais,Alcabideche,AF,[A],coalition,NC/PPM,SALVAR CASCAIS
mapa_anexo.xlsx,1146,AL2021,110501,Cascais,Alcabideche,AF,[B],coalition,PPD/PSD.CDS-PP,COLIGAÇÃO VIVA CASCAIS
mapa_anexo.xlsx,1146,AL2021,110501,Cascais,Alcabideche,AF,[C],coalition,PS.PAN.L,Todos por Cascais
mapa_anexo.xlsx,1147,AL2021,110506,Cascais,São Domingos de Rana,AF,[A],coalition,PPD/PSD.CDS-PP,COLIGAÇÃO VIVA CASCAIS
mapa_anexo.xlsx,1147,AL2021,110506,Cascais,São Domingos de Rana,AF,[B],coalition,PS.PAN.L,Todos por Cascais
mapa_anexo.xlsx,1148,AL2021,110507,Cascais,União das freguesias de Carcavelos e Parede,AF,[A],coalition,PPD/PSD.CDS-PP,COLIGAÇÃO VIVA CASCAIS
mapa_anexo.xlsx,1148,AL2021,110507,Cascais,União das freguesias de Carcavelos e Parede,AF,[B],coalition,PS.PAN.L,Todos por Cascais
mapa_anexo.xlsx,1149,AL2021,110508,Cascais,União das freguesias de Cascais e Estoril,AF,[A],coalition,NC/PPM,SALVAR CASCAIS
mapa_anexo.xlsx,1149,AL2021,110508,Cascais,União das freguesias de Cascais e Estoril,AF,[B],coalition,PPD/PSD.CDS-PP,COLIGAÇÃO VIVA CASCAIS
mapa_anexo.xlsx,1149,AL2021,110508,Cascais,União das freguesias de Cascais e Estoril,AF,[C],coalition,PS.PAN.L,Todos por Cascais
mapa_anexo.xlsx,1150,AL2021,110600,Lisboa,,CM,[A],coalition,PPD/PSD.CDS-PP.A.MPT.PPM,NOVOS TEMPOS LISBOA
mapa_anexo.xlsx,1150,AL2021,110600,Lisboa,,CM,[B],coalition,PS.L,MAIS LISBOA
mapa_anexo.xlsx,1150,AL2021,110600,Lisboa,,CM,[D],citizen_group,STL,Somos Todos Lisboa - STL
mapa_anexo.xlsx,1151,AL2021,110600,Lisboa,,AM,[A],coalition,PPD/PSD.CDS-PP.A.MPT.PPM,NOVOS TEMPOS LISBOA
mapa_anexo.xlsx,1151,AL2021,110600,Lisboa,,AM,[B],coalition,PS.L,MAIS LISBOA
mapa_anexo.xlsx,1151,AL2021,110600,Lisboa,,AM,[D],citizen_group,STL,Somos Todos Lisboa - STL
mapa_anexo.xlsx,1152,AL2021,110601,Lisboa,Ajuda,AF,[A],coalition,PPD/PSD.CDS-PP.A.MPT.PPM,NOVOS TEMPOS LISBOA
mapa_anexo.xlsx,1152,AL2021,110601,Lisboa,Ajuda,AF,[B],coalition,PS.L,MAIS LISBOA
mapa_anexo.xlsx,1153,AL2021,110602,Lisboa,Alcântara,AF,[A],coalition,PPD/PSD.CDS-PP.A.MPT.PPM,NOVOS TEMPOS LISBOA
mapa_anexo.xlsx,1153,AL2021,110602,Lisboa,Alcântara,AF,[B],coalition,PS.L,MAIS LISBOA
mapa_anexo.xlsx,1154,AL2021,110607,Lisboa,Beato,AF,[A],coalition,PPD/PSD.CDS-PP.A.MPT.PPM,NOVOS TEMPOS LISBOA
mapa_anexo.xlsx,1154,AL2021,110607,Lisboa,Beato,AF,[B],coalition,PS.L,MAIS LISBOA
mapa_anexo.xlsx,1154,AL2021,110607,Lisboa,Beato,AF,[D],citizen_group,NB,Novo Beato - NB
mapa_anexo.xlsx,1155,AL2021,110608,Lisboa,Benfica,AF,[A],coalition,PPD/PSD.CDS-PP.A.MPT.PPM,NOVOS TEMPOS LISBOA
mapa_anexo.xlsx,1155,AL2021,110608,Lisboa,Benfica,AF,[B],coalition,PS.L,MAIS LISBOA
mapa_anexo.xlsx,1156,AL2021,110610,Lisboa,Campolide,AF,[A],coalition,PPD/PSD.CDS-PP.A.MPT.PPM,NOVOS TEMPOS LISBOA
mapa_anexo.xlsx,1156,AL2021,110610,Lisboa,Campolide,AF,[B],coalition,PS.L,MAIS LISBOA
mapa_anexo.xlsx,1157,AL2021,110611,Lisboa,Carnide,AF,[A],coalition,PPD/PSD.CDS-PP.A.MPT.PPM,NOVOS TEMPOS LISBOA
mapa_anexo.xlsx,1157,AL2021,110611,Lisboa,Carnide,AF,[B],coalition,PS.L,MAIS LISBOA
mapa_anexo.xlsx,1158,AL2021,110618,Lisboa,Lumiar,AF,[A],coalition,PPD/PSD.CDS-PP.A.MPT.PPM,NOVOS TEMPOS LISBOA
mapa_anexo.xlsx,1158,AL2021,110618,Lisboa,Lumiar,AF,[B],coalition,PS.L,MAIS LISBOA
mapa_anexo.xlsx,1159,AL2021,110621,Lisboa,Marvila,AF,[A],coalition,PPD/PSD.CDS-PP.A.MPT.PPM,NOVOS TEMPOS LISBOA
mapa_anexo.xlsx,1159,AL2021,110621,Lisboa,Marvila,AF,[B],coalition,PS.L,MAIS LISBOA
mapa_anexo.xlsx,1160,AL2021,110633,Lisboa,Olivais,AF,[A],coalition,PPD/PSD.CDS-PP.A.MPT.PPM,NOVOS TEMPOS LISBOA
mapa_anexo.xlsx,1160,AL2021,110633,Lisboa,Olivais,AF,[B],coalition,PS.L,MAIS LISBOA
mapa_anexo.xlsx,1161,AL2021,110639,Lisboa,São Domingos de Benfica,AF,[A],coalition,PPD/PSD.CDS-PP.A.MPT.PPM,NOVOS TEMPOS LISBOA
mapa_anexo.xlsx,1161,AL2021,110639,Lisboa,São Domingos de Benfica,AF,[B],coalition,PS.L,MAIS LISBOA
mapa_anexo.xlsx,1162,AL2021,110654,Lisboa,Alvalade,AF,[A],coalition,PPD/PSD.CDS-PP.A.MPT.PPM,NOVOS TEMPOS LISBOA
mapa_anexo.xlsx,1162,AL2021,110654,Lisboa,Alvalade,AF,[B],coalition,PS.L,MAIS LISBOA
mapa_anexo.xlsx,1162,AL2021,110654,Lisboa,Alvalade,AF,[D],citizen_group,MCIMA,Mudar Alvalade
mapa_anexo.xlsx,1163,AL2021,110655,Lisboa,Areeiro,AF,[A],coalition,PPD/PSD.CDS-PP.A.MPT.PPM,NOVOS TEMPOS LISBOA
mapa_anexo.xlsx,1163,AL2021,110655,Lisboa,Areeiro,AF,[B],coalition,PS.L,MAIS LISBOA
mapa_anexo.xlsx,1164,AL2021,110656,Lisboa,Arroios,AF,[A],coalition,PPD/PSD.CDS-PP.A.MPT.PPM,NOVOS TEMPOS LISBOA
mapa_anexo.xlsx,1164,AL2021,110656,Lisboa,Arroios,AF,[B],coalition,PS.L,MAIS LISBOA
mapa_anexo.xlsx,1164,AL2021,110656,Lisboa,Arroios,AF,[D],citizen_group,AB,Arroios Base
mapa_anexo.xlsx,1165,AL2021,110657,Lisboa,Avenidas Novas,AF,[A],coalition,PPD/PSD.CDS-PP.A.MPT.PPM,NOVOS TEMPOS LISBOA
mapa_anexo.xlsx,1165,AL2021,110657,Lisboa,Avenidas Novas,AF,[B],coalition,PS.L,MAIS LISBOA
mapa_anexo.xlsx,1166,AL2021,110658,Lisboa,Belém,AF,[A],coalition,PPD/PSD.CDS-PP.A.MPT.PPM,NOVOS TEMPOS LISBOA
mapa_anexo.xlsx,1166,AL2021,110658,Lisboa,Belém,AF,[B],coalition,PS.L,MAIS LISBOA
mapa_anexo.xlsx,1167,AL2021,110659,Lisboa,Campo de Ourique,AF,[A],coalition,PPD/PSD.CDS-PP.A.MPT.PPM,NOVOS TEMPOS LISBOA
mapa_anexo.xlsx,1167,AL2021,110659,Lisboa,Campo de Ourique,AF,[B],coalition,PS.L,MAIS LISBOA
mapa_anexo.xlsx,1168,AL2021,110660,Lisboa,Estrela,AF,[A],coalition,PPD/PSD.CDS-PP.A.MPT.PPM,NOVOS TEMPOS LISBOA
mapa_anexo.xlsx,1168,AL2021,110660,Lisboa,Estrela,AF,[B],coalition,PS.L,MAIS LISBOA
mapa_anexo.xlsx,1169,AL2021,110661,Lisboa,Misericórdia,AF,[A],coalition,PPD/PSD.CDS-PP.A.MPT.PPM,NOVOS TEMPOS LISBOA
mapa_anexo.xlsx,1169,AL2021,110661,Lisboa,Misericórdia,AF,[B],coalition,PS.L,MAIS LISBOA
mapa_anexo.xlsx,1170,AL2021,110662,Lisboa,Parque das Nações,AF,[A],coalition,PPD/PSD.CDS-PP.A.MPT.PPM,NOVOS TEMPOS LISBOA
mapa_anexo.xlsx,1170,AL2021,110662,Lisboa,Parque das Nações,AF,[B],coalition,PS.L,MAIS LISBOA
mapa_anexo.xlsx,1171,AL2021,110663,Lisboa,Penha de França,AF,[A],coalition,PPD/PSD.CDS-PP.A.MPT.PPM,NOVOS TEMPOS LISBOA
mapa_anexo.xlsx,1171,AL2021,110663,Lisboa,Penha de França,AF,[B],coalition,PS.L,MAIS LISBOA
mapa_anexo.xlsx,1172,AL2021,110664,Lisboa,Santa Clara,AF,[A],coalition,PPD/PSD.CDS-PP.A.MPT.PPM,NOVOS TEMPOS LISBOA
mapa_anexo.xlsx,1172,AL2021,110664,Lisboa,Santa Clara,AF,[B],coalition,PS.L,MAIS LISBOA
mapa_anexo.xlsx,1173,AL2021,110665,Lisboa,Santa Maria Maior,AF,[A],coalition,PPD/PSD.CDS-PP.A.MPT.PPM,NOVOS TEMPOS LISBOA
mapa_anexo.xlsx,1173,AL2021,110665,Lisboa,Santa Maria Maior,AF,[B],coalition,PS.L,MAIS LISBOA
mapa_anexo.xlsx,1173,AL2021,110665,Lisboa,Santa Maria Maior,AF,[D],citizen_group,UPR,Unidos pela Rosa - UPR
mapa_anexo.xlsx,1174,AL2021,110666,Lisboa,Santo António,AF,[A],coalition,PPD/PSD.CDS-PP.A.MPT.PPM,NOVOS TEMPOS LISBOA
mapa_anexo.xlsx,1174,AL2021,110666,Lisboa,Santo António,AF,[B],coalition,PS.L,MAIS LISBOA
mapa_anexo.xlsx,1175,AL2021,110667,Lisboa,São Vicente,AF,[A],coalition,PPD/PSD.CDS-PP.A.MPT.PPM,NOVOS TEMPOS LISBOA
mapa_anexo.xlsx,1175,AL2021,110667,Lisboa,São Vicente,AF,[B],coalition,PS.L,MAIS LISBOA
mapa_anexo.xlsx,1176,AL2021,110730,Loures,União das freguesias de Santo António dos Cavaleiros e Frielas,AF,[D],citizen_group,I-SAC F,Glória Trindade Independente- SAC-F
mapa_anexo.xlsx,1177,AL2021,110800,Lourinhã,,CM,[A],coalition,PPD/PSD.CDS-PP,LOURINHÃ SOMOS NÓS
mapa_anexo.xlsx,1178,AL2021,110800,Lourinhã,,AM,[A],coalition,PPD/PSD.CDS-PP,LOURINHÃ SOMOS NÓS
mapa_anexo.xlsx,1179,AL2021,110803,Lourinhã,Moita dos Ferreiros,AF,[A],coalition,PPD/PSD.CDS-PP,LOURINHÃ SOMOS NÓS
mapa_anexo.xlsx,1180,AL2021,110805,Lourinhã,Reguengo Grande,AF,[A],coalition,PPD/PSD.CDS-PP,LOURINHÃ SOMOS NÓS
mapa_anexo.xlsx,1181,AL2021,110806,Lourinhã,Santa Bárbara,AF,[A],coalition,PPD/PSD.CDS-PP,LOURINHÃ SOMOS NÓS
mapa_anexo.xlsx,1182,AL2021,110808,Lourinhã,Vimeiro,AF,[A],coalition,PPD/PSD.CDS-PP,LOURINHÃ SOMOS NÓS
mapa_anexo.xlsx,1183,AL2021,110810,Lourinhã,Ribamar,AF,[A],coalition,PPD/PSD.CDS-PP,LOURINHÃ SOMOS NÓS
mapa_anexo.xlsx,1184,AL2021,110812,Lourinhã,União das freguesias de Lourinhã e Atalaia,AF,[A],coalition,PPD/PSD.CDS-PP,LOURINHÃ SOMOS NÓS
mapa_anexo.xlsx,1185,AL2021,110813,Lourinhã,União das freguesias de Miragaia e Marteleira,AF,[A],coalition,PPD/PSD.CDS-PP,LOURINHÃ SOMOS NÓS
mapa_anexo.xlsx,1186,AL2021,110814,Lourinhã,União das freguesias de São Bartolomeu dos Galegos e Moledo,AF,[A],coalition,PPD/PSD.CDS-PP,LOURINHÃ SOMOS NÓS
mapa_anexo.xlsx,1187,AL2021,111000,Oeiras,,CM,[A],coalition,A/PDR,VIVER AINDA MELHOR OEIRAS
mapa_anexo.xlsx,1187,AL2021,111000,Oeiras,,CM,[B],coalition,BE-L-VP,Coligação Evoluir Oeiras
mapa_anexo.xlsx,1187,AL2021,111000,Oeiras,,CM,[C],coalition,PPD/PSD.MPT,A DAR TUDO POR OEIRAS
mapa_anexo.xlsx,1187,AL2021,111000,Oeiras,,CM,[D],citizen_group,IN-OV,ISALTINO INOVAR OEIRAS
mapa_anexo.xlsx,1188,AL2021,111000,Oeiras,,AM,[A],coalition,A/PDR,VIVER AINDA MELHOR OEIRAS
mapa_anexo.xlsx,1188,AL2021,111000,Oeiras,,AM,[B],coalition,BE-L-VP,Coligação Evoluir Oeiras
mapa_anexo.xlsx,1188,AL2021,111000,Oeiras,,AM,[C],coalition,PPD/PSD.MPT,A DAR TUDO POR OEIRAS
mapa_anexo.xlsx,1188,AL2021,111000,Oeiras,,AM,[D],citizen_group,IN-OV,ISALTINO INOVAR OEIRAS
mapa_anexo.xlsx,1189,AL2021,111002,Oeiras,Barcarena,AF,[A],coalition,BE-L-VP,Coligação Evoluir Oeiras
mapa_anexo.xlsx,1189,AL2021,111002,Oeiras,Barcarena,AF,[B],coalition,PPD/PSD.MPT,A DAR TUDO POR OEIRAS
mapa_anexo.xlsx,1189,AL2021,111002,Oeiras,Barcarena,AF,[D],citizen_group,IN-OV,INOVAR BARCARENA
mapa_anexo.xlsx,1190,AL2021,111009,Oeiras,Porto Salvo,AF,[A],coalition,BE-L-VP,Coligação Evoluir Oeiras
mapa_anexo.xlsx,1190,AL2021,111009,Oeiras,Porto Salvo,AF,[B],coalition,PPD/PSD.MPT,A DAR TUDO POR OEIRAS
mapa_anexo.xlsx,1190,AL2021,111009,Oeiras,Porto Salvo,AF,[D],citizen_group,IN-OV,INOVAR PORTO SALVO
mapa_anexo.xlsx,1191,AL2021,111012,Oeiras,"União das freguesias de Algés, Linda-a-Velha e Cruz Quebrada-Dafundo",AF,[A],coalition,A/PDR,VIVER AINDA MELHOR OEIRAS
mapa_anexo.xlsx,1191,AL2021,111012,Oeiras,"União das freguesias de Algés, Linda-a-Velha e Cruz Quebrada-Dafundo",AF,[B],coalition,BE-L-VP,Coligação Evoluir Oeiras
mapa_anexo.xlsx,1191,AL2021,111012,Oeiras,"União das freguesias de Algés, Linda-a-Velha e Cruz Quebrada-Dafundo",AF,[C],coalition,PPD/PSD.MPT,A DAR TUDO POR OEIRAS
mapa_anexo.xlsx,1191,AL2021,111012,Oeiras,"União das freguesias de Algés, Linda-a-Velha e Cruz Quebrada-Dafundo",AF,[D],citizen_group,IN-OV,INOVAR UNIÃO ALGÉS
mapa_anexo.xlsx,1192,AL2021,111013,Oeiras,União das freguesias de Carnaxide e Queijas,AF,[A],coalition,BE-L-VP,Coligação Evoluir Oeiras
mapa_anexo.xlsx,1192,AL2021,111013,Oeiras,União das freguesias de Carnaxide e Queijas,AF,[B],coalition,PPD/PSD.MPT,A DAR TUDO POR OEIRAS
mapa_anexo.xlsx,1192,AL2021,111013,Oeiras,União das freguesias de Carnaxide e Queijas,AF,[D],citizen_group,IN-OV,INOVAR CARNAXIDE QUEIJAS
mapa_anexo.xlsx,1193,AL2021,111014,Oeiras,"União das freguesias de Oeiras e São Julião da Barra, Paço de Arcos e Caxias",AF,[A],coalition,A/PDR,VIVER AINDA MELHOR OEIRAS
mapa_anexo.xlsx,1193,AL2021,111014,Oeiras,"União das freguesias de Oeiras e São Julião da Barra, Paço de Arcos e Caxias",AF,[B],coalition,BE-L-VP,Coligação Evoluir Oeiras
mapa_anexo.xlsx,1193,AL2021,111014,Oeiras,"União das freguesias de Oeiras e São Julião da Barra, Paço de Arcos e Caxias",AF,[C],coalition,PPD/PSD.MPT,A DAR TUDO POR OEIRAS
mapa_anexo.xlsx,1193,AL2021,111014,Oeiras,"União das freguesias de Oeiras e São Julião da Barra, Paço de Arcos e Caxias",AF,[D],citizen_group,IN-OV,INOVAR OEIRAS PAÇO DE ARCOS CAXIAS
mapa_anexo.xlsx,1194,AL2021,111100,Sintra,,CM,[A],coalition,PPD/PSD.CDS-PP.A.MPT.PDR.PPM.R.I.R,COLIGAÇÃO VAMOS CURAR SINTRA
mapa_anexo.xlsx,1195,AL2021,111100,Sintra,,AM,[A],coalition,PPD/PSD.CDS-PP.A.MPT.PDR.PPM.R.I.R,COLIGAÇÃO VAMOS CURAR SINTRA
mapa_anexo.xlsx,1196,AL2021,111102,Sintra,Algueirão-Mem Martins,AF,[A],coalition,PPD/PSD.CDS-PP.A.MPT.PDR.PPM.R.I.R,COLIGAÇÃO VAMOS CURAR SINTRA
mapa_anexo.xlsx,1197,AL2021,111105,Sintra,Colares,AF,[A],coalition,PPD/PSD.CDS-PP.A.MPT.PDR.PPM.R.I.R,COLIGAÇÃO VAMOS CURAR SINTRA
mapa_anexo.xlsx,1198,AL2021,111108,Sintra,Rio de Mouro,AF,[A],coalition,PPD/PSD.CDS-PP.A.MPT.PDR.PPM.R.I.R,COLIGAÇÃO VAMOS CURAR SINTRA
mapa_anexo.xlsx,1199,AL2021,111115,Sintra,Casal de Cambra,AF,[A],coalition,PPD/PSD.CDS-PP.A.MPT.PDR.PPM.R.I.R,COLIGAÇÃO VAMOS CURAR SINTRA
mapa_anexo.xlsx,1200,AL2021,111122,Sintra,União das freguesias de Agualva e Mira-Sintra,AF,[A],coalition,PPD/PSD.CDS-PP.A.MPT.PDR.PPM.R.I.R,COLIGAÇÃO VAMOS CURAR SINTRA
mapa_anexo.xlsx,1201,AL2021,111123,Sintra,"União das freguesias de Almargem do Bispo, Pêro Pinheiro e Montelavar",AF,[A],coalition,PPD/PSD.CDS-PP.A.MPT.PDR.PPM.R.I.R,COLIGAÇÃO VAMOS CURAR SINTRA
mapa_anexo.xlsx,1202,AL2021,111124,Sintra,União das freguesias do Cacém e São Marcos,AF,[A],coalition,PPD/PSD.CDS-PP.A.MPT.PDR.PPM.R.I.R,COLIGAÇÃO VAMOS CURAR SINTRA
mapa_anexo.xlsx,1203,AL2021,111125,Sintra,União das freguesias de Massamá e Monte Abraão,AF,[A],coalition,PPD/PSD.CDS-PP.A.MPT.PDR.PPM.R.I.R,COLIGAÇÃO VAMOS CURAR SINTRA
mapa_anexo.xlsx,1204,AL2021,111126,Sintra,União das freguesias de Queluz e Belas,AF,[A],coalition,PPD/PSD.CDS-PP.A.MPT.PDR.PPM.R.I.R,COLIGAÇÃO VAMOS CURAR SINTRA
mapa_anexo.xlsx,1205,AL2021,111127,Sintra,União das freguesias de São João das Lampas e Terrugem,AF,[A],coalition,PPD/PSD.CDS-PP.A.MPT.PDR.PPM.R.I.R,COLIGAÇÃO VAMOS CURAR SINTRA
mapa_anexo.xlsx,1206,AL2021,111128,Sintra,"União das freguesias de Sintra (Santa Maria e São Miguel, São Martinho e São Pedro de Penaferrim)",AF,[A],coalition,PPD/PSD.CDS-PP.A.MPT.PDR.PPM.R.I.R,COLIGAÇÃO VAMOS CURAR SINTRA
mapa_anexo.xlsx,1207,AL2021,111200,Sobral de Monte Agraço,,CM,[A],coalition,PPD/PSD.CDS-PP,JUNTOS PELA NOSSA TERRA
mapa_anexo.xlsx,1208,AL2021,111200,Sobral de Monte Agraço,,AM,[A],coalition,PPD/PSD.CDS-PP,JUNTOS PELA NOSSA TERRA
mapa_anexo.xlsx,1209,AL2021,111201,Sobral de Monte Agraço,Santo Quintino,AF,[A],coalition,PPD/PSD.CDS-PP,JUNTOS PELA NOSSA TERRA
mapa_anexo.xlsx,1210,AL2021,111202,Sobral de Monte Agraço,Sapataria,AF,[A],coalition,PPD/PSD.CDS-PP,JUNTOS PELA NOSSA TERRA
mapa_anexo.xlsx,1210,AL2021,111202,Sobral de Monte Agraço,Sapataria,AF,[D],citizen_group,MOVE-TE,Move-te pela Freguesia
mapa_anexo.xlsx,1211,AL2021,111203,Sobral de Monte Agraço,Sobral de Monte Agraço,AF,[A],coalition,PPD/PSD.CDS-PP,JUNTOS PELA NOSSA TERRA
mapa_anexo.xlsx,1212,AL2021,111300,Torres Vedras,,CM,[A],coalition,PPD/PSD.CDS-PP.PPM,AFIRMAR TORRES VEDRAS
mapa_anexo.xlsx,1212,AL2021,111300,Torres Vedras,,CM,[D],citizen_group,UTV,Unidos por Torres Vedras - Movimento Cívico
mapa_anexo.xlsx,1213,AL2021,111300,Torres Vedras,,AM,[A],coalition,PPD/PSD.CDS-PP.PPM,AFIRMAR TORRES VEDRAS
mapa_anexo.xlsx,1213,AL2021,111300,Torres Vedras,,AM,[D],citizen_group,UTV,Unidos por Torres Vedras - Movimento Cívico
mapa_anexo.xlsx,1214,AL2021,111306,Torres Vedras,Freiria,AF,[A],coalition,PPD/PSD.CDS-PP.PPM,AFIRMAR TORRES VEDRAS
mapa_anexo.xlsx,1215,AL2021,111310,Torres Vedras,Ponte do Rol,AF,[A],coalition,PPD/PSD.CDS-PP.PPM,AFIRMAR TORRES VEDRAS
mapa_anexo.xlsx,1216,AL2021,111311,Torres Vedras,Ramalhal,AF,[A],coalition,PPD/PSD.CDS-PP.PPM,AFIRMAR TORRES VEDRAS
mapa_anexo.xlsx,1217,AL2021,111314,Torres Vedras,São Pedro da Cadeira,AF,[A],coalition,PPD/PSD.CDS-PP.PPM,AFIRMAR TORRES VEDRAS
mapa_anexo.xlsx,1218,AL2021,111316,Torres Vedras,Silveira,AF,[A],coalition,PPD/PSD.CDS-PP.PPM,AFIRMAR TORRES VEDRAS
mapa_anexo.xlsx,1219,AL2021,111317,Torres Vedras,Turcifal,AF,[A],coalition,PPD/PSD.CDS-PP.PPM,AFIRMAR TORRES VEDRAS
mapa_anexo.xlsx,1220,AL2021,111318,Torres Vedras,Ventosa,AF,[A],coalition,PPD/PSD.CDS-PP.PPM,AFIRMAR TORRES VEDRAS
mapa_anexo.xlsx,1221,AL2021,111321,Torres Vedras,União das freguesias de A dos Cunhados e Maceira,AF,[A],coalition,PPD/PSD.CDS-PP.PPM,AFIRMAR TORRES VEDRAS
mapa_anexo.xlsx,1222,AL2021,111322,Torres Vedras,União das freguesias de Campelos e Outeiro da Cabeça,AF,[A],coalition,PPD/PSD.CDS-PP.PPM,AFIRMAR TORRES VEDRAS
mapa_anexo.xlsx,1223,AL2021,111323,Torres Vedras,União das freguesias de Carvoeira e Carmões,AF,[A],coalition,PPD/PSD.CDS-PP.PPM,AFIRMAR TORRES VEDRAS
mapa_anexo.xlsx,1224,AL2021,111324,Torres Vedras,União das freguesias de Dois Portos e Runa,AF,[A],coalition,PPD/PSD.CDS-PP.PPM,AFIRMAR TORRES VEDRAS
mapa_anexo.xlsx,1225,AL2021,111325,Torres Vedras,União das freguesias de Maxial e Monte Redondo,AF,[A],coalition,PPD/PSD.CDS-PP.PPM,AFIRMAR TORRES VEDRAS
mapa_anexo.xlsx,1226,AL2021,111326,Torres Vedras,"Santa Maria, São Pedro e Matacães",AF,[A],coalition,PPD/PSD.CDS-PP.PPM,AFIRMAR TORRES VEDRAS
mapa_anexo.xlsx,1226,AL2021,111326,Torres Vedras,"Santa Maria, São Pedro e Matacães",AF,[D],citizen_group,UTV,Unidos por Torres Vedras - Movimento Cívico
mapa_anexo.xlsx,1229,AL2021,111408,Vila Franca de Xira,Vialonga,AF,[A],coalition,PPD/PSD.CDS-PP.MPT.PPM,NOVA GERAÇÃO 2021
mapa_anexo.xlsx,1230,AL2021,111409,Vila Franca de Xira,Vila Franca de Xira,AF,[A],coalition,PPD/PSD.CDS-PP.MPT.PPM,NOVA GERAÇÃO 2021
mapa_anexo.xlsx,1231,AL2021,111412,Vila Franca de Xira,"União das freguesias de Alhandra, São João dos Montes e Calhandriz",AF,[A],coalition,PPD/PSD.CDS-PP.MPT.PPM,NOVA GERAÇÃO 2021
mapa_anexo.xlsx,1232,AL2021,111413,Vila Franca de Xira,União das freguesias de Alverca do Ribatejo e Sobralinho,AF,[A],coalition,PPD/PSD.CDS-PP.MPT.PPM,NOVA GERAÇÃO 2021
mapa_anexo.xlsx,1233,AL2021,111414,Vila Franca de Xira,União das freguesias de Castanheira do Ribatejo e Cachoeiras,AF,[A],coalition,PPD/PSD.CDS-PP.MPT.PPM,NOVA GERAÇÃO 2021
mapa_anexo.xlsx,1233,AL2021,111414,Vila Franca de Xira,União das freguesias de Castanheira do Ribatejo e Cachoeiras,AF,[D],citizen_group,U-MICRC,Unidos- Movimento Independente pela Castanheira do Ribatejo e Cachoeiras
mapa_anexo.xlsx,1234,AL2021,111415,Vila Franca de Xira,União das freguesias de Póvoa de Santa Iria e Forte da Casa,AF,[A],coalition,PPD/PSD.CDS-PP.MPT.PPM,NOVA GERAÇÃO 2021
mapa_anexo.xlsx,1234,AL2021,111415,Vila Franca de Xira,União das freguesias de Póvoa de Santa Iria e Forte da Casa,AF,[D],citizen_group,AIPMF,António Inácio - Póvoa Mais Forte
mapa_anexo.xlsx,1237,AL2021,111512,Amadora,Alfragide,AF,[A],coalition,PPD/PSD.CDS-PP.A.MPT.PDR,DAR VOZ À AMADORA
mapa_anexo.xlsx,1238,AL2021,111513,Amadora,Águas Livres,AF,[A],coalition,PPD/PSD.CDS-PP.A.MPT.PDR,DAR VOZ À AMADORA
mapa_anexo.xlsx,1239,AL2021,111514,Amadora,Encosta do Sol,AF,[A],coalition,PPD/PSD.CDS-PP.A.MPT.PDR,DAR VOZ À AMADORA
mapa_anexo.xlsx,1239,AL2021,111514,Amadora,Encosta do Sol,AF,[B],coalition,PPM/R.I.R.,Amadora Contigo
mapa_anexo.xlsx,1240,AL2021,111515,Amadora,Falagueira - Venda Nova,AF,[A],coalition,PPD/PSD.CDS-PP.A.MPT.PDR,DAR VOZ À AMADORA
mapa_anexo.xlsx,1241,AL2021,111516,Amadora,Mina de Água,AF,[A],coalition,PPD/PSD.CDS-PP.A.MPT.PDR,DAR VOZ À AMADORA
mapa_anexo.xlsx,1241,AL2021,111516,Amadora,Mina de Água,AF,[B],coalition,PPM/R.I.R.,Amadora Contigo
mapa_anexo.xlsx,1242,AL2021,111517,Amadora,Venteira,AF,[A],coalition,PPD/PSD.CDS-PP.A.MPT.PDR,DAR VOZ À AMADORA
mapa_anexo.xlsx,1242,AL2021,111517,Amadora,Venteira,AF,[B],coalition,PPM/R.I.R.,Amadora Contigo
mapa_anexo.xlsx,1243,AL2021,111600,Odivelas,,CM,[A],coalition,PPD/PSD.CDS-PP.A.MPT.PDR.PPM.R.I.R,ODIVELAS: A MUDANÇA É AGORA!
mapa_anexo.xlsx,1244,AL2021,111600,Odivelas,,AM,[A],coalition,PPD/PSD.CDS-PP.A.MPT.PDR.PPM.R.I.R,ODIVELAS: A MUDANÇA É AGORA!
mapa_anexo.xlsx,1245,AL2021,111603,Odivelas,Odivelas,AF,[A],coalition,PPD/PSD.CDS-PP.A.MPT.PDR.PPM.R.I.R,ODIVELAS: A MUDANÇA É AGORA!
mapa_anexo.xlsx,1246,AL2021,111608,Odivelas,União das freguesias de Pontinha e Famões,AF,[A],coalition,PPD/PSD.CDS-PP.A.MPT.PDR.PPM.R.I.R,ODIVELAS: A MUDANÇA É AGORA!
mapa_anexo.xlsx,1247,AL2021,111609,Odivelas,União das freguesias de Póvoa de Santo Adrião e Olival Basto,AF,[A],coalition,PPD/PSD.CDS-PP.A.MPT.PDR.PPM.R.I.R,ODIVELAS: A MUDANÇA É AGORA!
mapa_anexo.xlsx,1248,AL2021,111610,Odivelas,União das freguesias de Ramada e Caneças,AF,[A],coalition,PPD/PSD.CDS-PP.A.MPT.PDR.PPM.R.I.R,ODIVELAS: A MUDANÇA É AGORA!
mapa_anexo.xlsx,1250,AL2021,120100,Alter do Chão,,CM,[A],coalition,PPD/PSD.CDS-PP,FAZEMOS MELHOR
mapa_anexo.xlsx,1251,AL2021,120100,Alter do Chão,,AM,[A],coalition,PPD/PSD.CDS-PP,FAZEMOS MELHOR
mapa_anexo.xlsx,1252,AL2021,120101,Alter do Chão,Alter do Chão,AF,[A],coalition,PPD/PSD.CDS-PP,FAZEMOS MELHOR
mapa_anexo.xlsx,1253,AL2021,120102,Alter do Chão,Chancelaria,AF,[A],coalition,PPD/PSD.CDS-PP,FAZEMOS MELHOR
mapa_anexo.xlsx,1254,AL2021,120103,Alter do Chão,Seda,AF,[A],coalition,PPD/PSD.CDS-PP,FAZEMOS MELHOR
mapa_anexo.xlsx,1255,AL2021,120104,Alter do Chão,Cunheira,AF,[A],coalition,PPD/PSD.CDS-PP,FAZEMOS MELHOR
mapa_anexo.xlsx,1256,AL2021,120300,Avis,,CM,[D],citizen_group,GCA,Grupo de Cidadãos por Avis
mapa_anexo.xlsx,1257,AL2021,120300,Avis,,AM,[D],citizen_group,GCA,Grupo de Cidadãos por Avis
mapa_anexo.xlsx,1258,AL2021,120303,Avis,Avis,AF,[D],citizen_group,GCA,Grupo de Cidadãos por Avis
mapa_anexo.xlsx,1259,AL2021,120305,Avis,Ervedal,AF,[D],citizen_group,GCA,Grupo de Cidadãos por Avis
mapa_anexo.xlsx,1260,AL2021,120306,Avis,Figueira e Barros,AF,[D],citizen_group,GCA,Grupo de Cidadãos por Avis
mapa_anexo.xlsx,1261,AL2021,120309,Avis,União das freguesias de Alcórrego e Maranhão,AF,[D],citizen_group,GCA,Grupo de Cidadãos por Avis
mapa_anexo.xlsx,1262,AL2021,120310,Avis,União das freguesias de Benavila e Valongo,AF,[D],citizen_group,GCA,Grupo de Cidadãos por Avis
mapa_anexo.xlsx,1263,AL2021,120700,Elvas,,CM,[A],coalition,PPD/PSD.CDS-PP,ELVAS SOMOS NÓS
mapa_anexo.xlsx,1263,AL2021,120700,Elvas,,CM,[D],citizen_group,MCPE,Movimento Cívico por Elvas
mapa_anexo.xlsx,1264,AL2021,120700,Elvas,,AM,[A],coalition,PPD/PSD.CDS-PP,ELVAS SOMOS NÓS
mapa_anexo.xlsx,1264,AL2021,120700,Elvas,,AM,[D],citizen_group,MCPE,Movimento Cívico por Elvas
mapa_anexo.xlsx,1265,AL2021,120706,Elvas,Santa Eulália,AF,[A],coalition,PPD/PSD.CDS-PP,ELVAS SOMOS NÓS
mapa_anexo.xlsx,1265,AL2021,120706,Elvas,Santa Eulália,AF,[D],citizen_group,MCPE,Movimento Cívico por Elvas
mapa_anexo.xlsx,1266,AL2021,120707,Elvas,São Brás e São Lourenço,AF,[A],coalition,PPD/PSD.CDS-PP,ELVAS SOMOS NÓS
mapa_anexo.xlsx,1266,AL2021,120707,Elvas,São Brás e São Lourenço,AF,[D],citizen_group,MCPE,Movimento Cívico por Elvas
mapa_anexo.xlsx,1267,AL2021,120708,Elvas,São Vicente e Ventosa,AF,[A],coalition,PPD/PSD.CDS-PP,ELVAS SOMOS NÓS
mapa_anexo.xlsx,1267,AL2021,120708,Elvas,São Vicente e Ventosa,AF,[D],citizen_group,MCPE,Movimento Cívico por Elvas
mapa_anexo.xlsx,1268,AL2021,120712,Elvas,"Assunção, Ajuda, Salvador e Santo Ildefonso",AF,[A],coalition,PPD/PSD.CDS-PP,ELVAS SOMOS NÓS
mapa_anexo.xlsx,1268,AL2021,120712,Elvas,"Assunção, Ajuda, Salvador e Santo Ildefonso",AF,[D],citizen_group,MCPE,Movimento Cívico por Elvas
mapa_anexo.xlsx,1269,AL2021,120713,Elvas,"Caia, São Pedro e Alcáçova",AF,[A],coalition,PPD/PSD.CDS-PP,ELVAS SOMOS NÓS
mapa_anexo.xlsx,1269,AL2021,120713,Elvas,"Caia, São Pedro e Alcáçova",AF,[D],citizen_group,MCPE,Movimento Cívico por Elvas
mapa_anexo.xlsx,1270,AL2021,120714,Elvas,União das freguesias de Barbacena e Vila Fernando,AF,[A],coalition,PPD/PSD.CDS-PP,ELVAS SOMOS NÓS
mapa_anexo.xlsx,1270,AL2021,120714,Elvas,União das freguesias de Barbacena e Vila Fernando,AF,[D],citizen_group,MCPE,Movimento Cívico por Elvas
mapa_anexo.xlsx,1271,AL2021,120715,Elvas,União das freguesias de Terrugem e Vila Boim,AF,[A],coalition,PPD/PSD.CDS-PP,ELVAS SOMOS NÓS
mapa_anexo.xlsx,1271,AL2021,120715,Elvas,União das freguesias de Terrugem e Vila Boim,AF,[D],citizen_group,MCPE,Movimento Cívico por Elvas
mapa_anexo.xlsx,1272,AL2021,120802,Fronteira,Fronteira,AF,[A],coalition,MPT.PDR,VALORIZAR FRONTEIRA
mapa_anexo.xlsx,1273,AL2021,121000,Marvão,,CM,[A],coalition,PPD/PSD.CDS-PP,MARVÃO À FRENTE
mapa_anexo.xlsx,1274,AL2021,121000,Marvão,,AM,[A],coalition,PPD/PSD.CDS-PP,MARVÃO À FRENTE
mapa_anexo.xlsx,1275,AL2021,121001,Marvão,Beirã,AF,[A],coalition,PPD/PSD.CDS-PP,MARVÃO À FRENTE
mapa_anexo.xlsx,1276,AL2021,121002,Marvão,Santa Maria de Marvão,AF,[A],coalition,PPD/PSD.CDS-PP,MARVÃO À FRENTE
mapa_anexo.xlsx,1277,AL2021,121003,Marvão,Santo António das Areias,AF,[A],coalition,PPD/PSD.CDS-PP,MARVÃO À FRENTE
mapa_anexo.xlsx,1278,AL2021,121004,Marvão,São Salvador da Aramenha,AF,[A],coalition,PPD/PSD.CDS-PP,MARVÃO À FRENTE
mapa_anexo.xlsx,1281,AL2021,121302,Ponte de Sor,Montargil,AF,[A],coalition,PPD/PSD.CDS-PP,"SIM, É POSSÍVEL FAZER MELHOR!"
mapa_anexo.xlsx,1282,AL2021,121305,Ponte de Sor,Longomel,AF,[A],coalition,PPD/PSD.CDS-PP,"SIM, É POSSÍVEL FAZER MELHOR!"
mapa_anexo.xlsx,1283,AL2021,121308,Ponte de Sor,"União das freguesias de Ponte de Sor, Tramaga e Vale de Açor",AF,[A],coalition,PPD/PSD.CDS-PP,"SIM, É POSSÍVEL FAZER MELHOR!"
mapa_anexo.xlsx,1284,AL2021,121400,Portalegre,,CM,[A],coalition,PPD/PSD.CDS-PP,POR PORTALEGRE
mapa_anexo.xlsx,1284,AL2021,121400,Portalegre,,CM,[D],citizen_group,CLIP,Candidatura Livre Independente por Portalegre
mapa_anexo.xlsx,1285,AL2021,121400,Portalegre,,AM,[A],coalition,PPD/PSD.CDS-PP,POR PORTALEGRE
mapa_anexo.xlsx,1285,AL2021,121400,Portalegre,,AM,[D],citizen_group,CLIP,Candidatura Livre Independente por Portalegre
mapa_anexo.xlsx,1286,AL2021,121401,Portalegre,Alagoa,AF,[A],coalition,PPD/PSD.CDS-PP,POR PORTALEGRE
mapa_anexo.xlsx,1286,AL2021,121401,Portalegre,Alagoa,AF,[D],citizen_group,CLIP,Candidatura Livre Independente por Portalegre
mapa_anexo.xlsx,1287,AL2021,121402,Portalegre,Alegrete,AF,[A],coalition,PPD/PSD.CDS-PP,POR PORTALEGRE
mapa_anexo.xlsx,1287,AL2021,121402,Portalegre,Alegrete,AF,[D],citizen_group,CLIP,Candidatura Livre Independente por Portalegre
mapa_anexo.xlsx,1288,AL2021,121404,Portalegre,Fortios,AF,[A],coalition,PPD/PSD.CDS-PP,POR PORTALEGRE
mapa_anexo.xlsx,1288,AL2021,121404,Portalegre,Fortios,AF,[D],citizen_group,CLIP,Candidatura Livre Independente por Portalegre
mapa_anexo.xlsx,1289,AL2021,121410,Portalegre,Urra,AF,[A],coalition,PPD/PSD.CDS-PP,POR PORTALEGRE
mapa_anexo.xlsx,1289,AL2021,121410,Portalegre,Urra,AF,[D],citizen_group,CLIP,Candidatura Livre Independente por Portalegre
mapa_anexo.xlsx,1290,AL2021,121411,Portalegre,União das freguesias da Sé e São Lourenço,AF,[A],coalition,PPD/PSD.CDS-PP,POR PORTALEGRE
mapa_anexo.xlsx,1290,AL2021,121411,Portalegre,União das freguesias da Sé e São Lourenço,AF,[D],citizen_group,CLIP,Candidatura Livre Independente por Portalegre
mapa_anexo.xlsx,1291,AL2021,121412,Portalegre,União das freguesias de Reguengo e São Julião,AF,[A],coalition,PPD/PSD.CDS-PP,POR PORTALEGRE
mapa_anexo.xlsx,1291,AL2021,121412,Portalegre,União das freguesias de Reguengo e São Julião,AF,[D],citizen_group,CLIP,Candidatura Livre Independente por Portalegre
mapa_anexo.xlsx,1292,AL2021,121413,Portalegre,União das freguesias de Ribeira de Nisa e Carreiras,AF,[A],coalition,PPD/PSD.CDS-PP,POR PORTALEGRE
mapa_anexo.xlsx,1292,AL2021,121413,Portalegre,União das freguesias de Ribeira de Nisa e Carreiras,AF,[D],citizen_group,CLIP,Candidatura Livre Independente por Portalegre
mapa_anexo.xlsx,1294,AL2021,130103,Amarante,Ansiães,AF,[D],citizen_group,JPA,Grupo de Cidadãos Eleitores- Juntos por Ansiães-JPA
mapa_anexo.xlsx,1295,AL2021,130200,Baião,,CM,[A],coalition,PPD/PSD.CDS-PP,COM DETERMINAÇÃO POR BAIÃO
mapa_anexo.xlsx,1296,AL2021,130200,Baião,,AM,[A],coalition,PPD/PSD.CDS-PP,COM DETERMINAÇÃO POR BAIÃO
mapa_anexo.xlsx,1297,AL2021,130204,Baião,Frende,AF,[A],coalition,PPD/PSD.CDS-PP,COM DETERMINAÇÃO POR BAIÃO
mapa_anexo.xlsx,1298,AL2021,130205,Baião,Gestaçô,AF,[A],coalition,PPD/PSD.CDS-PP,COM DETERMINAÇÃO POR BAIÃO
mapa_anexo.xlsx,1299,AL2021,130206,Baião,Gove,AF,[A],coalition,PPD/PSD.CDS-PP,COM DETERMINAÇÃO POR BAIÃO
mapa_anexo.xlsx,1300,AL2021,130207,Baião,Grilo,AF,[A],coalition,PPD/PSD.CDS-PP,COM DETERMINAÇÃO POR BAIÃO
mapa_anexo.xlsx,1301,AL2021,130208,Baião,Loivos do Monte,AF,[A],coalition,PPD/PSD.CDS-PP,COM DETERMINAÇÃO POR BAIÃO
mapa_anexo.xlsx,1302,AL2021,130215,Baião,Santa Marinha do Zêzere,AF,[A],coalition,PPD/PSD.CDS-PP,COM DETERMINAÇÃO POR BAIÃO
mapa_anexo.xlsx,1303,AL2021,130219,Baião,Valadares,AF,[A],coalition,PPD/PSD.CDS-PP,COM DETERMINAÇÃO POR BAIÃO
mapa_anexo.xlsx,1304,AL2021,130220,Baião,Viariz,AF,[A],coalition,PPD/PSD.CDS-PP,COM DETERMINAÇÃO POR BAIÃO
mapa_anexo.xlsx,1305,AL2021,130221,Baião,União das freguesias de Ancede e Ribadouro,AF,[A],coalition,PPD/PSD.CDS-PP,COM DETERMINAÇÃO POR BAIÃO
mapa_anexo.xlsx,1306,AL2021,130222,Baião,União das freguesias de Baião (Santa Leocádia) e Mesquinhata,AF,[A],coalition,PPD/PSD.CDS-PP,COM DETERMINAÇÃO POR BAIÃO
mapa_anexo.xlsx,1307,AL2021,130223,Baião,União das freguesias de Campelo e Ovil,AF,[A],coalition,PPD/PSD.CDS-PP,COM DETERMINAÇÃO POR BAIÃO
mapa_anexo.xlsx,1308,AL2021,130224,Baião,União das freguesias de Loivos da Ribeira e Tresouras,AF,[A],coalition,PPD/PSD.CDS-PP,COM DETERMINAÇÃO POR BAIÃO
mapa_anexo.xlsx,1309,AL2021,130225,Baião,União das freguesias de Santa Cruz do Douro e São Tomé de Covelas,AF,[A],coalition,PPD/PSD.CDS-PP,COM DETERMINAÇÃO POR BAIÃO
mapa_anexo.xlsx,1310,AL2021,130226,Baião,União das freguesias de Teixeira e Teixeiró,AF,[A],coalition,PPD/PSD.CDS-PP,COM DETERMINAÇÃO POR BAIÃO
mapa_anexo.xlsx,1311,AL2021,130300,Felgueiras,,CM,[A],coalition,L.PS,SIM ACREDITA
mapa_anexo.xlsx,1311,AL2021,130300,Felgueiras,,CM,[B],coalition,PPD/PSD.PPM,«JUNTOS POR FELGUEIRAS»
mapa_anexo.xlsx,1312,AL2021,130300,Felgueiras,,AM,[A],coalition,L.PS,SIM ACREDITA
mapa_anexo.xlsx,1312,AL2021,130300,Felgueiras,,AM,[B],coalition,PPD/PSD.PPM,«JUNTOS POR FELGUEIRAS»
mapa_anexo.xlsx,1313,AL2021,130301,Felgueiras,Aião,AF,[A],coalition,L.PS,SIM ACREDITA
mapa_anexo.xlsx,1314,AL2021,130302,Felgueiras,Airães,AF,[A],coalition,L.PS,SIM ACREDITA
mapa_anexo.xlsx,1314,AL2021,130302,Felgueiras,Airães,AF,[B],coalition,PPD/PSD.PPM,«JUNTOS POR FELGUEIRAS»
mapa_anexo.xlsx,1315,AL2021,130305,Felgueiras,Friande,AF,[A],coalition,L.PS,SIM ACREDITA
mapa_anexo.xlsx,1315,AL2021,130305,Felgueiras,Friande,AF,[B],coalition,PPD/PSD.PPM,«JUNTOS POR FELGUEIRAS»
mapa_anexo.xlsx,1316,AL2021,130306,Felgueiras,Idães,AF,[A],coalition,L.PS,SIM ACREDITA
mapa_anexo.xlsx,1316,AL2021,130306,Felgueiras,Idães,AF,[B],coalition,PPD/PSD.PPM,«JUNTOS POR FELGUEIRAS»
mapa_anexo.xlsx,1316,AL2021,130306,Felgueiras,Idães,AF,[D],citizen_group,V.I.,Movimento Independente Viver Idães
mapa_anexo.xlsx,1317,AL2021,130307,Felgueiras,Jugueiros,AF,[A],coalition,L.PS,SIM ACREDITA
mapa_anexo.xlsx,1317,AL2021,130307,Felgueiras,Jugueiros,AF,[B],coalition,PPD/PSD.PPM,«JUNTOS POR FELGUEIRAS»
mapa_anexo.xlsx,1318,AL2021,130313,Felgueiras,Penacova,AF,[A],coalition,L.PS,SIM ACREDITA
mapa_anexo.xlsx,1319,AL2021,130314,Felgueiras,Pinheiro,AF,[A],coalition,L.PS,SIM ACREDITA
mapa_anexo.xlsx,1319,AL2021,130314,Felgueiras,Pinheiro,AF,[B],coalition,PPD/PSD.PPM,«JUNTOS POR FELGUEIRAS»
mapa_anexo.xlsx,1320,AL2021,130315,Felgueiras,Pombeiro de Ribavizela,AF,[A],coalition,L.PS,SIM ACREDITA
mapa_anexo.xlsx,1320,AL2021,130315,Felgueiras,Pombeiro de Ribavizela,AF,[B],coalition,PPD/PSD.PPM,«JUNTOS POR FELGUEIRAS»
mapa_anexo.xlsx,1321,AL2021,130317,Felgueiras,Refontoura,AF,[A],coalition,L.PS,SIM ACREDITA
mapa_anexo.xlsx,1321,AL2021,130317,Felgueiras,Refontoura,AF,[B],coalition,PPD/PSD.PPM,«JUNTOS POR FELGUEIRAS»
mapa_anexo.xlsx,1322,AL2021,130318,Felgueiras,Regilde,AF,[A],coalition,L.PS,SIM ACREDITA
mapa_anexo.xlsx,1323,AL2021,130319,Felgueiras,Revinhade,AF,[A],coalition,L.PS,SIM ACREDITA
mapa_anexo.xlsx,1324,AL2021,130324,Felgueiras,Sendim,AF,[A],coalition,L.PS,SIM ACREDITA
mapa_anexo.xlsx,1324,AL2021,130324,Felgueiras,Sendim,AF,[B],coalition,PPD/PSD.PPM,«JUNTOS POR FELGUEIRAS»
mapa_anexo.xlsx,1325,AL2021,130334,Felgueiras,União das freguesias de Macieira da Lixa e Caramos,AF,[A],coalition,L.PS,SIM ACREDITA
mapa_anexo.xlsx,1325,AL2021,130334,Felgueiras,União das freguesias de Macieira da Lixa e Caramos,AF,[B],coalition,PPD/PSD.PPM,«JUNTOS POR FELGUEIRAS»
mapa_anexo.xlsx,1326,AL2021,130335,Felgueiras,"União das freguesias de Margaride (Santa Eulália), Várzea, Lagares, Varziela e Moure",AF,[A],coalition,L.PS,SIM ACREDITA
mapa_anexo.xlsx,1326,AL2021,130335,Felgueiras,"União das freguesias de Margaride (Santa Eulália), Várzea, Lagares, Varziela e Moure",AF,[B],coalition,PPD/PSD.PPM,«JUNTOS POR FELGUEIRAS»
mapa_anexo.xlsx,1327,AL2021,130336,Felgueiras,"União das freguesias de Pedreira, Rande e Sernande",AF,[A],coalition,L.PS,SIM ACREDITA
mapa_anexo.xlsx,1327,AL2021,130336,Felgueiras,"União das freguesias de Pedreira, Rande e Sernande",AF,[B],coalition,PPD/PSD.PPM,«JUNTOS POR FELGUEIRAS»
mapa_anexo.xlsx,1328,AL2021,130337,Felgueiras,União das freguesias de Torrados e Sousa,AF,[A],coalition,L.PS,SIM ACREDITA
mapa_anexo.xlsx,1328,AL2021,130337,Felgueiras,União das freguesias de Torrados e Sousa,AF,[B],coalition,PPD/PSD.PPM,«JUNTOS POR FELGUEIRAS»
mapa_anexo.xlsx,1329,AL2021,130338,Felgueiras,União das freguesias de Unhão e Lordelo,AF,[A],coalition,L.PS,SIM ACREDITA
mapa_anexo.xlsx,1329,AL2021,130338,Felgueiras,União das freguesias de Unhão e Lordelo,AF,[B],coalition,PPD/PSD.PPM,«JUNTOS POR FELGUEIRAS»
mapa_anexo.xlsx,1330,AL2021,130339,Felgueiras,União das freguesias de Vila Cova da Lixa e Borba de Godim,AF,[A],coalition,L.PS,SIM ACREDITA
mapa_anexo.xlsx,1330,AL2021,130339,Felgueiras,União das freguesias de Vila Cova da Lixa e Borba de Godim,AF,[B],coalition,PPD/PSD.PPM,«JUNTOS POR FELGUEIRAS»
mapa_anexo.xlsx,1331,AL2021,130340,Felgueiras,União das freguesias de Vila Fria e Vizela (São Jorge),AF,[A],coalition,L.PS,SIM ACREDITA
mapa_anexo.xlsx,1332,AL2021,130341,Felgueiras,União das freguesias de Vila Verde e Santão,AF,[D],citizen_group,SI,Somos Independentes
mapa_anexo.xlsx,1335,AL2021,130405,Gondomar,Lomba,AF,[A],coalition,PPD/PSD.CDS-PP,GONDOMAR NAS TUAS MÃOS
mapa_anexo.xlsx,1336,AL2021,130408,Gondomar,Rio Tinto,AF,[A],coalition,PPD/PSD.CDS-PP,GONDOMAR NAS TUAS MÃOS
mapa_anexo.xlsx,1337,AL2021,130412,Gondomar,Baguim do Monte (Rio Tinto),AF,[A],coalition,PPD/PSD.CDS-PP,GONDOMAR NAS TUAS MÃOS
mapa_anexo.xlsx,1338,AL2021,130413,Gondomar,União das freguesias de Fânzeres e São Pedro da Cova,AF,[A],coalition,PPD/PSD.CDS-PP,GONDOMAR NAS TUAS MÃOS
mapa_anexo.xlsx,1339,AL2021,130414,Gondomar,União das freguesias de Foz do Sousa e Covelo,AF,[A],coalition,PPD/PSD.CDS-PP,GONDOMAR NAS TUAS MÃOS
mapa_anexo.xlsx,1339,AL2021,130414,Gondomar,União das freguesias de Foz do Sousa e Covelo,AF,[D],citizen_group,CT,Contamos Com Todos
mapa_anexo.xlsx,1339,AL2021,130414,Gondomar,União das freguesias de Foz do Sousa e Covelo,AF,[E],citizen_group,IS,Movimento Independente Isidro Sousa - IS
mapa_anexo.xlsx,1340,AL2021,130415,Gondomar,"União das freguesias de Gondomar (São Cosme), Valbom e Jovim",AF,[A],coalition,PPD/PSD.CDS-PP,GONDOMAR NAS TUAS MÃOS
mapa_anexo.xlsx,1341,AL2021,130416,Gondomar,União das freguesias de Melres e Medas,AF,[A],coalition,PPD/PSD.CDS-PP,GONDOMAR NAS TUAS MÃOS
mapa_anexo.xlsx,1342,AL2021,130500,Lousada,,CM,[A],coalition,PPD/PSD.CDS-PP,ACREDITAR LOUSADA
mapa_anexo.xlsx,1343,AL2021,130500,Lousada,,AM,[A],coalition,PPD/PSD.CDS-PP,ACREDITAR LOUSADA
mapa_anexo.xlsx,1344,AL2021,130502,Lousada,Aveleda,AF,[A],coalition,PPD/PSD.CDS-PP,ACREDITAR LOUSADA
mapa_anexo.xlsx,1345,AL2021,130504,Lousada,Caíde de Rei,AF,[A],coalition,PPD/PSD.CDS-PP,ACREDITAR LOUSADA
mapa_anexo.xlsx,1346,AL2021,130510,Lousada,Lodares,AF,[A],coalition,PPD/PSD.CDS-PP,ACREDITAR LOUSADA
mapa_anexo.xlsx,1347,AL2021,130512,Lousada,Macieira,AF,[A],coalition,PPD/PSD.CDS-PP,ACREDITAR LOUSADA
mapa_anexo.xlsx,1348,AL2021,130513,Lousada,Meinedo,AF,[A],coalition,PPD/PSD.CDS-PP,ACREDITAR LOUSADA
mapa_anexo.xlsx,1349,AL2021,130515,Lousada,Nevogilde,AF,[A],coalition,PPD/PSD.CDS-PP,ACREDITAR LOUSADA
mapa_anexo.xlsx,1350,AL2021,130524,Lousada,Sousela,AF,[A],coalition,PPD/PSD.CDS-PP,ACREDITAR LOUSADA
mapa_anexo.xlsx,1351,AL2021,130525,Lousada,Torno,AF,[A],coalition,PPD/PSD.CDS-PP,ACREDITAR LOUSADA
mapa_anexo.xlsx,1352,AL2021,130527,Lousada,União das freguesias de Cernadelo e Lousada (São Miguel e Santa Margarida),AF,[A],coalition,PPD/PSD.CDS-PP,ACREDITAR LOUSADA
mapa_anexo.xlsx,1353,AL2021,130528,Lousada,"União das freguesias de Cristelos, Boim e Ordem",AF,[A],coalition,PPD/PSD.CDS-PP,ACREDITAR LOUSADA
mapa_anexo.xlsx,1354,AL2021,130529,Lousada,União das freguesias de Figueiras e Covas,AF,[A],coalition,PPD/PSD.CDS-PP,ACREDITAR LOUSADA
mapa_anexo.xlsx,1355,AL2021,130530,Lousada,União das freguesias de Lustosa e Barrosas (Santo Estêvão),AF,[A],coalition,PPD/PSD.CDS-PP,ACREDITAR LOUSADA
mapa_anexo.xlsx,1356,AL2021,130531,Lousada,União das freguesias de Nespereira e Casais,AF,[A],coalition,PPD/PSD.CDS-PP,ACREDITAR LOUSADA
mapa_anexo.xlsx,1357,AL2021,130532,Lousada,"União das freguesias de Silvares, Pias, Nogueira e Alvarenga",AF,[A],coalition,PPD/PSD.CDS-PP,ACREDITAR LOUSADA
mapa_anexo.xlsx,1358,AL2021,130600,Maia,,CM,[A],coalition,PPD/PSD.CDS-PP,MAIA EM PRIMEIRO
mapa_anexo.xlsx,1359,AL2021,130600,Maia,,AM,[A],coalition,PPD/PSD.CDS-PP,MAIA EM PRIMEIRO
mapa_anexo.xlsx,1360,AL2021,130601,Maia,Águas Santas,AF,[A],coalition,PPD/PSD.CDS-PP,MAIA EM PRIMEIRO
mapa_anexo.xlsx,1361,AL2021,130603,Maia,Folgosa,AF,[A],coalition,PPD/PSD.CDS-PP,MAIA EM PRIMEIRO
mapa_anexo.xlsx,1362,AL2021,130608,Maia,Milheirós,AF,[A],coalition,PPD/PSD.CDS-PP,MAIA EM PRIMEIRO
mapa_anexo.xlsx,1363,AL2021,130609,Maia,Moreira,AF,[A],coalition,PPD/PSD.CDS-PP,MAIA EM PRIMEIRO
mapa_anexo.xlsx,1364,AL2021,130613,Maia,São Pedro Fins,AF,[A],coalition,PPD/PSD.CDS-PP,MAIA EM PRIMEIRO
mapa_anexo.xlsx,1365,AL2021,130616,Maia,Vila Nova da Telha,AF,[A],coalition,NC/RIR,MOVIMENTO INDEPENDENTE POR VILA NOVA
mapa_anexo.xlsx,1365,AL2021,130616,Maia,Vila Nova da Telha,AF,[B],coalition,PPD/PSD.CDS-PP,MAIA EM PRIMEIRO
mapa_anexo.xlsx,1366,AL2021,130617,Maia,Pedrouços,AF,[A],coalition,PPD/PSD.CDS-PP,MAIA EM PRIMEIRO
mapa_anexo.xlsx,1366,AL2021,130617,Maia,Pedrouços,AF,[D],citizen_group,INDEP,Hugo Salgueiro. Por Pedrouços
mapa_anexo.xlsx,1367,AL2021,130618,Maia,Castêlo da Maia,AF,[A],coalition,PPD/PSD.CDS-PP,MAIA EM PRIMEIRO
mapa_anexo.xlsx,1367,AL2021,130618,Maia,Castêlo da Maia,AF,[D],citizen_group,CC,CC-Compromisso Castelo Movimento Independente
mapa_anexo.xlsx,1368,AL2021,130619,Maia,Cidade da Maia,AF,[A],coalition,PPD/PSD.CDS-PP,MAIA EM PRIMEIRO
mapa_anexo.xlsx,1369,AL2021,130620,Maia,Nogueira e Silva Escura,AF,[A],coalition,PPD/PSD.CDS-PP,MAIA EM PRIMEIRO
mapa_anexo.xlsx,1372,AL2021,130704,Marco de Canaveses,Banho e Carvalhosa,AF,[A],coalition,PPD/PSD.CDS-PP,MAIS PELAS PESSOAS
mapa_anexo.xlsx,1372,AL2021,130704,Marco de Canaveses,Banho e Carvalhosa,AF,[D],citizen_group,BEC,Banho e Carvalhosa Primeiro
mapa_anexo.xlsx,1373,AL2021,130705,Marco de Canaveses,Constance,AF,[A],coalition,PPD/PSD.CDS-PP,MAIS PELAS PESSOAS
mapa_anexo.xlsx,1374,AL2021,130722,Marco de Canaveses,Soalhães,AF,[A],coalition,PPD/PSD.CDS-PP,MAIS PELAS PESSOAS
mapa_anexo.xlsx,1375,AL2021,130723,Marco de Canaveses,Sobretâmega,AF,[A],coalition,PPD/PSD.CDS-PP,MAIS PELAS PESSOAS
mapa_anexo.xlsx,1376,AL2021,130724,Marco de Canaveses,Tabuado,AF,[A],coalition,PPD/PSD.CDS-PP,MAIS PELAS PESSOAS
mapa_anexo.xlsx,1377,AL2021,130730,Marco de Canaveses,Vila Boa do Bispo,AF,[A],coalition,PPD/PSD.CDS-PP,MAIS PELAS PESSOAS
mapa_anexo.xlsx,1378,AL2021,130732,Marco de Canaveses,"Alpendorada, Várzea e Torrão",AF,[A],coalition,PPD/PSD.CDS-PP,MAIS PELAS PESSOAS
mapa_anexo.xlsx,1379,AL2021,130733,Marco de Canaveses,Avessadas e Rosém,AF,[A],coalition,PPD/PSD.CDS-PP,MAIS PELAS PESSOAS
mapa_anexo.xlsx,1379,AL2021,130733,Marco de Canaveses,Avessadas e Rosém,AF,[D],citizen_group,AER,Avessadas e Rosém Sempre
mapa_anexo.xlsx,1380,AL2021,130734,Marco de Canaveses,Bem Viver,AF,[A],coalition,PPD/PSD.CDS-PP,MAIS PELAS PESSOAS
mapa_anexo.xlsx,1381,AL2021,130735,Marco de Canaveses,Santo Isidoro e Livração,AF,[D],citizen_group,TDTI,Todos Diferentes Todos Iguais
mapa_anexo.xlsx,1382,AL2021,130736,Marco de Canaveses,Marco,AF,[A],coalition,PPD/PSD.CDS-PP,MAIS PELAS PESSOAS
mapa_anexo.xlsx,1383,AL2021,130737,Marco de Canaveses,Paredes de Viadores e Manhuncelos,AF,[A],coalition,PPD/PSD.CDS-PP,MAIS PELAS PESSOAS
mapa_anexo.xlsx,1384,AL2021,130738,Marco de Canaveses,Penhalonga e Paços de Gaiolo,AF,[A],coalition,PPD/PSD.CDS-PP,MAIS PELAS PESSOAS
mapa_anexo.xlsx,1385,AL2021,130739,Marco de Canaveses,Sande e São Lourenço do Douro,AF,[A],coalition,PPD/PSD.CDS-PP,MAIS PELAS PESSOAS
mapa_anexo.xlsx,1386,AL2021,130740,Marco de Canaveses,"Várzea, Aliviada e Folhada",AF,[A],coalition,PPD/PSD.CDS-PP,MAIS PELAS PESSOAS
mapa_anexo.xlsx,1387,AL2021,130741,Marco de Canaveses,Vila Boa de Quires e Maureles,AF,[A],coalition,PPD/PSD.CDS-PP,MAIS PELAS PESSOAS
mapa_anexo.xlsx,1388,AL2021,130800,Matosinhos,,CM,[A],coalition,PPD/PSD.CDS-PP,MATOSINHOS O FUTURO É AGORA
mapa_anexo.xlsx,1388,AL2021,130800,Matosinhos,,CM,[D],citizen_group,ANTÓNIO PARADA SIM!,ANTÓNIO PARADA SIM!
mapa_anexo.xlsx,1388,AL2021,130800,Matosinhos,,CM,[E],citizen_group,MI,Matosinhos Independente
mapa_anexo.xlsx,1389,AL2021,130800,Matosinhos,,AM,[A],coalition,PPD/PSD.CDS-PP,MATOSINHOS O FUTURO É AGORA
mapa_anexo.xlsx,1389,AL2021,130800,Matosinhos,,AM,[D],citizen_group,ANTÓNIO PARADA SIM!,ANTÓNIO PARADA SIM!
mapa_anexo.xlsx,1389,AL2021,130800,Matosinhos,,AM,[E],citizen_group,MI,Matosinhos Independente
mapa_anexo.xlsx,1390,AL2021,130811,Matosinhos,"União das freguesias de Custóias, Leça do Balio e Guifões",AF,[A],coalition,PPD/PSD.CDS-PP,MATOSINHOS O FUTURO É AGORA
mapa_anexo.xlsx,1390,AL2021,130811,Matosinhos,"União das freguesias de Custóias, Leça do Balio e Guifões",AF,[D],citizen_group,MI,Matosinhos Independente
mapa_anexo.xlsx,1390,AL2021,130811,Matosinhos,"União das freguesias de Custóias, Leça do Balio e Guifões",AF,[E],citizen_group,SUSANA SANTOS - MOVIMENTO SIM!,SUSANA SANTOS - MOVIMENTO SIM!
mapa_anexo.xlsx,1391,AL2021,130812,Matosinhos,União das freguesias de Matosinhos e Leça da Palmeira,AF,[A],coalition,PPD/PSD.CDS-PP,MATOSINHOS O FUTURO É AGORA
mapa_anexo.xlsx,1391,AL2021,130812,Matosinhos,União das freguesias de Matosinhos e Leça da Palmeira,AF,[D],citizen_group,FERNANDO MACHADO - MOVIMENTO SIM!,FERNANDO MACHADO - MOVIMENTO SIM!
mapa_anexo.xlsx,1392,AL2021,130813,Matosinhos,"União das freguesias de Perafita, Lavra e Santa Cruz do Bispo",AF,[A],coalition,PPD/PSD.CDS-PP,MATOSINHOS O FUTURO É AGORA
mapa_anexo.xlsx,1392,AL2021,130813,Matosinhos,"União das freguesias de Perafita, Lavra e Santa Cruz do Bispo",AF,[D],citizen_group,INÊS MORAIS- MOVIMENTO SIM!,INÊS MORAIS - MOVIMENTO SIM!
mapa_anexo.xlsx,1393,AL2021,130814,Matosinhos,União das freguesias de São Mamede de Infesta e Senhora da Hora,AF,[A],coalition,PPD/PSD.CDS-PP,MATOSINHOS O FUTURO É AGORA
mapa_anexo.xlsx,1393,AL2021,130814,Matosinhos,União das freguesias de São Mamede de Infesta e Senhora da Hora,AF,[D],citizen_group,JOSÉ TEIXEIRA - MOVIMENTO SIM!,JOSÉ TEIXEIRA - MOVIMENTO SIM!
mapa_anexo.xlsx,1393,AL2021,130814,Matosinhos,União das freguesias de São Mamede de Infesta e Senhora da Hora,AF,[E],citizen_group,MI,Matosinhos Independente
mapa_anexo.xlsx,1394,AL2021,131000,Paredes,,CM,[A],coalition,“NC/A”,Juntos por Paredes
mapa_anexo.xlsx,1394,AL2021,131000,Paredes,,CM,[B],coalition,PPD/PSD.CDS-PP,PRIMEIRO AS PESSOAS
mapa_anexo.xlsx,1395,AL2021,131000,Paredes,,AM,[A],coalition,“NC/A”,Juntos por Paredes
mapa_anexo.xlsx,1395,AL2021,131000,Paredes,,AM,[B],coalition,PPD/PSD.CDS-PP,PRIMEIRO AS PESSOAS
mapa_anexo.xlsx,1396,AL2021,131001,Paredes,Aguiar de Sousa,AF,[A],coalition,PPD/PSD.CDS-PP,PRIMEIRO AS PESSOAS
mapa_anexo.xlsx,1397,AL2021,131002,Paredes,Astromil,AF,[A],coalition,PPD/PSD.CDS-PP,PRIMEIRO AS PESSOAS
mapa_anexo.xlsx,1398,AL2021,131003,Paredes,Baltar,AF,[A],coalition,PPD/PSD.CDS-PP,PRIMEIRO AS PESSOAS
mapa_anexo.xlsx,1399,AL2021,131004,Paredes,Beire,AF,[A],coalition,PPD/PSD.CDS-PP,PRIMEIRO AS PESSOAS
mapa_anexo.xlsx,1400,AL2021,131008,Paredes,Cete,AF,[A],coalition,“NC/A”,Juntos por Paredes
mapa_anexo.xlsx,1400,AL2021,131008,Paredes,Cete,AF,[B],coalition,PPD/PSD.CDS-PP,PRIMEIRO AS PESSOAS
mapa_anexo.xlsx,1401,AL2021,131009,Paredes,Cristelo,AF,[A],coalition,PPD/PSD.CDS-PP,PRIMEIRO AS PESSOAS
mapa_anexo.xlsx,1402,AL2021,131010,Paredes,Duas Igrejas,AF,[A],coalition,PPD/PSD.CDS-PP,PRIMEIRO AS PESSOAS
mapa_anexo.xlsx,1402,AL2021,131010,Paredes,Duas Igrejas,AF,[D],citizen_group,FADI,FAZER ACONTECER DUAS IGREJAS
mapa_anexo.xlsx,1403,AL2021,131011,Paredes,Gandra,AF,[A],coalition,PPD/PSD.CDS-PP,PRIMEIRO AS PESSOAS
mapa_anexo.xlsx,1404,AL2021,131013,Paredes,Lordelo,AF,[A],coalition,“NC/A”,Juntos por Paredes
mapa_anexo.xlsx,1404,AL2021,131013,Paredes,Lordelo,AF,[B],coalition,PPD/PSD.CDS-PP,PRIMEIRO AS PESSOAS
mapa_anexo.xlsx,1405,AL2021,131014,Paredes,Louredo,AF,[A],coalition,PPD/PSD.CDS-PP,PRIMEIRO AS PESSOAS
mapa_anexo.xlsx,1406,AL2021,131017,Paredes,Parada de Todeia,AF,[A],coalition,PPD/PSD.CDS-PP,PRIMEIRO AS PESSOAS
mapa_anexo.xlsx,1407,AL2021,131018,Paredes,Rebordosa,AF,[A],coalition,PPD/PSD.CDS-PP,PRIMEIRO AS PESSOAS
mapa_anexo.xlsx,1408,AL2021,131019,Paredes,Recarei,AF,[A],coalition,“NC/A”,Juntos por Paredes
mapa_anexo.xlsx,1408,AL2021,131019,Paredes,Recarei,AF,[B],coalition,PPD/PSD.CDS-PP,PRIMEIRO AS PESSOAS
mapa_anexo.xlsx,1409,AL2021,131020,Paredes,Sobreira,AF,[A],coalition,PPD/PSD.CDS-PP,PRIMEIRO AS PESSOAS
mapa_anexo.xlsx,1410,AL2021,131021,Paredes,Sobrosa,AF,[D],citizen_group,SSMI,Sentir Sobrosa Movimento Independente
mapa_anexo.xlsx,1411,AL2021,131022,Paredes,Vandoma,AF,[A],coalition,PPD/PSD.CDS-PP,PRIMEIRO AS PESSOAS
mapa_anexo.xlsx,1412,AL2021,131024,Paredes,Vilela,AF,[A],coalition,PPD/PSD.CDS-PP,PRIMEIRO AS PESSOAS
mapa_anexo.xlsx,1413,AL2021,131025,Paredes,Paredes,AF,[A],coalition,“NC/A”,Juntos por Paredes
mapa_anexo.xlsx,1413,AL2021,131025,Paredes,Paredes,AF,[B],coalition,PPD/PSD.CDS-PP,PRIMEIRO AS PESSOAS
mapa_anexo.xlsx,1414,AL2021,131100,Penafiel,,CM,[A],coalition,PPD/PSD.CDS-PP,PENAFIEL QUER
mapa_anexo.xlsx,1414,AL2021,131100,Penafiel,,CM,[B],coalition,PS.RIR,PENAFIEL UNIDO
mapa_anexo.xlsx,1415,AL2021,131100,Penafiel,,AM,[A],coalition,PPD/PSD.CDS-PP,PENAFIEL QUER
mapa_anexo.xlsx,1415,AL2021,131100,Penafiel,,AM,[B],coalition,PS.RIR,PENAFIEL UNIDO
mapa_anexo.xlsx,1416,AL2021,131101,Penafiel,Abragão,AF,[A],coalition,PPD/PSD.CDS-PP,PENAFIEL QUER
mapa_anexo.xlsx,1416,AL2021,131101,Penafiel,Abragão,AF,[B],coalition,PS.RIR,PENAFIEL UNIDO
mapa_anexo.xlsx,1417,AL2021,131102,Penafiel,Boelhe,AF,[A],coalition,PPD/PSD.CDS-PP,PENAFIEL QUER
mapa_anexo.xlsx,1417,AL2021,131102,Penafiel,Boelhe,AF,[B],coalition,PS.RIR,PENAFIEL UNIDO
mapa_anexo.xlsx,1418,AL2021,131103,Penafiel,Bustelo,AF,[D],citizen_group,MIBS,MOVIMENTO INDEPENDENTE BUSTELO SEMPRE
mapa_anexo.xlsx,1419,AL2021,131104,Penafiel,Cabeça Santa,AF,[A],coalition,PS.RIR,PENAFIEL UNIDO
mapa_anexo.xlsx,1419,AL2021,131104,Penafiel,Cabeça Santa,AF,[D],citizen_group,MIPCS,MOVIMENTO INDEPENDENTE PRIMEIRO CABEÇA SANTA
mapa_anexo.xlsx,1420,AL2021,131105,Penafiel,Canelas,AF,[A],coalition,PPD/PSD.CDS-PP,PENAFIEL QUER
mapa_anexo.xlsx,1420,AL2021,131105,Penafiel,Canelas,AF,[B],coalition,PS.RIR,PENAFIEL UNIDO
mapa_anexo.xlsx,1421,AL2021,131106,Penafiel,Capela,AF,[A],coalition,PS.RIR,PENAFIEL UNIDO
mapa_anexo.xlsx,1421,AL2021,131106,Penafiel,Capela,AF,[D],citizen_group,MIVC,MOVIMENTO INDEPENDENTE VIVER CAPELA
mapa_anexo.xlsx,1422,AL2021,131107,Penafiel,Castelões,AF,[A],coalition,PPD/PSD.CDS-PP,PENAFIEL QUER
mapa_anexo.xlsx,1422,AL2021,131107,Penafiel,Castelões,AF,[B],coalition,PS.RIR,PENAFIEL UNIDO
mapa_anexo.xlsx,1423,AL2021,131108,Penafiel,Croca,AF,[A],coalition,PS.RIR,PENAFIEL UNIDO
mapa_anexo.xlsx,1423,AL2021,131108,Penafiel,Croca,AF,[D],citizen_group,MPC,MOVIMENTO POR CROCA
mapa_anexo.xlsx,1424,AL2021,131109,Penafiel,Duas Igrejas,AF,[A],coalition,PS.RIR,PENAFIEL UNIDO
mapa_anexo.xlsx,1424,AL2021,131109,Penafiel,Duas Igrejas,AF,[D],citizen_group,JDI,JUNTOS POR DUAS IGREJAS
mapa_anexo.xlsx,1425,AL2021,131110,Penafiel,Eja,AF,[A],coalition,PS.RIR,PENAFIEL UNIDO
mapa_anexo.xlsx,1425,AL2021,131110,Penafiel,Eja,AF,[D],citizen_group,MIME,MOVIMENTO INDEPENDENTE MAIS EJA - MIME
mapa_anexo.xlsx,1426,AL2021,131112,Penafiel,Fonte Arcada,AF,[A],coalition,PPD/PSD.CDS-PP,PENAFIEL QUER
mapa_anexo.xlsx,1426,AL2021,131112,Penafiel,Fonte Arcada,AF,[B],coalition,PS.RIR,PENAFIEL UNIDO
mapa_anexo.xlsx,1427,AL2021,131113,Penafiel,Galegos,AF,[A],coalition,PPD/PSD.CDS-PP,PENAFIEL QUER
mapa_anexo.xlsx,1427,AL2021,131113,Penafiel,Galegos,AF,[B],coalition,PS.RIR,PENAFIEL UNIDO
mapa_anexo.xlsx,1428,AL2021,131115,Penafiel,Irivo,AF,[A],coalition,PPD/PSD.CDS-PP,PENAFIEL QUER
mapa_anexo.xlsx,1428,AL2021,131115,Penafiel,Irivo,AF,[B],coalition,PS.RIR,PENAFIEL UNIDO
mapa_anexo.xlsx,1429,AL2021,131121,Penafiel,Oldrões,AF,[A],coalition,PPD/PSD.CDS-PP,PENAFIEL QUER
mapa_anexo.xlsx,1429,AL2021,131121,Penafiel,Oldrões,AF,[B],coalition,PS.RIR,PENAFIEL UNIDO
mapa_anexo.xlsx,1430,AL2021,131122,Penafiel,Paço de Sousa,AF,[A],coalition,PPD/PSD.CDS-PP,PENAFIEL QUER
mapa_anexo.xlsx,1430,AL2021,131122,Penafiel,Paço de Sousa,AF,[B],coalition,PS.RIR,PENAFIEL UNIDO
mapa_anexo.xlsx,1431,AL2021,131125,Penafiel,Perozelo,AF,[A],coalition,PPD/PSD.CDS-PP,PENAFIEL QUER
mapa_anexo.xlsx,1431,AL2021,131125,Penafiel,Perozelo,AF,[D],citizen_group,MIP,MOVIMENTO INDEPENDENTE POR PEROSELO
mapa_anexo.xlsx,1432,AL2021,131128,Penafiel,Rans,AF,[D],citizen_group,UR,UNIDOS POR RANS
mapa_anexo.xlsx,1433,AL2021,131129,Penafiel,Rio de Moinhos,AF,[A],coalition,PPD/PSD.CDS-PP,PENAFIEL QUER
mapa_anexo.xlsx,1433,AL2021,131129,Penafiel,Rio de Moinhos,AF,[B],coalition,PS.RIR,PENAFIEL UNIDO
mapa_anexo.xlsx,1434,AL2021,131132,Penafiel,Recezinhos (São Mamede),AF,[A],coalition,PS.RIR,PENAFIEL UNIDO
mapa_anexo.xlsx,1434,AL2021,131132,Penafiel,Recezinhos (São Mamede),AF,[D],citizen_group,VSM,VIVER S. MAMEDE
mapa_anexo.xlsx,1435,AL2021,131133,Penafiel,Recezinhos (São Martinho),AF,[A],coalition,PS.RIR,PENAFIEL UNIDO
mapa_anexo.xlsx,1435,AL2021,131133,Penafiel,Recezinhos (São Martinho),AF,[D],citizen_group,SMS,SÃO MARTINHO SEMPRE
mapa_anexo.xlsx,1436,AL2021,131134,Penafiel,Sebolido,AF,[A],coalition,PPD/PSD.CDS-PP,PENAFIEL QUER
mapa_anexo.xlsx,1436,AL2021,131134,Penafiel,Sebolido,AF,[B],coalition,PS.RIR,PENAFIEL UNIDO
mapa_anexo.xlsx,1437,AL2021,131136,Penafiel,Valpedre,AF,[A],coalition,PPD/PSD.CDS-PP,PENAFIEL QUER
mapa_anexo.xlsx,1437,AL2021,131136,Penafiel,Valpedre,AF,[B],coalition,PS.RIR,PENAFIEL UNIDO
mapa_anexo.xlsx,1438,AL2021,131138,Penafiel,Rio Mau,AF,[A],coalition,PS.RIR,PENAFIEL UNIDO
mapa_anexo.xlsx,1438,AL2021,131138,Penafiel,Rio Mau,AF,[D],citizen_group,CFRM,CONFIANÇA NO FUTURO DE RIO MAU
mapa_anexo.xlsx,1439,AL2021,131139,Penafiel,Penafiel,AF,[A],coalition,PPD/PSD.CDS-PP,PENAFIEL QUER
mapa_anexo.xlsx,1439,AL2021,131139,Penafiel,Penafiel,AF,[B],coalition,PS.RIR,PENAFIEL UNIDO
mapa_anexo.xlsx,1440,AL2021,131140,Penafiel,Luzim e Vila Cova,AF,[A],coalition,PPD/PSD.CDS-PP,PENAFIEL QUER
mapa_anexo.xlsx,1440,AL2021,131140,Penafiel,Luzim e Vila Cova,AF,[B],coalition,PS.RIR,PENAFIEL UNIDO
mapa_anexo.xlsx,1441,AL2021,131141,Penafiel,Guilhufe e Urrô,AF,[A],coalition,PS.RIR,PENAFIEL UNIDO
mapa_anexo.xlsx,1441,AL2021,131141,Penafiel,Guilhufe e Urrô,AF,[D],citizen_group,DMGU,DAR AS MÃOS POR GUILHUFE E URRÔ
mapa_anexo.xlsx,1442,AL2021,131142,Penafiel,Lagares e Figueira,AF,[A],coalition,PPD/PSD.CDS-PP,PENAFIEL QUER
mapa_anexo.xlsx,1442,AL2021,131142,Penafiel,Lagares e Figueira,AF,[B],coalition,PS.RIR,PENAFIEL UNIDO
mapa_anexo.xlsx,1443,AL2021,131143,Penafiel,Termas de São Vicente,AF,[A],coalition,PPD/PSD.CDS-PP,PENAFIEL QUER
mapa_anexo.xlsx,1443,AL2021,131143,Penafiel,Termas de São Vicente,AF,[B],coalition,PS.RIR,PENAFIEL UNIDO
mapa_anexo.xlsx,1444,AL2021,131200,Porto,,CM,[D],citizen_group,RM,"""Rui Moreira: Aqui há Porto"""
mapa_anexo.xlsx,1445,AL2021,131200,Porto,,AM,[D],citizen_group,RM,"""Rui Moreira: Aqui há Porto"""
mapa_anexo.xlsx,1446,AL2021,131202,Porto,Bonfim,AF,[D],citizen_group,RM,"""Rui Moreira: Aqui há Porto"""
mapa_anexo.xlsx,1447,AL2021,131210,Porto,Paranhos,AF,[D],citizen_group,RM,"""Rui Moreira: Aqui há Porto"""
mapa_anexo.xlsx,1448,AL2021,131211,Porto,Ramalde,AF,[D],citizen_group,RM,"""Rui Moreira: Aqui há Porto"""
mapa_anexo.xlsx,1449,AL2021,131216,Porto,"União das freguesias de Aldoar, Foz do Douro e Nevogilde",AF,[D],citizen_group,RM,"""Rui Moreira: Aqui há Porto"""
mapa_anexo.xlsx,1450,AL2021,131217,Porto,"União das freguesias de Cedofeita, Santo Ildefonso, Sé, Miragaia, São Nicolau e Vitória",AF,[D],citizen_group,RM,"""Rui Moreira: Aqui há Porto"""
mapa_anexo.xlsx,1451,AL2021,131218,Porto,União das freguesias de Lordelo do Ouro e Massarelos,AF,[D],citizen_group,RM,"""Rui Moreira: Aqui há Porto"""
mapa_anexo.xlsx,1452,AL2021,131305,Póvoa de Varzim,Balazar,AF,[D],citizen_group,CABEM,Cidadãos da Alternativa Balasar Em Movimento - CABEM
mapa_anexo.xlsx,1453,AL2021,131307,Póvoa de Varzim,Estela,AF,[D],citizen_group,LEI,Lista Estela Independente
mapa_anexo.xlsx,1454,AL2021,131313,Póvoa de Varzim,"União das freguesias de Aver-o-Mar, Amorim e Terroso",AF,[D],citizen_group,U.A.A.T.,A Força da União
mapa_anexo.xlsx,1455,AL2021,131400,Santo Tirso,,CM,[A],coalition,NC/PPM,PRÁ FRENTE SANTO TIRSO
mapa_anexo.xlsx,1455,AL2021,131400,Santo Tirso,,CM,[B],coalition,PPD/PSD.CDS-PP,VALORIZAR MAIS
mapa_anexo.xlsx,1456,AL2021,131400,Santo Tirso,,AM,[A],coalition,NC/PPM,PRÁ FRENTE SANTO TIRSO
mapa_anexo.xlsx,1456,AL2021,131400,Santo Tirso,,AM,[B],coalition,PPD/PSD.CDS-PP,VALORIZAR MAIS
mapa_anexo.xlsx,1457,AL2021,131401,Santo Tirso,Agrela,AF,[A],coalition,PPD/PSD.CDS-PP,VALORIZAR MAIS
mapa_anexo.xlsx,1457,AL2021,131401,Santo Tirso,Agrela,AF,[D],citizen_group,MIAP,Movimento Independente Agrela Primeiro
mapa_anexo.xlsx,1458,AL2021,131402,Santo Tirso,Água Longa,AF,[D],citizen_group,ALEDT,Água Longa É de Todos
mapa_anexo.xlsx,1458,AL2021,131402,Santo Tirso,Água Longa,AF,[E],citizen_group,UPAL,Unidos por Água Longa
mapa_anexo.xlsx,1459,AL2021,131405,Santo Tirso,Aves,AF,[A],coalition,PPD/PSD.CDS-PP,VALORIZAR MAIS
mapa_anexo.xlsx,1459,AL2021,131405,Santo Tirso,Aves,AF,[D],citizen_group,A.,Movimento Independente Aves
mapa_anexo.xlsx,1460,AL2021,131413,Santo Tirso,Monte Córdova,AF,[A],coalition,PPD/PSD.CDS-PP,VALORIZAR MAIS
mapa_anexo.xlsx,1460,AL2021,131413,Santo Tirso,Monte Córdova,AF,[D],citizen_group,MIPMC,MOVIMENTO INDEPENDENTE POR MONTE CÓRDOVA
mapa_anexo.xlsx,1461,AL2021,131416,Santo Tirso,Rebordões,AF,[A],coalition,PPD/PSD.CDS-PP,VALORIZAR MAIS
mapa_anexo.xlsx,1462,AL2021,131418,Santo Tirso,Reguenga,AF,[A],coalition,PPD/PSD.CDS-PP,VALORIZAR MAIS
mapa_anexo.xlsx,1462,AL2021,131418,Santo Tirso,Reguenga,AF,[D],citizen_group,MIR,MOVIMENTO INDEPENDENTE DA REGUENGA
mapa_anexo.xlsx,1463,AL2021,131419,Santo Tirso,Roriz,AF,[A],coalition,PPD/PSD.CDS-PP,VALORIZAR MAIS
mapa_anexo.xlsx,1464,AL2021,131430,Santo Tirso,Negrelos (São Tomé),AF,[A],coalition,PPD/PSD.CDS-PP,VALORIZAR MAIS
mapa_anexo.xlsx,1465,AL2021,131432,Santo Tirso,Vilarinho,AF,[A],coalition,PPD/PSD.CDS-PP,VALORIZAR MAIS
mapa_anexo.xlsx,1466,AL2021,131433,Santo Tirso,"União das freguesias de Areias, Sequeiró, Lama e Palmeira",AF,[A],coalition,PPD/PSD.CDS-PP,VALORIZAR MAIS
mapa_anexo.xlsx,1467,AL2021,131434,Santo Tirso,Vila Nova do Campo,AF,[A],coalition,PPD/PSD.CDS-PP,VALORIZAR MAIS
mapa_anexo.xlsx,1468,AL2021,131436,Santo Tirso,União das freguesias de Lamelas e Guimarei,AF,[A],coalition,PPD/PSD.CDS-PP,VALORIZAR MAIS
mapa_anexo.xlsx,1469,AL2021,131437,Santo Tirso,"União das freguesias de Santo Tirso, Couto (Santa Cristina e São Miguel) e Burgães",AF,[A],coalition,PPD/PSD.CDS-PP,VALORIZAR MAIS
mapa_anexo.xlsx,1470,AL2021,131500,Valongo,,CM,[A],coalition,PPD/PSD.CDS-PP,UNIDOS POR TODOS
mapa_anexo.xlsx,1471,AL2021,131500,Valongo,,AM,[A],coalition,PPD/PSD.CDS-PP,UNIDOS POR TODOS
mapa_anexo.xlsx,1472,AL2021,131501,Valongo,Alfena,AF,[A],coalition,PPD/PSD.CDS-PP,UNIDOS POR TODOS
mapa_anexo.xlsx,1473,AL2021,131503,Valongo,Ermesinde,AF,[A],coalition,PPD/PSD.CDS-PP,UNIDOS POR TODOS
mapa_anexo.xlsx,1474,AL2021,131505,Valongo,Valongo,AF,[A],coalition,PPD/PSD.CDS-PP,UNIDOS POR TODOS
mapa_anexo.xlsx,1475,AL2021,131506,Valongo,União das freguesias de Campo e Sobrado,AF,[A],coalition,PPD/PSD.CDS-PP,UNIDOS POR TODOS
mapa_anexo.xlsx,1476,AL2021,131600,Vila do Conde,,CM,[D],citizen_group,NAU,ELISA FERRAZ - NÓS AVANÇAMOS UNIDOS
mapa_anexo.xlsx,1477,AL2021,131600,Vila do Conde,,AM,[D],citizen_group,NAU,ELISA FERRAZ - NÓS AVANÇAMOS UNIDOS
mapa_anexo.xlsx,1478,AL2021,131602,Vila do Conde,Árvore,AF,[D],citizen_group,NAU,CARLOS CORREIA - NÓS AVANÇAMOS UNIDOS
mapa_anexo.xlsx,1479,AL2021,131604,Vila do Conde,Azurara,AF,[D],citizen_group,NAU,CARLOS SILVA - NÓS AVANÇAMOS UNIDOS
mapa_anexo.xlsx,1480,AL2021,131607,Vila do Conde,Fajozes,AF,[D],citizen_group,NAU,SILVIA LOMBA - NÓS AVANÇAMOS UNIDOS
mapa_anexo.xlsx,1481,AL2021,131610,Vila do Conde,Gião,AF,[D],citizen_group,LIG-NAU,LISTA INDEPENDENTE GIÃO - NÓS AVANÇAMOS UNIDOS
mapa_anexo.xlsx,1482,AL2021,131611,Vila do Conde,Guilhabreu,AF,[D],citizen_group,NAU,JOAQUIM AZEVEDO - NÓS AVANÇAMOS UNIDOS
mapa_anexo.xlsx,1483,AL2021,131612,Vila do Conde,Junqueira,AF,[D],citizen_group,NAU,ELISABETE FERNANDES - NÓS AVANÇAMOS UNIDOS
mapa_anexo.xlsx,1484,AL2021,131613,Vila do Conde,Labruge,AF,[D],citizen_group,M.P.L.,SILVINO MARQUES - MOVIMENTO POR LABRUGE
mapa_anexo.xlsx,1485,AL2021,131614,Vila do Conde,Macieira da Maia,AF,[D],citizen_group,NAU,FILIPE SANTOS - NÓS AVANÇAMOS UNIDOS
mapa_anexo.xlsx,1486,AL2021,131616,Vila do Conde,Mindelo,AF,[D],citizen_group,MMM,Muito Mais Mindelo - Claúdio Matos
mapa_anexo.xlsx,1487,AL2021,131617,Vila do Conde,Modivas,AF,[D],citizen_group,NAU,ANTÓNIO COSTA - NÓS AVANÇAMOS UNIDOS
mapa_anexo.xlsx,1488,AL2021,131627,Vila do Conde,Vila Chã,AF,[D],citizen_group,NAU,JOAQUIM MOREIRA - NÓS AVANÇAMOS UNIDOS
mapa_anexo.xlsx,1489,AL2021,131628,Vila do Conde,Vila do Conde,AF,[D],citizen_group,NAU,CRISTINA CAMPOS - NÓS AVANÇAMOS UNIDOS
mapa_anexo.xlsx,1490,AL2021,131630,Vila do Conde,Vilar de Pinheiro,AF,[D],citizen_group,NAU,TÂNIA CAMPOS - NÓS AVANÇAMOS UNIDOS
mapa_anexo.xlsx,1491,AL2021,131631,Vila do Conde,"União das freguesias de Bagunte, Ferreiró, Outeiro Maior e Parada",AF,[D],citizen_group,PPT,PROJETO PARA TODOS
mapa_anexo.xlsx,1492,AL2021,131632,Vila do Conde,União das freguesias de Fornelo e Vairão,AF,[D],citizen_group,M.I.F.V.,Movimento Independente Fornelo e Vairão
mapa_anexo.xlsx,1492,AL2021,131632,Vila do Conde,União das freguesias de Fornelo e Vairão,AF,[E],citizen_group,NAU,RAQUEL SOUSA - NÓS AVANÇAMOS UNIDOS
mapa_anexo.xlsx,1493,AL2021,131633,Vila do Conde,União das freguesias de Malta e Canidelo,AF,[D],citizen_group,NAU,NELSON LOPES - NÓS AVANÇAMOS UNIDOS
mapa_anexo.xlsx,1494,AL2021,131634,Vila do Conde,União das freguesias de Retorta e Tougues,AF,[D],citizen_group,NAU,RITA COSTA - NÓS AVANÇAMOS UNIDOS
mapa_anexo.xlsx,1495,AL2021,131636,Vila do Conde,União das freguesias de Touguinha e Touguinhó,AF,[D],citizen_group,UTT,União por Touguinha e Touguinhó
mapa_anexo.xlsx,1496,AL2021,131637,Vila do Conde,União das freguesias de Vilar e Mosteiró,AF,[D],citizen_group,VIMOS,Movimento Independente de Vilar e Mosteiró
mapa_anexo.xlsx,1497,AL2021,131700,Vila Nova de Gaia,,CM,[A],coalition,MPT-PDR,Movimento Por Gaia
mapa_anexo.xlsx,1497,AL2021,131700,Vila Nova de Gaia,,CM,[B],coalition,PPD/PSD.CDS-PP.PPM,ALIANÇA DEMOCRÁTICA
mapa_anexo.xlsx,1498,AL2021,131700,Vila Nova de Gaia,,AM,[A],coalition,MPT-PDR,Movimento Por Gaia
mapa_anexo.xlsx,1498,AL2021,131700,Vila Nova de Gaia,,AM,[B],coalition,PPD/PSD.CDS-PP.PPM,ALIANÇA DEMOCRÁTICA
mapa_anexo.xlsx,1499,AL2021,131701,Vila Nova de Gaia,Arcozelo,AF,[A],coalition,PPD/PSD.CDS-PP.PPM,ALIANÇA DEMOCRÁTICA
mapa_anexo.xlsx,1500,AL2021,131702,Vila Nova de Gaia,Avintes,AF,[A],coalition,PPD/PSD.CDS-PP.PPM,ALIANÇA DEMOCRÁTICA
mapa_anexo.xlsx,1501,AL2021,131703,Vila Nova de Gaia,Canelas,AF,[A],coalition,PPD/PSD.CDS-PP.PPM,ALIANÇA DEMOCRÁTICA
mapa_anexo.xlsx,1502,AL2021,131704,Vila Nova de Gaia,Canidelo,AF,[A],coalition,PPD/PSD.CDS-PP.PPM,ALIANÇA DEMOCRÁTICA
mapa_anexo.xlsx,1503,AL2021,131709,Vila Nova de Gaia,Madalena,AF,[A],coalition,NC/RIR,UNIDOS PELA MADALENA
mapa_anexo.xlsx,1503,AL2021,131709,Vila Nova de Gaia,Madalena,AF,[B],coalition,PPD/PSD.CDS-PP.PPM,ALIANÇA DEMOCRÁTICA
mapa_anexo.xlsx,1504,AL2021,131712,Vila Nova de Gaia,Oliveira do Douro,AF,[A],coalition,PPD/PSD.CDS-PP.PPM,ALIANÇA DEMOCRÁTICA
mapa_anexo.xlsx,1505,AL2021,131717,Vila Nova de Gaia,São Félix da Marinha,AF,[A],coalition,PPD/PSD.CDS-PP.PPM,ALIANÇA DEMOCRÁTICA
mapa_anexo.xlsx,1506,AL2021,131723,Vila Nova de Gaia,Vilar de Andorinho,AF,[A],coalition,PPD/PSD.CDS-PP.PPM,ALIANÇA DEMOCRÁTICA
mapa_anexo.xlsx,1506,AL2021,131723,Vila Nova de Gaia,Vilar de Andorinho,AF,[D],citizen_group,JpV,Grupo cidadãos Juntos por Vilar
mapa_anexo.xlsx,1507,AL2021,131725,Vila Nova de Gaia,União das freguesias de Grijó e Sermonde,AF,[A],coalition,PPD/PSD.CDS-PP.PPM,ALIANÇA DEMOCRÁTICA
mapa_anexo.xlsx,1508,AL2021,131726,Vila Nova de Gaia,União das freguesias de Gulpilhares e Valadares,AF,[A],coalition,PPD/PSD.CDS-PP.PPM,ALIANÇA DEMOCRÁTICA
mapa_anexo.xlsx,1509,AL2021,131727,Vila Nova de Gaia,União das freguesias de Mafamude e Vilar do Paraíso,AF,[A],coalition,PPD/PSD.CDS-PP.PPM,ALIANÇA DEMOCRÁTICA
mapa_anexo.xlsx,1510,AL2021,131728,Vila Nova de Gaia,União das freguesias de Pedroso e Seixezelo,AF,[A],coalition,PPD/PSD.CDS-PP.PPM,ALIANÇA DEMOCRÁTICA
mapa_anexo.xlsx,1511,AL2021,131729,Vila Nova de Gaia,"União das freguesias de Sandim, Olival, Lever e Crestuma",AF,[A],coalition,PPD/PSD.CDS-PP.PPM,ALIANÇA DEMOCRÁTICA
mapa_anexo.xlsx,1511,AL2021,131729,Vila Nova de Gaia,"União das freguesias de Sandim, Olival, Lever e Crestuma",AF,[D],citizen_group,MU SOLC,"Movimento União Sandim, Olival, Lever e Crestuma"
mapa_anexo.xlsx,1512,AL2021,131730,Vila Nova de Gaia,União das freguesias de Santa Marinha e São Pedro da Afurada,AF,[A],coalition,PPD/PSD.CDS-PP.PPM,ALIANÇA DEMOCRÁTICA
mapa_anexo.xlsx,1513,AL2021,131731,Vila Nova de Gaia,União das freguesias de Serzedo e Perosinho,AF,[A],coalition,PPD/PSD.CDS-PP.PPM,ALIANÇA DEMOCRÁTICA
mapa_anexo.xlsx,1514,AL2021,131800,Trofa,,CM,[A],coalition,PPD/PSD.CDS-PP,UNIDOS PELA TROFA
mapa_anexo.xlsx,1515,AL2021,131800,Trofa,,AM,[A],coalition,PPD/PSD.CDS-PP,UNIDOS PELA TROFA
mapa_anexo.xlsx,1516,AL2021,131806,Trofa,Covelas,AF,[A],coalition,PPD/PSD.CDS-PP,UNIDOS PELA TROFA
mapa_anexo.xlsx,1517,AL2021,131808,Trofa,Muro,AF,[A],coalition,PPD/PSD.CDS-PP,UNIDOS PELA TROFA
mapa_anexo.xlsx,1518,AL2021,131809,Trofa,União das freguesias de Alvarelhos e Guidões,AF,[A],coalition,PPD/PSD.CDS-PP,UNIDOS PELA TROFA
mapa_anexo.xlsx,1519,AL2021,131810,Trofa,União das freguesias de Bougado (São Martinho e Santiago),AF,[A],coalition,PPD/PSD.CDS-PP,UNIDOS PELA TROFA
mapa_anexo.xlsx,1520,AL2021,131811,Trofa,União das freguesias de Coronado (São Romão e São Mamede),AF,[A],coalition,PPD/PSD.CDS-PP,UNIDOS PELA TROFA
mapa_anexo.xlsx,1522,AL2021,140100,Abrantes,,CM,[D],citizen_group,ALTERNATIVAcom,Movimento ALTERNATIVAcom
mapa_anexo.xlsx,1523,AL2021,140100,Abrantes,,AM,[D],citizen_group,ALTERNATIVAcom,Movimento ALTERNATIVAcom
mapa_anexo.xlsx,1524,AL2021,140105,Abrantes,Martinchel,AF,[D],citizen_group,ALTERNATIVAcom,Movimento ALTERNATIVAcom
mapa_anexo.xlsx,1525,AL2021,140108,Abrantes,Rio de Moinhos,AF,[D],citizen_group,MIFRM,Movimento Independente Freguesia Rio de Moinhos
mapa_anexo.xlsx,1526,AL2021,140115,Abrantes,Tramagal,AF,[D],citizen_group,MIFT,Movimento Independente Freguesia Tramagal
mapa_anexo.xlsx,1527,AL2021,140120,Abrantes,União das freguesias de Abrantes (São Vicente e São João) e Alferrarede,AF,[D],citizen_group,ALTERNATIVAcom,Movimento ALTERNATIVAcom
mapa_anexo.xlsx,1528,AL2021,140123,Abrantes,União das freguesias de São Facundo e Vale das Mós,AF,[D],citizen_group,ALTERNATIVAcom,Movimento ALTERNATIVAcom
mapa_anexo.xlsx,1529,AL2021,140124,Abrantes,União das freguesias de São Miguel do Rio Torto e Rossio Ao Sul do Tejo,AF,[D],citizen_group,ALTERNATIVAcom,Movimento ALTERNATIVAcom
mapa_anexo.xlsx,1530,AL2021,140200,Alcanena,,CM,[A],coalition,PPD/PSD.CDS-PP.MPT.,CIDADÃOS POR ALCANENA - CONCELHO COM FUTURO
mapa_anexo.xlsx,1531,AL2021,140200,Alcanena,,AM,[A],coalition,PPD/PSD.CDS-PP.MPT.,CIDADÃOS POR ALCANENA - CONCELHO COM FUTURO
mapa_anexo.xlsx,1532,AL2021,140202,Alcanena,Bugalhos,AF,[A],coalition,PPD/PSD.CDS-PP.MPT.,CIDADÃOS POR ALCANENA - CONCELHO COM FUTURO
mapa_anexo.xlsx,1533,AL2021,140206,Alcanena,Minde,AF,[A],coalition,PPD/PSD.CDS-PP.MPT.,CIDADÃOS POR ALCANENA - CONCELHO COM FUTURO
mapa_anexo.xlsx,1534,AL2021,140207,Alcanena,Moitas Venda,AF,[A],coalition,PPD/PSD.CDS-PP.MPT.,CIDADÃOS POR ALCANENA - CONCELHO COM FUTURO
mapa_anexo.xlsx,1535,AL2021,140208,Alcanena,Monsanto,AF,[A],coalition,PPD/PSD.CDS-PP.MPT.,CIDADÃOS POR ALCANENA - CONCELHO COM FUTURO
mapa_anexo.xlsx,1536,AL2021,140209,Alcanena,Serra de Santo António,AF,[A],coalition,PPD/PSD.CDS-PP.MPT.,CIDADÃOS POR ALCANENA - CONCELHO COM FUTURO
mapa_anexo.xlsx,1537,AL2021,140211,Alcanena,União das freguesias de Alcanena e Vila Moreira,AF,[A],coalition,PPD/PSD.CDS-PP.MPT.,CIDADÃOS POR ALCANENA - CONCELHO COM FUTURO
mapa_anexo.xlsx,1538,AL2021,140212,Alcanena,"União das freguesias de Malhou, Louriceira e Espinheiro",AF,[A],coalition,PPD/PSD.CDS-PP.MPT.,CIDADÃOS POR ALCANENA - CONCELHO COM FUTURO
mapa_anexo.xlsx,1539,AL2021,140300,Almeirim,,CM,[A],coalition,PPD/PSD.CDS-PP,PREPARAR O FUTURO
mapa_anexo.xlsx,1540,AL2021,140300,Almeirim,,AM,[A],coalition,PPD/PSD.CDS-PP,PREPARAR O FUTURO
mapa_anexo.xlsx,1541,AL2021,140301,Almeirim,Almeirim,AF,[A],coalition,PPD/PSD.CDS-PP,PREPARAR O FUTURO
mapa_anexo.xlsx,1542,AL2021,140303,Almeirim,Fazendas de Almeirim,AF,[A],coalition,PPD/PSD.CDS-PP,PREPARAR O FUTURO
mapa_anexo.xlsx,1543,AL2021,140304,Almeirim,Raposa,AF,[A],coalition,PPD/PSD.CDS-PP,PREPARAR O FUTURO
mapa_anexo.xlsx,1544,AL2021,140400,Alpiarça,,CM,[A],coalition,PPD/PSD.MPT,TPA – TODOS POR ALPIARÇA
mapa_anexo.xlsx,1545,AL2021,140400,Alpiarça,,AM,[A],coalition,PPD/PSD.MPT,TPA – TODOS POR ALPIARÇA
mapa_anexo.xlsx,1546,AL2021,140401,Alpiarça,Alpiarça,AF,[A],coalition,PPD/PSD.MPT,TPA – TODOS POR ALPIARÇA
mapa_anexo.xlsx,1549,AL2021,140604,Cartaxo,Pontével,AF,[D],citizen_group,MIP,Movimento Independente Pluralista
mapa_anexo.xlsx,1552,AL2021,140704,Chamusca,Ulme,AF,[A],coalition,PPD/PSD.CDS-PP,CHAMUSCA CONCELHO COM FUTURO!
mapa_anexo.xlsx,1553,AL2021,140707,Chamusca,Carregueira,AF,[A],coalition,PPD/PSD.CDS-PP,CHAMUSCA CONCELHO COM FUTURO!
mapa_anexo.xlsx,1554,AL2021,140708,Chamusca,União das freguesias da Chamusca e Pinheiro Grande,AF,[A],coalition,PPD/PSD.CDS-PP,CHAMUSCA CONCELHO COM FUTURO!
mapa_anexo.xlsx,1555,AL2021,140709,Chamusca,União das freguesias de Parreira e Chouto,AF,[A],coalition,PPD/PSD.CDS-PP,CHAMUSCA CONCELHO COM FUTURO!
mapa_anexo.xlsx,1556,AL2021,141200,Golegã,,CM,[D],citizen_group,2021ÉOANO,Grupo de Cidadãos Eleitores 2021 É O ANO
mapa_anexo.xlsx,1557,AL2021,141200,Golegã,,AM,[D],citizen_group,2021ÉOANO,Grupo de Cidadãos Eleitores 2021 É O ANO
mapa_anexo.xlsx,1558,AL2021,141201,Golegã,Azinhaga,AF,[D],citizen_group,2021ÉOANO,Grupo de Cidadãos Eleitores 2021 É O ANO
mapa_anexo.xlsx,1559,AL2021,141202,Golegã,Golegã,AF,[D],citizen_group,2021ÉOANO,Grupo de Cidadãos Eleitores 2021 É O ANO
mapa_anexo.xlsx,1560,AL2021,141203,Golegã,Pombalinho,AF,[D],citizen_group,2021ÉOANO,Grupo de Cidadãos Eleitores 2021 É O ANO
mapa_anexo.xlsx,1561,AL2021,141302,Mação,Amêndoa,AF,[D],citizen_group,PNT,Pela Nossa Terra
mapa_anexo.xlsx,1562,AL2021,141400,Rio Maior,,CM,[A],coalition,PPD/PSD.CDS-PP,JUNTOS PELO FUTURO
mapa_anexo.xlsx,1563,AL2021,141400,Rio Maior,,AM,[A],coalition,PPD/PSD.CDS-PP,JUNTOS PELO FUTURO
mapa_anexo.xlsx,1564,AL2021,141401,Rio Maior,Alcobertas,AF,[A],coalition,PPD/PSD.CDS-PP,JUNTOS PELO FUTURO
mapa_anexo.xlsx,1565,AL2021,141402,Rio Maior,Arrouquelas,AF,[A],coalition,PPD/PSD.CDS-PP,JUNTOS PELO FUTURO
mapa_anexo.xlsx,1565,AL2021,141402,Rio Maior,Arrouquelas,AF,[D],citizen_group,Arrouquelas SIM,Movimento Independente de Cidadãos por Arrouquelas
mapa_anexo.xlsx,1566,AL2021,141405,Rio Maior,Fráguas,AF,[A],coalition,PPD/PSD.CDS-PP,JUNTOS PELO FUTURO
mapa_anexo.xlsx,1567,AL2021,141408,Rio Maior,Rio Maior,AF,[A],coalition,PPD/PSD.CDS-PP,JUNTOS PELO FUTURO
mapa_anexo.xlsx,1568,AL2021,141410,Rio Maior,Asseiceira,AF,[A],coalition,PPD/PSD.CDS-PP,JUNTOS PELO FUTURO
mapa_anexo.xlsx,1569,AL2021,141411,Rio Maior,São Sebastião,AF,[A],coalition,PPD/PSD.CDS-PP,JUNTOS PELO FUTURO
mapa_anexo.xlsx,1570,AL2021,141415,Rio Maior,União das freguesias de Azambujeira e Malaqueijo,AF,[A],coalition,PPD/PSD.CDS-PP,JUNTOS PELO FUTURO
mapa_anexo.xlsx,1570,AL2021,141415,Rio Maior,União das freguesias de Azambujeira e Malaqueijo,AF,[D],citizen_group,MAIS,Movimento Alternativo Independente Solidário - MAIS
mapa_anexo.xlsx,1571,AL2021,141416,Rio Maior,União das freguesias de Marmeleira e Assentiz,AF,[A],coalition,PPD/PSD.CDS-PP,JUNTOS PELO FUTURO
mapa_anexo.xlsx,1572,AL2021,141417,Rio Maior,União das freguesias de Outeiro da Cortiçada e Arruda dos Pisões,AF,[A],coalition,PPD/PSD.CDS-PP,JUNTOS PELO FUTURO
mapa_anexo.xlsx,1573,AL2021,141418,Rio Maior,União das freguesias de São João da Ribeira e Ribeira de São João,AF,[A],coalition,PPD/PSD.CDS-PP,JUNTOS PELO FUTURO
mapa_anexo.xlsx,1574,AL2021,141500,Salvaterra de Magos,,CM,[A],coalition,PPD/PSD.CDS-PP,CORAGEM E ESPERANÇA
mapa_anexo.xlsx,1575,AL2021,141500,Salvaterra de Magos,,AM,[A],coalition,PPD/PSD.CDS-PP,CORAGEM E ESPERANÇA
mapa_anexo.xlsx,1576,AL2021,141502,Salvaterra de Magos,Marinhais,AF,[A],coalition,PPD/PSD.CDS-PP,CORAGEM E ESPERANÇA
mapa_anexo.xlsx,1577,AL2021,141503,Salvaterra de Magos,Muge,AF,[A],coalition,PPD/PSD.CDS-PP,CORAGEM E ESPERANÇA
mapa_anexo.xlsx,1578,AL2021,141507,Salvaterra de Magos,União das freguesias de Glória do Ribatejo e Granho,AF,[A],coalition,PPD/PSD.CDS-PP,CORAGEM E ESPERANÇA
mapa_anexo.xlsx,1579,AL2021,141508,Salvaterra de Magos,União das freguesias de Salvaterra de Magos e Foros de Salvaterra,AF,[A],coalition,PPD/PSD.CDS-PP,CORAGEM E ESPERANÇA
mapa_anexo.xlsx,1580,AL2021,141607,Santarém,Amiais de Baixo,AF,[D],citizen_group,MIAB,Movimento Independente Amiais de Baixo
mapa_anexo.xlsx,1581,AL2021,141613,Santarém,Moçarria,AF,[D],citizen_group,MIMO,Movimento Independente Feguesia de Moçarria
mapa_anexo.xlsx,1582,AL2021,141629,Santarém,"União das freguesias de Achete, Azoia de Baixo e Póvoa de Santarém",AF,[D],citizen_group,MIAAP,"Movimento Independente de Achete, Azóia de Baixo e Povoa de Santarém"
mapa_anexo.xlsx,1583,AL2021,141630,Santarém,União das freguesias de Azoia de Cima e Tremês,AF,[D],citizen_group,LITA,Lista Independente Tremez Azóia
mapa_anexo.xlsx,1584,AL2021,141632,Santarém,União das freguesias de Romeira e Várzea,AF,[D],citizen_group,MIRVA,Movimento Independente Romeira e Várzea
mapa_anexo.xlsx,1585,AL2021,141634,Santarém,União das freguesias de São Vicente do Paul e Vale de Figueira,AF,[D],citizen_group,MIFU,Movimento Independente das Freguesias Unidas
mapa_anexo.xlsx,1586,AL2021,141800,Tomar,,CM,[A],coalition,CDS-PP.MPT.PPM,TOMAR QUEREMOS RESPONDER
mapa_anexo.xlsx,1587,AL2021,141800,Tomar,,AM,[A],coalition,CDS-PP.MPT.PPM,TOMAR QUEREMOS RESPONDER
mapa_anexo.xlsx,1588,AL2021,141808,Tomar,Olalhas,AF,[D],citizen_group,Pensar Olalhas,Movimento Independente Pensar Olalhas
mapa_anexo.xlsx,1589,AL2021,141809,Tomar,Paialvo,AF,[A],coalition,CDS-PP.MPT.PPM,TOMAR QUEREMOS RESPONDER
mapa_anexo.xlsx,1590,AL2021,141814,Tomar,Sabacheira,AF,[A],coalition,CDS-PP.MPT.PPM,TOMAR QUEREMOS RESPONDER
mapa_anexo.xlsx,1591,AL2021,141818,Tomar,União das freguesias de Casais e Alviobeira,AF,[A],coalition,CDS-PP.MPT.PPM,TOMAR QUEREMOS RESPONDER
mapa_anexo.xlsx,1592,AL2021,141819,Tomar,União das freguesias de Madalena e Beselga,AF,[A],coalition,CDS-PP.MPT.PPM,TOMAR QUEREMOS RESPONDER
mapa_anexo.xlsx,1593,AL2021,141820,Tomar,União das freguesias de Serra e Junceira,AF,[D],citizen_group,Independentes do Nordeste,Movimento de Cidadãos Independentes do Nordeste
mapa_anexo.xlsx,1594,AL2021,141821,Tomar,União das freguesias de Tomar (São João Baptista) e Santa Maria dos Olivais,AF,[A],coalition,CDS-PP.MPT.PPM,TOMAR QUEREMOS RESPONDER
mapa_anexo.xlsx,1595,AL2021,141900,Torres Novas,,CM,[A],coalition,PPD/PSD.CDS-PP,AFIRMAR TORRES NOVAS
mapa_anexo.xlsx,1595,AL2021,141900,Torres Novas,,CM,[D],citizen_group,MPNT,Movimento P´la Nossa Terra
mapa_anexo.xlsx,1596,AL2021,141900,Torres Novas,,AM,[A],coalition,PPD/PSD.CDS-PP,AFIRMAR TORRES NOVAS
mapa_anexo.xlsx,1596,AL2021,141900,Torres Novas,,AM,[D],citizen_group,MPNT,Movimento P´la Nossa Terra
mapa_anexo.xlsx,1597,AL2021,141902,Torres Novas,Assentiz,AF,[D],citizen_group,GIFA,Grupo Independentes Freguesia de Assentis
mapa_anexo.xlsx,1598,AL2021,141904,Torres Novas,Chancelaria,AF,[A],coalition,PPD/PSD.CDS-PP,AFIRMAR TORRES NOVAS
mapa_anexo.xlsx,1598,AL2021,141904,Torres Novas,Chancelaria,AF,[D],citizen_group,MPNT,Movimento P´la Nossa Terra
mapa_anexo.xlsx,1599,AL2021,141909,Torres Novas,Pedrógão,AF,[A],coalition,PPD/PSD.CDS-PP,AFIRMAR TORRES NOVAS
mapa_anexo.xlsx,1599,AL2021,141909,Torres Novas,Pedrógão,AF,[D],citizen_group,MPNT,Movimento P´la Nossa Terra
mapa_anexo.xlsx,1600,AL2021,141910,Torres Novas,Riachos,AF,[A],coalition,PPD/PSD.CDS-PP,AFIRMAR TORRES NOVAS
mapa_anexo.xlsx,1600,AL2021,141910,Torres Novas,Riachos,AF,[D],citizen_group,MPNT,Movimento P´la Nossa Terra
mapa_anexo.xlsx,1601,AL2021,141916,Torres Novas,Zibreira,AF,[A],coalition,PPD/PSD.CDS-PP,AFIRMAR TORRES NOVAS
mapa_anexo.xlsx,1601,AL2021,141916,Torres Novas,Zibreira,AF,[D],citizen_group,MPNT,Movimento P´la Nossa Terra
mapa_anexo.xlsx,1602,AL2021,141917,Torres Novas,Meia Via,AF,[A],coalition,PPD/PSD.CDS-PP,AFIRMAR TORRES NOVAS
mapa_anexo.xlsx,1602,AL2021,141917,Torres Novas,Meia Via,AF,[D],citizen_group,MPNT,Movimento P´la Nossa Terra
mapa_anexo.xlsx,1603,AL2021,141918,Torres Novas,"União das freguesias de Brogueira, Parceiros de Igreja e Alcorochel",AF,[A],coalition,PPD/PSD.CDS-PP,AFIRMAR TORRES NOVAS
mapa_anexo.xlsx,1603,AL2021,141918,Torres Novas,"União das freguesias de Brogueira, Parceiros de Igreja e Alcorochel",AF,[D],citizen_group,MPNT,Movimento P´la Nossa Terra
mapa_anexo.xlsx,1604,AL2021,141919,Torres Novas,União das freguesias de Olaia e Paço,AF,[A],coalition,PPD/PSD.CDS-PP,AFIRMAR TORRES NOVAS
mapa_anexo.xlsx,1604,AL2021,141919,Torres Novas,União das freguesias de Olaia e Paço,AF,[D],citizen_group,MPNT,Movimento P´la Nossa Terra
mapa_anexo.xlsx,1605,AL2021,141920,Torres Novas,"União das freguesias de Torres Novas (Santa Maria, Salvador e Santiago)",AF,[A],coalition,PPD/PSD.CDS-PP,AFIRMAR TORRES NOVAS
mapa_anexo.xlsx,1605,AL2021,141920,Torres Novas,"União das freguesias de Torres Novas (Santa Maria, Salvador e Santiago)",AF,[D],citizen_group,M,Alternativa Autárquicas 2021
mapa_anexo.xlsx,1605,AL2021,141920,Torres Novas,"União das freguesias de Torres Novas (Santa Maria, Salvador e Santiago)",AF,[E],citizen_group,MPNT,Movimento P´la Nossa Terra
mapa_anexo.xlsx,1606,AL2021,141921,Torres Novas,"União das freguesias de Torres Novas (São Pedro), Lapas e Ribeira Branca",AF,[A],coalition,PPD/PSD.CDS-PP,AFIRMAR TORRES NOVAS
mapa_anexo.xlsx,1606,AL2021,141921,Torres Novas,"União das freguesias de Torres Novas (São Pedro), Lapas e Ribeira Branca",AF,[D],citizen_group,MPNT,Movimento P´la Nossa Terra
mapa_anexo.xlsx,1607,AL2021,142100,Ourém,,CM,[A],coalition,PPD/PSD.CDS-PP,OURÉM SEMPRE
mapa_anexo.xlsx,1607,AL2021,142100,Ourém,,CM,[D],citizen_group,MOVE,Movimento Independente
mapa_anexo.xlsx,1608,AL2021,142100,Ourém,,AM,[A],coalition,PPD/PSD.CDS-PP,OURÉM SEMPRE
mapa_anexo.xlsx,1608,AL2021,142100,Ourém,,AM,[D],citizen_group,MOVE,Movimento Independente
mapa_anexo.xlsx,1609,AL2021,142101,Ourém,Alburitel,AF,[A],coalition,PPD/PSD.CDS-PP,OURÉM SEMPRE
mapa_anexo.xlsx,1610,AL2021,142102,Ourém,Atouguia,AF,[A],coalition,PPD/PSD.CDS-PP,OURÉM SEMPRE
mapa_anexo.xlsx,1610,AL2021,142102,Ourém,Atouguia,AF,[D],citizen_group,MOVE,Movimento Independente
mapa_anexo.xlsx,1611,AL2021,142104,Ourém,Caxarias,AF,[A],coalition,PPD/PSD.CDS-PP,OURÉM SEMPRE
mapa_anexo.xlsx,1611,AL2021,142104,Ourém,Caxarias,AF,[D],citizen_group,MOVE,Movimento Independente
mapa_anexo.xlsx,1612,AL2021,142105,Ourém,Espite,AF,[A],coalition,PPD/PSD.CDS-PP,OURÉM SEMPRE
mapa_anexo.xlsx,1613,AL2021,142106,Ourém,Fátima,AF,[A],coalition,PPD/PSD.CDS-PP,OURÉM SEMPRE
mapa_anexo.xlsx,1613,AL2021,142106,Ourém,Fátima,AF,[D],citizen_group,MOVE,Movimento Independente
mapa_anexo.xlsx,1614,AL2021,142111,Ourém,Nossa Senhora das Misericórdias,AF,[A],coalition,PPD/PSD.CDS-PP,OURÉM SEMPRE
mapa_anexo.xlsx,1614,AL2021,142111,Ourém,Nossa Senhora das Misericórdias,AF,[D],citizen_group,MOVE,Movimento Independente
mapa_anexo.xlsx,1615,AL2021,142113,Ourém,Seiça,AF,[A],coalition,PPD/PSD.CDS-PP,OURÉM SEMPRE
mapa_anexo.xlsx,1615,AL2021,142113,Ourém,Seiça,AF,[D],citizen_group,MOVE,Movimento Independente
mapa_anexo.xlsx,1616,AL2021,142114,Ourém,Urqueira,AF,[A],coalition,PPD/PSD.CDS-PP,OURÉM SEMPRE
mapa_anexo.xlsx,1616,AL2021,142114,Ourém,Urqueira,AF,[D],citizen_group,MOVE,Movimento Independente
mapa_anexo.xlsx,1617,AL2021,142115,Ourém,Nossa Senhora da Piedade,AF,[A],coalition,PPD/PSD.CDS-PP,OURÉM SEMPRE
mapa_anexo.xlsx,1617,AL2021,142115,Ourém,Nossa Senhora da Piedade,AF,[D],citizen_group,MOVE,Movimento Independente
mapa_anexo.xlsx,1618,AL2021,142119,Ourém,"União das freguesias de Freixianda, Ribeira do Fárrio e Formigais",AF,[A],coalition,PPD/PSD.CDS-PP,OURÉM SEMPRE
mapa_anexo.xlsx,1618,AL2021,142119,Ourém,"União das freguesias de Freixianda, Ribeira do Fárrio e Formigais",AF,[D],citizen_group,MOVE,Movimento Independente
mapa_anexo.xlsx,1619,AL2021,142120,Ourém,União das freguesias de Gondemaria e Olival,AF,[A],coalition,PPD/PSD.CDS-PP,OURÉM SEMPRE
mapa_anexo.xlsx,1619,AL2021,142120,Ourém,União das freguesias de Gondemaria e Olival,AF,[D],citizen_group,MOVE,Movimento Independente
mapa_anexo.xlsx,1620,AL2021,142121,Ourém,União das freguesias de Matas e Cercal,AF,[A],coalition,PPD/PSD.CDS-PP,OURÉM SEMPRE
mapa_anexo.xlsx,1620,AL2021,142121,Ourém,União das freguesias de Matas e Cercal,AF,[D],citizen_group,MOVE,Movimento Independente
mapa_anexo.xlsx,1621,AL2021,142122,Ourém,União das freguesias de Rio de Couros e Casal dos Bernardos,AF,[A],coalition,PPD/PSD.CDS-PP,OURÉM SEMPRE
mapa_anexo.xlsx,1621,AL2021,142122,Ourém,União das freguesias de Rio de Couros e Casal dos Bernardos,AF,[D],citizen_group,MOVE,Movimento Independente
mapa_anexo.xlsx,1623,AL2021,150100,Alcácer do Sal,,CM,[A],coalition,PPD/PSD CDS-PP.MPT.PPM.A,TODOS JUNTOS PARA QUE ALCÁCER GANHE
mapa_anexo.xlsx,1624,AL2021,150100,Alcácer do Sal,,AM,[A],coalition,PPD/PSD CDS-PP.MPT.PPM.A,TODOS JUNTOS PARA QUE ALCÁCER GANHE
mapa_anexo.xlsx,1625,AL2021,150106,Alcácer do Sal,Comporta,AF,[A],coalition,PPD/PSD CDS-PP.MPT.PPM.A,TODOS JUNTOS PARA QUE ALCÁCER GANHE
mapa_anexo.xlsx,1626,AL2021,150107,Alcácer do Sal,União das freguesias de Alcácer do Sal (Santa Maria do Castelo e Santiago) e Santa Susana,AF,[A],coalition,PPD/PSD CDS-PP.MPT.PPM.A,TODOS JUNTOS PARA QUE ALCÁCER GANHE
mapa_anexo.xlsx,1627,AL2021,150300,Almada,,CM,[A],coalition,PPD/PSD.CDS-PP.A.MPT.PPM,AD - ALMADA DESENVOLVIDA
mapa_anexo.xlsx,1628,AL2021,150300,Almada,,AM,[A],coalition,PPD/PSD.CDS-PP.A.MPT.PPM,AD - ALMADA DESENVOLVIDA
mapa_anexo.xlsx,1629,AL2021,150303,Almada,Costa da Caparica,AF,[A],coalition,PPD/PSD.CDS-PP.A.MPT.PPM,AD - ALMADA DESENVOLVIDA
mapa_anexo.xlsx,1630,AL2021,150312,Almada,"União das freguesias de Almada, Cova da Piedade, Pragal e Cacilhas",AF,[A],coalition,PPD/PSD.CDS-PP.A.MPT.PPM,AD - ALMADA DESENVOLVIDA
mapa_anexo.xlsx,1631,AL2021,150313,Almada,União das freguesias de Caparica e Trafaria,AF,[A],coalition,PPD/PSD.CDS-PP.A.MPT.PPM,AD - ALMADA DESENVOLVIDA
mapa_anexo.xlsx,1632,AL2021,150314,Almada,União das freguesias de Charneca de Caparica e Sobreda,AF,[A],coalition,PPD/PSD.CDS-PP.A.MPT.PPM,AD - ALMADA DESENVOLVIDA
mapa_anexo.xlsx,1633,AL2021,150315,Almada,União das freguesias de Laranjeiro e Feijó,AF,[A],coalition,PPD/PSD.CDS-PP.A.MPT.PPM,AD - ALMADA DESENVOLVIDA
mapa_anexo.xlsx,1634,AL2021,150500,Grândola,,CM,[A],coalition,PPD/PSD.CDS-PP,+ POR GRÂNDOLA
mapa_anexo.xlsx,1635,AL2021,150500,Grândola,,AM,[A],coalition,PPD/PSD.CDS-PP,+ POR GRÂNDOLA
mapa_anexo.xlsx,1636,AL2021,150501,Grândola,Azinheira dos Barros e São Mamede do Sádão,AF,[A],coalition,PPD/PSD.CDS-PP,+ POR GRÂNDOLA
mapa_anexo.xlsx,1637,AL2021,150503,Grândola,Melides,AF,[A],coalition,PPD/PSD.CDS-PP,+ POR GRÂNDOLA
mapa_anexo.xlsx,1638,AL2021,150505,Grândola,Carvalhal,AF,[A],coalition,PPD/PSD.CDS-PP,+ POR GRÂNDOLA
mapa_anexo.xlsx,1639,AL2021,150506,Grândola,União das freguesias de Grândola e Santa Margarida da Serra,AF,[A],coalition,PPD/PSD.CDS-PP,+ POR GRÂNDOLA
mapa_anexo.xlsx,1640,AL2021,150600,Moita,,CM,[A],coalition,PPD/PSD.CDS-PP.MPT.PPM.A.PDR.,MERECEMOS MAIS
mapa_anexo.xlsx,1641,AL2021,150600,Moita,,AM,[A],coalition,PPD/PSD.CDS-PP.MPT.PPM.A.PDR.,MERECEMOS MAIS
mapa_anexo.xlsx,1642,AL2021,150601,Moita,Alhos Vedros,AF,[A],coalition,PPD/PSD.CDS-PP.MPT.PPM.A.PDR.,MERECEMOS MAIS
mapa_anexo.xlsx,1643,AL2021,150603,Moita,Moita,AF,[A],coalition,PPD/PSD.CDS-PP.MPT.PPM.A.PDR.,MERECEMOS MAIS
mapa_anexo.xlsx,1644,AL2021,150607,Moita,União das freguesias de Baixa da Banheira e Vale da Amoreira,AF,[A],coalition,PPD/PSD.CDS-PP.MPT.PPM.A.PDR.,MERECEMOS MAIS
mapa_anexo.xlsx,1645,AL2021,150608,Moita,União das freguesias de Gaio-Rosário e Sarilhos Pequenos,AF,[A],coalition,PPD/PSD.CDS-PP.MPT.PPM.A.PDR.,MERECEMOS MAIS
mapa_anexo.xlsx,1646,AL2021,150700,Montijo,,CM,[A],coalition,PPD/PSD.CDS-PP.A,O MONTIJO CONTA COMIGO
mapa_anexo.xlsx,1647,AL2021,150700,Montijo,,AM,[A],coalition,PPD/PSD.CDS-PP.A,O MONTIJO CONTA COMIGO
mapa_anexo.xlsx,1648,AL2021,150701,Montijo,Canha,AF,[A],coalition,PPD/PSD.CDS-PP.A,O MONTIJO CONTA COMIGO
mapa_anexo.xlsx,1649,AL2021,150704,Montijo,Sarilhos Grandes,AF,[A],coalition,PPD/PSD.CDS-PP.A,O MONTIJO CONTA COMIGO
mapa_anexo.xlsx,1650,AL2021,150709,Montijo,União das freguesias de Atalaia e Alto Estanqueiro-Jardia,AF,[A],coalition,PPD/PSD.CDS-PP.A,O MONTIJO CONTA COMIGO
mapa_anexo.xlsx,1651,AL2021,150710,Montijo,União das freguesias de Montijo e Afonsoeiro,AF,[A],coalition,PPD/PSD.CDS-PP.A,O MONTIJO CONTA COMIGO
mapa_anexo.xlsx,1652,AL2021,150711,Montijo,União das freguesias de Pegões,AF,[A],coalition,PPD/PSD.CDS-PP.A,O MONTIJO CONTA COMIGO
mapa_anexo.xlsx,1653,AL2021,150800,Palmela,,CM,[A],coalition,CDS-PP.MPT,"MUDAR POR MIM, MUDAR POR TODOS"
mapa_anexo.xlsx,1653,AL2021,150800,Palmela,,CM,[D],citizen_group,MCCP,Movimento de Cidadãos Pelo Concelho de Palmela
mapa_anexo.xlsx,1654,AL2021,150800,Palmela,,AM,[A],coalition,CDS-PP.MPT,"MUDAR POR MIM, MUDAR POR TODOS"
mapa_anexo.xlsx,1654,AL2021,150800,Palmela,,AM,[D],citizen_group,MCCP,Movimento de Cidadãos Pelo Concelho de Palmela
mapa_anexo.xlsx,1655,AL2021,150802,Palmela,Palmela,AF,[A],coalition,CDS-PP.MPT,"MUDAR POR MIM, MUDAR POR TODOS"
mapa_anexo.xlsx,1655,AL2021,150802,Palmela,Palmela,AF,[D],citizen_group,MCCP,Movimento de Cidadãos Pelo Concelho de Palmela
mapa_anexo.xlsx,1656,AL2021,150803,Palmela,Pinhal Novo,AF,[A],coalition,CDS-PP.MPT,"MUDAR POR MIM, MUDAR POR TODOS"
mapa_anexo.xlsx,1656,AL2021,150803,Palmela,Pinhal Novo,AF,[D],citizen_group,MCCP,Movimento de Cidadãos Pelo Concelho de Palmela
mapa_anexo.xlsx,1657,AL2021,150804,Palmela,Quinta do Anjo,AF,[A],coalition,CDS-PP.MPT,"MUDAR POR MIM, MUDAR POR TODOS"
mapa_anexo.xlsx,1657,AL2021,150804,Palmela,Quinta do Anjo,AF,[D],citizen_group,MCCP,Movimento de Cidadãos Pelo Concelho de Palmela
mapa_anexo.xlsx,1658,AL2021,150806,Palmela,União das freguesias de Poceirão e Marateca,AF,[A],coalition,CDS-PP.MPT,"MUDAR POR MIM, MUDAR POR TODOS"
mapa_anexo.xlsx,1658,AL2021,150806,Palmela,União das freguesias de Poceirão e Marateca,AF,[D],citizen_group,MCCP,Movimento de Cidadãos Pelo Concelho de Palmela
mapa_anexo.xlsx,1659,AL2021,150900,Santiago do Cacém,,CM,[A],coalition,PPD/PSD.CDS-PP,SANTIAGO DO CACÉM MAIS
mapa_anexo.xlsx,1660,AL2021,150900,Santiago do Cacém,,AM,[A],coalition,PPD/PSD.CDS-PP,SANTIAGO DO CACÉM MAIS
mapa_anexo.xlsx,1661,AL2021,150901,Santiago do Cacém,Abela,AF,[A],coalition,PPD/PSD.CDS-PP,SANTIAGO DO CACÉM MAIS
mapa_anexo.xlsx,1662,AL2021,150903,Santiago do Cacém,Cercal,AF,[A],coalition,PPD/PSD.CDS-PP,SANTIAGO DO CACÉM MAIS
mapa_anexo.xlsx,1663,AL2021,150907,Santiago do Cacém,Santo André,AF,[A],coalition,PPD/PSD.CDS-PP,SANTIAGO DO CACÉM MAIS
mapa_anexo.xlsx,1664,AL2021,150910,Santiago do Cacém,São Francisco da Serra,AF,[A],coalition,PPD/PSD.CDS-PP,SANTIAGO DO CACÉM MAIS
mapa_anexo.xlsx,1665,AL2021,150912,Santiago do Cacém,"União das freguesias de Santiago do Cacém, Santa Cruz e São Bartolomeu da Serra",AF,[A],coalition,PPD/PSD.CDS-PP,SANTIAGO DO CACÉM MAIS
mapa_anexo.xlsx,1666,AL2021,150913,Santiago do Cacém,União das freguesias de São Domingos e Vale de Água,AF,[A],coalition,PPD/PSD.CDS-PP,SANTIAGO DO CACÉM MAIS
mapa_anexo.xlsx,1667,AL2021,151000,Seixal,,CM,[A],coalition,CDS-PP.PDR.A.MPT,SEIXAL ÀS DIREITAS
mapa_anexo.xlsx,1668,AL2021,151000,Seixal,,AM,[A],coalition,CDS-PP.PDR.A.MPT,SEIXAL ÀS DIREITAS
mapa_anexo.xlsx,1669,AL2021,151002,Seixal,Amora,AF,[A],coalition,CDS-PP.PDR.A.MPT,SEIXAL ÀS DIREITAS
mapa_anexo.xlsx,1670,AL2021,151005,Seixal,Corroios,AF,[A],coalition,CDS-PP.PDR.A.MPT,SEIXAL ÀS DIREITAS
mapa_anexo.xlsx,1671,AL2021,151006,Seixal,Fernão Ferro,AF,[A],coalition,CDS-PP.PDR.A.MPT,SEIXAL ÀS DIREITAS
mapa_anexo.xlsx,1672,AL2021,151007,Seixal,"União das freguesias do Seixal, Arrentela e Aldeia de Paio Pires",AF,[A],coalition,CDS-PP.PDR.A.MPT,SEIXAL ÀS DIREITAS
mapa_anexo.xlsx,1673,AL2021,151100,Sesimbra,,CM,[A],coalition,CDS-PP.A.PDR,SESIMBRA PRIMEIRO
mapa_anexo.xlsx,1673,AL2021,151100,Sesimbra,,CM,[D],citizen_group,MSU,MOVIMENTO SESIMBRA UNIDA
mapa_anexo.xlsx,1674,AL2021,151100,Sesimbra,,AM,[A],coalition,CDS-PP.A.PDR,SESIMBRA PRIMEIRO
mapa_anexo.xlsx,1674,AL2021,151100,Sesimbra,,AM,[D],citizen_group,MSU,MOVIMENTO SESIMBRA UNIDA
mapa_anexo.xlsx,1675,AL2021,151101,Sesimbra,Sesimbra (Castelo),AF,[A],coalition,CDS-PP.A.PDR,SESIMBRA PRIMEIRO
mapa_anexo.xlsx,1675,AL2021,151101,Sesimbra,Sesimbra (Castelo),AF,[D],citizen_group,MSU,MOVIMENTO SESIMBRA UNIDA
mapa_anexo.xlsx,1676,AL2021,151102,Sesimbra,Sesimbra (Santiago),AF,[A],coalition,CDS-PP.A.PDR,SESIMBRA PRIMEIRO
mapa_anexo.xlsx,1676,AL2021,151102,Sesimbra,Sesimbra (Santiago),AF,[D],citizen_group,MSU,MOVIMENTO SESIMBRA UNIDA
mapa_anexo.xlsx,1677,AL2021,151103,Sesimbra,Quinta do Conde,AF,[A],coalition,CDS-PP.A.PDR,SESIMBRA PRIMEIRO
mapa_anexo.xlsx,1677,AL2021,151103,Sesimbra,Quinta do Conde,AF,[D],citizen_group,MSU,MOVIMENTO SESIMBRA UNIDA
mapa_anexo.xlsx,1678,AL2021,151200,Setúbal,,CM,[A],coalition,NC/PPM,AMAR SETÚBAL
mapa_anexo.xlsx,1678,AL2021,151200,Setúbal,,CM,[B],coalition,RIR/PDR,Todos somos Setúbal
mapa_anexo.xlsx,1679,AL2021,151200,Setúbal,,AM,[A],coalition,NC/PPM,AMAR SETÚBAL
mapa_anexo.xlsx,1679,AL2021,151200,Setúbal,,AM,[B],coalition,RIR/PDR,Todos somos Setúbal
mapa_anexo.xlsx,1680,AL2021,151205,Setúbal,Setúbal (São Sebastião),AF,[A],coalition,NC/PPM,AMAR SETÚBAL
mapa_anexo.xlsx,1681,AL2021,151207,Setúbal,Gâmbia-Pontes-Alto da Guerra,AF,[A],coalition,RIR/PDR,Todos somos Setúbal
mapa_anexo.xlsx,1682,AL2021,151208,Setúbal,Sado,AF,[A],coalition,NC/PPM,AMAR SETÚBAL
mapa_anexo.xlsx,1682,AL2021,151208,Setúbal,Sado,AF,[B],coalition,RIR/PDR,Todos somos Setúbal
mapa_anexo.xlsx,1683,AL2021,151209,Setúbal,União das freguesias de Azeitão (São Lourenço e São Simão),AF,[A],coalition,NC/PPM,AMAR SETÚBAL
mapa_anexo.xlsx,1683,AL2021,151209,Setúbal,União das freguesias de Azeitão (São Lourenço e São Simão),AF,[B],coalition,RIR/PDR,Todos somos Setúbal
mapa_anexo.xlsx,1684,AL2021,151210,Setúbal,"União das freguesias de Setúbal (São Julião, Nossa Senhora da Anunciada e Santa Maria da Graça)",AF,[A],coalition,NC/PPM,AMAR SETÚBAL
mapa_anexo.xlsx,1684,AL2021,151210,Setúbal,"União das freguesias de Setúbal (São Julião, Nossa Senhora da Anunciada e Santa Maria da Graça)",AF,[B],coalition,RIR/PDR,Todos somos Setúbal
mapa_anexo.xlsx,1685,AL2021,151300,Sines,,CM,[A],coalition,PPD/PSD.CDS-PP,ENTRA NA ONDA
mapa_anexo.xlsx,1685,AL2021,151300,Sines,,CM,[D],citizen_group,MAiSines,Movimento Alternativa Independente Sineense
mapa_anexo.xlsx,1686,AL2021,151300,Sines,,AM,[A],coalition,PPD/PSD.CDS-PP,ENTRA NA ONDA
mapa_anexo.xlsx,1686,AL2021,151300,Sines,,AM,[D],citizen_group,MAiSines,Movimento Alternativa Independente Sineense
mapa_anexo.xlsx,1687,AL2021,151301,Sines,Sines,AF,[A],coalition,PPD/PSD.CDS-PP,ENTRA NA ONDA
mapa_anexo.xlsx,1687,AL2021,151301,Sines,Sines,AF,[D],citizen_group,MAiSines,Movimento Alternativa Independente Sineense
mapa_anexo.xlsx,1688,AL2021,151302,Sines,Porto Covo,AF,[A],coalition,PPD/PSD.CDS-PP,ENTRA NA ONDA
mapa_anexo.xlsx,1688,AL2021,151302,Sines,Porto Covo,AF,[D],citizen_group,MAiSines,Movimento Alternativa Independente Sineense
mapa_anexo.xlsx,1690,AL2021,160109,Arcos de Valdevez,Couto,AF,[D],citizen_group,IPC,Independentes pelo Couto
mapa_anexo.xlsx,1691,AL2021,160113,Arcos de Valdevez,Gavieira,AF,[D],citizen_group,JPG,Juntos pela Gavieira
mapa_anexo.xlsx,1692,AL2021,160115,Arcos de Valdevez,Gondoriz,AF,[D],citizen_group,GRC,"Gondoriz - Rumo Certo, GRC"
mapa_anexo.xlsx,1693,AL2021,160125,Arcos de Valdevez,Padroso,AF,[D],citizen_group,UPP,Unidos por Padroso
mapa_anexo.xlsx,1694,AL2021,160154,Arcos de Valdevez,"União das freguesias de Arcos de Valdevez (Salvador), Vila Fonche e Parada",AF,[D],citizen_group,MIAV,Movimento Independente Arcos de Valdevez - MIAV
mapa_anexo.xlsx,1695,AL2021,160155,Arcos de Valdevez,União das freguesias de Eiras e Mei,AF,[D],citizen_group,IEM,Independentes por Eiras e Mei
mapa_anexo.xlsx,1696,AL2021,160200,Caminha,,CM,[A],coalition,PPD/PSD. CDS-PP.A.PPM.,O CONCELHO EM PRIMEIRO
mapa_anexo.xlsx,1697,AL2021,160200,Caminha,,AM,[A],coalition,PPD/PSD. CDS-PP.A.PPM.,O CONCELHO EM PRIMEIRO
mapa_anexo.xlsx,1698,AL2021,160201,Caminha,Âncora,AF,[A],coalition,PPD/PSD. CDS-PP.A.PPM.,O CONCELHO EM PRIMEIRO
mapa_anexo.xlsx,1699,AL2021,160205,Caminha,Argela,AF,[A],coalition,PPD/PSD. CDS-PP.A.PPM.,O CONCELHO EM PRIMEIRO
mapa_anexo.xlsx,1700,AL2021,160209,Caminha,Dem,AF,[A],coalition,PPD/PSD. CDS-PP.A.PPM.,O CONCELHO EM PRIMEIRO
mapa_anexo.xlsx,1701,AL2021,160211,Caminha,Lanhelas,AF,[A],coalition,PPD/PSD. CDS-PP.A.PPM.,O CONCELHO EM PRIMEIRO
mapa_anexo.xlsx,1702,AL2021,160214,Caminha,Riba de Âncora,AF,[A],coalition,PPD/PSD. CDS-PP.A.PPM.,O CONCELHO EM PRIMEIRO
mapa_anexo.xlsx,1702,AL2021,160214,Caminha,Riba de Âncora,AF,[D],citizen_group,JPRA,JUNTOS POR RIBA DE ÂNCORA
mapa_anexo.xlsx,1703,AL2021,160215,Caminha,Seixas,AF,[A],coalition,PPD/PSD. CDS-PP.A.PPM,O CONCELHO EM PRIMEIRO
mapa_anexo.xlsx,1704,AL2021,160217,Caminha,Vila Praia de Âncora,AF,[A],coalition,PPD/PSD. CDS-PP.A.PPM.,O CONCELHO EM PRIMEIRO
mapa_anexo.xlsx,1705,AL2021,160218,Caminha,Vilar de Mouros,AF,[A],coalition,PPD/PSD. CDS-PP.A.PPM.,O CONCELHO EM PRIMEIRO
mapa_anexo.xlsx,1706,AL2021,160220,Caminha,Vile,AF,[A],coalition,PPD/PSD. CDS-PP.A.PPM.,O CONCELHO EM PRIMEIRO
mapa_anexo.xlsx,1707,AL2021,160221,Caminha,"União das freguesias de Arga (Baixo, Cima e São João)",AF,[D],citizen_group,JPA,JUNTOS PELAS ARGAS
mapa_anexo.xlsx,1708,AL2021,160222,Caminha,União das freguesias de Caminha (Matriz) e Vilarelho,AF,[A],coalition,PPD/PSD. CDS-PP.A.PPM,O CONCELHO EM PRIMEIRO
mapa_anexo.xlsx,1709,AL2021,160223,Caminha,União das freguesias de Gondar e Orbacém,AF,[A],coalition,PPD/PSD. CDS-PP.A.PPM.,O CONCELHO EM PRIMEIRO
mapa_anexo.xlsx,1709,AL2021,160223,Caminha,União das freguesias de Gondar e Orbacém,AF,[D],citizen_group,MIGO,MOVIMENTO INDEPENDENTE DE GONDAR E ORBACÉM
mapa_anexo.xlsx,1710,AL2021,160224,Caminha,União das freguesias de Moledo e Cristelo,AF,[A],coalition,PPD/PSD. CDS-PP.A.PPM.,O CONCELHO EM PRIMEIRO
mapa_anexo.xlsx,1711,AL2021,160225,Caminha,União das freguesias de Venade e Azevedo,AF,[A],coalition,PPD/PSD. CDS-PP.A.PPM.,O CONCELHO EM PRIMEIRO
mapa_anexo.xlsx,1712,AL2021,160406,Monção,Bela,AF,[D],citizen_group,BU,Belenses Unidos
mapa_anexo.xlsx,1713,AL2021,160415,Monção,Merufe,AF,[D],citizen_group,MPM,MAIS POR MERUFE
mapa_anexo.xlsx,1714,AL2021,160421,Monção,Pinheiros,AF,[D],citizen_group,CIP,CIP - Cidadãos Independentes de Pinheiros
mapa_anexo.xlsx,1715,AL2021,160431,Monção,Trute,AF,[D],citizen_group,MIT,Movimento Independente por Trute
mapa_anexo.xlsx,1716,AL2021,160440,Monção,União das freguesias de Troporiz e Lapela,AF,[D],citizen_group,T&L,Grupo de Cidadãos Eleitores Independentes de Troporiz e Lapela
mapa_anexo.xlsx,1717,AL2021,160500,Paredes de Coura,,CM,[A],coalition,PPD/PSD.CDS-PP,SE ACREDITARMOS PODE ACONTECER
mapa_anexo.xlsx,1718,AL2021,160500,Paredes de Coura,,AM,[A],coalition,PPD/PSD.CDS-PP,SE ACREDITARMOS PODE ACONTECER
mapa_anexo.xlsx,1719,AL2021,160510,Paredes de Coura,Infesta,AF,[A],coalition,PPD/PSD.CDS-PP,SE ACREDITARMOS PODE ACONTECER
mapa_anexo.xlsx,1720,AL2021,160513,Paredes de Coura,Mozelos,AF,[A],coalition,PPD/PSD.CDS-PP,SE ACREDITARMOS PODE ACONTECER
mapa_anexo.xlsx,1721,AL2021,160515,Paredes de Coura,Parada,AF,[A],coalition,PPD/PSD.CDS-PP,SE ACREDITARMOS PODE ACONTECER
mapa_anexo.xlsx,1722,AL2021,160521,Paredes de Coura,Vascões,AF,[A],coalition,PPD/PSD.CDS-PP,SE ACREDITARMOS PODE ACONTECER
mapa_anexo.xlsx,1723,AL2021,160523,Paredes de Coura,União das freguesias de Cossourado e Linhares,AF,[D],citizen_group,UCL - XVII,UNIDOS POR COSSOURADO E LINHARES
mapa_anexo.xlsx,1724,AL2021,160526,Paredes de Coura,União das freguesias de Paredes de Coura e Resende,AF,[A],coalition,PPD/PSD.CDS-PP,SE ACREDITARMOS PODE ACONTECER
mapa_anexo.xlsx,1725,AL2021,160603,Ponte da Barca,Bravães,AF,[D],citizen_group,BEM,Bravães em Movimento - BEM
mapa_anexo.xlsx,1726,AL2021,160604,Ponte da Barca,Britelo,AF,[D],citizen_group,UPB,Unidos por Britelo
mapa_anexo.xlsx,1727,AL2021,160611,Ponte da Barca,Lavradas,AF,[D],citizen_group,JPL,Juntos por Lavradas - JPL
mapa_anexo.xlsx,1728,AL2021,160614,Ponte da Barca,Oleiros,AF,[D],citizen_group,UPO,Unidos por Oleiros - UPO
mapa_anexo.xlsx,1729,AL2021,160624,Ponte da Barca,Vade (São Tomé),AF,[D],citizen_group,JVT,Juntos por Vade São Tomé
mapa_anexo.xlsx,1730,AL2021,160627,Ponte da Barca,"União das freguesias de Entre Ambos-os-Rios, Ermida e Germil",AF,[D],citizen_group,TSU,Todos Somos União - TSU
mapa_anexo.xlsx,1731,AL2021,160630,Ponte da Barca,União das freguesias de Vila Chã (São João Baptista e Santiago),AF,[D],citizen_group,TPSJS,Todos por São João e Santiago - TPSJS
mapa_anexo.xlsx,1732,AL2021,160700,Ponte de Lima,,CM,[D],citizen_group,M51,Movimento 51
mapa_anexo.xlsx,1732,AL2021,160700,Ponte de Lima,,CM,[E],citizen_group,PLMT,Ponte de Lima Minha Terra
mapa_anexo.xlsx,1732,AL2021,160700,Ponte de Lima,,CM,[F],citizen_group,VIRAMILHO,Associação VIRAMILHO
mapa_anexo.xlsx,1733,AL2021,160700,Ponte de Lima,,AM,[D],citizen_group,M51,Movimento 51
mapa_anexo.xlsx,1733,AL2021,160700,Ponte de Lima,,AM,[E],citizen_group,PLMT,Ponte de Lima Minha Terra
mapa_anexo.xlsx,1733,AL2021,160700,Ponte de Lima,,AM,[F],citizen_group,VIRAMILHO,Associação VIRAMILHO
mapa_anexo.xlsx,1734,AL2021,160704,Ponte de Lima,Arcozelo,AF,[D],citizen_group,M51,Movimento 51
mapa_anexo.xlsx,1734,AL2021,160704,Ponte de Lima,Arcozelo,AF,[E],citizen_group,PLMT,Ponte de Lima Minha Terra
mapa_anexo.xlsx,1734,AL2021,160704,Ponte de Lima,Arcozelo,AF,[F],citizen_group,VEJA,Vila Jardins de Arcozelo
mapa_anexo.xlsx,1734,AL2021,160704,Ponte de Lima,Arcozelo,AF,[G],citizen_group,VUA,Valorizar e Unir Arcozelo
mapa_anexo.xlsx,1735,AL2021,160707,Ponte de Lima,Beiral do Lima,AF,[D],citizen_group,PLMT,Ponte de Lima Minha Terra
mapa_anexo.xlsx,1736,AL2021,160708,Ponte de Lima,Bertiandos,AF,[D],citizen_group,JPB,Juntos por Bertiandos
mapa_anexo.xlsx,1737,AL2021,160709,Ponte de Lima,Boalhosa,AF,[D],citizen_group,PLMT,Ponte de Lima Minha Terra
mapa_anexo.xlsx,1738,AL2021,160710,Ponte de Lima,Brandara,AF,[D],citizen_group,PLMT,Ponte de Lima Minha Terra
mapa_anexo.xlsx,1739,AL2021,160713,Ponte de Lima,Calheiros,AF,[D],citizen_group,MNT,Calheiros - Movimento Nossa Terra
mapa_anexo.xlsx,1739,AL2021,160713,Ponte de Lima,Calheiros,AF,[E],citizen_group,PLMT,Ponte de Lima Minha Terra
mapa_anexo.xlsx,1740,AL2021,160714,Ponte de Lima,Calvelo,AF,[D],citizen_group,JPC,Juntos por Calvelo
mapa_anexo.xlsx,1740,AL2021,160714,Ponte de Lima,Calvelo,AF,[E],citizen_group,PLMT,Ponte de Lima Minha Terra
mapa_anexo.xlsx,1741,AL2021,160716,Ponte de Lima,Correlhã,AF,[D],citizen_group,PLMT,Ponte de Lima Minha Terra
mapa_anexo.xlsx,1741,AL2021,160716,Ponte de Lima,Correlhã,AF,[E],citizen_group,UPC,Unidos Pela Correlhã
mapa_anexo.xlsx,1742,AL2021,160717,Ponte de Lima,Estorãos,AF,[D],citizen_group,PLMT,Ponte de Lima Minha Terra
mapa_anexo.xlsx,1743,AL2021,160718,Ponte de Lima,Facha,AF,[D],citizen_group,JPF,Juntos Pela Facha
mapa_anexo.xlsx,1743,AL2021,160718,Ponte de Lima,Facha,AF,[E],citizen_group,PLMT,Ponte de Lima Minha Terra
mapa_anexo.xlsx,1744,AL2021,160719,Ponte de Lima,Feitosa,AF,[D],citizen_group,FMM,Feitosa Mais e Melhor
mapa_anexo.xlsx,1744,AL2021,160719,Ponte de Lima,Feitosa,AF,[E],citizen_group,M51,Movimento 51
mapa_anexo.xlsx,1744,AL2021,160719,Ponte de Lima,Feitosa,AF,[F],citizen_group,PLMT,Ponte de Lima Minha Terra
mapa_anexo.xlsx,1745,AL2021,160721,Ponte de Lima,Fontão,AF,[D],citizen_group,PLMT,Ponte de Lima Minha Terra
mapa_anexo.xlsx,1746,AL2021,160724,Ponte de Lima,Friastelas,AF,[D],citizen_group,IF,Inovar Friastelas
mapa_anexo.xlsx,1746,AL2021,160724,Ponte de Lima,Friastelas,AF,[E],citizen_group,JPF,Juntos Por Friastelas
mapa_anexo.xlsx,1747,AL2021,160726,Ponte de Lima,Gandra,AF,[D],citizen_group,JPSM,Juntos por S. Martinho
mapa_anexo.xlsx,1747,AL2021,160726,Ponte de Lima,Gandra,AF,[E],citizen_group,PLMT,Ponte de Lima Minha Terra
mapa_anexo.xlsx,1748,AL2021,160727,Ponte de Lima,Gemieira,AF,[D],citizen_group,PLMT,Ponte de Lima Minha Terra
mapa_anexo.xlsx,1749,AL2021,160729,Ponte de Lima,Labruja,AF,[D],citizen_group,+ Labruja,Cidadãos Eleitores + Labruja
mapa_anexo.xlsx,1750,AL2021,160734,Ponte de Lima,Poiares,AF,[D],citizen_group,M51,Movimento 51
mapa_anexo.xlsx,1751,AL2021,160737,Ponte de Lima,Refóios do Lima,AF,[D],citizen_group,M51,Movimento 51
mapa_anexo.xlsx,1751,AL2021,160737,Ponte de Lima,Refóios do Lima,AF,[E],citizen_group,PLMT,Ponte de Lima Minha Terra
mapa_anexo.xlsx,1752,AL2021,160739,Ponte de Lima,Ribeira,AF,[D],citizen_group,M51,Movimento 51
mapa_anexo.xlsx,1752,AL2021,160739,Ponte de Lima,Ribeira,AF,[E],citizen_group,PLMT,Ponte de Lima Minha Terra
mapa_anexo.xlsx,1752,AL2021,160739,Ponte de Lima,Ribeira,AF,[F],citizen_group,RCF,Ribeira com Futuro
mapa_anexo.xlsx,1753,AL2021,160740,Ponte de Lima,Sá,AF,[D],citizen_group,PLMT,Ponte de Lima Minha Terra
mapa_anexo.xlsx,1754,AL2021,160742,Ponte de Lima,Santa Comba,AF,[D],citizen_group,PLMT,Ponte de Lima Minha Terra
mapa_anexo.xlsx,1754,AL2021,160742,Ponte de Lima,Santa Comba,AF,[E],citizen_group,TJSC,Todos Juntos por Santa Comba
mapa_anexo.xlsx,1755,AL2021,160750,Ponte de Lima,Vitorino das Donas,AF,[D],citizen_group,ERG,Elisabete Ribeiro Gomes
mapa_anexo.xlsx,1755,AL2021,160750,Ponte de Lima,Vitorino das Donas,AF,[E],citizen_group,PLMT,Ponte de Lima Minha Terra
mapa_anexo.xlsx,1756,AL2021,160752,Ponte de Lima,Arca e Ponte de Lima,AF,[D],citizen_group,M51,Movimento 51
mapa_anexo.xlsx,1756,AL2021,160752,Ponte de Lima,Arca e Ponte de Lima,AF,[E],citizen_group,PLMT,Ponte de Lima Minha Terra
mapa_anexo.xlsx,1757,AL2021,160753,Ponte de Lima,"Ardegão, Freixo e Mato",AF,[D],citizen_group,M51,Movimento 51
mapa_anexo.xlsx,1757,AL2021,160753,Ponte de Lima,"Ardegão, Freixo e Mato",AF,[E],citizen_group,PLMT,Ponte de Lima Minha Terra
mapa_anexo.xlsx,1758,AL2021,160754,Ponte de Lima,Associação de freguesias do Vale do Neiva,AF,[D],citizen_group,PLMT,Ponte de Lima Minha Terra
mapa_anexo.xlsx,1759,AL2021,160755,Ponte de Lima,Bárrio e Cepões,AF,[D],citizen_group,UPBC,Unidos por Bárrio e Cepões
mapa_anexo.xlsx,1760,AL2021,160757,Ponte de Lima,Cabração e Moreira do Lima,AF,[D],citizen_group,MCU,Moreira do Lima e Cabração Unidos
mapa_anexo.xlsx,1761,AL2021,160758,Ponte de Lima,Fornelos e Queijada,AF,[D],citizen_group,JMNP,João Matos Nosso Presidente
mapa_anexo.xlsx,1761,AL2021,160758,Ponte de Lima,Fornelos e Queijada,AF,[E],citizen_group,M51,Movimento 51
mapa_anexo.xlsx,1761,AL2021,160758,Ponte de Lima,Fornelos e Queijada,AF,[F],citizen_group,PLMT,Ponte de Lima Minha Terra
mapa_anexo.xlsx,1762,AL2021,160760,Ponte de Lima,Navió e Vitorino dos Piães,AF,[D],citizen_group,DMD,De Mãos Dadas
mapa_anexo.xlsx,1762,AL2021,160760,Ponte de Lima,Navió e Vitorino dos Piães,AF,[E],citizen_group,JPNVP,Juntos Por Navió e Vitorino de Piães
mapa_anexo.xlsx,1763,AL2021,160800,Valença,,CM,[D],citizen_group,jmfv,José Monte - Fortalecer Valença
mapa_anexo.xlsx,1764,AL2021,160800,Valença,,AM,[D],citizen_group,jmfv,José Monte - Fortalecer Valença
mapa_anexo.xlsx,1765,AL2021,160803,Valença,Cerdal,AF,[D],citizen_group,jmfv,José Monte - Fortalecer Valença
mapa_anexo.xlsx,1766,AL2021,160805,Valença,Fontoura,AF,[D],citizen_group,jmfv,José Monte - Fortalecer Valença
mapa_anexo.xlsx,1767,AL2021,160806,Valença,Friestas,AF,[D],citizen_group,jmfv,José Monte - Fortalecer Valença
mapa_anexo.xlsx,1768,AL2021,160808,Valença,Ganfei,AF,[D],citizen_group,jmfv,José Monte - Fortalecer Valença
mapa_anexo.xlsx,1769,AL2021,160812,Valença,São Pedro da Torre,AF,[D],citizen_group,jmfv,José Monte - Fortalecer Valença
mapa_anexo.xlsx,1769,AL2021,160812,Valença,São Pedro da Torre,AF,[E],citizen_group,RSP,Remar Por S. Pedro
mapa_anexo.xlsx,1770,AL2021,160817,Valença,União das freguesias de Gandra e Taião,AF,[D],citizen_group,jmfv,José Monte - Fortalecer Valença
mapa_anexo.xlsx,1771,AL2021,160818,Valença,União das freguesias de Gondomil e Safins,AF,[D],citizen_group,jmfv,José Monte - Fortalecer Valença
mapa_anexo.xlsx,1772,AL2021,160819,Valença,União das freguesias de São Julião e Silva,AF,[D],citizen_group,jmfv,José Monte - Fortalecer Valença
mapa_anexo.xlsx,1773,AL2021,160820,Valença,"União das freguesias de Valença, Cristelo Covo e Arão",AF,[D],citizen_group,jmfv,José Monte - Fortalecer Valença
mapa_anexo.xlsx,1774,AL2021,160900,Viana do Castelo,,CM,[A],coalition,PPD/PSD.CDS-PP,É AGORA VIANA!
mapa_anexo.xlsx,1775,AL2021,160900,Viana do Castelo,,AM,[A],coalition,PPD/PSD.CDS-PP,É AGORA VIANA!
mapa_anexo.xlsx,1775,AL2021,160900,Viana do Castelo,,AM,[D],citizen_group,JSPV,JOCA Servir o Povo de Viana
mapa_anexo.xlsx,1776,AL2021,160901,Viana do Castelo,Afife,AF,[A],coalition,PPD/PSD.CDS-PP,É AGORA VIANA!
mapa_anexo.xlsx,1776,AL2021,160901,Viana do Castelo,Afife,AF,[D],citizen_group,LIA,Lista de Independentes de Afife
mapa_anexo.xlsx,1777,AL2021,160902,Viana do Castelo,Alvarães,AF,[A],coalition,PPD/PSD.CDS-PP,É AGORA VIANA!
mapa_anexo.xlsx,1778,AL2021,160903,Viana do Castelo,Amonde,AF,[A],coalition,PPD/PSD.CDS-PP,É AGORA VIANA!
mapa_anexo.xlsx,1778,AL2021,160903,Viana do Castelo,Amonde,AF,[D],citizen_group,AU,Amonde Unido
mapa_anexo.xlsx,1779,AL2021,160904,Viana do Castelo,Anha,AF,[A],coalition,PPD/PSD.CDS-PP,É AGORA VIANA!
mapa_anexo.xlsx,1780,AL2021,160905,Viana do Castelo,Areosa,AF,[A],coalition,PPD/PSD.CDS-PP,É AGORA VIANA!
mapa_anexo.xlsx,1781,AL2021,160908,Viana do Castelo,Carreço,AF,[A],coalition,PPD/PSD.CDS-PP,É AGORA VIANA!
mapa_anexo.xlsx,1781,AL2021,160908,Viana do Castelo,Carreço,AF,[D],citizen_group,LIC,Lista Independente Por Carreço
mapa_anexo.xlsx,1782,AL2021,160910,Viana do Castelo,Castelo do Neiva,AF,[A],coalition,PPD/PSD.CDS-PP,É AGORA VIANA!
mapa_anexo.xlsx,1782,AL2021,160910,Viana do Castelo,Castelo do Neiva,AF,[D],citizen_group,LICN,Lista Independente por Castelo do Neiva
mapa_anexo.xlsx,1783,AL2021,160911,Viana do Castelo,Darque,AF,[A],coalition,PPD/PSD.CDS-PP,É AGORA VIANA!
mapa_anexo.xlsx,1784,AL2021,160914,Viana do Castelo,Freixieiro de Soutelo,AF,[A],coalition,PPD/PSD.CDS-PP,É AGORA VIANA!
mapa_anexo.xlsx,1785,AL2021,160915,Viana do Castelo,Lanheses,AF,[A],coalition,PPD/PSD.CDS-PP,É AGORA VIANA!
mapa_anexo.xlsx,1785,AL2021,160915,Viana do Castelo,Lanheses,AF,[D],citizen_group,IPL,Cidadãos Independentes por Lanheses
mapa_anexo.xlsx,1786,AL2021,160920,Viana do Castelo,Montaria,AF,[D],citizen_group,UM,Unidos Pela Montaria
mapa_anexo.xlsx,1787,AL2021,160922,Viana do Castelo,Mujães,AF,[A],coalition,PPD/PSD.CDS-PP,É AGORA VIANA!
mapa_anexo.xlsx,1787,AL2021,160922,Viana do Castelo,Mujães,AF,[D],citizen_group,IMDPC,"Independentes de Mujães - Desenvolvimento, Progresso e Confiança"
mapa_anexo.xlsx,1788,AL2021,160923,Viana do Castelo,São Romão de Neiva,AF,[A],coalition,PPD/PSD.CDS-PP,É AGORA VIANA!
mapa_anexo.xlsx,1788,AL2021,160923,Viana do Castelo,São Romão de Neiva,AF,[D],citizen_group,USRN,Unidos por São Romão de Neiva
mapa_anexo.xlsx,1789,AL2021,160925,Viana do Castelo,Outeiro,AF,[A],coalition,PPD/PSD.CDS-PP,É AGORA VIANA!
mapa_anexo.xlsx,1789,AL2021,160925,Viana do Castelo,Outeiro,AF,[D],citizen_group,JPO,Juntos Por Outeiro
mapa_anexo.xlsx,1790,AL2021,160926,Viana do Castelo,Perre,AF,[A],coalition,PPD/PSD.CDS-PP,É AGORA VIANA!
mapa_anexo.xlsx,1790,AL2021,160926,Viana do Castelo,Perre,AF,[D],citizen_group,GP,Gostar de Perre
mapa_anexo.xlsx,1791,AL2021,160928,Viana do Castelo,Santa Marta de Portuzelo,AF,[A],coalition,PPD/PSD.CDS-PP,É AGORA VIANA!
mapa_anexo.xlsx,1792,AL2021,160935,Viana do Castelo,Vila Franca,AF,[A],coalition,PPD/PSD.CDS-PP,É AGORA VIANA!
mapa_anexo.xlsx,1792,AL2021,160935,Viana do Castelo,Vila Franca,AF,[D],citizen_group,I,Juntos pela Continuidade
mapa_anexo.xlsx,1793,AL2021,160938,Viana do Castelo,Vila de Punhe,AF,[A],coalition,PPD/PSD.CDS-PP,É AGORA VIANA!
mapa_anexo.xlsx,1794,AL2021,160940,Viana do Castelo,Chafé,AF,[A],coalition,PPD/PSD.CDS-PP,É AGORA VIANA!
mapa_anexo.xlsx,1794,AL2021,160940,Viana do Castelo,Chafé,AF,[D],citizen_group,UPC,Unidos por Chafé
mapa_anexo.xlsx,1795,AL2021,160941,Viana do Castelo,União das freguesias de Barroselas e Carvoeiro,AF,[A],coalition,PPD/PSD.CDS-PP,É AGORA VIANA!
mapa_anexo.xlsx,1796,AL2021,160942,Viana do Castelo,União das freguesias de Cardielos e Serreleis,AF,[A],coalition,PPD/PSD.CDS-PP,É AGORA VIANA!
mapa_anexo.xlsx,1797,AL2021,160943,Viana do Castelo,"União das freguesias de Geraz do Lima (Santa Maria, Santa Leocádia e Moreira) e Deão",AF,[A],coalition,PPD/PSD.CDS-PP,É AGORA VIANA!
mapa_anexo.xlsx,1797,AL2021,160943,Viana do Castelo,"União das freguesias de Geraz do Lima (Santa Maria, Santa Leocádia e Moreira) e Deão",AF,[D],citizen_group,UEP,União É Progresso
mapa_anexo.xlsx,1797,AL2021,160943,Viana do Castelo,"União das freguesias de Geraz do Lima (Santa Maria, Santa Leocádia e Moreira) e Deão",AF,[E],citizen_group,VSF,Voltemos a Ser Freguesias
mapa_anexo.xlsx,1798,AL2021,160944,Viana do Castelo,União das freguesias de Mazarefes e Vila Fria,AF,[A],coalition,PPD/PSD.CDS-PP,É AGORA VIANA!
mapa_anexo.xlsx,1799,AL2021,160945,Viana do Castelo,"União das freguesias de Nogueira, Meixedo e Vilar de Murteda",AF,[A],coalition,PPD/PSD.CDS-PP,É AGORA VIANA!
mapa_anexo.xlsx,1799,AL2021,160945,Viana do Castelo,"União das freguesias de Nogueira, Meixedo e Vilar de Murteda",AF,[D],citizen_group,LIUFNMVM,Lista Independente União de Freguesias de Nogueira Meixedo e Vilar de Murteda
mapa_anexo.xlsx,1800,AL2021,160946,Viana do Castelo,"União das freguesias de Subportela, Deocriste e Portela Susã",AF,[A],coalition,PPD/PSD.CDS-PP,É AGORA VIANA!
mapa_anexo.xlsx,1801,AL2021,160947,Viana do Castelo,União das freguesias de Torre e Vila Mou,AF,[D],citizen_group,TPTVM,Todos por Torre e Vila Mou
mapa_anexo.xlsx,1802,AL2021,160948,Viana do Castelo,União das freguesias de Viana do Castelo (Santa Maria Maior e Monserrate) e Meadela,AF,[A],coalition,PPD/PSD.CDS-PP,É AGORA VIANA!
mapa_anexo.xlsx,1803,AL2021,161000,Vila Nova de Cerveira,,CM,[D],citizen_group,Pence,Movimento Independente Pensar Cerveira
mapa_anexo.xlsx,1804,AL2021,161000,Vila Nova de Cerveira,,AM,[D],citizen_group,Pence,Movimento Independente Pensar Cerveira
mapa_anexo.xlsx,1805,AL2021,161003,Vila Nova de Cerveira,Cornes,AF,[D],citizen_group,IpC,Independentes por Cornes
mapa_anexo.xlsx,1806,AL2021,161004,Vila Nova de Cerveira,Covas,AF,[D],citizen_group,TPC,Todos Por Covas
mapa_anexo.xlsx,1807,AL2021,161006,Vila Nova de Cerveira,Gondarém,AF,[D],citizen_group,IpG,Independentes Por Gondarém
mapa_anexo.xlsx,1808,AL2021,161007,Vila Nova de Cerveira,Loivo,AF,[D],citizen_group,MIL,Movimento Independente por Loivo
mapa_anexo.xlsx,1809,AL2021,161009,Vila Nova de Cerveira,Mentrestido,AF,[D],citizen_group,IpM,Independentes por Mentrestido
mapa_anexo.xlsx,1810,AL2021,161012,Vila Nova de Cerveira,Sapardos,AF,[D],citizen_group,Ips,Independentes Por Sapardos
mapa_anexo.xlsx,1811,AL2021,161013,Vila Nova de Cerveira,Sopo,AF,[D],citizen_group,MITS,Movimento Independente Todos Por Sopo
mapa_anexo.xlsx,1812,AL2021,161016,Vila Nova de Cerveira,União das freguesias de Campos e Vila Meã,AF,[D],citizen_group,IpCVM,Independentes por Campos e Vila Meã
mapa_anexo.xlsx,1813,AL2021,161017,Vila Nova de Cerveira,União das freguesias de Candemil e Gondar,AF,[D],citizen_group,IpCG,Independentes por Candemil e Gondar
mapa_anexo.xlsx,1814,AL2021,161018,Vila Nova de Cerveira,União das freguesias de Reboreda e Nogueira,AF,[D],citizen_group,IpReN,Independentes Por Reboreda e Nogueira
mapa_anexo.xlsx,1815,AL2021,161019,Vila Nova de Cerveira,União das freguesias de Vila Nova de Cerveira e Lovelhe,AF,[D],citizen_group,IpCeL,Independentes Por Cerveira e Lovelhe
mapa_anexo.xlsx,1817,AL2021,170100,Alijó,,CM,[A],coalition,PPD/PSD.CDS-PP,AFIRMAR A NOSSA TERRA
mapa_anexo.xlsx,1818,AL2021,170100,Alijó,,AM,[A],coalition,PPD/PSD.CDS-PP,AFIRMAR A NOSSA TERRA
mapa_anexo.xlsx,1819,AL2021,170101,Alijó,Alijó,AF,[A],coalition,PPD/PSD.CDS-PP,AFIRMAR A NOSSA TERRA
mapa_anexo.xlsx,1820,AL2021,170107,Alijó,Favaios,AF,[A],coalition,PPD/PSD.CDS-PP,AFIRMAR A NOSSA TERRA
mapa_anexo.xlsx,1821,AL2021,170108,Alijó,Pegarinhos,AF,[A],coalition,PPD/PSD.CDS-PP,AFIRMAR A NOSSA TERRA
mapa_anexo.xlsx,1822,AL2021,170109,Alijó,Pinhão,AF,[A],coalition,PPD/PSD.CDS-PP,AFIRMAR A NOSSA TERRA
mapa_anexo.xlsx,1823,AL2021,170112,Alijó,Sanfins do Douro,AF,[A],coalition,PPD/PSD.CDS-PP,AFIRMAR A NOSSA TERRA
mapa_anexo.xlsx,1823,AL2021,170112,Alijó,Sanfins do Douro,AF,[D],citizen_group,SDFM,Sanfins do Douro Freguesia em Movimento
mapa_anexo.xlsx,1824,AL2021,170113,Alijó,Santa Eugénia,AF,[A],coalition,PPD/PSD.CDS-PP,AFIRMAR A NOSSA TERRA
mapa_anexo.xlsx,1825,AL2021,170114,Alijó,São Mamede de Ribatua,AF,[A],coalition,PPD/PSD.CDS-PP,AFIRMAR A NOSSA TERRA
mapa_anexo.xlsx,1825,AL2021,170114,Alijó,São Mamede de Ribatua,AF,[D],citizen_group,MIRA,Movimento Indfependente Ribatua Avança
mapa_anexo.xlsx,1826,AL2021,170116,Alijó,Vila Chã,AF,[A],coalition,PPD/PSD.CDS-PP,AFIRMAR A NOSSA TERRA
mapa_anexo.xlsx,1827,AL2021,170117,Alijó,Vila Verde,AF,[A],coalition,PPD/PSD.CDS-PP,AFIRMAR A NOSSA TERRA
mapa_anexo.xlsx,1828,AL2021,170118,Alijó,Vilar de Maçada,AF,[A],coalition,PPD/PSD.CDS-PP,AFIRMAR A NOSSA TERRA
mapa_anexo.xlsx,1829,AL2021,170120,Alijó,União das freguesias de Carlão e Amieiro,AF,[A],coalition,PPD/PSD.CDS-PP,AFIRMAR A NOSSA TERRA
mapa_anexo.xlsx,1830,AL2021,170121,Alijó,União das freguesias de Castedo e Cotas,AF,[A],coalition,PPD/PSD.CDS-PP,AFIRMAR A NOSSA TERRA
mapa_anexo.xlsx,1831,AL2021,170122,Alijó,União das freguesias de Pópulo e Ribalonga,AF,[A],coalition,PPD/PSD.CDS-PP,AFIRMAR A NOSSA TERRA
mapa_anexo.xlsx,1832,AL2021,170123,Alijó,"União das freguesias de Vale de Mendiz, Casal de Loivos e Vilarinho de Cotas",AF,[A],coalition,PPD/PSD.CDS-PP,AFIRMAR A NOSSA TERRA
mapa_anexo.xlsx,1833,AL2021,170200,Boticas,,CM,[D],citizen_group,I,Independente- I
mapa_anexo.xlsx,1834,AL2021,170200,Boticas,,AM,[D],citizen_group,I,Independente- I
mapa_anexo.xlsx,1835,AL2021,170210,Boticas,Dornelas,AF,[D],citizen_group,CDI,Couto Dornelas Independente
mapa_anexo.xlsx,1836,AL2021,170300,Chaves,,CM,[A],coalition,PPD/PSD.CDS-PP,CHAVES PRIMEIRO
mapa_anexo.xlsx,1837,AL2021,170300,Chaves,,AM,[A],coalition,PPD/PSD.CDS-PP,CHAVES PRIMEIRO
mapa_anexo.xlsx,1838,AL2021,170301,Chaves,Águas Frias,AF,[A],coalition,PPD/PSD.CDS-PP,CHAVES PRIMEIRO
mapa_anexo.xlsx,1839,AL2021,170302,Chaves,Anelhe,AF,[A],coalition,PPD/PSD.CDS-PP,CHAVES PRIMEIRO
mapa_anexo.xlsx,1840,AL2021,170305,Chaves,Bustelo,AF,[A],coalition,PPD/PSD.CDS-PP,CHAVES PRIMEIRO
mapa_anexo.xlsx,1841,AL2021,170309,Chaves,Cimo de Vila da Castanheira,AF,[A],coalition,PPD/PSD.CDS-PP,CHAVES PRIMEIRO
mapa_anexo.xlsx,1841,AL2021,170309,Chaves,Cimo de Vila da Castanheira,AF,[D],citizen_group,pnts,Pela Nossa Terra Sempre - XXI
mapa_anexo.xlsx,1842,AL2021,170310,Chaves,Curalha,AF,[A],coalition,PPD/PSD.CDS-PP,CHAVES PRIMEIRO
mapa_anexo.xlsx,1843,AL2021,170312,Chaves,Ervededo,AF,[A],coalition,PPD/PSD.CDS-PP,CHAVES PRIMEIRO
mapa_anexo.xlsx,1844,AL2021,170313,Chaves,Faiões,AF,[A],coalition,PPD/PSD.CDS-PP,CHAVES PRIMEIRO
mapa_anexo.xlsx,1845,AL2021,170314,Chaves,Lama de Arcos,AF,[A],coalition,PPD/PSD.CDS-PP,CHAVES PRIMEIRO
mapa_anexo.xlsx,1846,AL2021,170317,Chaves,Moreiras,AF,[A],coalition,PPD/PSD.CDS-PP,CHAVES PRIMEIRO
mapa_anexo.xlsx,1846,AL2021,170317,Chaves,Moreiras,AF,[D],citizen_group,upm,Unidos Por Moreiras - XXI
mapa_anexo.xlsx,1847,AL2021,170318,Chaves,Nogueira da Montanha,AF,[A],coalition,PPD/PSD.CDS-PP,CHAVES PRIMEIRO
mapa_anexo.xlsx,1848,AL2021,170320,Chaves,Oura,AF,[A],coalition,PPD/PSD.CDS-PP,CHAVES PRIMEIRO
mapa_anexo.xlsx,1849,AL2021,170321,Chaves,Outeiro Seco,AF,[A],coalition,PPD/PSD.CDS-PP,CHAVES PRIMEIRO
mapa_anexo.xlsx,1850,AL2021,170324,Chaves,Redondelo,AF,[A],coalition,PPD/PSD.CDS-PP,CHAVES PRIMEIRO
mapa_anexo.xlsx,1851,AL2021,170327,Chaves,Sanfins,AF,[A],coalition,PPD/PSD.CDS-PP,CHAVES PRIMEIRO
mapa_anexo.xlsx,1852,AL2021,170329,Chaves,Santa Leocádia,AF,[A],coalition,PPD/PSD.CDS-PP,CHAVES PRIMEIRO
mapa_anexo.xlsx,1853,AL2021,170330,Chaves,Santo António de Monforte,AF,[A],coalition,PPD/PSD.CDS-PP,CHAVES PRIMEIRO
mapa_anexo.xlsx,1854,AL2021,170331,Chaves,Santo Estêvão,AF,[A],coalition,PPD/PSD.CDS-PP,CHAVES PRIMEIRO
mapa_anexo.xlsx,1855,AL2021,170333,Chaves,São Pedro de Agostém,AF,[A],coalition,PPD/PSD.CDS-PP,CHAVES PRIMEIRO
mapa_anexo.xlsx,1856,AL2021,170334,Chaves,São Vicente,AF,[A],coalition,PPD/PSD.CDS-PP,CHAVES PRIMEIRO
mapa_anexo.xlsx,1856,AL2021,170334,Chaves,São Vicente,AF,[D],citizen_group,jpfsv,JUNTOS PELA FREGUESIA DE SÃO VICENTE - XXI
mapa_anexo.xlsx,1857,AL2021,170340,Chaves,Tronco,AF,[A],coalition,PPD/PSD.CDS-PP,CHAVES PRIMEIRO
mapa_anexo.xlsx,1858,AL2021,170341,Chaves,Vale de Anta,AF,[A],coalition,PPD/PSD.CDS-PP,CHAVES PRIMEIRO
mapa_anexo.xlsx,1859,AL2021,170343,Chaves,Vila Verde da Raia,AF,[A],coalition,PPD/PSD.CDS-PP,CHAVES PRIMEIRO
mapa_anexo.xlsx,1860,AL2021,170344,Chaves,Vilar de Nantes,AF,[A],coalition,PPD/PSD.CDS-PP,CHAVES PRIMEIRO
mapa_anexo.xlsx,1861,AL2021,170345,Chaves,Vilarelho da Raia,AF,[A],coalition,PPD/PSD.CDS-PP,CHAVES PRIMEIRO
mapa_anexo.xlsx,1862,AL2021,170347,Chaves,Vilas Boas,AF,[A],coalition,PPD/PSD.CDS-PP,CHAVES PRIMEIRO
mapa_anexo.xlsx,1863,AL2021,170348,Chaves,Vilela Seca,AF,[A],coalition,PPD/PSD.CDS-PP,CHAVES PRIMEIRO
mapa_anexo.xlsx,1864,AL2021,170349,Chaves,Vilela do Tâmega,AF,[A],coalition,PPD/PSD.CDS-PP,CHAVES PRIMEIRO
mapa_anexo.xlsx,1865,AL2021,170350,Chaves,Santa Maria Maior,AF,[A],coalition,PPD/PSD.CDS-PP,CHAVES PRIMEIRO
mapa_anexo.xlsx,1866,AL2021,170353,Chaves,Planalto de Monforte (União das freguesias de Oucidres e Bobadela),AF,[A],coalition,PPD/PSD.CDS-PP,CHAVES PRIMEIRO
mapa_anexo.xlsx,1867,AL2021,170354,Chaves,União das freguesias da Madalena e Samaiões,AF,[A],coalition,PPD/PSD.CDS-PP,CHAVES PRIMEIRO
mapa_anexo.xlsx,1868,AL2021,170355,Chaves,"União das freguesias das Eiras, São Julião de Montenegro e Cela",AF,[A],coalition,PPD/PSD.CDS-PP,CHAVES PRIMEIRO
mapa_anexo.xlsx,1869,AL2021,170356,Chaves,União das freguesias de Calvão e Soutelinho da Raia,AF,[A],coalition,PPD/PSD.CDS-PP,CHAVES PRIMEIRO
mapa_anexo.xlsx,1870,AL2021,170357,Chaves,União das freguesias de Loivos e Póvoa de Agrações,AF,[A],coalition,PPD/PSD.CDS-PP,CHAVES PRIMEIRO
mapa_anexo.xlsx,1871,AL2021,170358,Chaves,União das freguesias de Santa Cruz/Trindade e Sanjurge,AF,[A],coalition,PPD/PSD.CDS-PP,CHAVES PRIMEIRO
mapa_anexo.xlsx,1872,AL2021,170359,Chaves,União das freguesias de Soutelo e Seara Velha,AF,[A],coalition,PPD/PSD.CDS-PP,CHAVES PRIMEIRO
mapa_anexo.xlsx,1873,AL2021,170360,Chaves,União das freguesias de Travancas e Roriz,AF,[A],coalition,PPD/PSD.CDS-PP,CHAVES PRIMEIRO
mapa_anexo.xlsx,1874,AL2021,170361,Chaves,"Vidago (União das freguesias de Vidago, Arcossó, Selhariz e Vilarinho das Paranheiras)",AF,[A],coalition,PPD/PSD.CDS-PP,CHAVES PRIMEIRO
mapa_anexo.xlsx,1875,AL2021,170400,Mesão Frio,,CM,[A],coalition,PPD/PSD.CDS-PP,UNIDOS POR MESÃO FRIO
mapa_anexo.xlsx,1875,AL2021,170400,Mesão Frio,,CM,[D],citizen_group,MMMF,Movimento Mais Mesão Frio
mapa_anexo.xlsx,1876,AL2021,170400,Mesão Frio,,AM,[A],coalition,PPD/PSD.CDS-PP,UNIDOS POR MESÃO FRIO
mapa_anexo.xlsx,1876,AL2021,170400,Mesão Frio,,AM,[D],citizen_group,MMMF,Movimento Mais Mesão Frio
mapa_anexo.xlsx,1877,AL2021,170401,Mesão Frio,Barqueiros,AF,[A],coalition,PPD/PSD.CDS-PP,UNIDOS POR MESÃO FRIO
mapa_anexo.xlsx,1878,AL2021,170403,Mesão Frio,Oliveira,AF,[A],coalition,PPD/PSD.CDS-PP,UNIDOS POR MESÃO FRIO
mapa_anexo.xlsx,1879,AL2021,170407,Mesão Frio,Vila Marim,AF,[A],coalition,PPD/PSD.CDS-PP,UNIDOS POR MESÃO FRIO
mapa_anexo.xlsx,1879,AL2021,170407,Mesão Frio,Vila Marim,AF,[D],citizen_group,MMMF,Movimento Mais Mesão Frio
mapa_anexo.xlsx,1880,AL2021,170408,Mesão Frio,Mesão Frio (Santo André),AF,[A],coalition,PPD/PSD.CDS-PP,UNIDOS POR MESÃO FRIO
mapa_anexo.xlsx,1881,AL2021,170509,Mondim de Basto,União das freguesias de Campanhó e Paradança,AF,[D],citizen_group,ICP,Independentes por Campanhó e Paradança
mapa_anexo.xlsx,1882,AL2021,170600,Montalegre,,CM,[A],coalition,PPD/PSD.CDS-PP,TODOS POR BARROSO
mapa_anexo.xlsx,1883,AL2021,170600,Montalegre,,AM,[A],coalition,PPD/PSD.CDS-PP,TODOS POR BARROSO
mapa_anexo.xlsx,1884,AL2021,170601,Montalegre,Cabril,AF,[D],citizen_group,AFC,AFIRMAR CABRIL
mapa_anexo.xlsx,1885,AL2021,170603,Montalegre,Cervos,AF,[A],coalition,PPD/PSD.CDS-PP,TODOS POR BARROSO
mapa_anexo.xlsx,1886,AL2021,170604,Montalegre,Chã,AF,[A],coalition,PPD/PSD.CDS-PP,TODOS POR BARROSO
mapa_anexo.xlsx,1887,AL2021,170607,Montalegre,Covelo do Gerês,AF,[D],citizen_group,TPC,Todos Por Covelo
mapa_anexo.xlsx,1888,AL2021,170609,Montalegre,Ferral,AF,[D],citizen_group,SAMFF,SOMOS A MUDANÇA FREGUESIA FERRAL
mapa_anexo.xlsx,1889,AL2021,170612,Montalegre,Gralhas,AF,[A],coalition,PPD/PSD.CDS-PP,TODOS POR BARROSO
mapa_anexo.xlsx,1890,AL2021,170616,Montalegre,Morgade,AF,[A],coalition,PPD/PSD.CDS-PP,TODOS POR BARROSO
mapa_anexo.xlsx,1891,AL2021,170626,Montalegre,Salto,AF,[A],coalition,PPD/PSD.CDS-PP,TODOS POR BARROSO
mapa_anexo.xlsx,1892,AL2021,170627,Montalegre,Santo André,AF,[A],coalition,PPD/PSD.CDS-PP,TODOS POR BARROSO
mapa_anexo.xlsx,1893,AL2021,170631,Montalegre,Solveira,AF,[D],citizen_group,TPS,Todos Por Solveira
mapa_anexo.xlsx,1894,AL2021,170632,Montalegre,Tourém,AF,[A],coalition,PPD/PSD.CDS-PP,TODOS POR BARROSO
mapa_anexo.xlsx,1895,AL2021,170636,Montalegre,"União das freguesias de Cambeses do Rio, Donões e Mourilhe",AF,[D],citizen_group,UCAMODO,"Unidos por Cambeses do Rio, Donões e Mourilhe"
mapa_anexo.xlsx,1896,AL2021,170637,Montalegre,União das freguesias de Meixedo e Padornelos,AF,[A],coalition,PPD/PSD.CDS-PP,TODOS POR BARROSO
mapa_anexo.xlsx,1897,AL2021,170638,Montalegre,União das freguesias de Montalegre e Padroso,AF,[A],coalition,PPD/PSD.CDS-PP,TODOS POR BARROSO
mapa_anexo.xlsx,1898,AL2021,170639,Montalegre,"União das freguesias de Paradela, Contim e Fiães",AF,[A],coalition,PPD/PSD.CDS-PP,TODOS POR BARROSO
mapa_anexo.xlsx,1899,AL2021,170640,Montalegre,União das freguesias de Sezelhe e Covelães,AF,[D],citizen_group,LURIO,Lista União Rio
mapa_anexo.xlsx,1900,AL2021,170641,Montalegre,União das freguesias de Venda Nova e Pondras,AF,[D],citizen_group,UVENOP,Unidos Por Venda Nova e Pondras
mapa_anexo.xlsx,1901,AL2021,170642,Montalegre,União das freguesias de Viade de Baixo e Fervidelas,AF,[A],coalition,PPD/PSD.CDS-PP,TODOS POR BARROSO
mapa_anexo.xlsx,1902,AL2021,170643,Montalegre,União das freguesias de Vilar de Perdizes e Meixide,AF,[A],coalition,PPD/PSD.CDS-PP,TODOS POR BARROSO
mapa_anexo.xlsx,1903,AL2021,170900,Ribeira de Pena,,CM,[A],coalition,PPD/PSD.CDS-PP,JUNTOS POR TODOS
mapa_anexo.xlsx,1904,AL2021,170900,Ribeira de Pena,,AM,[A],coalition,PPD/PSD.CDS-PP,JUNTOS POR TODOS
mapa_anexo.xlsx,1905,AL2021,170901,Ribeira de Pena,Alvadia,AF,[A],coalition,PPD/PSD.CDS-PP,JUNTOS POR TODOS
mapa_anexo.xlsx,1906,AL2021,170902,Ribeira de Pena,Canedo,AF,[A],coalition,PPD/PSD.CDS-PP,JUNTOS POR TODOS
mapa_anexo.xlsx,1907,AL2021,170906,Ribeira de Pena,Santa Marinha,AF,[A],coalition,PPD/PSD.CDS-PP,JUNTOS POR TODOS
mapa_anexo.xlsx,1908,AL2021,170908,Ribeira de Pena,União das freguesias de Cerva e Limões,AF,[A],coalition,PPD/PSD.CDS-PP,JUNTOS POR TODOS
mapa_anexo.xlsx,1909,AL2021,170909,Ribeira de Pena,União das freguesias de Ribeira de Pena (Salvador) e Santo Aleixo de Além-Tâmega,AF,[A],coalition,PPD/PSD.CDS-PP,JUNTOS POR TODOS
mapa_anexo.xlsx,1910,AL2021,171000,Sabrosa,,CM,[D],citizen_group,JÁ!,"Trabalho, cooperação e Futuro com todos!"
mapa_anexo.xlsx,1910,AL2021,171000,Sabrosa,,CM,[E],citizen_group,JF,Justiça e Futuro
mapa_anexo.xlsx,1911,AL2021,171000,Sabrosa,,AM,[D],citizen_group,JÁ!,"Trabalho, cooperação e Futuro com todos!"
mapa_anexo.xlsx,1911,AL2021,171000,Sabrosa,,AM,[E],citizen_group,JF,Justiça e Futuro
mapa_anexo.xlsx,1912,AL2021,171001,Sabrosa,Celeirós,AF,[D],citizen_group,Unidos por Celeirós do Douro,Unidos por Celeirós do Douro
mapa_anexo.xlsx,1913,AL2021,171002,Sabrosa,Covas do Douro,AF,[D],citizen_group,Independentes por Covas do Douro,Independentes por Covas do Douro
mapa_anexo.xlsx,1913,AL2021,171002,Sabrosa,Covas do Douro,AF,[E],citizen_group,JÁ!,"Trabalho, cooperação e Futuro com todos!"
mapa_anexo.xlsx,1914,AL2021,171004,Sabrosa,Gouvinhas,AF,[D],citizen_group,JÁ!,"Trabalho, cooperação e Futuro com todos!"
mapa_anexo.xlsx,1915,AL2021,171009,Sabrosa,Sabrosa,AF,[D],citizen_group,JÁ!,"Trabalho, cooperação e Futuro com todos!"
mapa_anexo.xlsx,1916,AL2021,171015,Sabrosa,Vilarinho de São Romão,AF,[D],citizen_group,Independentes por Vilarinho S. Romão,Independentes por Vilarinho S. Romão
mapa_anexo.xlsx,1917,AL2021,171017,Sabrosa,União das freguesias de São Martinho de Antas e Paradela de Guiães,AF,[D],citizen_group,JNI,Junta Nova Independente
mapa_anexo.xlsx,1918,AL2021,171100,Santa Marta de Penaguião,,CM,[A],coalition,PPD/PSD.CDS-PP,ALIANÇA DEMOCRÁTICA PSD/CDS
mapa_anexo.xlsx,1919,AL2021,171100,Santa Marta de Penaguião,,AM,[A],coalition,PPD/PSD.CDS-PP,ALIANÇA DEMOCRÁTICA PSD/CDS
mapa_anexo.xlsx,1920,AL2021,171102,Santa Marta de Penaguião,Cumieira,AF,[D],citizen_group,CAF,"Cumieira, uma Aliança com Futuro"
mapa_anexo.xlsx,1920,AL2021,171102,Santa Marta de Penaguião,Cumieira,AF,[E],citizen_group,NT,Fazer mais pela NOSSA TERRA
mapa_anexo.xlsx,1921,AL2021,171103,Santa Marta de Penaguião,Fontes,AF,[A],coalition,PPD/PSD.CDS-PP,ALIANÇA DEMOCRÁTICA PSD/CDS
mapa_anexo.xlsx,1922,AL2021,171106,Santa Marta de Penaguião,Medrões,AF,[A],coalition,PPD/PSD.CDS-PP,ALIANÇA DEMOCRÁTICA PSD/CDS
mapa_anexo.xlsx,1922,AL2021,171106,Santa Marta de Penaguião,Medrões,AF,[D],citizen_group,PMS,POR MEDRÕES SEMPRE
mapa_anexo.xlsx,1923,AL2021,171110,Santa Marta de Penaguião,Sever,AF,[A],coalition,PPD/PSD.CDS-PP,ALIANÇA DEMOCRÁTICA PSD/CDS
mapa_anexo.xlsx,1924,AL2021,171111,Santa Marta de Penaguião,União das freguesias de Lobrigos (São Miguel e São João Baptista) e Sanhoane,AF,[A],coalition,PPD/PSD.CDS-PP,ALIANÇA DEMOCRÁTICA PSD/CDS
mapa_anexo.xlsx,1925,AL2021,171112,Santa Marta de Penaguião,União das freguesias de Louredo e Fornelos,AF,[A],coalition,PPD/PSD.CDS-PP,ALIANÇA DEMOCRÁTICA PSD/CDS
mapa_anexo.xlsx,1926,AL2021,171203,Valpaços,Algeriz,AF,[D],citizen_group,UFA,UNIDOS PELA FREGUESIA DE ARGERIZ
mapa_anexo.xlsx,1927,AL2021,171206,Valpaços,Canaveses,AF,[D],citizen_group,RUMO,RECOMEÇAR UNIDOS MUDAR OBJECTIVOS
mapa_anexo.xlsx,1928,AL2021,171212,Valpaços,Friões,AF,[D],citizen_group,UPF,UNIDOS POR FRIÕES
mapa_anexo.xlsx,1929,AL2021,171223,Valpaços,São Pedro de Veiga de Lila,AF,[D],citizen_group,AU,AVANÇAMOS UNIDOS
mapa_anexo.xlsx,1930,AL2021,171234,Valpaços,Sonim e Barreiros,AF,[D],citizen_group,USB,UNIDOS POR SONIM E BARREIROS
mapa_anexo.xlsx,1931,AL2021,171235,Valpaços,Tinhela e Alvarelhos,AF,[D],citizen_group,JPM,JUNTOS PELA MUDANÇA
mapa_anexo.xlsx,1932,AL2021,171400,Vila Real,,CM,[A],coalition,PPD/PSD.CDS-PP.A,VILA REAL À FRENTE
mapa_anexo.xlsx,1933,AL2021,171400,Vila Real,,AM,[A],coalition,PPD/PSD.CDS-PP.A,VILA REAL À FRENTE
mapa_anexo.xlsx,1934,AL2021,171401,Vila Real,Abaças,AF,[D],citizen_group,UFA,Unidos pela Freguesia de Abaças
mapa_anexo.xlsx,1935,AL2021,171403,Vila Real,Andrães,AF,[A],coalition,PPD/PSD.CDS-PP.A,VILA REAL À FRENTE
mapa_anexo.xlsx,1936,AL2021,171404,Vila Real,Arroios,AF,[A],coalition,PPD/PSD.CDS-PP.A,VILA REAL À FRENTE
mapa_anexo.xlsx,1936,AL2021,171404,Vila Real,Arroios,AF,[D],citizen_group,MMA,Movimento Mais e melhor Arroios
mapa_anexo.xlsx,1937,AL2021,171406,Vila Real,Campeã,AF,[A],coalition,PPD/PSD.CDS-PP.A,VILA REAL À FRENTE
mapa_anexo.xlsx,1938,AL2021,171409,Vila Real,Folhadela,AF,[A],coalition,PPD/PSD.CDS-PP.A,VILA REAL À FRENTE
mapa_anexo.xlsx,1939,AL2021,171410,Vila Real,Guiães,AF,[D],citizen_group,UPG,Unidos por Guiães
mapa_anexo.xlsx,1940,AL2021,171414,Vila Real,Lordelo,AF,[A],coalition,PPD/PSD.CDS-PP.A,VILA REAL À FRENTE
mapa_anexo.xlsx,1940,AL2021,171414,Vila Real,Lordelo,AF,[D],citizen_group,AL,Amar Lordelo
mapa_anexo.xlsx,1941,AL2021,171415,Vila Real,Mateus,AF,[A],coalition,PPD/PSD.CDS-PP.A,VILA REAL À FRENTE
mapa_anexo.xlsx,1942,AL2021,171416,Vila Real,Mondrões,AF,[A],coalition,PPD/PSD.CDS-PP.A,VILA REAL À FRENTE
mapa_anexo.xlsx,1943,AL2021,171420,Vila Real,Parada de Cunhos,AF,[A],coalition,PPD/PSD.CDS-PP.A,VILA REAL À FRENTE
mapa_anexo.xlsx,1943,AL2021,171420,Vila Real,Parada de Cunhos,AF,[D],citizen_group,UPNF,Unidos Pela Nossa Freguesia
mapa_anexo.xlsx,1944,AL2021,171426,Vila Real,Torgueda,AF,[A],coalition,PPD/PSD.CDS-PP.A,VILA REAL À FRENTE
mapa_anexo.xlsx,1945,AL2021,171429,Vila Real,Vila Marim,AF,[A],coalition,PPD/PSD.CDS-PP.A,VILA REAL À FRENTE
mapa_anexo.xlsx,1946,AL2021,171431,Vila Real,União das freguesias de Adoufe e Vilarinho de Samardã,AF,[A],coalition,PPD/PSD.CDS-PP.A,VILA REAL À FRENTE
mapa_anexo.xlsx,1947,AL2021,171432,Vila Real,União das freguesias de Borbela e Lamas de Olo,AF,[A],coalition,PPD/PSD.CDS-PP.A,VILA REAL À FRENTE
mapa_anexo.xlsx,1948,AL2021,171433,Vila Real,União das freguesias de Constantim e Vale de Nogueiras,AF,[A],coalition,PPD/PSD.CDS-PP.A,VILA REAL À FRENTE
mapa_anexo.xlsx,1948,AL2021,171433,Vila Real,União das freguesias de Constantim e Vale de Nogueiras,AF,[D],citizen_group,V.N.-F/C.V,V. Nogueiras-Freguesia/Constantim-Vila
mapa_anexo.xlsx,1949,AL2021,171434,Vila Real,União das freguesias de Mouçós e Lamares,AF,[A],coalition,PPD/PSD.CDS-PP.A,VILA REAL À FRENTE
mapa_anexo.xlsx,1950,AL2021,171435,Vila Real,União das freguesias de Nogueira e Ermida,AF,[A],coalition,PPD/PSD.CDS-PP.A,VILA REAL À FRENTE
mapa_anexo.xlsx,1951,AL2021,171436,Vila Real,"União das freguesias de Pena, Quintã e Vila Cova",AF,[D],citizen_group,PQVCS,"Pena, Quintã e Vila Cova, SEMPRE"
mapa_anexo.xlsx,1952,AL2021,171437,Vila Real,União das freguesias de São Tomé do Castelo e Justes,AF,[A],coalition,PPD/PSD.CDS-PP.A,VILA REAL À FRENTE
mapa_anexo.xlsx,1952,AL2021,171437,Vila Real,União das freguesias de São Tomé do Castelo e Justes,AF,[D],citizen_group,SSTJ,Sentir São Tomé e Justes
mapa_anexo.xlsx,1953,AL2021,171438,Vila Real,"União das freguesias de Vila Real (Nossa Senhora da Conceição, São Pedro e São Dinis)",AF,[A],coalition,PPD/PSD.CDS-PP.A,VILA REAL À FRENTE
mapa_anexo.xlsx,1955,AL2021,180100,Armamar,,CM,[A],coalition,PPD/PSD.CDS-PP,PRIMEIRO ARMAMAR
mapa_anexo.xlsx,1955,AL2021,180100,Armamar,,CM,[D],citizen_group,PNT,Pela Nossa Terra
mapa_anexo.xlsx,1956,AL2021,180100,Armamar,,AM,[A],coalition,PPD/PSD.CDS-PP,PRIMEIRO ARMAMAR
mapa_anexo.xlsx,1956,AL2021,180100,Armamar,,AM,[D],citizen_group,PNT,Pela Nossa Terra
mapa_anexo.xlsx,1956,AL2021,180100,Armamar,,AM,[E],citizen_group,UA,Unir Armamar
mapa_anexo.xlsx,1957,AL2021,180101,Armamar,Aldeias,AF,[A],coalition,PPD/PSD.CDS-PP,PRIMEIRO ARMAMAR
mapa_anexo.xlsx,1957,AL2021,180101,Armamar,Aldeias,AF,[D],citizen_group,PNT,Pela Nossa Terra
mapa_anexo.xlsx,1958,AL2021,180104,Armamar,Cimbres,AF,[D],citizen_group,CC,Cimbres no Coração
mapa_anexo.xlsx,1959,AL2021,180106,Armamar,Folgosa,AF,[A],coalition,PPD/PSD.CDS-PP,PRIMEIRO ARMAMAR
mapa_anexo.xlsx,1959,AL2021,180106,Armamar,Folgosa,AF,[D],citizen_group,DMV,Dar Mais Vida Folgosa
mapa_anexo.xlsx,1959,AL2021,180106,Armamar,Folgosa,AF,[E],citizen_group,PNT,Pela Nossa Terra
mapa_anexo.xlsx,1959,AL2021,180106,Armamar,Folgosa,AF,[F],citizen_group,THC,Trabalho Honestidade Competência
mapa_anexo.xlsx,1960,AL2021,180107,Armamar,Fontelo,AF,[A],coalition,PPD/PSD.CDS-PP,PRIMEIRO ARMAMAR
mapa_anexo.xlsx,1961,AL2021,180109,Armamar,Queimada,AF,[A],coalition,PPD/PSD.CDS-PP,PRIMEIRO ARMAMAR
mapa_anexo.xlsx,1961,AL2021,180109,Armamar,Queimada,AF,[D],citizen_group,PNT,Pela Nossa Terra
mapa_anexo.xlsx,1962,AL2021,180110,Armamar,Queimadela,AF,[A],coalition,PPD/PSD.CDS-PP,PRIMEIRO ARMAMAR
mapa_anexo.xlsx,1962,AL2021,180110,Armamar,Queimadela,AF,[D],citizen_group,PNT,Pela Nossa Terra
mapa_anexo.xlsx,1963,AL2021,180111,Armamar,Santa Cruz,AF,[A],coalition,PPD/PSD.CDS-PP,PRIMEIRO ARMAMAR
mapa_anexo.xlsx,1964,AL2021,180114,Armamar,São Cosmado,AF,[A],coalition,PPD/PSD.CDS-PP,PRIMEIRO ARMAMAR
mapa_anexo.xlsx,1964,AL2021,180114,Armamar,São Cosmado,AF,[D],citizen_group,PNT,Pela Nossa Terra
mapa_anexo.xlsx,1965,AL2021,180115,Armamar,São Martinho das Chãs,AF,[A],coalition,PPD/PSD.CDS-PP,PRIMEIRO ARMAMAR
mapa_anexo.xlsx,1965,AL2021,180115,Armamar,São Martinho das Chãs,AF,[D],citizen_group,PNT,Pela Nossa Terra
mapa_anexo.xlsx,1966,AL2021,180118,Armamar,Vacalar,AF,[A],coalition,PPD/PSD.CDS-PP,PRIMEIRO ARMAMAR
mapa_anexo.xlsx,1966,AL2021,180118,Armamar,Vacalar,AF,[D],citizen_group,PPT,Progesso Para Todos
mapa_anexo.xlsx,1967,AL2021,180120,Armamar,Armamar,AF,[A],coalition,PPD/PSD.CDS-PP,PRIMEIRO ARMAMAR
mapa_anexo.xlsx,1967,AL2021,180120,Armamar,Armamar,AF,[D],citizen_group,PNT,Pela Nossa Terra
mapa_anexo.xlsx,1968,AL2021,180121,Armamar,União das freguesias de Aricera e Goujoim,AF,[A],coalition,PPD/PSD.CDS-PP,PRIMEIRO ARMAMAR
mapa_anexo.xlsx,1968,AL2021,180121,Armamar,União das freguesias de Aricera e Goujoim,AF,[D],citizen_group,PNT,Pela Nossa Terra
mapa_anexo.xlsx,1968,AL2021,180121,Armamar,União das freguesias de Aricera e Goujoim,AF,[E],citizen_group,UNAM,União na Mudança
mapa_anexo.xlsx,1969,AL2021,180122,Armamar,União das freguesias de São Romão e Santiago,AF,[A],coalition,PPD/PSD.CDS-PP,PRIMEIRO ARMAMAR
mapa_anexo.xlsx,1970,AL2021,180123,Armamar,União das freguesias de Vila Seca e Santo Adrião,AF,[A],coalition,PPD/PSD.CDS-PP,PRIMEIRO ARMAMAR
mapa_anexo.xlsx,1971,AL2021,180200,Carregal do Sal,,CM,[D],citizen_group,CICC,Cidadãos Independentes pelo Concelho de Carregal
mapa_anexo.xlsx,1972,AL2021,180200,Carregal do Sal,,AM,[D],citizen_group,CICC,Cidadãos Independentes pelo Concelho de Carregal
mapa_anexo.xlsx,1973,AL2021,180201,Carregal do Sal,Beijós,AF,[D],citizen_group,CICC,Cidadãos Independentes pelo Concelho de Carregal
mapa_anexo.xlsx,1973,AL2021,180201,Carregal do Sal,Beijós,AF,[E],citizen_group,UPNF,Unidos Pela Nossa Freguesia
mapa_anexo.xlsx,1974,AL2021,180202,Carregal do Sal,Cabanas de Viriato,AF,[D],citizen_group,CICC,Cidadãos Independentes pelo Concelho de Carregal
mapa_anexo.xlsx,1975,AL2021,180204,Carregal do Sal,Oliveira do Conde,AF,[D],citizen_group,CICC,Cidadãos Independentes pelo Concelho de Carregal
mapa_anexo.xlsx,1976,AL2021,180206,Carregal do Sal,Parada,AF,[D],citizen_group,CICC,Cidadãos Independentes pelo Concelho de Carregal
mapa_anexo.xlsx,1977,AL2021,180208,Carregal do Sal,Carregal do Sal,AF,[D],citizen_group,CICC,Cidadãos Independentes pelo Concelho de Carregal
mapa_anexo.xlsx,1978,AL2021,180300,Castro Daire,,CM,[A],coalition,PPD/PSD.CDS-PP,PSD CDS PELA NOSSA TERRA
mapa_anexo.xlsx,1979,AL2021,180300,Castro Daire,,AM,[A],coalition,PPD/PSD.CDS-PP,PSD CDS PELA NOSSA TERRA
mapa_anexo.xlsx,1980,AL2021,180301,Castro Daire,Almofala,AF,[A],coalition,PPD/PSD.CDS-PP,PSD CDS PELA NOSSA TERRA
mapa_anexo.xlsx,1981,AL2021,180303,Castro Daire,Cabril,AF,[A],coalition,PPD/PSD.CDS-PP,PSD CDS PELA NOSSA TERRA
mapa_anexo.xlsx,1982,AL2021,180304,Castro Daire,Castro Daire,AF,[A],coalition,PPD/PSD.CDS-PP,PSD CDS PELA NOSSA TERRA
mapa_anexo.xlsx,1983,AL2021,180305,Castro Daire,Cujó,AF,[A],coalition,PPD/PSD.CDS-PP,PSD CDS PELA NOSSA TERRA
mapa_anexo.xlsx,1984,AL2021,180309,Castro Daire,Gosende,AF,[A],coalition,PPD/PSD.CDS-PP,PSD CDS PELA NOSSA TERRA
mapa_anexo.xlsx,1985,AL2021,180312,Castro Daire,Mões,AF,[A],coalition,PPD/PSD.CDS-PP,PSD CDS PELA NOSSA TERRA
mapa_anexo.xlsx,1986,AL2021,180313,Castro Daire,Moledo,AF,[A],coalition,PPD/PSD.CDS-PP,PSD CDS PELA NOSSA TERRA
mapa_anexo.xlsx,1987,AL2021,180314,Castro Daire,Monteiras,AF,[A],coalition,PPD/PSD.CDS-PP,PSD CDS PELA NOSSA TERRA
mapa_anexo.xlsx,1988,AL2021,180317,Castro Daire,Pepim,AF,[A],coalition,PPD/PSD.CDS-PP,PSD CDS PELA NOSSA TERRA
mapa_anexo.xlsx,1989,AL2021,180319,Castro Daire,Pinheiro,AF,[A],coalition,PPD/PSD.CDS-PP,PSD CDS PELA NOSSA TERRA
mapa_anexo.xlsx,1990,AL2021,180322,Castro Daire,São Joaninho,AF,[A],coalition,PPD/PSD.CDS-PP,PSD CDS PELA NOSSA TERRA
mapa_anexo.xlsx,1991,AL2021,180323,Castro Daire,"União das freguesias de Mamouros, Alva e Ribolhos",AF,[A],coalition,PPD/PSD.CDS-PP,PSD CDS PELA NOSSA TERRA
mapa_anexo.xlsx,1992,AL2021,180324,Castro Daire,União das freguesias de Mezio e Moura Morta,AF,[A],coalition,PPD/PSD.CDS-PP,PSD CDS PELA NOSSA TERRA
mapa_anexo.xlsx,1993,AL2021,180325,Castro Daire,União das freguesias de Parada de Ester e Ester,AF,[A],coalition,PPD/PSD.CDS-PP,PSD CDS PELA NOSSA TERRA
mapa_anexo.xlsx,1994,AL2021,180326,Castro Daire,União das freguesias de Picão e Ermida,AF,[A],coalition,PPD/PSD.CDS-PP,PSD CDS PELA NOSSA TERRA
mapa_anexo.xlsx,1995,AL2021,180327,Castro Daire,União das freguesias de Reriz e Gafanhão,AF,[A],coalition,PPD/PSD.CDS-PP,PSD CDS PELA NOSSA TERRA
mapa_anexo.xlsx,1996,AL2021,180400,Cinfães,,CM,[A],coalition,PPD/PSD.CDS-PP.PPM,Coligação Viva Cinfães
mapa_anexo.xlsx,1997,AL2021,180400,Cinfães,,AM,[A],coalition,PPD/PSD.CDS-PP.PPM,Coligação Viva Cinfães
mapa_anexo.xlsx,1998,AL2021,180403,Cinfães,Cinfães,AF,[A],coalition,PPD/PSD.CDS-PP.PPM,Coligação Viva Cinfães
mapa_anexo.xlsx,1999,AL2021,180404,Cinfães,Espadanedo,AF,[A],coalition,PPD/PSD.CDS-PP.PPM,Coligação Viva Cinfães
mapa_anexo.xlsx,2000,AL2021,180405,Cinfães,Ferreiros de Tendais,AF,[A],coalition,PPD/PSD.CDS-PP.PPM,Coligação Viva Cinfães
mapa_anexo.xlsx,2001,AL2021,180406,Cinfães,Fornelos,AF,[A],coalition,PPD/PSD.CDS-PP.PPM,Coligação Viva Cinfães
mapa_anexo.xlsx,2002,AL2021,180408,Cinfães,Moimenta,AF,[D],citizen_group,UPM,Unidos Por Moimenta
mapa_anexo.xlsx,2003,AL2021,180409,Cinfães,Nespereira,AF,[A],coalition,PPD/PSD.CDS-PP.PPM,Coligação Viva Cinfães
mapa_anexo.xlsx,2004,AL2021,180410,Cinfães,Oliveira do Douro,AF,[A],coalition,PPD/PSD.CDS-PP.PPM,Coligação Viva Cinfães
mapa_anexo.xlsx,2004,AL2021,180410,Cinfães,Oliveira do Douro,AF,[D],citizen_group,POS,Por Oliveira Sempre
mapa_anexo.xlsx,2005,AL2021,180412,Cinfães,Santiago de Piães,AF,[A],coalition,PPD/PSD.CDS-PP.PPM,Coligação Viva Cinfães
mapa_anexo.xlsx,2006,AL2021,180413,Cinfães,São Cristóvão de Nogueira,AF,[A],coalition,PPD/PSD.CDS-PP.PPM,Coligação Viva Cinfães
mapa_anexo.xlsx,2007,AL2021,180414,Cinfães,Souselo,AF,[A],coalition,PPD/PSD.CDS-PP.PPM,Coligação Viva Cinfães
mapa_anexo.xlsx,2008,AL2021,180415,Cinfães,Tarouquela,AF,[A],coalition,PPD/PSD.CDS-PP.PPM,Coligação Viva Cinfães
mapa_anexo.xlsx,2009,AL2021,180416,Cinfães,Tendais,AF,[A],coalition,PPD/PSD.CDS-PP.PPM,Coligação Viva Cinfães
mapa_anexo.xlsx,2010,AL2021,180417,Cinfães,Travanca,AF,[A],coalition,PPD/PSD.CDS-PP.PPM,Coligação Viva Cinfães
mapa_anexo.xlsx,2011,AL2021,180418,Cinfães,"União das freguesias de Alhões, Bustelo, Gralheira e Ramires",AF,[A],coalition,PPD/PSD.CDS-PP.PPM,Coligação Viva Cinfães
mapa_anexo.xlsx,2011,AL2021,180418,Cinfães,"União das freguesias de Alhões, Bustelo, Gralheira e Ramires",AF,[D],citizen_group,AF,"António Fernandes - Mudança, Honestidade, Confiança"
mapa_anexo.xlsx,2012,AL2021,180500,Lamego,,CM,[A],coalition,PPD/PSD.CDS-PP,SOMOS LAMEGO
mapa_anexo.xlsx,2013,AL2021,180500,Lamego,,AM,[A],coalition,PPD/PSD.CDS-PP,SOMOS LAMEGO
mapa_anexo.xlsx,2014,AL2021,180502,Lamego,Avões,AF,[D],citizen_group,I.A.,Independentes de Avões
mapa_anexo.xlsx,2015,AL2021,180504,Lamego,Britiande,AF,[A],coalition,PPD/PSD.CDS-PP,SOMOS LAMEGO
mapa_anexo.xlsx,2016,AL2021,180505,Lamego,Cambres,AF,[A],coalition,PPD/PSD.CDS-PP,SOMOS LAMEGO
mapa_anexo.xlsx,2017,AL2021,180507,Lamego,Ferreirim,AF,[A],coalition,PPD/PSD.CDS-PP,SOMOS LAMEGO
mapa_anexo.xlsx,2018,AL2021,180508,Lamego,Ferreiros de Avões,AF,[A],coalition,PPD/PSD.CDS-PP,SOMOS LAMEGO
mapa_anexo.xlsx,2019,AL2021,180509,Lamego,Figueira,AF,[A],coalition,PPD/PSD.CDS-PP,SOMOS LAMEGO
mapa_anexo.xlsx,2020,AL2021,180510,Lamego,Lalim,AF,[A],coalition,PPD/PSD.CDS-PP,SOMOS LAMEGO
mapa_anexo.xlsx,2021,AL2021,180511,Lamego,Lazarim,AF,[A],coalition,PPD/PSD.CDS-PP,SOMOS LAMEGO
mapa_anexo.xlsx,2022,AL2021,180516,Lamego,Penajóia,AF,[A],coalition,PPD/PSD.CDS-PP,SOMOS LAMEGO
mapa_anexo.xlsx,2023,AL2021,180517,Lamego,Penude,AF,[D],citizen_group,T.U.P.,Todos Unidos por Penude
mapa_anexo.xlsx,2024,AL2021,180519,Lamego,Samodães,AF,[A],coalition,PPD/PSD.CDS-PP,SOMOS LAMEGO
mapa_anexo.xlsx,2025,AL2021,180520,Lamego,Sande,AF,[A],coalition,PPD/PSD.CDS-PP,SOMOS LAMEGO
mapa_anexo.xlsx,2026,AL2021,180523,Lamego,Várzea de Abrunhais,AF,[A],coalition,PPD/PSD.CDS-PP,SOMOS LAMEGO
mapa_anexo.xlsx,2027,AL2021,180524,Lamego,Vila Nova de Souto d'El-Rei,AF,[D],citizen_group,I.D'EL REI,Independentes de Vila Nova de Souto D El Rei
mapa_anexo.xlsx,2028,AL2021,180525,Lamego,Lamego (Almacave e Sé),AF,[A],coalition,PPD/PSD.CDS-PP,SOMOS LAMEGO
mapa_anexo.xlsx,2029,AL2021,180526,Lamego,"União das freguesias de Bigorne, Magueija e Pretarouca",AF,[A],coalition,PPD/PSD.CDS-PP,SOMOS LAMEGO
mapa_anexo.xlsx,2029,AL2021,180526,Lamego,"União das freguesias de Bigorne, Magueija e Pretarouca",AF,[D],citizen_group,I.B.M.P.,"Independentes da União de Freguesias de Bigorne, Magueija e Pretarouca"
mapa_anexo.xlsx,2030,AL2021,180527,Lamego,"União das freguesias de Cepões, Meijinhos e Melcões",AF,[A],coalition,PPD/PSD.CDS-PP,SOMOS LAMEGO
mapa_anexo.xlsx,2031,AL2021,180528,Lamego,União das freguesias de Parada do Bispo e Valdigem,AF,[A],coalition,PPD/PSD.CDS-PP,SOMOS LAMEGO
mapa_anexo.xlsx,2032,AL2021,180600,Mangualde,,CM,[A],coalition,PPD/PSD.CDS-PP,JUNTOS POR MANGUALDE
mapa_anexo.xlsx,2033,AL2021,180600,Mangualde,,AM,[A],coalition,PPD/PSD.CDS-PP,JUNTOS POR MANGUALDE
mapa_anexo.xlsx,2034,AL2021,180601,Mangualde,Abrunhosa-a-Velha,AF,[A],coalition,PPD/PSD.CDS-PP,JUNTOS POR MANGUALDE
mapa_anexo.xlsx,2035,AL2021,180605,Mangualde,Cunha Baixa,AF,[A],coalition,PPD/PSD.CDS-PP,JUNTOS POR MANGUALDE
mapa_anexo.xlsx,2036,AL2021,180606,Mangualde,Espinho,AF,[D],citizen_group,MPANT,Melhor para a nossa Terra
mapa_anexo.xlsx,2037,AL2021,180607,Mangualde,Fornos de Maceira Dão,AF,[A],coalition,PPD/PSD.CDS-PP,JUNTOS POR MANGUALDE
mapa_anexo.xlsx,2038,AL2021,180608,Mangualde,Freixiosa,AF,[A],coalition,PPD/PSD.CDS-PP,JUNTOS POR MANGUALDE
mapa_anexo.xlsx,2039,AL2021,180614,Mangualde,Quintela de Azurara,AF,[D],citizen_group,UPQ,Unidos por Quintela
mapa_anexo.xlsx,2040,AL2021,180619,Mangualde,"União das freguesias de Mangualde, Mesquitela e Cunha Alta",AF,[A],coalition,PPD/PSD.CDS-PP,JUNTOS POR MANGUALDE
mapa_anexo.xlsx,2040,AL2021,180619,Mangualde,"União das freguesias de Mangualde, Mesquitela e Cunha Alta",AF,[D],citizen_group,RMMCA,"REPENSAR Mangualde, Mesquitela e Cunha Alta"
mapa_anexo.xlsx,2041,AL2021,180620,Mangualde,União das freguesias de Moimenta de Maceira Dão e Lobelhe do Mato,AF,[D],citizen_group,UEC,Unir e Crescer
mapa_anexo.xlsx,2042,AL2021,180700,Moimenta da Beira,,CM,[A],coalition,PPD/PSD.CDS-PP,ABRAÇAR A MUDANÇA
mapa_anexo.xlsx,2043,AL2021,180700,Moimenta da Beira,,AM,[A],coalition,PPD/PSD.CDS-PP,ABRAÇAR A MUDANÇA
mapa_anexo.xlsx,2044,AL2021,180702,Moimenta da Beira,Alvite,AF,[A],coalition,PPD/PSD.CDS-PP,ABRAÇAR A MUDANÇA
mapa_anexo.xlsx,2044,AL2021,180702,Moimenta da Beira,Alvite,AF,[D],citizen_group,JÁ,O Futuro Está Nas Tuas Mãos
mapa_anexo.xlsx,2045,AL2021,180703,Moimenta da Beira,Arcozelos,AF,[A],coalition,PPD/PSD.CDS-PP,ABRAÇAR A MUDANÇA
mapa_anexo.xlsx,2046,AL2021,180705,Moimenta da Beira,Baldos,AF,[A],coalition,PPD/PSD.CDS-PP,ABRAÇAR A MUDANÇA
mapa_anexo.xlsx,2047,AL2021,180706,Moimenta da Beira,Cabaços,AF,[A],coalition,PPD/PSD.CDS-PP,ABRAÇAR A MUDANÇA
mapa_anexo.xlsx,2048,AL2021,180707,Moimenta da Beira,Caria,AF,[D],citizen_group,PPFC,Pelo Progresso da Freguesia de Caria
mapa_anexo.xlsx,2049,AL2021,180708,Moimenta da Beira,Castelo,AF,[A],coalition,PPD/PSD.CDS-PP,ABRAÇAR A MUDANÇA
mapa_anexo.xlsx,2050,AL2021,180709,Moimenta da Beira,Leomil,AF,[A],coalition,PPD/PSD.CDS-PP,ABRAÇAR A MUDANÇA
mapa_anexo.xlsx,2051,AL2021,180710,Moimenta da Beira,Moimenta da Beira,AF,[D],citizen_group,DM,Dinamizar Moimenta
mapa_anexo.xlsx,2052,AL2021,180716,Moimenta da Beira,Rua,AF,[A],coalition,PPD/PSD.CDS-PP,ABRAÇAR A MUDANÇA
mapa_anexo.xlsx,2053,AL2021,180719,Moimenta da Beira,Sever,AF,[A],coalition,PPD/PSD.CDS-PP,ABRAÇAR A MUDANÇA
mapa_anexo.xlsx,2054,AL2021,180720,Moimenta da Beira,Vilar,AF,[A],coalition,PPD/PSD.CDS-PP,ABRAÇAR A MUDANÇA
mapa_anexo.xlsx,2055,AL2021,180721,Moimenta da Beira,União das freguesias de Paradinha e Nagosa,AF,[A],coalition,PPD/PSD.CDS-PP,ABRAÇAR A MUDANÇA
mapa_anexo.xlsx,2056,AL2021,180723,Moimenta da Beira,União das freguesias de Peva e Segões,AF,[D],citizen_group,JPNT,Juntos Pela Nossa Terra
mapa_anexo.xlsx,2057,AL2021,180800,Mortágua,,CM,[D],citizen_group,RM,Renovar Mortágua
mapa_anexo.xlsx,2058,AL2021,180800,Mortágua,,AM,[D],citizen_group,RM,Renovar Mortágua
mapa_anexo.xlsx,2059,AL2021,180807,Mortágua,Pala,AF,[D],citizen_group,RM,Renovar Mortágua
mapa_anexo.xlsx,2060,AL2021,180808,Mortágua,Sobral,AF,[D],citizen_group,UP'S,Unidos Pelo Sobral
mapa_anexo.xlsx,2061,AL2021,180811,Mortágua,"União das freguesias de Mortágua, Vale de Remígio, Cortegaça e Almaça",AF,[D],citizen_group,RM,Renovar Mortágua
mapa_anexo.xlsx,2062,AL2021,180900,Nelas,,CM,[A],coalition,PPD/PSD.CDS-PP,"MUDAR, ESTÁ NAS MÃOS DE TODOS"
mapa_anexo.xlsx,2063,AL2021,180900,Nelas,,AM,[A],coalition,PPD/PSD.CDS-PP,"MUDAR, ESTÁ NAS MÃOS DE TODOS"
mapa_anexo.xlsx,2064,AL2021,180901,Nelas,Canas de Senhorim,AF,[A],coalition,PPD/PSD.CDS-PP,"MUDAR, ESTÁ NAS MÃOS DE TODOS"
mapa_anexo.xlsx,2065,AL2021,180903,Nelas,Nelas,AF,[A],coalition,PPD/PSD.CDS-PP,"MUDAR, ESTÁ NAS MÃOS DE TODOS"
mapa_anexo.xlsx,2066,AL2021,180905,Nelas,Senhorim,AF,[A],coalition,PPD/PSD.CDS-PP,"MUDAR, ESTÁ NAS MÃOS DE TODOS"
mapa_anexo.xlsx,2067,AL2021,180906,Nelas,Vilar Seco,AF,[A],coalition,PPD/PSD.CDS-PP,"MUDAR, ESTÁ NAS MÃOS DE TODOS"
mapa_anexo.xlsx,2068,AL2021,180908,Nelas,Lapa do Lobo,AF,[A],coalition,PPD/PSD.CDS-PP,"MUDAR, ESTÁ NAS MÃOS DE TODOS"
mapa_anexo.xlsx,2069,AL2021,180910,Nelas,União das freguesias de Carvalhal Redondo e Aguieira,AF,[A],coalition,PPD/PSD.CDS-PP,"MUDAR, ESTÁ NAS MÃOS DE TODOS"
mapa_anexo.xlsx,2070,AL2021,180911,Nelas,União das freguesias de Santar e Moreira,AF,[A],coalition,PPD/PSD.CDS-PP,"MUDAR, ESTÁ NAS MÃOS DE TODOS"
mapa_anexo.xlsx,2071,AL2021,181000,Oliveira de Frades,,CM,[A],coalition,PPD/PSD.CDS-PP,TODOS POR OLIVEIRA DE FRADES
mapa_anexo.xlsx,2072,AL2021,181000,Oliveira de Frades,,AM,[A],coalition,PPD/PSD.CDS-PP,TODOS POR OLIVEIRA DE FRADES
mapa_anexo.xlsx,2073,AL2021,181002,Oliveira de Frades,Arcozelo das Maias,AF,[A],coalition,PPD/PSD.CDS-PP,TODOS POR OLIVEIRA DE FRADES
mapa_anexo.xlsx,2074,AL2021,181005,Oliveira de Frades,Pinheiro,AF,[A],coalition,PPD/PSD.CDS-PP,TODOS POR OLIVEIRA DE FRADES
mapa_anexo.xlsx,2075,AL2021,181007,Oliveira de Frades,Ribeiradio,AF,[A],coalition,PPD/PSD.CDS-PP,TODOS POR OLIVEIRA DE FRADES
mapa_anexo.xlsx,2076,AL2021,181008,Oliveira de Frades,São João da Serra,AF,[A],coalition,PPD/PSD.CDS-PP,TODOS POR OLIVEIRA DE FRADES
mapa_anexo.xlsx,2077,AL2021,181009,Oliveira de Frades,São Vicente de Lafões,AF,[A],coalition,PPD/PSD.CDS-PP,TODOS POR OLIVEIRA DE FRADES
mapa_anexo.xlsx,2078,AL2021,181013,Oliveira de Frades,União das freguesias de Arca e Varzielas,AF,[A],coalition,PPD/PSD.CDS-PP,TODOS POR OLIVEIRA DE FRADES
mapa_anexo.xlsx,2079,AL2021,181014,Oliveira de Frades,União das freguesias de Destriz e Reigoso,AF,[A],coalition,PPD/PSD.CDS-PP,TODOS POR OLIVEIRA DE FRADES
mapa_anexo.xlsx,2080,AL2021,181015,Oliveira de Frades,"União das freguesias de Oliveira de Frades, Souto de Lafões e Sejães",AF,[A],coalition,PPD/PSD.CDS-PP,TODOS POR OLIVEIRA DE FRADES
mapa_anexo.xlsx,2081,AL2021,181100,Penalva do Castelo,,CM,[A],coalition,PPD/PSD.CDS-PP,MUDAR PENALVA
mapa_anexo.xlsx,2082,AL2021,181100,Penalva do Castelo,,AM,[A],coalition,PPD/PSD.CDS-PP,MUDAR PENALVA
mapa_anexo.xlsx,2083,AL2021,181102,Penalva do Castelo,Castelo de Penalva,AF,[A],coalition,PPD/PSD.CDS-PP,MUDAR PENALVA
mapa_anexo.xlsx,2084,AL2021,181103,Penalva do Castelo,Esmolfe,AF,[A],coalition,PPD/PSD.CDS-PP,MUDAR PENALVA
mapa_anexo.xlsx,2085,AL2021,181104,Penalva do Castelo,Germil,AF,[A],coalition,PPD/PSD.CDS-PP,MUDAR PENALVA
mapa_anexo.xlsx,2086,AL2021,181105,Penalva do Castelo,Ínsua,AF,[A],coalition,PPD/PSD.CDS-PP,MUDAR PENALVA
mapa_anexo.xlsx,2087,AL2021,181109,Penalva do Castelo,Pindo,AF,[A],coalition,PPD/PSD.CDS-PP,MUDAR PENALVA
mapa_anexo.xlsx,2088,AL2021,181110,Penalva do Castelo,Real,AF,[A],coalition,PPD/PSD.CDS-PP,MUDAR PENALVA
mapa_anexo.xlsx,2089,AL2021,181111,Penalva do Castelo,Sezures,AF,[A],coalition,PPD/PSD.CDS-PP,MUDAR PENALVA
mapa_anexo.xlsx,2090,AL2021,181112,Penalva do Castelo,Trancozelos,AF,[D],citizen_group,JPT,JUNTOS POR TRANCOZELOS
mapa_anexo.xlsx,2091,AL2021,181114,Penalva do Castelo,União das freguesias de Antas e Matela,AF,[A],coalition,PPD/PSD.CDS-PP,MUDAR PENALVA
mapa_anexo.xlsx,2092,AL2021,181115,Penalva do Castelo,União das freguesias de Vila Cova do Covelo/Mareco,AF,[A],coalition,PPD/PSD.CDS-PP,MUDAR PENALVA
mapa_anexo.xlsx,2093,AL2021,181200,Penedono,,CM,[D],citizen_group,MP,Mais Penedono - José Ângelo Pinto
mapa_anexo.xlsx,2094,AL2021,181200,Penedono,,AM,[D],citizen_group,MP,Mais Penedono - José Ângelo Pinto
mapa_anexo.xlsx,2096,AL2021,181207,Penedono,Penela da Beira,AF,[D],citizen_group,MP,Mais Penedono - José Ângelo Pinto
mapa_anexo.xlsx,2097,AL2021,181211,Penedono,União das freguesias de Penedono e Granja,AF,[D],citizen_group,MP,Mais Penedono - José Ângelo Pinto
mapa_anexo.xlsx,2098,AL2021,181400,Santa Comba Dão,,CM,[A],coalition,PPD/PSD.CDS-PP,CORAGEM PARA MUDAR
mapa_anexo.xlsx,2099,AL2021,181400,Santa Comba Dão,,AM,[A],coalition,PPD/PSD.CDS-PP,CORAGEM PARA MUDAR
mapa_anexo.xlsx,2100,AL2021,181403,Santa Comba Dão,Pinheiro de Ázere,AF,[A],coalition,PPD/PSD.CDS-PP,CORAGEM PARA MUDAR
mapa_anexo.xlsx,2101,AL2021,181405,Santa Comba Dão,São Joaninho,AF,[A],coalition,PPD/PSD.CDS-PP,CORAGEM PARA MUDAR
mapa_anexo.xlsx,2102,AL2021,181406,Santa Comba Dão,São João de Areias,AF,[A],coalition,PPD/PSD.CDS-PP,CORAGEM PARA MUDAR
mapa_anexo.xlsx,2103,AL2021,181410,Santa Comba Dão,União das freguesias de Ovoa e Vimieiro,AF,[A],coalition,PPD/PSD.CDS-PP,CORAGEM PARA MUDAR
mapa_anexo.xlsx,2104,AL2021,181411,Santa Comba Dão,União das freguesias de Santa Comba Dão e Couto do Mosteiro,AF,[A],coalition,PPD/PSD.CDS-PP,CORAGEM PARA MUDAR
mapa_anexo.xlsx,2105,AL2021,181412,Santa Comba Dão,União das freguesias de Treixedo e Nagozela,AF,[A],coalition,PPD/PSD.CDS-PP,CORAGEM PARA MUDAR
mapa_anexo.xlsx,2106,AL2021,181500,São João da Pesqueira,,CM,[A],coalition,PPD/PSD.CDS-PP,CONNOSCO TODOS CONTAM!
mapa_anexo.xlsx,2106,AL2021,181500,São João da Pesqueira,,CM,[D],citizen_group,PNT,Pela Nossa Terra
mapa_anexo.xlsx,2107,AL2021,181500,São João da Pesqueira,,AM,[A],coalition,PPD/PSD.CDS-PP,CONNOSCO TODOS CONTAM!
mapa_anexo.xlsx,2107,AL2021,181500,São João da Pesqueira,,AM,[D],citizen_group,PNT,Pela Nossa Terra
mapa_anexo.xlsx,2108,AL2021,181501,São João da Pesqueira,Castanheiro do Sul,AF,[D],citizen_group,JPCS,Juntos pelo Castanheiro do Sul
mapa_anexo.xlsx,2108,AL2021,181501,São João da Pesqueira,Castanheiro do Sul,AF,[E],citizen_group,PNT,Pela Nossa Terra
mapa_anexo.xlsx,2109,AL2021,181502,São João da Pesqueira,Ervedosa do Douro,AF,[A],coalition,PPD/PSD.CDS-PP,CONNOSCO TODOS CONTAM!
mapa_anexo.xlsx,2109,AL2021,181502,São João da Pesqueira,Ervedosa do Douro,AF,[D],citizen_group,PNT,Pela Nossa Terra
mapa_anexo.xlsx,2109,AL2021,181502,São João da Pesqueira,Ervedosa do Douro,AF,[E],citizen_group,UESC,"Unidos por Ervedosa do Douro, Sarzedinho e Casais do Douro"
mapa_anexo.xlsx,2110,AL2021,181504,São João da Pesqueira,Nagozelo do Douro,AF,[A],coalition,PPD/PSD.CDS-PP,CONNOSCO TODOS CONTAM!
mapa_anexo.xlsx,2110,AL2021,181504,São João da Pesqueira,Nagozelo do Douro,AF,[D],citizen_group,PNT,Pela Nossa Terra
mapa_anexo.xlsx,2111,AL2021,181505,São João da Pesqueira,Paredes da Beira,AF,[D],citizen_group,PNT,Pela Nossa Terra
mapa_anexo.xlsx,2112,AL2021,181507,São João da Pesqueira,Riodades,AF,[D],citizen_group,PNT,Pela Nossa Terra
mapa_anexo.xlsx,2113,AL2021,181509,São João da Pesqueira,Soutelo do Douro,AF,[A],coalition,PPD/PSD.CDS-PP,CONNOSCO TODOS CONTAM!
mapa_anexo.xlsx,2113,AL2021,181509,São João da Pesqueira,Soutelo do Douro,AF,[D],citizen_group,PNT,Pela Nossa Terra
mapa_anexo.xlsx,2114,AL2021,181511,São João da Pesqueira,Vale de Figueira,AF,[A],coalition,PPD/PSD.CDS-PP,CONNOSCO TODOS CONTAM!
mapa_anexo.xlsx,2114,AL2021,181511,São João da Pesqueira,Vale de Figueira,AF,[D],citizen_group,PNT,Pela Nossa Terra
mapa_anexo.xlsx,2115,AL2021,181512,São João da Pesqueira,Valongo dos Azeites,AF,[A],coalition,PPD/PSD.CDS-PP,CONNOSCO TODOS CONTAM!
mapa_anexo.xlsx,2115,AL2021,181512,São João da Pesqueira,Valongo dos Azeites,AF,[D],citizen_group,PNT,Pela Nossa Terra
mapa_anexo.xlsx,2116,AL2021,181515,São João da Pesqueira,União das freguesias de São João da Pesqueira e Várzea de Trevões,AF,[A],coalition,PPD/PSD.CDS-PP,CONNOSCO TODOS CONTAM!
mapa_anexo.xlsx,2116,AL2021,181515,São João da Pesqueira,União das freguesias de São João da Pesqueira e Várzea de Trevões,AF,[D],citizen_group,PNT,Pela Nossa Terra
mapa_anexo.xlsx,2117,AL2021,181516,São João da Pesqueira,União das freguesias de Trevões e Espinhosa,AF,[A],coalition,PPD/PSD.CDS-PP,CONNOSCO TODOS CONTAM!
mapa_anexo.xlsx,2117,AL2021,181516,São João da Pesqueira,União das freguesias de Trevões e Espinhosa,AF,[D],citizen_group,PNT,Pela Nossa Terra
mapa_anexo.xlsx,2118,AL2021,181517,São João da Pesqueira,União das freguesias de Vilarouco e Pereiros,AF,[A],coalition,PPD/PSD.CDS-PP,CONNOSCO TODOS CONTAM!
mapa_anexo.xlsx,2118,AL2021,181517,São João da Pesqueira,União das freguesias de Vilarouco e Pereiros,AF,[D],citizen_group,PNT,Pela Nossa Terra
mapa_anexo.xlsx,2119,AL2021,181620,São Pedro do Sul,União das freguesias de Carvalhais e Candal,AF,[D],citizen_group,V,Carvalhais / Candal Rumo ao Futuro
mapa_anexo.xlsx,2120,AL2021,181714,Sátão,"União das freguesias de Romãs, Decermilo e Vila Longa",AF,[D],citizen_group,I,Unidos pelas Freguesias
mapa_anexo.xlsx,2121,AL2021,181900,Tabuaço,,CM,[A],coalition,PPD/PSD.CDS-PP,"POR TABUAÇO, TODOS"
mapa_anexo.xlsx,2122,AL2021,181900,Tabuaço,,AM,[A],coalition,PPD/PSD.CDS-PP,"POR TABUAÇO, TODOS"
mapa_anexo.xlsx,2123,AL2021,181901,Tabuaço,Adorigo,AF,[A],coalition,PPD/PSD.CDS-PP,"POR TABUAÇO, TODOS"
mapa_anexo.xlsx,2125,AL2021,181904,Tabuaço,Chavães,AF,[A],coalition,PPD/PSD.CDS-PP,"POR TABUAÇO, TODOS"
mapa_anexo.xlsx,2128,AL2021,181908,Tabuaço,Longa,AF,[A],coalition,PPD/PSD.CDS-PP,"POR TABUAÇO, TODOS"
mapa_anexo.xlsx,2129,AL2021,181913,Tabuaço,Sendim,AF,[D],citizen_group,SEF,Sendim Em Frente
mapa_anexo.xlsx,2130,AL2021,181914,Tabuaço,Tabuaço,AF,[A],coalition,PPD/PSD.CDS-PP,"POR TABUAÇO, TODOS"
mapa_anexo.xlsx,2131,AL2021,181917,Tabuaço,Valença do Douro,AF,[A],coalition,PPD/PSD.CDS-PP,"POR TABUAÇO, TODOS"
mapa_anexo.xlsx,2132,AL2021,181918,Tabuaço,União das freguesias de Barcos e Santa Leocádia,AF,[A],coalition,PPD/PSD.CDS-PP,"POR TABUAÇO, TODOS"
mapa_anexo.xlsx,2134,AL2021,181920,Tabuaço,União das freguesias de Pinheiros e Vale de Figueira,AF,[D],citizen_group,jcf,Juntos Caminhamos Em Frente
mapa_anexo.xlsx,2135,AL2021,181921,Tabuaço,União das freguesias de Távora e Pereiro,AF,[A],coalition,PPD/PSD.CDS-PP,"POR TABUAÇO, TODOS"
mapa_anexo.xlsx,2135,AL2021,181921,Tabuaço,União das freguesias de Távora e Pereiro,AF,[D],citizen_group,upp,Unidos Pelo Povo
mapa_anexo.xlsx,2136,AL2021,182000,Tarouca,,CM,[D],citizen_group,MCAT,"""Movimento de Cidadãos Amar Tarouca - MCAT"""
mapa_anexo.xlsx,2137,AL2021,182000,Tarouca,,AM,[D],citizen_group,MCAT,"""Movimento de Cidadãos Amar Tarouca - MCAT"""
mapa_anexo.xlsx,2138,AL2021,182004,Tarouca,Mondim da Beira,AF,[D],citizen_group,MCAT,"""Movimento de Cidadãos Amar Tarouca - MCAT"""
mapa_anexo.xlsx,2139,AL2021,182005,Tarouca,Salzedas,AF,[D],citizen_group,MCAT,"""Movimento de Cidadãos Amar Tarouca - MCAT"""
mapa_anexo.xlsx,2140,AL2021,182006,Tarouca,São João de Tarouca,AF,[D],citizen_group,I,Unidos Pela Nossa Terra
mapa_anexo.xlsx,2141,AL2021,182009,Tarouca,Várzea da Serra,AF,[D],citizen_group,MCAT,"Amar Tarouca ""MCAT -Movimento de Cidadãos Amar Tarouca"""
mapa_anexo.xlsx,2142,AL2021,182011,Tarouca,União das freguesias de Gouviães e Ucanha,AF,[D],citizen_group,MCAT,"Amar Tarouca ""MCAT -Movimento de Cidadãos Amar Tarouca"""
mapa_anexo.xlsx,2143,AL2021,182012,Tarouca,União das freguesias de Granja Nova e Vila Chã da Beira,AF,[D],citizen_group,MCAT,"""Movimento de Cidadãos Amar Tarouca - MCAT"""
mapa_anexo.xlsx,2144,AL2021,182013,Tarouca,União das freguesias de Tarouca e Dálvares,AF,[D],citizen_group,MCAT,"""Movimento de Cidadãos Amar Tarouca - MCAT"""
mapa_anexo.xlsx,2145,AL2021,182102,Tondela,Campo de Besteiros,AF,[D],citizen_group,lipcb,Lista Independente Pra Campo de Besteiros
mapa_anexo.xlsx,2146,AL2021,182108,Tondela,Guardão,AF,[D],citizen_group,MISC,Movimento Independente Pela Serra do Caramulo
mapa_anexo.xlsx,2147,AL2021,182118,Tondela,Santiago de Besteiros,AF,[D],citizen_group,LI,Lista independente - LI Santiago de Besteiros
mapa_anexo.xlsx,2148,AL2021,182306,Viseu,Campo,AF,[D],citizen_group,APP,As Pessoas Primeiro Movimento Independente
mapa_anexo.xlsx,2149,AL2021,182319,Viseu,Orgens,AF,[D],citizen_group,MIFO,Movimento Independente pela Freguesia de Orgens
mapa_anexo.xlsx,2150,AL2021,182325,Viseu,Santos Evos,AF,[D],citizen_group,SEI,Santos-Evos Independente
mapa_anexo.xlsx,2151,AL2021,182336,Viseu,"União das freguesias de Boa Aldeia, Farminhão e Torredeita",AF,[D],citizen_group,CIU,Cidadãos Independentes e Unidos
mapa_anexo.xlsx,2152,AL2021,182407,Vouzela,Fornelo do Monte,AF,[D],citizen_group,I,Juntos pela Freguesia de Fornelo do Monte
mapa_anexo.xlsx,2154,AL2021,310200,Câmara de Lobos,,CM,[A],coalition,PDR/MPT/A,"""COLIGAÇÃO VOZ CÂMARA DE LOBOS"""
mapa_anexo.xlsx,2155,AL2021,310200,Câmara de Lobos,,AM,[A],coalition,PDR/MPT/A,"""COLIGAÇÃO VOZ CÂMARA DE LOBOS"""
mapa_anexo.xlsx,2156,AL2021,310201,Câmara de Lobos,Câmara de Lobos,AF,[A],coalition,PDR/MPT/A,"""COLIGAÇÃO VOZ CÂMARA DE LOBOS"""
mapa_anexo.xlsx,2157,AL2021,310300,Funchal,,CM,[A],coalition,PPD/PSD.CDS-PP,FUNCHAL SEMPRE À FRENTE
mapa_anexo.xlsx,2157,AL2021,310300,Funchal,,CM,[B],coalition,PS-BE-PAN-MPT-PDR,Confiança
mapa_anexo.xlsx,2158,AL2021,310300,Funchal,,AM,[A],coalition,PPD/PSD.CDS-PP,FUNCHAL SEMPRE À FRENTE
mapa_anexo.xlsx,2158,AL2021,310300,Funchal,,AM,[B],coalition,PS-BE-PAN-MPT-PDR,Confiança
mapa_anexo.xlsx,2159,AL2021,310301,Funchal,Imaculado Coração de Maria,AF,[A],coalition,PPD/PSD.CDS-PP,FUNCHAL SEMPRE À FRENTE
mapa_anexo.xlsx,2159,AL2021,310301,Funchal,Imaculado Coração de Maria,AF,[B],coalition,PS-BE-PAN-MPT-PDR,Confiança
mapa_anexo.xlsx,2160,AL2021,310302,Funchal,Monte,AF,[A],coalition,PPD/PSD.CDS-PP,FUNCHAL SEMPRE À FRENTE
mapa_anexo.xlsx,2160,AL2021,310302,Funchal,Monte,AF,[B],coalition,PS-BE-PAN-MPT-PDR,Confiança
mapa_anexo.xlsx,2161,AL2021,310303,Funchal,Funchal (Santa Luzia),AF,[A],coalition,PPD/PSD.CDS-PP,FUNCHAL SEMPRE À FRENTE
mapa_anexo.xlsx,2161,AL2021,310303,Funchal,Funchal (Santa Luzia),AF,[B],coalition,PS-BE-PAN-MPT-PDR,Confiança
mapa_anexo.xlsx,2162,AL2021,310304,Funchal,Funchal (Santa Maria Maior),AF,[A],coalition,PPD/PSD.CDS-PP,FUNCHAL SEMPRE À FRENTE
mapa_anexo.xlsx,2162,AL2021,310304,Funchal,Funchal (Santa Maria Maior),AF,[B],coalition,PS-BE-PAN-MPT-PDR,Confiança
mapa_anexo.xlsx,2163,AL2021,310305,Funchal,Santo António,AF,[A],coalition,PPD/PSD.CDS-PP,FUNCHAL SEMPRE À FRENTE
mapa_anexo.xlsx,2163,AL2021,310305,Funchal,Santo António,AF,[B],coalition,PS-BE-PAN-MPT-PDR,Confiança
mapa_anexo.xlsx,2164,AL2021,310306,Funchal,São Gonçalo,AF,[A],coalition,PPD/PSD.CDS-PP,FUNCHAL SEMPRE À FRENTE
mapa_anexo.xlsx,2164,AL2021,310306,Funchal,São Gonçalo,AF,[B],coalition,PS-BE-PAN-MPT-PDR,Confiança
mapa_anexo.xlsx,2165,AL2021,310307,Funchal,São Martinho,AF,[A],coalition,PPD/PSD.CDS-PP,FUNCHAL SEMPRE À FRENTE
mapa_anexo.xlsx,2165,AL2021,310307,Funchal,São Martinho,AF,[B],coalition,PS-BE-PAN-MPT-PDR,Confiança
mapa_anexo.xlsx,2166,AL2021,310308,Funchal,Funchal (São Pedro),AF,[A],coalition,PPD/PSD.CDS-PP,FUNCHAL SEMPRE À FRENTE
mapa_anexo.xlsx,2166,AL2021,310308,Funchal,Funchal (São Pedro),AF,[B],coalition,PS-BE-PAN-MPT-PDR,Confiança
mapa_anexo.xlsx,2167,AL2021,310309,Funchal,São Roque,AF,[A],coalition,PPD/PSD.CDS-PP,FUNCHAL SEMPRE À FRENTE
mapa_anexo.xlsx,2167,AL2021,310309,Funchal,São Roque,AF,[B],coalition,PS-BE-PAN-MPT-PDR,Confiança
mapa_anexo.xlsx,2168,AL2021,310310,Funchal,Funchal (Sé),AF,[A],coalition,PPD/PSD.CDS-PP,FUNCHAL SEMPRE À FRENTE
mapa_anexo.xlsx,2168,AL2021,310310,Funchal,Funchal (Sé),AF,[B],coalition,PS-BE-PAN-MPT-PDR,Confiança
mapa_anexo.xlsx,2169,AL2021,310400,Machico,,CM,[A],coalition,PPD/PSD.CDS-PP,JUNTOS SOMOS MACHICO
mapa_anexo.xlsx,2170,AL2021,310400,Machico,,AM,[A],coalition,PPD/PSD.CDS-PP,JUNTOS SOMOS MACHICO
mapa_anexo.xlsx,2171,AL2021,310401,Machico,Água de Pena,AF,[A],coalition,PPD/PSD.CDS-PP,JUNTOS SOMOS MACHICO
mapa_anexo.xlsx,2172,AL2021,310402,Machico,Caniçal,AF,[A],coalition,PPD/PSD.CDS-PP,JUNTOS SOMOS MACHICO
mapa_anexo.xlsx,2173,AL2021,310403,Machico,Machico,AF,[A],coalition,PPD/PSD.CDS-PP,JUNTOS SOMOS MACHICO
mapa_anexo.xlsx,2174,AL2021,310404,Machico,Porto da Cruz,AF,[A],coalition,PPD/PSD.CDS-PP,JUNTOS SOMOS MACHICO
mapa_anexo.xlsx,2175,AL2021,310405,Machico,Santo António da Serra,AF,[A],coalition,PPD/PSD.CDS-PP,JUNTOS SOMOS MACHICO
mapa_anexo.xlsx,2176,AL2021,310500,Ponta do Sol,,CM,[A],coalition,PPD/PSD.CDS-PP,SEMPRE PELA PONTA DO SOL
mapa_anexo.xlsx,2177,AL2021,310500,Ponta do Sol,,AM,[A],coalition,PPD/PSD.CDS-PP,SEMPRE PELA PONTA DO SOL
mapa_anexo.xlsx,2178,AL2021,310501,Ponta do Sol,Canhas,AF,[A],coalition,PPD/PSD.CDS-PP,SEMPRE PELA PONTA DO SOL
mapa_anexo.xlsx,2179,AL2021,310502,Ponta do Sol,Madalena do Mar,AF,[A],coalition,PPD/PSD.CDS-PP,SEMPRE PELA PONTA DO SOL
mapa_anexo.xlsx,2180,AL2021,310503,Ponta do Sol,Ponta do Sol,AF,[A],coalition,PPD/PSD.CDS-PP,SEMPRE PELA PONTA DO SOL
mapa_anexo.xlsx,2181,AL2021,310600,Porto Moniz,,CM,[A],coalition,PPD/PSD.CDS-PP,MAIS PARA O PORTO MONIZ
mapa_anexo.xlsx,2182,AL2021,310600,Porto Moniz,,AM,[A],coalition,PPD/PSD.CDS-PP,MAIS PARA O PORTO MONIZ
mapa_anexo.xlsx,2183,AL2021,310601,Porto Moniz,Achadas da Cruz,AF,[A],coalition,PPD/PSD.CDS-PP,MAIS PARA O PORTO MONIZ
mapa_anexo.xlsx,2184,AL2021,310602,Porto Moniz,Porto Moniz,AF,[A],coalition,PPD/PSD.CDS-PP,MAIS PARA O PORTO MONIZ
mapa_anexo.xlsx,2185,AL2021,310603,Porto Moniz,Ribeira da Janela,AF,[A],coalition,PPD/PSD.CDS-PP,MAIS PARA O PORTO MONIZ
mapa_anexo.xlsx,2186,AL2021,310604,Porto Moniz,Seixal,AF,[A],coalition,PPD/PSD.CDS-PP,MAIS PARA O PORTO MONIZ
mapa_anexo.xlsx,2187,AL2021,310700,Ribeira Brava,,CM,[D],citizen_group,RB1,Ribeira Brava em Primeiro
mapa_anexo.xlsx,2188,AL2021,310700,Ribeira Brava,,AM,[D],citizen_group,RB1,Ribeira Brava em Primeiro
mapa_anexo.xlsx,2189,AL2021,310701,Ribeira Brava,Campanário,AF,[D],citizen_group,RB1,Ribeira Brava em Primeiro
mapa_anexo.xlsx,2190,AL2021,310702,Ribeira Brava,Ribeira Brava,AF,[D],citizen_group,RB1,Ribeira Brava em Primeiro
mapa_anexo.xlsx,2191,AL2021,310703,Ribeira Brava,Serra de Água,AF,[D],citizen_group,RB1,Ribeira Brava em Primeiro
mapa_anexo.xlsx,2192,AL2021,310704,Ribeira Brava,Tábua,AF,[D],citizen_group,RB1,Ribeira Brava em Primeiro
mapa_anexo.xlsx,2193,AL2021,310800,Santa Cruz,,CM,[A],coalition,PDR.MPT.A,COLIGAÇÃO VOZ SANTA CRUZ
mapa_anexo.xlsx,2193,AL2021,310800,Santa Cruz,,CM,[B],coalition,PPD/PSD.CDS-PP,CUMPRIR SANTA CRUZ
mapa_anexo.xlsx,2194,AL2021,310800,Santa Cruz,,AM,[A],coalition,PDR.MPT.A,COLIGAÇÃO VOZ SANTA CRUZ
mapa_anexo.xlsx,2194,AL2021,310800,Santa Cruz,,AM,[B],coalition,PPD/PSD.CDS-PP,CUMPRIR SANTA CRUZ
mapa_anexo.xlsx,2195,AL2021,310802,Santa Cruz,Camacha,AF,[A],coalition,PPD/PSD.CDS-PP,CUMPRIR SANTA CRUZ
mapa_anexo.xlsx,2196,AL2021,310803,Santa Cruz,Caniço,AF,[A],coalition,PDR.MPT.A,COLIGAÇÃO VOZ SANTA CRUZ
mapa_anexo.xlsx,2196,AL2021,310803,Santa Cruz,Caniço,AF,[B],coalition,PPD/PSD.CDS-PP,CUMPRIR SANTA CRUZ
mapa_anexo.xlsx,2197,AL2021,310804,Santa Cruz,Gaula,AF,[A],coalition,PPD/PSD.CDS-PP,CUMPRIR SANTA CRUZ
mapa_anexo.xlsx,2198,AL2021,310805,Santa Cruz,Santa Cruz,AF,[A],coalition,PPD/PSD.CDS-PP,CUMPRIR SANTA CRUZ
mapa_anexo.xlsx,2199,AL2021,310806,Santa Cruz,Santo António da Serra,AF,[A],coalition,PPD/PSD.CDS-PP,CUMPRIR SANTA CRUZ
mapa_anexo.xlsx,2200,AL2021,311000,São Vicente,,CM,[A],coalition,PPD/PSD.CDS-PP,UNIDOS POR SÃO VICENTE
mapa_anexo.xlsx,2201,AL2021,311000,São Vicente,,AM,[A],coalition,PPD/PSD.CDS-PP,UNIDOS POR SÃO VICENTE
mapa_anexo.xlsx,2202,AL2021,311001,São Vicente,Boa Ventura,AF,[A],coalition,PPD/PSD.CDS-PP,UNIDOS POR SÃO VICENTE
mapa_anexo.xlsx,2203,AL2021,311002,São Vicente,Ponta Delgada,AF,[A],coalition,PPD/PSD.CDS-PP,UNIDOS POR SÃO VICENTE
mapa_anexo.xlsx,2204,AL2021,311003,São Vicente,São Vicente,AF,[A],coalition,PPD/PSD.CDS-PP,UNIDOS POR SÃO VICENTE
mapa_anexo.xlsx,2205,AL2021,320100,Porto Santo,,CM,[A],coalition,PPD/PSD.CDS-PP,ACREDITA PORTO SANTO
mapa_anexo.xlsx,2205,AL2021,320100,Porto Santo,,CM,[D],citizen_group,UNE,Uma Nova Esperança
mapa_anexo.xlsx,2206,AL2021,320100,Porto Santo,,AM,[A],coalition,PPD/PSD.CDS-PP,ACREDITA PORTO SANTO
mapa_anexo.xlsx,2206,AL2021,320100,Porto Santo,,AM,[D],citizen_group,UNE,Uma Nova Esperança
mapa_anexo.xlsx,2207,AL2021,320101,Porto Santo,Porto Santo,AF,[A],coalition,PPD/PSD.CDS-PP,ACREDITA PORTO SANTO
mapa_anexo.xlsx,2209,AL2021,420100,Lagoa (R.A.A),,CM,[A],coalition,PPD/PSD.CDS-PP.PPM,LAGOA UNIDA
mapa_anexo.xlsx,2210,AL2021,420100,Lagoa (R.A.A),,AM,[A],coalition,PPD/PSD.CDS-PP.PPM,LAGOA UNIDA
mapa_anexo.xlsx,2211,AL2021,420101,Lagoa (R.A.A),Água de Pau,AF,[A],coalition,PPD/PSD.CDS-PP.PPM,LAGOA UNIDA
mapa_anexo.xlsx,2212,AL2021,420102,Lagoa (R.A.A),Cabouco,AF,[A],coalition,PPD/PSD.CDS-PP.PPM,LAGOA UNIDA
mapa_anexo.xlsx,2213,AL2021,420103,Lagoa (R.A.A),Lagoa (Nossa Senhora do Rosário),AF,[A],coalition,PPD/PSD.CDS-PP.PPM,LAGOA UNIDA
mapa_anexo.xlsx,2214,AL2021,420104,Lagoa (R.A.A),Lagoa (Santa Cruz),AF,[A],coalition,PPD/PSD.CDS-PP.PPM,LAGOA UNIDA
mapa_anexo.xlsx,2215,AL2021,420303,Ponta Delgada,Candelária,AF,[D],citizen_group,SC,Grupo Cidadãos Eleitores Sempre Candelária
mapa_anexo.xlsx,2216,AL2021,420325,Ponta Delgada,Santa Clara,AF,[D],citizen_group,SCVN,Grupo de Cidadãos Eleitores Santa Clara - Vida Nova
mapa_anexo.xlsx,2217,AL2021,420400,Povoação,,AM,[A],coalition,PPD/PSD.CDS-PP,MAIS POVOAÇÃO
mapa_anexo.xlsx,2218,AL2021,430100,Angra do Heroísmo,,CM,[A],coalition,PPD/PSD.CDS-PP.PPM,PELA NOSSA TERRA
mapa_anexo.xlsx,2219,AL2021,430100,Angra do Heroísmo,,AM,[A],coalition,PPD/PSD.CDS-PP.PPM,PELA NOSSA TERRA
mapa_anexo.xlsx,2220,AL2021,430101,Angra do Heroísmo,Altares,AF,[A],coalition,PPD/PSD.CDS-PP.PPM,PELA NOSSA TERRA
mapa_anexo.xlsx,2221,AL2021,430102,Angra do Heroísmo,Angra (Nossa Senhora da Conceição),AF,[A],coalition,PPD/PSD.CDS-PP.PPM,PELA NOSSA TERRA
mapa_anexo.xlsx,2222,AL2021,430103,Angra do Heroísmo,Angra (Santa Luzia),AF,[A],coalition,PPD/PSD.CDS-PP.PPM,PELA NOSSA TERRA
mapa_anexo.xlsx,2223,AL2021,430104,Angra do Heroísmo,Angra (São Pedro),AF,[A],coalition,PPD/PSD.CDS-PP.PPM,PELA NOSSA TERRA
mapa_anexo.xlsx,2224,AL2021,430105,Angra do Heroísmo,Angra (Sé),AF,[A],coalition,PPD/PSD.CDS-PP.PPM,PELA NOSSA TERRA
mapa_anexo.xlsx,2225,AL2021,430106,Angra do Heroísmo,Cinco Ribeiras,AF,[A],coalition,PPD/PSD.CDS-PP.PPM,PELA NOSSA TERRA
mapa_anexo.xlsx,2226,AL2021,430107,Angra do Heroísmo,Doze Ribeiras,AF,[A],coalition,PPD/PSD.CDS-PP.PPM,PELA NOSSA TERRA
mapa_anexo.xlsx,2227,AL2021,430108,Angra do Heroísmo,Feteira,AF,[A],coalition,PPD/PSD.CDS-PP.PPM,PELA NOSSA TERRA
mapa_anexo.xlsx,2228,AL2021,430109,Angra do Heroísmo,Porto Judeu,AF,[A],coalition,PPD/PSD.CDS-PP.PPM,PELA NOSSA TERRA
mapa_anexo.xlsx,2229,AL2021,430110,Angra do Heroísmo,Posto Santo,AF,[A],coalition,PPD/PSD.CDS-PP.PPM,PELA NOSSA TERRA
mapa_anexo.xlsx,2230,AL2021,430111,Angra do Heroísmo,Raminho,AF,[A],coalition,PPD/PSD.CDS-PP.PPM,PELA NOSSA TERRA
mapa_anexo.xlsx,2231,AL2021,430113,Angra do Heroísmo,Santa Bárbara,AF,[A],coalition,PPD/PSD.CDS-PP.PPM,PELA NOSSA TERRA
mapa_anexo.xlsx,2232,AL2021,430114,Angra do Heroísmo,São Bartolomeu de Regatos,AF,[A],coalition,PPD/PSD.CDS-PP.PPM,PELA NOSSA TERRA
mapa_anexo.xlsx,2233,AL2021,430115,Angra do Heroísmo,São Bento,AF,[A],coalition,PPD/PSD.CDS-PP.PPM,PELA NOSSA TERRA
mapa_anexo.xlsx,2234,AL2021,430116,Angra do Heroísmo,São Mateus da Calheta,AF,[A],coalition,PPD/PSD.CDS-PP.PPM,PELA NOSSA TERRA
mapa_anexo.xlsx,2235,AL2021,430117,Angra do Heroísmo,Serreta,AF,[A],coalition,PPD/PSD.CDS-PP.PPM,PELA NOSSA TERRA
mapa_anexo.xlsx,2236,AL2021,430119,Angra do Heroísmo,Vila de São Sebastião,AF,[A],coalition,PPD/PSD.CDS-PP.PPM,PELA NOSSA TERRA
mapa_anexo.xlsx,2237,AL2021,430200,Vila da Praia da Vitória,,CM,[A],coalition,PPD/PSD.CDS-PP,POR AMOR À PRAIA
mapa_anexo.xlsx,2237,AL2021,430200,Vila da Praia da Vitória,,CM,[D],citizen_group,PV,Esta é a nossa Praia
mapa_anexo.xlsx,2238,AL2021,430200,Vila da Praia da Vitória,,AM,[A],coalition,PPD/PSD.CDS-PP,POR AMOR À PRAIA
mapa_anexo.xlsx,2238,AL2021,430200,Vila da Praia da Vitória,,AM,[D],citizen_group,PV,Esta é a nossa Praia
mapa_anexo.xlsx,2239,AL2021,430202,Vila da Praia da Vitória,Biscoitos,AF,[A],coalition,PPD/PSD.CDS-PP,POR AMOR À PRAIA
mapa_anexo.xlsx,2240,AL2021,430203,Vila da Praia da Vitória,Cabo da Praia,AF,[A],coalition,PPD/PSD.CDS-PP,POR AMOR À PRAIA
mapa_anexo.xlsx,2241,AL2021,430204,Vila da Praia da Vitória,Fonte do Bastardo,AF,[A],coalition,PPD/PSD.CDS-PP,POR AMOR À PRAIA
mapa_anexo.xlsx,2242,AL2021,430205,Vila da Praia da Vitória,Fontinhas,AF,[A],coalition,PPD/PSD.CDS-PP,POR AMOR À PRAIA
mapa_anexo.xlsx,2243,AL2021,430206,Vila da Praia da Vitória,Lajes,AF,[A],coalition,PPD/PSD.CDS-PP,POR AMOR À PRAIA
mapa_anexo.xlsx,2244,AL2021,430207,Vila da Praia da Vitória,Praia da Vitória (Santa Cruz),AF,[A],coalition,PPD/PSD.CDS-PP,POR AMOR À PRAIA
mapa_anexo.xlsx,2245,AL2021,430208,Vila da Praia da Vitória,Quatro Ribeiras,AF,[A],coalition,PPD/PSD.CDS-PP,POR AMOR À PRAIA
mapa_anexo.xlsx,2246,AL2021,430209,Vila da Praia da Vitória,São Brás,AF,[A],coalition,PPD/PSD.CDS-PP,POR AMOR À PRAIA
mapa_anexo.xlsx,2247,AL2021,430210,Vila da Praia da Vitória,Vila Nova,AF,[A],coalition,PPD/PSD.CDS-PP,POR AMOR À PRAIA
mapa_anexo.xlsx,2248,AL2021,430211,Vila da Praia da Vitória,Porto Martins,AF,[A],coalition,PPD/PSD.CDS-PP,POR AMOR À PRAIA
mapa_anexo.xlsx,2249,AL2021,440100,Santa Cruz da Graciosa,,CM,[A],coalition,PPD/PSD.CDS-PP.PPM,SOMOS TODOS GRACIOSA
mapa_anexo.xlsx,2250,AL2021,440100,Santa Cruz da Graciosa,,AM,[A],coalition,PPD/PSD.CDS-PP.PPM,SOMOS TODOS GRACIOSA
mapa_anexo.xlsx,2251,AL2021,440101,Santa Cruz da Graciosa,Guadalupe (R.A.Açores),AF,[A],coalition,PPD/PSD.CDS-PP.PPM,SOMOS TODOS GRACIOSA
mapa_anexo.xlsx,2252,AL2021,440102,Santa Cruz da Graciosa,Luz (R.A.Açores),AF,[A],coalition,PPD/PSD.CDS-PP.PPM,SOMOS TODOS GRACIOSA
mapa_anexo.xlsx,2253,AL2021,440103,Santa Cruz da Graciosa,Praia (São Mateus) (R.A.Açores),AF,[A],coalition,PPD/PSD.CDS-PP.PPM,SOMOS TODOS GRACIOSA
mapa_anexo.xlsx,2254,AL2021,440104,Santa Cruz da Graciosa,Santa Cruz da Graciosa (R.A.Açores),AF,[A],coalition,PPD/PSD.CDS-PP.PPM,SOMOS TODOS GRACIOSA
mapa_anexo.xlsx,2255,AL2021,450100,Calheta (R.A.A.),,CM,[D],citizen_group,«CCALHETA»,Independentes DAR VIDA AO CONCELHO
mapa_anexo.xlsx,2256,AL2021,450100,Calheta (R.A.A.),,AM,[D],citizen_group,«CCALHETA»,Independentes Dar Vida ao Concelho
mapa_anexo.xlsx,2257,AL2021,450102,Calheta (R.A.A.),Norte Pequeno (R.A.Açores),AF,[D],citizen_group,«NPEQUENO»,Independentes pelo Norte Pequeno
mapa_anexo.xlsx,2258,AL2021,450103,Calheta (R.A.A.),Ribeira Seca (R.A.Açores),AF,[D],citizen_group,RSECA,Independentes Unidos pela nossa Freguesia
mapa_anexo.xlsx,2259,AL2021,450104,Calheta (R.A.A.),Santo Antão (R.A.Açores),AF,[D],citizen_group,«SANTÃO»,Independentes por Santo Antão
mapa_anexo.xlsx,2260,AL2021,460100,Lajes do Pico,,CM,[A],coalition,PPD/PSD.CDS-PP.PPM,UNIDOS PELO CONCELHO
mapa_anexo.xlsx,2261,AL2021,460100,Lajes do Pico,,AM,[A],coalition,PPD/PSD.CDS-PP.PPM,UNIDOS PELO CONCELHO
mapa_anexo.xlsx,2262,AL2021,460101,Lajes do Pico,Calheta de Nesquim,AF,[A],coalition,PPD/PSD.CDS-PP.PPM,UNIDOS PELO CONCELHO
mapa_anexo.xlsx,2263,AL2021,460102,Lajes do Pico,Lajes do Pico,AF,[A],coalition,PPD/PSD.CDS-PP.PPM,UNIDOS PELO CONCELHO
mapa_anexo.xlsx,2264,AL2021,460103,Lajes do Pico,Piedade,AF,[A],coalition,PPD/PSD.CDS-PP.PPM,UNIDOS PELO CONCELHO
mapa_anexo.xlsx,2265,AL2021,460104,Lajes do Pico,Ribeiras,AF,[A],coalition,PPD/PSD.CDS-PP.PPM,UNIDOS PELO CONCELHO
mapa_anexo.xlsx,2266,AL2021,460105,Lajes do Pico,Ribeirinha,AF,[A],coalition,PPD/PSD.CDS-PP.PPM,UNIDOS PELO CONCELHO
mapa_anexo.xlsx,2267,AL2021,460106,Lajes do Pico,São João,AF,[A],coalition,PPD/PSD.CDS-PP.PPM,UNIDOS PELO CONCELHO
mapa_anexo.xlsx,2268,AL2021,460304,São Roque do Pico,Santo António,AF,[D],citizen_group,mmsr,Mais e Melhor de São Roque
mapa_anexo.xlsx,2269,AL2021,470100,Horta,,CM,[A],coalition,PPD/PSD.CDS-PP.PPM,JUNTOS PELO FAIAL
mapa_anexo.xlsx,2269,AL2021,470100,Horta,,CM,[D],citizen_group,SF,Somos Faial
mapa_anexo.xlsx,2270,AL2021,470100,Horta,,AM,[A],coalition,PPD/PSD.CDS-PP.PPM,JUNTOS PELO FAIAL
mapa_anexo.xlsx,2270,AL2021,470100,Horta,,AM,[D],citizen_group,SF,Somos Faial
mapa_anexo.xlsx,2271,AL2021,470101,Horta,Capelo,AF,[A],coalition,PPD/PSD.CDS-PP.PPM,JUNTOS PELO FAIAL
mapa_anexo.xlsx,2272,AL2021,470102,Horta,Castelo Branco,AF,[A],coalition,PPD/PSD.CDS-PP.PPM,JUNTOS PELO FAIAL
mapa_anexo.xlsx,2273,AL2021,470103,Horta,Cedros,AF,[A],coalition,PPD/PSD.CDS-PP.PPM,JUNTOS PELO FAIAL
mapa_anexo.xlsx,2274,AL2021,470104,Horta,Feteira,AF,[A],coalition,PPD/PSD.CDS-PP.PPM,JUNTOS PELO FAIAL
mapa_anexo.xlsx,2275,AL2021,470105,Horta,Flamengos,AF,[A],coalition,PPD/PSD.CDS-PP.PPM,JUNTOS PELO FAIAL
mapa_anexo.xlsx,2276,AL2021,470106,Horta,Horta (Angústias),AF,[A],coalition,PPD/PSD.CDS-PP.PPM,JUNTOS PELO FAIAL
mapa_anexo.xlsx,2277,AL2021,470107,Horta,Horta (Conceição),AF,[A],coalition,PPD/PSD.CDS-PP.PPM,JUNTOS PELO FAIAL
mapa_anexo.xlsx,2278,AL2021,470108,Horta,Horta (Matriz),AF,[A],coalition,PPD/PSD.CDS-PP.PPM,JUNTOS PELO FAIAL
mapa_anexo.xlsx,2279,AL2021,470109,Horta,Pedro Miguel,AF,[A],coalition,PPD/PSD.CDS-PP.PPM,JUNTOS PELO FAIAL
mapa_anexo.xlsx,2280,AL2021,470110,Horta,Praia do Almoxarife,AF,[A],coalition,PPD/PSD.CDS-PP.PPM,JUNTOS PELO FAIAL
mapa_anexo.xlsx,2281,AL2021,470111,Horta,Praia do Norte,AF,[A],coalition,PPD/PSD.CDS-PP.PPM,JUNTOS PELO FAIAL
mapa_anexo.xlsx,2282,AL2021,470112,Horta,Ribeirinha,AF,[A],coalition,PPD/PSD.CDS-PP.PPM,JUNTOS PELO FAIAL
mapa_anexo.xlsx,2283,AL2021,470113,Horta,Salão,AF,[A],coalition,PPD/PSD.CDS-PP.PPM,JUNTOS PELO FAIAL
mapa_anexo.xlsx,2284,AL2021,480100,Lajes das Flores,,CM,[A],coalition,PPD/PSD.CDS-PP.PPM,UNIDOS COM CONFIANÇA
mapa_anexo.xlsx,2285,AL2021,480100,Lajes das Flores,,AM,[A],coalition,PPD/PSD.CDS-PP.PPM,UNIDOS COM CONFIANÇA
mapa_anexo.xlsx,2286,AL2021,480101,Lajes das Flores,Fajã Grande,AF,[A],coalition,PPD/PSD.CDS-PP.PPM,UNIDOS COM CONFIANÇA
mapa_anexo.xlsx,2287,AL2021,480103,Lajes das Flores,Fazenda,AF,[A],coalition,PPD/PSD.CDS-PP.PPM,UNIDOS COM CONFIANÇA
mapa_anexo.xlsx,2288,AL2021,480105,Lajes das Flores,Lajes das Flores,AF,[A],coalition,PPD/PSD.CDS-PP.PPM,UNIDOS COM CONFIANÇA
mapa_anexo.xlsx,2289,AL2021,480106,Lajes das Flores,Lomba,AF,[A],coalition,PPD/PSD.CDS-PP.PPM,UNIDOS COM CONFIANÇA
mapa_anexo.xlsx,2290,AL2021,480200,Santa Cruz das Flores,,CM,[A],coalition,PPD/PSD.PPM.CDS-PP,UNIDOS COM CONFIANÇA
mapa_anexo.xlsx,2291,AL2021,480200,Santa Cruz das Flores,,AM,[A],coalition,PPD/PSD.PPM.CDS-PP,UNIDOS COM CONFIANÇA
mapa_anexo.xlsx,2292,AL2021,480203,Santa Cruz das Flores,Ponta Delgada,AF,[A],coalition,PPD/PSD.PPM.CDS-PP,UNIDOS COM CONFIANÇA
mapa_anexo.xlsx,2293,AL2021,480204,Santa Cruz das Flores,Santa Cruz das Flores,AF,[A],coalition,PPD/PSD.PPM.CDS-PP,UNIDOS COM CONFIANÇA
mapa_anexo.xlsx,2294,AL2021,490100,Corvo,,CM,[A],coalition,CDS-PP.PPD/PSD.PPM,UNIDOS PELO CORVO
mapa_anexo.xlsx,2295,AL2021,490100,Corvo,,AM,[A],coalition,CDS-PP.PPD/PSD.PPM,UNIDOS PELO CORVO
