mapa_1_resultados.xlsx,5,AL2021,010100,AVEIRO,,,,,,
mapa_1_resultados.xlsx,6,AL2021,010100,ÁGUEDA,,CM,42315,22316,754,422
mapa_1_resultados.xlsx,7,AL2021,010100,ÁGUEDA,,AM,42315,22316,804,414
mapa_1_resultados.xlsx,8,AL2021,010103,ÁGUEDA,AGUADA DE CIMA,AF,3637,1774,53,44
mapa_1_resultados.xlsx,9,AL2021,010109,ÁGUEDA,FERMENTELOS,AF,2841,1681,59,41
mapa_1_resultados.xlsx,10,AL2021,010112,ÁGUEDA,MACINHATA DO VOUGA,AF,3022,1498,43,39
mapa_1_resultados.xlsx,11,AL2021,010119,ÁGUEDA,VALONGO DO VOUGA,AF,4279,2288,84,42
mapa_1_resultados.xlsx,12,AL2021,010121,ÁGUEDA,UNIÃO DAS FREGUESIAS DE ÁGUEDA E BORRALHA,AF,12068,5752,212,127
mapa_1_resultados.xlsx,13,AL2021,010122,ÁGUEDA,UNIÃO DAS FREGUESIAS DE BARRÔ E AGUADA DE BAIXO,AF,2916,1505,73,39
mapa_1_resultados.xlsx,14,AL2021,010123,ÁGUEDA,"UNIÃO DAS FREGUESIAS DE BELAZAIMA DO CHÃO, CASTANHEIRA DO VOUGA E AGADÃO",AF,1359,983,25,26
mapa_1_resultados.xlsx,15,AL2021,010124,ÁGUEDA,UNIÃO DAS FREGUESIAS DE RECARDÃES E ESPINHEL,AF,5345,2769,121,69
mapa_1_resultados.xlsx,16,AL2021,010125,ÁGUEDA,UNIÃO DAS FREGUESIAS DE TRAVASSÔ E ÓIS DA RIBEIRA,AF,2008,1384,23,30
mapa_1_resultados.xlsx,17,AL2021,010126,ÁGUEDA,"UNIÃO DAS FREGUESIAS DE TROFA, SEGADÃES E LAMAS DO VOUGA",AF,4068,2128,42,51
mapa_1_resultados.xlsx,18,AL2021,010127,ÁGUEDA,UNIÃO DAS FREGUESIAS DO PRÉSTIMO E MACIEIRA DE ALCOBA,AF,772,554,12,7
mapa_1_resultados.xlsx,19,AL2021,010200,ALBERGARIA-A-VELHA,,CM,22442,13353,377,217
mapa_1_resultados.xlsx,20,AL2021,010200,ALBERGARIA-A-VELHA,,AM,22442,13353,368,191
mapa_1_resultados.xlsx,21,AL2021,010202,ALBERGARIA-A-VELHA,ALQUERUBIM,AF,2033,1389,32,17
mapa_1_resultados.xlsx,22,AL2021,010203,ALBERGARIA-A-VELHA,ANGEJA,AF,1805,1170,25,17
mapa_1_resultados.xlsx,23,AL2021,010204,ALBERGARIA-A-VELHA,BRANCA,AF,4962,3108,48,36
mapa_1_resultados.xlsx,24,AL2021,010206,ALBERGARIA-A-VELHA,RIBEIRA DE FRÁGUAS,AF,1431,969,30,10
mapa_1_resultados.xlsx,25,AL2021,010209,ALBERGARIA-A-VELHA,ALBERGARIA-A-VELHA E VALMAIOR,AF,9703,5021,157,88
mapa_1_resultados.xlsx,26,AL2021,010210,ALBERGARIA-A-VELHA,SÃO JOÃO DE LOURE E FROSSOS,AF,2508,1696,38,36
mapa_1_resultados.xlsx,27,AL2021,010300,ANADIA,,CM,26075,13744,424,232
mapa_1_resultados.xlsx,28,AL2021,010300,ANADIA,,AM,26075,13742,522,270
mapa_1_resultados.xlsx,29,AL2021,010304,ANADIA,AVELÃS DE CAMINHO,AF,1087,632,21,17
mapa_1_resultados.xlsx,30,AL2021,010305,ANADIA,AVELÃS DE CIMA,AF,1843,1043,30,23
mapa_1_resultados.xlsx,31,AL2021,010307,ANADIA,MOITA,AF,2130,1190,22,17
mapa_1_resultados.xlsx,32,AL2021,010309,ANADIA,SANGALHOS,AF,3552,1740,63,58
mapa_1_resultados.xlsx,33,AL2021,010310,ANADIA,SÃO LOURENÇO DO BAIRRO,AF,2198,1054,42,24
mapa_1_resultados.xlsx,34,AL2021,010312,ANADIA,VILA NOVA DE MONSARROS,AF,1498,849,9,16
mapa_1_resultados.xlsx,35,AL2021,010313,ANADIA,VILARINHO DO BAIRRO,AF,2660,1420,39,39
mapa_1_resultados.xlsx,36,AL2021,010316,ANADIA,"UNIÃO DAS FREGUESIAS DE AMOREIRA DA GÂNDARA, PAREDES DO BAIRRO E ANCAS",AF,2471,1418,36,19
mapa_1_resultados.xlsx,37,AL2021,010317,ANADIA,UNIÃO DAS FREGUESIAS DE ARCOS E MOGOFORES,AF,5628,2817,74,49
mapa_1_resultados.xlsx,38,AL2021,010318,ANADIA,"UNIÃO DAS FREGUESIAS DE TAMENGOS, AGUIM E ÓIS DO BAIRRO",AF,3008,1580,73,33
mapa_1_resultados.xlsx,39,AL2021,010400,AROUCA,,CM,19222,13399,255,184
mapa_1_resultados.xlsx,40,AL2021,010400,AROUCA,,AM,19803,13873,358,200
mapa_1_resultados.xlsx,41,AL2021,010402,AROUCA,ALVARENGA,AF,949,660,10,15
mapa_1_resultados.xlsx,42,AL2021,010407,AROUCA,CHAVE,AF,1162,947,14,19
mapa_1_resultados.xlsx,43,AL2021,010409,AROUCA,ESCARIZ,AF,1902,1342,19,17
mapa_1_resultados.xlsx,44,AL2021,010411,AROUCA,FERMEDO,AF,1150,847,38,14
mapa_1_resultados.xlsx,45,AL2021,010413,AROUCA,MANSORES,AF,969,754,17,7
mapa_1_resultados.xlsx,46,AL2021,010414,AROUCA,MOLDES,AF,1126,818,15,16
mapa_1_resultados.xlsx,47,AL2021,010415,AROUCA,ROSSAS,AF,1379,1006,22,14
mapa_1_resultados.xlsx,48,AL2021,010416,AROUCA,SANTA EULÁLIA,AF,2010,1432,15,30
mapa_1_resultados.xlsx,49,AL2021,010417,AROUCA,SÃO MIGUEL DO MATO,AF,608,471,7,11
mapa_1_resultados.xlsx,50,AL2021,010418,AROUCA,TROPEÇO,AF,1037,741,15,11
mapa_1_resultados.xlsx,51,AL2021,010419,AROUCA,URRÔ,AF,866,620,17,18
mapa_1_resultados.xlsx,52,AL2021,010420,AROUCA,VÁRZEA,AF,455,345,10,3
mapa_1_resultados.xlsx,53,AL2021,010421,AROUCA,UNIÃO DAS FREGUESIAS DE AROUCA E BURGO,AF,4760,2820,75,44
mapa_1_resultados.xlsx,54,AL2021,010422,AROUCA,UNIÃO DAS FREGUESIAS DE CABREIROS E ALBERGARIA DA SERRA,AF,257,163,4,3
mapa_1_resultados.xlsx,55,AL2021,010423,AROUCA,UNIÃO DAS FREGUESIAS DE CANELAS E ESPIUNCA,AF,984,792,4,10
mapa_1_resultados.xlsx,56,AL2021,010424,AROUCA,UNIÃO DAS FREGUESIAS DE COVELO DE PAIVÓ E JANARDE,AF,189,116,15,3
mapa_1_resultados.xlsx,57,AL2021,010500,AVEIRO,,CM,70534,34238,1235,594
mapa_1_resultados.xlsx,58,AL2021,010500,AVEIRO,,AM,70541,34237,1307,603
mapa_1_resultados.xlsx,59,AL2021,010501,AVEIRO,ARADAS,AF,8433,3978,183,88
mapa_1_resultados.xlsx,60,AL2021,010502,AVEIRO,CACIA,AF,6137,3080,124,70
mapa_1_resultados.xlsx,61,AL2021,010505,AVEIRO,ESGUEIRA,AF,11893,5253,212,82
mapa_1_resultados.xlsx,62,AL2021,010508,AVEIRO,OLIVEIRINHA,AF,4174,2058,93,67
mapa_1_resultados.xlsx,63,AL2021,010510,AVEIRO,SÃO BERNARDO,AF,4559,2464,125,58
mapa_1_resultados.xlsx,64,AL2021,010511,AVEIRO,SÃO JACINTO,AF,851,567,9,4
mapa_1_resultados.xlsx,65,AL2021,010513,AVEIRO,SANTA JOANA,AF,7182,3356,142,81
mapa_1_resultados.xlsx,66,AL2021,010515,AVEIRO,EIXO E EIROL,AF,5503,2709,101,63
mapa_1_resultados.xlsx,67,AL2021,010516,AVEIRO,"REQUEIXO, NOSSA SENHORA DE FÁTIMA E NARIZ",AF,3987,2078,86,59
mapa_1_resultados.xlsx,68,AL2021,010517,AVEIRO,UNIÃO DAS FREGUESIAS DE GLÓRIA E VERA CRUZ,AF,17822,8695,385,138
mapa_1_resultados.xlsx,69,AL2021,010600,CASTELO DE PAIVA,,CM,14041,10926,99,192
mapa_1_resultados.xlsx,70,AL2021,010600,CASTELO DE PAIVA,,AM,14042,10926,127,196
mapa_1_resultados.xlsx,71,AL2021,010602,CASTELO DE PAIVA,FORNOS,AF,1165,932,11,24
mapa_1_resultados.xlsx,72,AL2021,010606,CASTELO DE PAIVA,REAL,AF,1080,875,6,17
mapa_1_resultados.xlsx,73,AL2021,010607,CASTELO DE PAIVA,SANTA MARIA DE SARDOURA,AF,2071,1637,13,21
mapa_1_resultados.xlsx,74,AL2021,010608,CASTELO DE PAIVA,SÃO MARTINHO DE SARDOURA,AF,1652,1365,3,16
mapa_1_resultados.xlsx,75,AL2021,010610,CASTELO DE PAIVA,"UNIÃO DAS FREGUESIAS DE RAIVA, PEDORIDO E PARAÍSO",AF,3902,2829,35,65
mapa_1_resultados.xlsx,76,AL2021,010611,CASTELO DE PAIVA,UNIÃO DAS FREGUESIAS DE SOBRADO E BAIRROS,AF,4171,3288,29,79
mapa_1_resultados.xlsx,77,AL2021,010700,ESPINHO,,CM,29730,16450,541,313
mapa_1_resultados.xlsx,78,AL2021,010700,ESPINHO,,AM,29730,16446,560,312
mapa_1_resultados.xlsx,79,AL2021,010702,ESPINHO,ESPINHO,AF,10114,5437,197,92
mapa_1_resultados.xlsx,80,AL2021,010704,ESPINHO,PARAMOS,AF,3074,1758,43,40
mapa_1_resultados.xlsx,81,AL2021,010705,ESPINHO,SILVALDE,AF,5757,3284,89,59
mapa_1_resultados.xlsx,82,AL2021,010706,ESPINHO,UNIÃO DAS FREGUESIAS DE ANTA E GUETIM,AF,10785,5974,194,131
mapa_1_resultados.xlsx,83,AL2021,010800,ESTARREJA,,CM,23945,11500,317,266
mapa_1_resultados.xlsx,84,AL2021,010800,ESTARREJA,,AM,23945,11497,401,274
mapa_1_resultados.xlsx,85,AL2021,010801,ESTARREJA,AVANCA,AF,5251,2582,82,75
mapa_1_resultados.xlsx,86,AL2021,010805,ESTARREJA,PARDILHÓ,AF,3731,1691,54,36
mapa_1_resultados.xlsx,87,AL2021,010806,ESTARREJA,SALREU,AF,3377,1756,40,35
mapa_1_resultados.xlsx,88,AL2021,010808,ESTARREJA,UNIÃO DAS FREGUESIAS DE BEDUÍDO E VEIROS,AF,9104,4094,102,114
mapa_1_resultados.xlsx,89,AL2021,010809,ESTARREJA,UNIÃO DAS FREGUESIAS DE CANELAS E FERMELÃ,AF,2482,1374,63,29
mapa_1_resultados.xlsx,90,AL2021,010900,FEIRA,,CM,125645,69890,2111,1168
mapa_1_resultados.xlsx,91,AL2021,010900,FEIRA,,AM,125645,69946,2355,1233
mapa_1_resultados.xlsx,92,AL2021,010901,FEIRA,ARGONCILHE,AF,7448,4554,69,71
mapa_1_resultados.xlsx,93,AL2021,010902,FEIRA,ARRIFANA,AF,5712,2651,103,65
mapa_1_resultados.xlsx,94,AL2021,010904,FEIRA,ESCAPÃES,AF,3018,1827,56,34
mapa_1_resultados.xlsx,95,AL2021,010907,FEIRA,FIÃES,AF,6869,3677,133,88
mapa_1_resultados.xlsx,96,AL2021,010908,FEIRA,FORNOS,AF,2993,1764,66,19
mapa_1_resultados.xlsx,97,AL2021,010913,FEIRA,LOUROSA,AF,7685,4349,103,83
mapa_1_resultados.xlsx,98,AL2021,010914,FEIRA,MILHEIRÓS DE POIARES,AF,3257,1998,62,28
mapa_1_resultados.xlsx,99,AL2021,010916,FEIRA,MOZELOS,AF,6482,3759,114,55
mapa_1_resultados.xlsx,100,AL2021,010917,FEIRA,NOGUEIRA DA REGEDOURA,AF,5181,3081,84,42
mapa_1_resultados.xlsx,101,AL2021,010918,FEIRA,SÃO PAIO DE OLEIROS,AF,3420,2003,65,41
mapa_1_resultados.xlsx,102,AL2021,010919,FEIRA,PAÇOS DE BRANDÃO,AF,4341,2666,77,47
mapa_1_resultados.xlsx,103,AL2021,010921,FEIRA,RIO MEÃO,AF,4423,2602,78,40
mapa_1_resultados.xlsx,104,AL2021,010922,FEIRA,ROMARIZ,AF,2854,1547,53,28
mapa_1_resultados.xlsx,105,AL2021,010924,FEIRA,SANGUEDO,AF,3109,1986,58,29
mapa_1_resultados.xlsx,106,AL2021,010925,FEIRA,SANTA MARIA DE LAMAS,AF,4475,2744,57,51
mapa_1_resultados.xlsx,107,AL2021,010926,FEIRA,SÃO JOÃO DE VER,AF,9513,5365,147,87
mapa_1_resultados.xlsx,108,AL2021,010932,FEIRA,UNIÃO DAS FREGUESIAS DE CALDAS DE SÃO JORGE E PIGEIROS,AF,3494,2177,58,34
mapa_1_resultados.xlsx,109,AL2021,010933,FEIRA,"UNIÃO DAS FREGUESIAS DE CANEDO, VALE E VILA MAIOR",AF,8690,3972,209,153
mapa_1_resultados.xlsx,110,AL2021,010934,FEIRA,"UNIÃO DAS FREGUESIAS DE LOBÃO, GIÃO, LOUREDO E GUISANDE",AF,9424,5144,169,105
mapa_1_resultados.xlsx,111,AL2021,010935,FEIRA,"UNIÃO DAS FREGUESIAS DE SANTA MARIA DA FEIRA, TRAVANCA, SANFINS E ESPARGO",AF,17227,9517,304,148
mapa_1_resultados.xlsx,112,AL2021,010936,FEIRA,UNIÃO DAS FREGUESIAS DE SÃO MIGUEL DO SOUTO E MOSTEIRÔ,AF,6030,3215,105,65
mapa_1_resultados.xlsx,113,AL2021,011000,ÍLHAVO,,CM,35973,16349,485,207
mapa_1_resultados.xlsx,114,AL2021,011000,ÍLHAVO,,AM,35973,16346,571,221
mapa_1_resultados.xlsx,115,AL2021,011005,ÍLHAVO,GAFANHA DA ENCARNAÇÃO,AF,5083,2297,67,28
mapa_1_resultados.xlsx,116,AL2021,011006,ÍLHAVO,GAFANHA DA NAZARÉ,AF,13969,5893,223,91
mapa_1_resultados.xlsx,117,AL2021,011007,ÍLHAVO,GAFANHA DO CARMO,AF,1670,930,23,9
mapa_1_resultados.xlsx,118,AL2021,011008,ÍLHAVO,ÍLHAVO (SÃO SALVADOR),AF,15251,7228,243,90
mapa_1_resultados.xlsx,119,AL2021,011100,MEALHADA,,CM,17933,9558,296,133
mapa_1_resultados.xlsx,120,AL2021,011100,MEALHADA,,AM,17933,9558,300,145
mapa_1_resultados.xlsx,121,AL2021,011102,MEALHADA,BARCOUÇO,AF,1899,990,21,12
mapa_1_resultados.xlsx,122,AL2021,011103,MEALHADA,CASAL COMBA,AF,2934,1538,45,15
mapa_1_resultados.xlsx,123,AL2021,011104,MEALHADA,LUSO,AF,2241,1326,24,13
mapa_1_resultados.xlsx,124,AL2021,011106,MEALHADA,PAMPILHOSA,AF,3473,1738,55,34
mapa_1_resultados.xlsx,125,AL2021,011107,MEALHADA,VACARIÇA,AF,1630,930,21,14
mapa_1_resultados.xlsx,126,AL2021,011109,MEALHADA,"UNIÃO DAS FREGUESIAS DA MEALHADA, VENTOSA DO BAIRRO E ANTES",AF,5756,3036,112,46
mapa_1_resultados.xlsx,127,AL2021,011200,MURTOSA,,CM,9916,4689,88,88
mapa_1_resultados.xlsx,128,AL2021,011200,MURTOSA,,AM,9916,4688,107,81
mapa_1_resultados.xlsx,129,AL2021,011201,MURTOSA,BUNHEIRO,AF,2431,1194,32,15
mapa_1_resultados.xlsx,130,AL2021,011202,MURTOSA,MONTE,AF,1535,745,7,13
mapa_1_resultados.xlsx,131,AL2021,011203,MURTOSA,MURTOSA,AF,3210,1325,34,22
mapa_1_resultados.xlsx,132,AL2021,011204,MURTOSA,TORREIRA,AF,2740,1423,28,42
mapa_1_resultados.xlsx,133,AL2021,011300,OLIVEIRA DE AZEMÉIS,,CM,60365,32314,866,535
mapa_1_resultados.xlsx,134,AL2021,011300,OLIVEIRA DE AZEMÉIS,,AM,60365,32314,972,586
mapa_1_resultados.xlsx,135,AL2021,011301,OLIVEIRA DE AZEMÉIS,CARREGOSA,AF,3104,1962,53,49
mapa_1_resultados.xlsx,136,AL2021,011302,OLIVEIRA DE AZEMÉIS,CESAR,AF,2724,1499,79,41
mapa_1_resultados.xlsx,137,AL2021,011303,OLIVEIRA DE AZEMÉIS,FAJÕES,AF,2674,1510,71,40
mapa_1_resultados.xlsx,138,AL2021,011304,OLIVEIRA DE AZEMÉIS,LOUREIRO,AF,3223,1860,36,37
mapa_1_resultados.xlsx,139,AL2021,011305,OLIVEIRA DE AZEMÉIS,MACIEIRA DE SARNES,AF,1685,1118,28,18
mapa_1_resultados.xlsx,140,AL2021,011310,OLIVEIRA DE AZEMÉIS,OSSELA,AF,1771,1196,37,18
mapa_1_resultados.xlsx,141,AL2021,011315,OLIVEIRA DE AZEMÉIS,SÃO MARTINHO DA GÂNDARA,AF,1749,1072,84,36
mapa_1_resultados.xlsx,142,AL2021,011318,OLIVEIRA DE AZEMÉIS,SÃO ROQUE,AF,4545,2640,54,61
mapa_1_resultados.xlsx,143,AL2021,011319,OLIVEIRA DE AZEMÉIS,VILA DE CUCUJÃES,AF,9235,4550,127,85
mapa_1_resultados.xlsx,144,AL2021,011320,OLIVEIRA DE AZEMÉIS,UNIÃO DAS FREGUESIAS DE NOGUEIRA DO CRAVO E PINDELO,AF,4656,2763,73,95
mapa_1_resultados.xlsx,145,AL2021,011321,OLIVEIRA DE AZEMÉIS,"UNIÃO DAS FREGUESIAS DE OLIVEIRA DE AZEMÉIS, SANTIAGO DE RIBA-UL, UL, MACINHATA DA SEIXA E MADAIL",AF,18659,9110,294,133
mapa_1_resultados.xlsx,146,AL2021,011322,OLIVEIRA DE AZEMÉIS,"UNIÃO DAS FREGUESIAS DE PINHEIRO DA BEMPOSTA, TRAVANCA E PALMAZ",AF,6340,3032,233,86
mapa_1_resultados.xlsx,147,AL2021,011400,OLIVEIRA DO BAIRRO,,CM,20864,10935,306,198
mapa_1_resultados.xlsx,148,AL2021,011400,OLIVEIRA DO BAIRRO,,AM,20864,10935,344,185
mapa_1_resultados.xlsx,149,AL2021,011403,OLIVEIRA DO BAIRRO,OIÃ,AF,6797,3407,109,58
mapa_1_resultados.xlsx,150,AL2021,011404,OLIVEIRA DO BAIRRO,OLIVEIRA DO BAIRRO,AF,5739,2898,78,66
mapa_1_resultados.xlsx,151,AL2021,011405,OLIVEIRA DO BAIRRO,PALHAÇA,AF,2414,1423,39,27
mapa_1_resultados.xlsx,152,AL2021,011407,OLIVEIRA DO BAIRRO,"UNIÃO DAS FREGUESIAS DE BUSTOS, TROVISCAL E MAMARROSA",AF,5914,3208,73,57
mapa_1_resultados.xlsx,153,AL2021,011500,OVAR,,CM,50703,26956,753,544
mapa_1_resultados.xlsx,154,AL2021,011500,OVAR,,AM,50703,26957,947,575
mapa_1_resultados.xlsx,155,AL2021,011502,OVAR,CORTEGAÇA,AF,3334,2068,54,37
mapa_1_resultados.xlsx,156,AL2021,011503,OVAR,ESMORIZ,AF,11058,6233,198,163
mapa_1_resultados.xlsx,157,AL2021,011504,OVAR,MACEDA,AF,3166,1839,41,40
mapa_1_resultados.xlsx,158,AL2021,011507,OVAR,VÁLEGA,AF,6115,3081,70,66
mapa_1_resultados.xlsx,159,AL2021,011509,OVAR,"UNIÃO DAS FREGUESIAS DE OVAR, SÃO JOÃO, ARADA E SÃO VICENTE DE PEREIRA JUSÃ",AF,27030,13730,507,322
mapa_1_resultados.xlsx,160,AL2021,011600,SÃO JOÃO DA MADEIRA,,CM,19801,9708,269,110
mapa_1_resultados.xlsx,161,AL2021,011600,SÃO JOÃO DA MADEIRA,,AM,19801,9708,349,140
mapa_1_resultados.xlsx,162,AL2021,011601,SÃO JOÃO DA MADEIRA,SÃO JOÃO DA MADEIRA,AF,19801,9708,350,143
mapa_1_resultados.xlsx,163,AL2021,011700,SEVER DO VOUGA,,CM,10586,7382,141,130
mapa_1_resultados.xlsx,164,AL2021,011700,SEVER DO VOUGA,,AM,10586,7381,153,114
mapa_1_resultados.xlsx,165,AL2021,011702,SEVER DO VOUGA,COUTO DE ESTEVES,AF,739,557,5,8
mapa_1_resultados.xlsx,166,AL2021,011704,SEVER DO VOUGA,PESSEGUEIRO DO VOUGA,AF,1619,1152,21,27
mapa_1_resultados.xlsx,167,AL2021,011705,SEVER DO VOUGA,ROCAS DO VOUGA,AF,1526,1036,11,13
mapa_1_resultados.xlsx,168,AL2021,011706,SEVER DO VOUGA,SEVER DO VOUGA,AF,2388,1595,41,35
mapa_1_resultados.xlsx,169,AL2021,011708,SEVER DO VOUGA,TALHADAS,AF,1080,845,15,17
mapa_1_resultados.xlsx,170,AL2021,011710,SEVER DO VOUGA,UNIÃO DAS FREGUESIAS DE CEDRIM E PARADELA (1),AF,1291,925,8,17
mapa_1_resultados.xlsx,171,AL2021,011711,SEVER DO VOUGA,UNIÃO DAS FREGUESIAS DE SILVA ESCURA E DORNELAS,AF,1943,1271,25,25
mapa_1_resultados.xlsx,172,AL2021,011800,VAGOS,,CM,21958,11661,288,216
mapa_1_resultados.xlsx,173,AL2021,011800,VAGOS,,AM,21958,11657,310,195
mapa_1_resultados.xlsx,174,AL2021,011801,VAGOS,CALVÃO,AF,1973,1225,21,25
mapa_1_resultados.xlsx,175,AL2021,011804,VAGOS,GAFANHA DA BOA HORA,AF,3077,1279,65,29
mapa_1_resultados.xlsx,176,AL2021,011805,VAGOS,OUCA,AF,1623,933,13,25
mapa_1_resultados.xlsx,177,AL2021,011807,VAGOS,SOSA,AF,2650,1380,49,23
mapa_1_resultados.xlsx,178,AL2021,011810,VAGOS,SANTO ANDRÉ DE VAGOS,AF,1964,1064,17,22
mapa_1_resultados.xlsx,179,AL2021,011812,VAGOS,UNIÃO DAS FREGUESIAS DE FONTE DE ANGEÃO E COVÃO DO LOBO,AF,2183,1245,26,28
mapa_1_resultados.xlsx,180,AL2021,011813,VAGOS,UNIÃO DAS FREGUESIAS DE PONTE DE VAGOS E SANTA CATARINA,AF,2741,1558,55,28
mapa_1_resultados.xlsx,181,AL2021,011814,VAGOS,UNIÃO DAS FREGUESIAS DE VAGOS E SANTO ANTÓNIO,AF,5747,2988,78,52
mapa_1_resultados.xlsx,182,AL2021,011900,VALE DE CAMBRA,,CM,20218,12922,262,272
mapa_1_resultados.xlsx,183,AL2021,011900,VALE DE CAMBRA,,AM,20218,12921,318,278
mapa_1_resultados.xlsx,184,AL2021,011901,VALE DE CAMBRA,ARÕES,AF,1263,809,24,20
mapa_1_resultados.xlsx,185,AL2021,011902,VALE DE CAMBRA,SÃO PEDRO DE CASTELÕES,AF,6368,4013,87,95
mapa_1_resultados.xlsx,186,AL2021,011903,VALE DE CAMBRA,CEPELOS,AF,1238,838,15,22
mapa_1_resultados.xlsx,187,AL2021,011905,VALE DE CAMBRA,JUNQUEIRA,AF,876,638,10,10
mapa_1_resultados.xlsx,188,AL2021,011906,VALE DE CAMBRA,MACIEIRA DE CAMBRA,AF,4131,2575,58,86
mapa_1_resultados.xlsx,189,AL2021,011907,VALE DE CAMBRA,ROGE,AF,1556,1031,47,43
mapa_1_resultados.xlsx,190,AL2021,011910,VALE DE CAMBRA,"UNIÃO DAS FREGUESIAS DE VILA CHÃ, CODAL E VILA COVA DE PERRINHO",AF,4786,3019,98,50
mapa_1_resultados.xlsx,191,AL2021,020100,BEJA,,,,,,
mapa_1_resultados.xlsx,192,AL2021,020100,ALJUSTREL,,CM,7930,5452,60,67
mapa_1_resultados.xlsx,193,AL2021,020100,ALJUSTREL,,AM,7930,5452,98,72
mapa_1_resultados.xlsx,194,AL2021,020102,ALJUSTREL,ERVIDEL,AF,806,597,4,13
mapa_1_resultados.xlsx,195,AL2021,020103,ALJUSTREL,MESSEJANA,AF,731,549,5,5
mapa_1_resultados.xlsx,196,AL2021,020104,ALJUSTREL,SÃO JOÃO DE NEGRILHOS,AF,1219,854,14,15
mapa_1_resultados.xlsx,197,AL2021,020106,ALJUSTREL,UNIÃO DAS FREGUESIAS DE ALJUSTREL E RIO DE MOINHOS,AF,5174,3452,56,40
mapa_1_resultados.xlsx,198,AL2021,020200,ALMODÔVAR,,CM,6167,4438,69,80
mapa_1_resultados.xlsx,199,AL2021,020200,ALMODÔVAR,,AM,6167,4438,72,82
mapa_1_resultados.xlsx,200,AL2021,020203,ALMODÔVAR,ROSÁRIO,AF,560,400,9,13
mapa_1_resultados.xlsx,201,AL2021,020205,ALMODÔVAR,SANTA CRUZ,AF,520,382,3,6
mapa_1_resultados.xlsx,202,AL2021,020206,ALMODÔVAR,SÃO BARNABÉ,AF,386,309,4,5
mapa_1_resultados.xlsx,203,AL2021,020208,ALMODÔVAR,ALDEIA DOS FERNANDES,AF,501,363,6,12
mapa_1_resultados.xlsx,204,AL2021,020209,ALMODÔVAR,UNIÃO DAS FREGUESIAS DE ALMODÔVAR E GRAÇA DOS PADRÕES,AF,3419,2430,34,35
mapa_1_resultados.xlsx,205,AL2021,020210,ALMODÔVAR,UNIÃO DAS FREGUESIAS DE SANTA CLARA-A-NOVA E GOMES AIRES,AF,781,554,7,17
mapa_1_resultados.xlsx,206,AL2021,020300,ALVITO,,CM,1908,1325,22,35
mapa_1_resultados.xlsx,207,AL2021,020300,ALVITO,,AM,1908,1325,30,35
mapa_1_resultados.xlsx,208,AL2021,020301,ALVITO,ALVITO,AF,962,693,10,17
mapa_1_resultados.xlsx,209,AL2021,020302,ALVITO,VILA NOVA DA BARONIA,AF,946,632,10,22
mapa_1_resultados.xlsx,210,AL2021,020400,BARRANCOS,,CM,1310,1000,20,12
mapa_1_resultados.xlsx,211,AL2021,020400,BARRANCOS,,AM,1310,1000,25,17
mapa_1_resultados.xlsx,212,AL2021,020401,BARRANCOS,BARRANCOS,AF,1310,1000,23,14
mapa_1_resultados.xlsx,213,AL2021,020500,BEJA,,CM,28777,16189,230,152
mapa_1_resultados.xlsx,214,AL2021,020500,BEJA,,AM,28777,16189,265,1210
mapa_1_resultados.xlsx,215,AL2021,020502,BEJA,BALEIZÃO,AF,743,490,4,6
mapa_1_resultados.xlsx,216,AL2021,020503,BEJA,BERINGEL,AF,1113,652,16,14
mapa_1_resultados.xlsx,217,AL2021,020504,BEJA,CABEÇA GORDA,AF,1115,679,11,10
mapa_1_resultados.xlsx,218,AL2021,020506,BEJA,NOSSA SENHORA DAS NEVES,AF,1348,754,25,15
mapa_1_resultados.xlsx,219,AL2021,020510,BEJA,SANTA CLARA DE LOUREDO,AF,542,380,7,3
mapa_1_resultados.xlsx,220,AL2021,020516,BEJA,SÃO MATIAS,AF,436,279,10,50
mapa_1_resultados.xlsx,221,AL2021,020519,BEJA,UNIÃO DAS FREGUESIAS DE ALBERNOA E TRINDADE,AF,752,501,6,7
mapa_1_resultados.xlsx,222,AL2021,020520,BEJA,UNIÃO DAS FREGUESIAS DE BEJA (SALVADOR E SANTA MARIA DA FEIRA),AF,8887,4567,62,357
mapa_1_resultados.xlsx,223,AL2021,020521,BEJA,UNIÃO DAS FREGUESIAS DE BEJA (SANTIAGO MAIOR E SÃO JOÃO BAPTISTA),AF,11570,6302,114,434
mapa_1_resultados.xlsx,224,AL2021,020522,BEJA,UNIÃO DAS FREGUESIAS DE SALVADA E QUINTOS,AF,1053,746,12,12
mapa_1_resultados.xlsx,225,AL2021,020523,BEJA,UNIÃO DAS FREGUESIAS DE SANTA VITÓRIA E MOMBEJA,AF,744,530,4,4
mapa_1_resultados.xlsx,226,AL2021,020524,BEJA,UNIÃO DAS FREGUESIAS DE TRIGACHES E SÃO BRISSOS,AF,474,310,10,5
mapa_1_resultados.xlsx,227,AL2021,020600,CASTRO VERDE,,CM,6074,3950,65,42
mapa_1_resultados.xlsx,228,AL2021,020600,CASTRO VERDE,,AM,6074,3954,84,63
mapa_1_resultados.xlsx,229,AL2021,020603,CASTRO VERDE,ENTRADAS,AF,537,351,10,5
mapa_1_resultados.xlsx,230,AL2021,020604,CASTRO VERDE,SANTA BÁRBARA DE PADRÕES,AF,726,497,4,7
mapa_1_resultados.xlsx,231,AL2021,020605,CASTRO VERDE,SÃO MARCOS DA ATABOEIRA,AF,278,221,1,3
mapa_1_resultados.xlsx,232,AL2021,020606,CASTRO VERDE,UNIÃO DAS FREGUESIAS DE CASTRO VERDE E CASÉVEL,AF,4533,2884,69,43
mapa_1_resultados.xlsx,233,AL2021,020700,CUBA,,CM,3677,2706,77,46
mapa_1_resultados.xlsx,234,AL2021,020700,CUBA,,AM,3677,2706,73,40
mapa_1_resultados.xlsx,235,AL2021,020701,CUBA,CUBA,AF,2517,1826,57,31
mapa_1_resultados.xlsx,236,AL2021,020702,CUBA,FARO DO ALENTEJO,AF,450,371,2,2
mapa_1_resultados.xlsx,237,AL2021,020703,CUBA,VILA ALVA,AF,329,249,15,10
mapa_1_resultados.xlsx,238,AL2021,020704,CUBA,VILA RUIVA,AF,381,260,94,26
mapa_1_resultados.xlsx,239,AL2021,020800,FERREIRA DO ALENTEJO,,CM,6399,3645,119,50
mapa_1_resultados.xlsx,240,AL2021,020800,FERREIRA DO ALENTEJO,,AM,6399,3645,133,59
mapa_1_resultados.xlsx,241,AL2021,020803,FERREIRA DO ALENTEJO,FIGUEIRA DOS CAVALEIROS,AF,1051,824,8,5
mapa_1_resultados.xlsx,242,AL2021,020804,FERREIRA DO ALENTEJO,ODIVELAS,AF,403,234,17,7
mapa_1_resultados.xlsx,243,AL2021,020807,FERREIRA DO ALENTEJO,UNIÃO DAS FREGUESIAS DE ALFUNDÃO E PEROGUARDA,AF,981,557,24,15
mapa_1_resultados.xlsx,244,AL2021,020808,FERREIRA DO ALENTEJO,UNIÃO DAS FREGUESIAS DE FERREIRA DO ALENTEJO E CANHESTROS,AF,3964,2030,83,40
mapa_1_resultados.xlsx,245,AL2021,020900,MÉRTOLA,,CM,5853,4251,68,74
mapa_1_resultados.xlsx,246,AL2021,020900,MÉRTOLA,,AM,5853,4250,171,84
mapa_1_resultados.xlsx,247,AL2021,020901,MÉRTOLA,ALCARIA RUIVA,AF,629,451,9,5
mapa_1_resultados.xlsx,248,AL2021,020902,MÉRTOLA,CORTE DO PINTO,AF,735,521,11,8
mapa_1_resultados.xlsx,249,AL2021,020903,MÉRTOLA,ESPÍRITO SANTO,AF,294,239,1,6
mapa_1_resultados.xlsx,250,AL2021,020904,MÉRTOLA,MÉRTOLA,AF,2267,1717,777,77
mapa_1_resultados.xlsx,251,AL2021,020905,MÉRTOLA,SANTANA DE CAMBAS,AF,657,467,12,11
mapa_1_resultados.xlsx,252,AL2021,020906,MÉRTOLA,SÃO JOÃO DOS CALDEIREIROS,AF,467,341,9,7
mapa_1_resultados.xlsx,253,AL2021,020910,MÉRTOLA,"UNIÃO DAS FREGUESIAS DE SÃO MIGUEL DO PINHEIRO, SÃO PEDRO DE SOLIS E SÃO SEBASTIÃO DOS CARROS",AF,804,514,12,7
mapa_1_resultados.xlsx,254,AL2021,021000,MOURA,,CM,12022,6978,118,65
mapa_1_resultados.xlsx,255,AL2021,021000,MOURA,,AM,12022,6978,123,70
mapa_1_resultados.xlsx,256,AL2021,021001,MOURA,AMARELEJA,AF,1921,1146,29,20
mapa_1_resultados.xlsx,257,AL2021,021002,MOURA,PÓVOA DE SÃO MIGUEL,AF,688,440,6,5
mapa_1_resultados.xlsx,258,AL2021,021008,MOURA,SOBRAL DA ADIÇA,AF,793,511,19,7
mapa_1_resultados.xlsx,259,AL2021,021009,MOURA,UNIÃO DAS FREGUESIAS DE MOURA (SANTO AGOSTINHO E SÃO JOÃO BAPTISTA) E SANTO AMADOR,AF,7234,4026,82,45
mapa_1_resultados.xlsx,260,AL2021,021010,MOURA,UNIÃO DAS FREGUESIAS DE SAFARA E SANTO ALEIXO DA RESTAURAÇÃO,AF,1386,855,17,10
mapa_1_resultados.xlsx,261,AL2021,021100,ODEMIRA,(2),CM,20351,11952,327,259
mapa_1_resultados.xlsx,262,AL2021,021100,ODEMIRA,,AM,20351,11952,399,256
mapa_1_resultados.xlsx,263,AL2021,021102,ODEMIRA,RELÍQUIAS,AF,776,510,3,8
mapa_1_resultados.xlsx,264,AL2021,021103,ODEMIRA,SABÓIA,AF,804,449,21,16
mapa_1_resultados.xlsx,265,AL2021,021106,ODEMIRA,SÃO LUÍS,AF,1662,1045,21,16
mapa_1_resultados.xlsx,266,AL2021,021107,ODEMIRA,SÃO MARTINHO DAS AMOREIRAS,AF,753,468,16,16
mapa_1_resultados.xlsx,267,AL2021,021111,ODEMIRA,VILA NOVA DE MILFONTES,AF,4451,2274,51,44
mapa_1_resultados.xlsx,268,AL2021,021115,ODEMIRA,LUZIANES-GARE,AF,344,240,7,3
mapa_1_resultados.xlsx,269,AL2021,021116,ODEMIRA,BOAVISTA DOS PINHEIROS,AF,1296,871,18,12
mapa_1_resultados.xlsx,270,AL2021,021117,ODEMIRA,LONGUEIRA/ALMOGRAVE,AF,989,562,11,9
mapa_1_resultados.xlsx,271,AL2021,021118,ODEMIRA,COLOS,AF,785,557,14,11
mapa_1_resultados.xlsx,272,AL2021,021119,ODEMIRA,SANTA CLARA-A-VELHA,AF,576,395,22,13
mapa_1_resultados.xlsx,273,AL2021,021120,ODEMIRA,SÃO SALVADOR E SANTA MARIA,AF,2542,1546,35,36
mapa_1_resultados.xlsx,274,AL2021,021121,ODEMIRA,SÃO TEOTÓNIO,AF,4586,2485,59,58
mapa_1_resultados.xlsx,275,AL2021,021122,ODEMIRA,VALE DE SANTIAGO,AF,787,552,24,21
mapa_1_resultados.xlsx,276,AL2021,021200,OURIQUE,,CM,4295,3278,55,54
mapa_1_resultados.xlsx,277,AL2021,021200,OURIQUE,,AM,4295,3278,66,64
mapa_1_resultados.xlsx,278,AL2021,021203,OURIQUE,OURIQUE,AF,2419,1842,28,18
mapa_1_resultados.xlsx,279,AL2021,021206,OURIQUE,SANTANA DA SERRA,AF,615,466,17,19
mapa_1_resultados.xlsx,280,AL2021,021207,OURIQUE,UNIÃO DAS FREGUESIAS DE GARVÃO E SANTA LUZIA,AF,789,591,17,21
mapa_1_resultados.xlsx,281,AL2021,021208,OURIQUE,UNIÃO DAS FREGUESIAS DE PANOIAS E CONCEIÇÃO,AF,472,378,3,7
mapa_1_resultados.xlsx,282,AL2021,021300,SERPA,,CM,12488,7101,123,166
mapa_1_resultados.xlsx,283,AL2021,021300,SERPA,,AM,12488,7102,125,116
mapa_1_resultados.xlsx,284,AL2021,021302,SERPA,BRINCHES,AF,840,521,3,7
mapa_1_resultados.xlsx,285,AL2021,021303,SERPA,PIAS,AF,2179,1253,21,21
mapa_1_resultados.xlsx,286,AL2021,021307,SERPA,VILA VERDE DE FICALHO,AF,1143,813,15,13
mapa_1_resultados.xlsx,287,AL2021,021308,SERPA,UNIÃO DAS FREGUESIAS DE SERPA (SALVADOR E SANTA MARIA),AF,5057,2681,53,40
mapa_1_resultados.xlsx,288,AL2021,021309,SERPA,UNIÃO DAS FREGUESIAS DE VILA NOVA DE SÃO BENTO E VALE DE VARGO,AF,3269,1836,22,39
mapa_1_resultados.xlsx,289,AL2021,021400,VIDIGUEIRA,,CM,4669,3180,50,73
mapa_1_resultados.xlsx,290,AL2021,021400,VIDIGUEIRA,,AM,4669,3080,59,62
mapa_1_resultados.xlsx,291,AL2021,021401,VIDIGUEIRA,PEDRÓGÃO,AF,848,600,3,9
mapa_1_resultados.xlsx,292,AL2021,021402,VIDIGUEIRA,SELMES,AF,686,461,9,17
mapa_1_resultados.xlsx,293,AL2021,021403,VIDIGUEIRA,VIDIGUEIRA,AF,2387,1586,32,39
mapa_1_resultados.xlsx,294,AL2021,021404,VIDIGUEIRA,VILA DE FRADES,AF,748,533,10,13
mapa_1_resultados.xlsx,295,AL2021,030000,BRAGA,,,,,,
mapa_1_resultados.xlsx,296,AL2021,030100,AMARES,,CM,17408,11153,353,195
mapa_1_resultados.xlsx,297,AL2021,030100,AMARES,,AM,17408,11151,399,210
mapa_1_resultados.xlsx,298,AL2021,030102,AMARES,BARREIROS,AF,690,426,69,17
mapa_1_resultados.xlsx,299,AL2021,030104,AMARES,BICO,AF,688,473,36,22
mapa_1_resultados.xlsx,300,AL2021,030105,AMARES,CAIRES,AF,812,589,16,11
mapa_1_resultados.xlsx,301,AL2021,030107,AMARES,CARRAZEDO,AF,710,474,13,8
mapa_1_resultados.xlsx,302,AL2021,030108,AMARES,DORNELAS,AF,499,338,54,9
mapa_1_resultados.xlsx,303,AL2021,030111,AMARES,FISCAL,AF,662,431,109,45
mapa_1_resultados.xlsx,304,AL2021,030112,AMARES,GOÃES,AF,538,337,71,7
mapa_1_resultados.xlsx,305,AL2021,030113,AMARES,LAGO,AF,1750,1083,34,23
mapa_1_resultados.xlsx,306,AL2021,030118,AMARES,RENDUFE,AF,1015,700,18,14
mapa_1_resultados.xlsx,307,AL2021,030119,AMARES,BOURO (SANTA MARIA),AF,693,437,90,19
mapa_1_resultados.xlsx,308,AL2021,030120,AMARES,BOURO (SANTA MARTA),AF,452,316,63,21
mapa_1_resultados.xlsx,309,AL2021,030125,AMARES,UNIÃO DAS FREGUESIAS DE AMARES E FIGUEIREDO,AF,2602,1669,43,32
mapa_1_resultados.xlsx,310,AL2021,030126,AMARES,"UNIÃO DAS FREGUESIAS DE CALDELAS, SEQUEIROS E PARANHOS",AF,1064,747,27,12
mapa_1_resultados.xlsx,311,AL2021,030127,AMARES,"UNIÃO DAS FREGUESIAS DE FERREIROS, PROZELO E BESTEIROS",AF,4158,2402,215,80
mapa_1_resultados.xlsx,312,AL2021,030128,AMARES,UNIÃO DAS FREGUESIAS DE TORRE E PORTELA,AF,556,358,76,16
mapa_1_resultados.xlsx,313,AL2021,030129,AMARES,"UNIÃO DAS FREGUESIAS DE VILELA, SERAMIL E PAREDES SECAS",AF,519,372,73,19
mapa_1_resultados.xlsx,314,AL2021,030200,BARCELOS,,CM,106239,74369,2305,1132
mapa_1_resultados.xlsx,315,AL2021,030200,BARCELOS,,AM,106239,74370,2574,1180
mapa_1_resultados.xlsx,316,AL2021,030201,BARCELOS,ABADE DE NEIVA,AF,1807,1369,37,24
mapa_1_resultados.xlsx,317,AL2021,030202,BARCELOS,ABORIM,AF,750,533,15,18
mapa_1_resultados.xlsx,318,AL2021,030203,BARCELOS,ADÃES,AF,656,528,9,5
mapa_1_resultados.xlsx,319,AL2021,030205,BARCELOS,AIRÓ,AF,905,717,5,12
mapa_1_resultados.xlsx,320,AL2021,030206,BARCELOS,ALDREU,AF,727,433,60,10
mapa_1_resultados.xlsx,321,AL2021,030208,BARCELOS,ALVELOS,AF,1869,1462,16,10
mapa_1_resultados.xlsx,322,AL2021,030209,BARCELOS,ARCOZELO,AF,11181,6252,244,110
mapa_1_resultados.xlsx,323,AL2021,030210,BARCELOS,AREIAS,AF,922,640,24,15
mapa_1_resultados.xlsx,324,AL2021,030212,BARCELOS,BALUGÃES,AF,756,560,7,15
mapa_1_resultados.xlsx,325,AL2021,030213,BARCELOS,BARCELINHOS,AF,1638,1158,26,22
mapa_1_resultados.xlsx,326,AL2021,030215,BARCELOS,BARQUEIROS,AF,1708,1140,22,20
mapa_1_resultados.xlsx,327,AL2021,030216,BARCELOS,CAMBESES,AF,1197,876,29,14
mapa_1_resultados.xlsx,328,AL2021,030218,BARCELOS,CARAPEÇOS,AF,1957,1442,12,20
mapa_1_resultados.xlsx,329,AL2021,030220,BARCELOS,CARVALHAL,AF,1186,885,26,21
mapa_1_resultados.xlsx,330,AL2021,030221,BARCELOS,CARVALHAS,AF,664,482,10,7
mapa_1_resultados.xlsx,331,AL2021,030224,BARCELOS,COSSOURADO,AF,766,559,5,15
mapa_1_resultados.xlsx,332,AL2021,030228,BARCELOS,CRISTELO,AF,1634,1227,21,15
mapa_1_resultados.xlsx,333,AL2021,030234,BARCELOS,FORNELOS,AF,713,552,5,2
mapa_1_resultados.xlsx,334,AL2021,030235,BARCELOS,FRAGOSO,AF,1926,1336,34,23
mapa_1_resultados.xlsx,335,AL2021,030237,BARCELOS,GILMONDE,AF,1430,1013,28,12
mapa_1_resultados.xlsx,336,AL2021,030242,BARCELOS,LAMA,AF,1135,841,15,15
mapa_1_resultados.xlsx,337,AL2021,030243,BARCELOS,LIJÓ,AF,2149,1624,24,15
mapa_1_resultados.xlsx,338,AL2021,030244,BARCELOS,MACIEIRA DE RATES,AF,1597,1149,25,15
mapa_1_resultados.xlsx,339,AL2021,030245,BARCELOS,MANHENTE,AF,1652,1147,28,33
mapa_1_resultados.xlsx,340,AL2021,030247,BARCELOS,MARTIM,AF,1979,1366,10,18
mapa_1_resultados.xlsx,341,AL2021,030252,BARCELOS,MOURE,AF,803,673,6,2
mapa_1_resultados.xlsx,342,AL2021,030254,BARCELOS,OLIVEIRA,AF,945,672,20,13
mapa_1_resultados.xlsx,343,AL2021,030255,BARCELOS,PALME,AF,937,767,8,19
mapa_1_resultados.xlsx,344,AL2021,030256,BARCELOS,PANQUE,AF,603,442,5,3
mapa_1_resultados.xlsx,345,AL2021,030257,BARCELOS,PARADELA,AF,707,567,8,5
mapa_1_resultados.xlsx,346,AL2021,030259,BARCELOS,PEREIRA,AF,1124,878,33,19
mapa_1_resultados.xlsx,347,AL2021,030260,BARCELOS,PERELHAL,AF,1557,1141,30,29
mapa_1_resultados.xlsx,348,AL2021,030261,BARCELOS,POUSA,AF,1993,1358,27,22
mapa_1_resultados.xlsx,349,AL2021,030263,BARCELOS,REMELHE,AF,1200,918,17,11
mapa_1_resultados.xlsx,350,AL2021,030264,BARCELOS,RORIZ,AF,1871,1381,25,30
mapa_1_resultados.xlsx,351,AL2021,030265,BARCELOS,RIO COVO (SANTA EUGÉNIA),AF,1391,1003,31,23
mapa_1_resultados.xlsx,352,AL2021,030268,BARCELOS,GALEGOS (SANTA MARIA),AF,2522,1858,25,0
mapa_1_resultados.xlsx,353,AL2021,030272,BARCELOS,GALEGOS (SÃO MARTINHO),AF,1719,1184,17,25
mapa_1_resultados.xlsx,354,AL2021,030277,BARCELOS,TAMEL (SÃO VERÍSSIMO),AF,2684,1786,35,33
mapa_1_resultados.xlsx,355,AL2021,030279,BARCELOS,SILVA,AF,813,678,8,7
mapa_1_resultados.xlsx,356,AL2021,030282,BARCELOS,UCHA,AF,1299,998,24,22
mapa_1_resultados.xlsx,357,AL2021,030283,BARCELOS,VÁRZEA,AF,1576,1129,22,17
mapa_1_resultados.xlsx,358,AL2021,030287,BARCELOS,VILA SECA,AF,996,713,12,11
mapa_1_resultados.xlsx,359,AL2021,030290,BARCELOS,UNIÃO DAS FREGUESIAS DE ALHEIRA E IGREJA NOVA,AF,1461,880,31,21
mapa_1_resultados.xlsx,360,AL2021,030291,BARCELOS,UNIÃO DAS FREGUESIAS DE ALVITO (SÃO PEDRO E SÃO MARTINHO) E COUTO,AF,1281,961,23,13
mapa_1_resultados.xlsx,361,AL2021,030292,BARCELOS,UNIÃO DAS FREGUESIAS DE AREIAS DE VILAR E ENCOURADOS,AF,1621,1158,19,13
mapa_1_resultados.xlsx,362,AL2021,030293,BARCELOS,"UNIÃO DAS FREGUESIAS DE BARCELOS, VILA BOA E VILA FRESCAINHA (SÃO MARTINHO E SÃO PEDRO)",AF,9953,6280,193,103
mapa_1_resultados.xlsx,363,AL2021,030294,BARCELOS,UNIÃO DAS FREGUESIAS DE CAMPO E TAMEL (SÃO PEDRO FINS),AF,1348,1024,25,23
mapa_1_resultados.xlsx,364,AL2021,030295,BARCELOS,UNIÃO DAS FREGUESIAS DE CARREIRA E FONTE COBERTA,AF,1803,1172,79,37
mapa_1_resultados.xlsx,365,AL2021,030296,BARCELOS,"UNIÃO DAS FREGUESIAS DE CHORENTE, GÓIOS, COUREL, PEDRA FURADA E GUERAL",AF,2270,1747,23,25
mapa_1_resultados.xlsx,366,AL2021,030297,BARCELOS,UNIÃO DAS FREGUESIAS DE CREIXOMIL E MARIZ,AF,1071,819,81,21
mapa_1_resultados.xlsx,367,AL2021,030298,BARCELOS,UNIÃO DAS FREGUESIAS DE DURRÃES E TREGOSA,AF,1255,776,166,29
mapa_1_resultados.xlsx,368,AL2021,030299,BARCELOS,UNIÃO DAS FREGUESIAS DE GAMIL E MIDÕES,AF,1258,971,26,11
mapa_1_resultados.xlsx,377,AL2021,030300,BRAGA,,CM,166180,94686,3061,1317
mapa_1_resultados.xlsx,378,AL2021,030300,BRAGA,,AM,166180,94676,3292,1321
mapa_1_resultados.xlsx,379,AL2021,030301,BRAGA,ADAÚFE,AF,3520,2054,64,31
mapa_1_resultados.xlsx,380,AL2021,030312,BRAGA,ESPINHO,AF,1075,763,9,11
mapa_1_resultados.xlsx,381,AL2021,030313,BRAGA,ESPORÕES,AF,1536,1130,53,20
mapa_1_resultados.xlsx,382,AL2021,030315,BRAGA,FIGUEIREDO,AF,1058,799,19,14
mapa_1_resultados.xlsx,383,AL2021,030319,BRAGA,GUALTAR,AF,5466,3277,147,52
mapa_1_resultados.xlsx,384,AL2021,030322,BRAGA,LAMAS,AF,713,550,6,4
mapa_1_resultados.xlsx,385,AL2021,030325,BRAGA,MIRE DE TIBÃES,AF,2201,1508,33,15
mapa_1_resultados.xlsx,386,AL2021,030330,BRAGA,PADIM DA GRAÇA,AF,1469,1069,22,8
mapa_1_resultados.xlsx,387,AL2021,030331,BRAGA,PALMEIRA,AF,5015,2906,130,61
mapa_1_resultados.xlsx,388,AL2021,030334,BRAGA,PEDRALVA,AF,1072,739,4,12
mapa_1_resultados.xlsx,389,AL2021,030336,BRAGA,PRISCOS,AF,1188,886,14,14
mapa_1_resultados.xlsx,390,AL2021,030338,BRAGA,RUILHE,AF,1055,667,28,10
mapa_1_resultados.xlsx,391,AL2021,030349,BRAGA,BRAGA (SÃO VICENTE),AF,11491,5921,230,89
mapa_1_resultados.xlsx,392,AL2021,030351,BRAGA,BRAGA (SÃO VÍTOR),AF,25417,11702,305,190
mapa_1_resultados.xlsx,393,AL2021,030354,BRAGA,SEQUEIRA,AF,1644,1110,31,21
mapa_1_resultados.xlsx,394,AL2021,030355,BRAGA,SOBREPOSTA,AF,1227,830,19,12
mapa_1_resultados.xlsx,395,AL2021,030356,BRAGA,TADIM,AF,1030,797,42,15
mapa_1_resultados.xlsx,396,AL2021,030357,BRAGA,TEBOSA,AF,992,775,9,9
mapa_1_resultados.xlsx,397,AL2021,030363,BRAGA,UNIÃO DAS FREGUESIAS DE ARENTIM E CUNHA,AF,1345,1080,40,20
mapa_1_resultados.xlsx,398,AL2021,030364,BRAGA,"UNIÃO DAS FREGUESIAS DE BRAGA (MAXIMINOS, SÉ E CIVIDADE)",AF,13149,6522,245,160
mapa_1_resultados.xlsx,399,AL2021,030365,BRAGA,UNIÃO DAS FREGUESIAS DE BRAGA (SÃO JOSÉ DE SÃO LÁZARO E SÃO JOÃO DO SOUTO),AF,12710,6140,265,115
mapa_1_resultados.xlsx,400,AL2021,030366,BRAGA,UNIÃO DAS FREGUESIAS DE CABREIROS E PASSOS (SÃO JULIÃO),AF,1964,1442,27,27
mapa_1_resultados.xlsx,401,AL2021,030367,BRAGA,"UNIÃO DAS FREGUESIAS DE CELEIRÓS, AVELEDA E VIMIEIRO",AF,6048,3696,119,79
mapa_1_resultados.xlsx,402,AL2021,030368,BRAGA,UNIÃO DAS FREGUESIAS DE CRESPOS E POUSADA,AF,1232,904,17,23
mapa_1_resultados.xlsx,403,AL2021,030369,BRAGA,UNIÃO DAS FREGUESIAS DE ESCUDEIROS E PENSO (SANTO ESTÊVÃO E SÃO VICENTE),AF,1697,1191,33,19
mapa_1_resultados.xlsx,404,AL2021,030370,BRAGA,UNIÃO DAS FREGUESIAS DE ESTE (SÃO PEDRO E SÃO MAMEDE),AF,3761,2439,82,42
mapa_1_resultados.xlsx,405,AL2021,030371,BRAGA,UNIÃO DAS FREGUESIAS DE FERREIROS E GONDIZALVES,AF,8504,4774,260,84
mapa_1_resultados.xlsx,406,AL2021,030372,BRAGA,UNIÃO DAS FREGUESIAS DE GUISANDE E OLIVEIRA (SÃO PEDRO),AF,919,742,14,8
mapa_1_resultados.xlsx,407,AL2021,030373,BRAGA,UNIÃO DAS FREGUESIAS DE LOMAR E ARCOS,AF,6283,3708,115,59
mapa_1_resultados.xlsx,408,AL2021,030374,BRAGA,"UNIÃO DAS FREGUESIAS DE MERELIM (SÃO PAIO), PANOIAS E PARADA DE TIBÃES",AF,4352,2678,118,70
mapa_1_resultados.xlsx,409,AL2021,030375,BRAGA,UNIÃO DAS FREGUESIAS DE MERELIM (SÃO PEDRO) E FROSSOS,AF,3886,2465,119,60
mapa_1_resultados.xlsx,410,AL2021,030376,BRAGA,UNIÃO DAS FREGUESIAS DE MORREIRA E TRANDEIRAS,AF,1257,876,82,25
mapa_1_resultados.xlsx,411,AL2021,030377,BRAGA,"UNIÃO DAS FREGUESIAS DE NOGUEIRA, FRAIÃO E LAMAÇÃES",AF,13404,7802,428,137
mapa_1_resultados.xlsx,412,AL2021,030378,BRAGA,UNIÃO DAS FREGUESIAS DE NOGUEIRÓ E TENÕES,AF,4691,2780,252,58
mapa_1_resultados.xlsx,413,AL2021,030379,BRAGA,"UNIÃO DAS FREGUESIAS DE REAL, DUME E SEMELHE",AF,11497,6301,259,106
mapa_1_resultados.xlsx,414,AL2021,030380,BRAGA,UNIÃO DAS FREGUESIAS DE SANTA LUCRÉCIA DE ALGERIZ E NAVARRA,AF,864,585,29,10
mapa_1_resultados.xlsx,415,AL2021,030381,BRAGA,UNIÃO DAS FREGUESIAS DE VILAÇA E FRADELOS,AF,1448,1078,33,15
mapa_1_resultados.xlsx,416,AL2021,030400,CABECEIRAS DE BASTO,,CM,16917,11216,114,185
mapa_1_resultados.xlsx,417,AL2021,030400,CABECEIRAS DE BASTO,,AM,16917,11218,129,164
mapa_1_resultados.xlsx,418,AL2021,030401,CABECEIRAS DE BASTO,ABADIM,AF,546,431,3,6
mapa_1_resultados.xlsx,419,AL2021,030404,CABECEIRAS DE BASTO,BASTO,AF,873,626,2,6
mapa_1_resultados.xlsx,420,AL2021,030405,CABECEIRAS DE BASTO,BUCOS,AF,568,418,1,6
mapa_1_resultados.xlsx,421,AL2021,030406,CABECEIRAS DE BASTO,CABECEIRAS DE BASTO,AF,692,492,2,5
mapa_1_resultados.xlsx,422,AL2021,030407,CABECEIRAS DE BASTO,CAVEZ,AF,1593,844,10,19
mapa_1_resultados.xlsx,423,AL2021,030408,CABECEIRAS DE BASTO,FAIA,AF,561,421,1,9
mapa_1_resultados.xlsx,424,AL2021,030413,CABECEIRAS DE BASTO,PEDRAÇA,AF,794,538,9,11
mapa_1_resultados.xlsx,425,AL2021,030415,CABECEIRAS DE BASTO,RIO DOURO,AF,1048,695,7,31
mapa_1_resultados.xlsx,426,AL2021,030418,CABECEIRAS DE BASTO,UNIÃO DAS FREGUESIAS DE ALVITE E PASSOS,AF,1114,784,15,7
mapa_1_resultados.xlsx,427,AL2021,030419,CABECEIRAS DE BASTO,UNIÃO DAS FREGUESIAS DE ARCO DE BAÚLHE E VILA NUNE,AF,2013,1328,12,19
mapa_1_resultados.xlsx,428,AL2021,030420,CABECEIRAS DE BASTO,UNIÃO DAS FREGUESIAS DE GONDIÃES E VILAR DE CUNHAS,AF,557,287,27,6
mapa_1_resultados.xlsx,429,AL2021,030421,CABECEIRAS DE BASTO,"UNIÃO DAS FREGUESIAS DE REFOJOS DE BASTO, OUTEIRO E PAINZELA",AF,6568,4350,38,80
mapa_1_resultados.xlsx,430,AL2021,030500,CELORICO DE BASTO,,CM,17560,12293,117,146
mapa_1_resultados.xlsx,431,AL2021,030500,CELORICO DE BASTO,,AM,17560,12293,231,180
mapa_1_resultados.xlsx,432,AL2021,030501,CELORICO DE BASTO,AGILDE,AF,1101,804,11,18
mapa_1_resultados.xlsx,433,AL2021,030502,CELORICO DE BASTO,ARNÓIA,AF,1439,1016,4,25
mapa_1_resultados.xlsx,434,AL2021,030503,CELORICO DE BASTO,BORBA DE MONTANHA,AF,1167,795,9,13
mapa_1_resultados.xlsx,435,AL2021,030508,CELORICO DE BASTO,CODEÇOSO,AF,375,283,1,2
mapa_1_resultados.xlsx,436,AL2021,030510,CELORICO DE BASTO,FERVENÇA,AF,1104,789,8,13
mapa_1_resultados.xlsx,437,AL2021,030515,CELORICO DE BASTO,MOREIRA DO CASTELO,AF,566,451,5,12
mapa_1_resultados.xlsx,438,AL2021,030517,CELORICO DE BASTO,REGO,AF,1148,748,6,14
mapa_1_resultados.xlsx,439,AL2021,030518,CELORICO DE BASTO,RIBAS,AF,844,613,4,19
mapa_1_resultados.xlsx,440,AL2021,030520,CELORICO DE BASTO,BASTO (SÃO CLEMENTE),AF,1382,940,7,12
mapa_1_resultados.xlsx,441,AL2021,030521,CELORICO DE BASTO,VALE DE BOURO,AF,731,475,10,5
mapa_1_resultados.xlsx,442,AL2021,030523,CELORICO DE BASTO,"UNIÃO DAS FREGUESIAS DE BRITELO, GÉMEOS E OURILHE",AF,3300,2312,18,37
mapa_1_resultados.xlsx,443,AL2021,030524,CELORICO DE BASTO,UNIÃO DAS FREGUESIAS DE CAÇARILHE E INFESTA,AF,636,404,3,7
mapa_1_resultados.xlsx,444,AL2021,030525,CELORICO DE BASTO,UNIÃO DAS FREGUESIAS DE CANEDO DE BASTO E CORGO,AF,1183,808,3,14
mapa_1_resultados.xlsx,445,AL2021,030526,CELORICO DE BASTO,UNIÃO DAS FREGUESIAS DE CARVALHO E BASTO (SANTA TECLA),AF,862,598,8,7
mapa_1_resultados.xlsx,446,AL2021,030527,CELORICO DE BASTO,"UNIÃO DAS FREGUESIAS DE VEADE, GAGOS E MOLARES",AF,1722,1257,6,23
mapa_1_resultados.xlsx,447,AL2021,030600,ESPOSENDE,,CM,32934,19687,801,350
mapa_1_resultados.xlsx,448,AL2021,030600,ESPOSENDE,,AM,32934,19686,819,327
mapa_1_resultados.xlsx,449,AL2021,030601,ESPOSENDE,ANTAS,AF,2018,1200,59,18
mapa_1_resultados.xlsx,450,AL2021,030608,ESPOSENDE,FORJÃES,AF,2418,1672,27,21
mapa_1_resultados.xlsx,451,AL2021,030610,ESPOSENDE,GEMESES,AF,1063,701,20,7
mapa_1_resultados.xlsx,452,AL2021,030615,ESPOSENDE,VILA CHÃ,AF,1318,631,87,27
mapa_1_resultados.xlsx,453,AL2021,030616,ESPOSENDE,UNIÃO DAS FREGUESIAS DE APÚLIA E FÃO,AF,7312,4342,108,50
mapa_1_resultados.xlsx,454,AL2021,030617,ESPOSENDE,UNIÃO DAS FREGUESIAS DE BELINHO E MAR,AF,2969,1694,53,41
mapa_1_resultados.xlsx,455,AL2021,030618,ESPOSENDE,"UNIÃO DAS FREGUESIAS DE ESPOSENDE, MARINHAS E GANDRA",AF,11323,6289,274,96
mapa_1_resultados.xlsx,456,AL2021,030619,ESPOSENDE,UNIÃO DAS FREGUESIAS DE FONTE BOA E RIO TINTO,AF,1643,1279,33,12
mapa_1_resultados.xlsx,457,AL2021,030620,ESPOSENDE,UNIÃO DAS FREGUESIAS DE PALMEIRA DE FARO E CURVOS,AF,2870,1877,91,34
mapa_1_resultados.xlsx,458,AL2021,030700,FAFE,,CM,49633,30247,1061,552
mapa_1_resultados.xlsx,459,AL2021,030700,FAFE,,AM,49633,30191,884,572
mapa_1_resultados.xlsx,460,AL2021,030705,FAFE,ARMIL,AF,661,475,12,11
mapa_1_resultados.xlsx,461,AL2021,030708,FAFE,ESTORÃOS,AF,1906,994,32,17
mapa_1_resultados.xlsx,462,AL2021,030709,FAFE,FAFE,AF,15089,8107,250,167
mapa_1_resultados.xlsx,463,AL2021,030712,FAFE,FORNELOS,AF,1444,893,23,19
mapa_1_resultados.xlsx,464,AL2021,030714,FAFE,GOLÃES,AF,2030,1477,24,13
mapa_1_resultados.xlsx,465,AL2021,030716,FAFE,MEDELO,AF,1353,805,51,21
mapa_1_resultados.xlsx,466,AL2021,030719,FAFE,PASSOS,AF,1014,672,51,25
mapa_1_resultados.xlsx,467,AL2021,030722,FAFE,QUINCHÃES,AF,2117,1406,24,29
mapa_1_resultados.xlsx,468,AL2021,030723,FAFE,REGADAS,AF,1561,1187,11,17
mapa_1_resultados.xlsx,469,AL2021,030724,FAFE,REVELHE,AF,750,475,13,12
mapa_1_resultados.xlsx,470,AL2021,030725,FAFE,RIBEIROS,AF,569,357,30,6
mapa_1_resultados.xlsx,471,AL2021,030726,FAFE,ARÕES (SANTA CRISTINA),AF,1407,799,125,31
mapa_1_resultados.xlsx,472,AL2021,030728,FAFE,SÃO GENS,AF,1703,1175,26,17
mapa_1_resultados.xlsx,473,AL2021,030729,FAFE,SILVARES (SÃO MARTINHO),AF,1238,913,22,24
mapa_1_resultados.xlsx,474,AL2021,030730,FAFE,ARÕES (SÃO ROMÃO),AF,3332,1982,51,37
mapa_1_resultados.xlsx,475,AL2021,030733,FAFE,TRAVASSÓS,AF,1625,928,13,25
mapa_1_resultados.xlsx,476,AL2021,030736,FAFE,VINHÓS,AF,675,458,11,11
mapa_1_resultados.xlsx,477,AL2021,030737,FAFE,"UNIÃO DE FREGUESIAS DE ABOIM, FELGUEIRAS, GONTIM E PEDRAÍDO",AF,1081,565,10,14
mapa_1_resultados.xlsx,478,AL2021,030738,FAFE,UNIÃO DE FREGUESIAS DE AGRELA E SERAFÃO,AF,1181,776,19,10
mapa_1_resultados.xlsx,479,AL2021,030739,FAFE,UNIÃO DE FREGUESIAS DE ANTIME E SILVARES (SÃO CLEMENTE),AF,1961,1441,15,28
mapa_1_resultados.xlsx,480,AL2021,030740,FAFE,"UNIÃO DE FREGUESIAS DE ARDEGÃO, ARNOZELA E SEIDÕES",AF,1081,720,23,9
mapa_1_resultados.xlsx,481,AL2021,030741,FAFE,UNIÃO DE FREGUESIAS DE CEPÃES E FAREJA,AF,2023,1302,51,20
mapa_1_resultados.xlsx,482,AL2021,030742,FAFE,UNIÃO DE FREGUESIAS DE FREITAS E VILA COVA,AF,783,529,4,13
mapa_1_resultados.xlsx,483,AL2021,030743,FAFE,UNIÃO DE FREGUESIAS DE MONTE E QUEIMADELA,AF,1077,495,9,10
mapa_1_resultados.xlsx,484,AL2021,030744,FAFE,UNIÃO DE FREGUESIAS DE MOREIRA DO REI E VÁRZEA COVA,AF,1972,1245,18,37
mapa_1_resultados.xlsx,485,AL2021,030800,GUIMARÃES,,CM,142954,90890,2258,837
mapa_1_resultados.xlsx,486,AL2021,030800,GUIMARÃES,,AM,142954,90884,2579,834
mapa_1_resultados.xlsx,487,AL2021,030801,GUIMARÃES,ALDÃO,AF,1195,825,17,6
mapa_1_resultados.xlsx,488,AL2021,030804,GUIMARÃES,AZURÉM,AF,7753,4261,173,51
mapa_1_resultados.xlsx,489,AL2021,030806,GUIMARÃES,BARCO,AF,1389,966,22,12
mapa_1_resultados.xlsx,490,AL2021,030807,GUIMARÃES,BRITO,AF,4337,2871,64,26
mapa_1_resultados.xlsx,491,AL2021,030808,GUIMARÃES,CALDELAS,AF,5873,3773,95,39
mapa_1_resultados.xlsx,492,AL2021,030812,GUIMARÃES,COSTA,AF,4319,2565,102,29
mapa_1_resultados.xlsx,493,AL2021,030813,GUIMARÃES,CREIXOMIL,AF,8725,4871,142,49
mapa_1_resultados.xlsx,494,AL2021,030815,GUIMARÃES,FERMENTÕES,AF,4997,2831,121,39
mapa_1_resultados.xlsx,495,AL2021,030820,GUIMARÃES,GONÇA,AF,862,668,17,11
mapa_1_resultados.xlsx,496,AL2021,030821,GUIMARÃES,GONDAR,AF,2304,1531,24,23
mapa_1_resultados.xlsx,497,AL2021,030823,GUIMARÃES,GUARDIZELA,AF,2556,1461,42,13
mapa_1_resultados.xlsx,498,AL2021,030824,GUIMARÃES,INFANTAS,AF,1531,1154,18,25
mapa_1_resultados.xlsx,499,AL2021,030827,GUIMARÃES,LONGOS,AF,1353,852,10,7
mapa_1_resultados.xlsx,500,AL2021,030828,GUIMARÃES,LORDELO,AF,3709,2214,50,20
mapa_1_resultados.xlsx,501,AL2021,030830,GUIMARÃES,MESÃO FRIO,AF,4037,2708,63,36
mapa_1_resultados.xlsx,502,AL2021,030831,GUIMARÃES,MOREIRA DE CÓNEGOS,AF,4256,2547,65,17
mapa_1_resultados.xlsx,503,AL2021,030832,GUIMARÃES,NESPEREIRA,AF,2421,1532,33,12
mapa_1_resultados.xlsx,504,AL2021,030835,GUIMARÃES,PENCELO,AF,1103,726,11,7
mapa_1_resultados.xlsx,505,AL2021,030836,GUIMARÃES,PINHEIRO,AF,1039,707,15,12
mapa_1_resultados.xlsx,506,AL2021,030837,GUIMARÃES,POLVOREIRA,AF,3121,2085,46,21
mapa_1_resultados.xlsx,507,AL2021,030838,GUIMARÃES,PONTE,AF,5850,3613,117,48
mapa_1_resultados.xlsx,508,AL2021,030840,GUIMARÃES,RONFE,AF,4121,2779,105,35
mapa_1_resultados.xlsx,509,AL2021,030842,GUIMARÃES,PRAZINS (SANTA EUFÉMIA),AF,1134,853,12,11
mapa_1_resultados.xlsx,510,AL2021,030850,GUIMARÃES,SELHO (SÃO CRISTÓVÃO),AF,2007,1384,25,20
mapa_1_resultados.xlsx,511,AL2021,030854,GUIMARÃES,SELHO (SÃO JORGE),AF,5271,3228,112,45
mapa_1_resultados.xlsx,512,AL2021,030857,GUIMARÃES,CANDOSO (SÃO MARTINHO),AF,1181,867,18,7
mapa_1_resultados.xlsx,513,AL2021,030858,GUIMARÃES,SANDE (SÃO MARTINHO),AF,2364,1337,43,18
mapa_1_resultados.xlsx,514,AL2021,030865,GUIMARÃES,SÃO TORCATO,AF,3123,2202,40,29
mapa_1_resultados.xlsx,515,AL2021,030866,GUIMARÃES,SERZEDELO,AF,3213,2077,50,25
mapa_1_resultados.xlsx,516,AL2021,030868,GUIMARÃES,SILVARES,AF,2090,1421,31,14
mapa_1_resultados.xlsx,517,AL2021,030871,GUIMARÃES,URGEZES,AF,4927,3075,87,29
mapa_1_resultados.xlsx,518,AL2021,030875,GUIMARÃES,UNIÃO DAS FREGUESIAS DE ABAÇÃO E GÉMEOS,AF,2378,1773,32,19
mapa_1_resultados.xlsx,519,AL2021,030876,GUIMARÃES,"UNIÃO DAS FREGUESIAS DE AIRÃO SANTA MARIA, AIRÃO SÃO JOÃO E VERMIL",AF,3165,2312,49,21
mapa_1_resultados.xlsx,520,AL2021,030877,GUIMARÃES,UNIÃO DAS FREGUESIAS DE AROSA E CASTELÕES,AF,702,489,7,8
mapa_1_resultados.xlsx,521,AL2021,030878,GUIMARÃES,UNIÃO DAS FREGUESIAS DE ATÃES E RENDUFE,AF,2347,1499,25,19
mapa_1_resultados.xlsx,522,AL2021,030879,GUIMARÃES,UNIÃO DAS FREGUESIAS DE BRITEIROS SANTO ESTÊVÃO E DONIM,AF,2009,1322,30,18
mapa_1_resultados.xlsx,523,AL2021,030880,GUIMARÃES,UNIÃO DAS FREGUESIAS DE BRITEIROS SÃO SALVADOR E BRITEIROS SANTA LEOCÁDIA,AF,1697,1090,13,7
mapa_1_resultados.xlsx,524,AL2021,030881,GUIMARÃES,UNIÃO DAS FREGUESIAS DE CANDOSO SÃO TIAGO E MASCOTELOS,AF,3214,2080,91,19
mapa_1_resultados.xlsx,525,AL2021,030882,GUIMARÃES,UNIÃO DAS FREGUESIAS DE CONDE E GANDARELA,AF,2163,1510,22,19
mapa_1_resultados.xlsx,526,AL2021,030883,GUIMARÃES,"UNIÃO DAS FREGUESIAS DE LEITÕES, OLEIROS E FIGUEIREDO",AF,1311,1022,23,16
mapa_1_resultados.xlsx,527,AL2021,030884,GUIMARÃES,"UNIÃO DAS FREGUESIAS DE OLIVEIRA, SÃO PAIO E SÃO SEBASTIÃO",AF,7128,3752,139,49
mapa_1_resultados.xlsx,528,AL2021,030885,GUIMARÃES,UNIÃO DAS FREGUESIAS DE PRAZINS SANTO TIRSO E CORVITE,AF,1760,1252,29,22
mapa_1_resultados.xlsx,529,AL2021,030886,GUIMARÃES,UNIÃO DAS FREGUESIAS DE SANDE SÃO LOURENÇO E BALAZAR,AF,1691,947,23,15
mapa_1_resultados.xlsx,530,AL2021,030887,GUIMARÃES,UNIÃO DAS FREGUESIAS DE SANDE VILA NOVA E SANDE SÃO CLEMENTE,AF,3202,2200,16,15
mapa_1_resultados.xlsx,531,AL2021,030888,GUIMARÃES,UNIÃO DAS FREGUESIAS DE SELHO SÃO LOURENÇO E GOMINHÃES,AF,2008,1441,33,17
mapa_1_resultados.xlsx,532,AL2021,030889,GUIMARÃES,UNIÃO DAS FREGUESIAS DE SERZEDO E CALVOS,AF,2089,1380,47,27
mapa_1_resultados.xlsx,533,AL2021,030890,GUIMARÃES,"UNIÃO DAS FREGUESIAS DE SOUTO SANTA MARIA, SOUTO SÃO SALVADOR E GONDOMAR",AF,2142,1386,35,12
mapa_1_resultados.xlsx,534,AL2021,030891,GUIMARÃES,UNIÃO DAS FREGUESIAS DE TABUADELO E SÃO FAUSTINO,AF,2287,1665,24,20
mapa_1_resultados.xlsx,535,AL2021,030900,PÓVOA DE LANHOSO,,CM,21834,15494,247,146
mapa_1_resultados.xlsx,536,AL2021,030900,PÓVOA DE LANHOSO,,AM,21834,15496,284,137
mapa_1_resultados.xlsx,537,AL2021,030906,PÓVOA DE LANHOSO,COVELAS,AF,406,338,7,1
mapa_1_resultados.xlsx,538,AL2021,030908,PÓVOA DE LANHOSO,FERREIROS,AF,354,280,6,3
mapa_1_resultados.xlsx,539,AL2021,030912,PÓVOA DE LANHOSO,GALEGOS,AF,563,412,2,9
mapa_1_resultados.xlsx,540,AL2021,030913,PÓVOA DE LANHOSO,GARFE,AF,1153,795,13,6
mapa_1_resultados.xlsx,541,AL2021,030914,PÓVOA DE LANHOSO,GERAZ DO MINHO,AF,536,422,4,4
mapa_1_resultados.xlsx,542,AL2021,030915,PÓVOA DE LANHOSO,LANHOSO,AF,703,472,7,9
mapa_1_resultados.xlsx,543,AL2021,030917,PÓVOA DE LANHOSO,MONSUL,AF,712,514,100,13
mapa_1_resultados.xlsx,544,AL2021,030919,PÓVOA DE LANHOSO,PÓVOA DE LANHOSO (NOSSA SENHORA DO AMPARO),AF,5199,3498,67,54
mapa_1_resultados.xlsx,545,AL2021,030921,PÓVOA DE LANHOSO,RENDUFINHO,AF,668,491,3,7
mapa_1_resultados.xlsx,546,AL2021,030922,PÓVOA DE LANHOSO,SANTO EMILIÃO,AF,886,604,12,4
mapa_1_resultados.xlsx,547,AL2021,030923,PÓVOA DE LANHOSO,SÃO JOÃO DE REI,AF,401,313,2,3
mapa_1_resultados.xlsx,548,AL2021,030924,PÓVOA DE LANHOSO,SERZEDELO,AF,723,496,8,7
mapa_1_resultados.xlsx,549,AL2021,030925,PÓVOA DE LANHOSO,SOBRADELO DA GOMA,AF,758,548,5,9
mapa_1_resultados.xlsx,550,AL2021,030926,PÓVOA DE LANHOSO,TAÍDE,AF,1728,1152,24,5
mapa_1_resultados.xlsx,551,AL2021,030927,PÓVOA DE LANHOSO,TRAVASSOS,AF,652,466,7,3
mapa_1_resultados.xlsx,552,AL2021,030929,PÓVOA DE LANHOSO,VILELA,AF,595,446,6,2
mapa_1_resultados.xlsx,553,AL2021,030930,PÓVOA DE LANHOSO,UNIÃO DAS FREGUESIAS DE ÁGUAS SANTAS E MOURE,AF,597,439,8,7
mapa_1_resultados.xlsx,554,AL2021,030931,PÓVOA DE LANHOSO,UNIÃO DAS FREGUESIAS DE CALVOS E FRADES,AF,739,567,5,7
mapa_1_resultados.xlsx,555,AL2021,030932,PÓVOA DE LANHOSO,UNIÃO DAS FREGUESIAS DE CAMPOS E LOUREDO,AF,1461,1131,8,3
mapa_1_resultados.xlsx,556,AL2021,030933,PÓVOA DE LANHOSO,UNIÃO DAS FREGUESIAS DE ESPERANÇA E BRUNHAIS,AF,661,436,10,9
mapa_1_resultados.xlsx,557,AL2021,030934,PÓVOA DE LANHOSO,UNIÃO DAS FREGUESIAS DE FONTE ARCADA E OLIVEIRA,AF,1640,1165,14,10
mapa_1_resultados.xlsx,558,AL2021,030935,PÓVOA DE LANHOSO,"UNIÃO DAS FREGUESIAS DE VERIM, FRIANDE E AJUDE",AF,703,511,4,8
mapa_1_resultados.xlsx,559,AL2021,031000,TERRAS DE BOURO,,CM,6656,4591,115,66
mapa_1_resultados.xlsx,560,AL2021,031000,TERRAS DE BOURO,,AM,6656,4590,132,79
mapa_1_resultados.xlsx,561,AL2021,031001,TERRAS DE BOURO,BALANÇA,AF,315,231,35,7
mapa_1_resultados.xlsx,562,AL2021,031003,TERRAS DE BOURO,CAMPO DO GERÊS,AF,176,125,14,4
mapa_1_resultados.xlsx,563,AL2021,031004,TERRAS DE BOURO,CARVALHEIRA,AF,323,233,31,8
mapa_1_resultados.xlsx,564,AL2021,031008,TERRAS DE BOURO,COVIDE,AF,315,214,4,3
mapa_1_resultados.xlsx,565,AL2021,031009,TERRAS DE BOURO,GONDORIZ,AF,279,180,14,4
mapa_1_resultados.xlsx,566,AL2021,031010,TERRAS DE BOURO,MOIMENTA,AF,733,504,86,21
mapa_1_resultados.xlsx,567,AL2021,031012,TERRAS DE BOURO,RIBEIRA (11),AF,,,,
mapa_1_resultados.xlsx,568,AL2021,031013,TERRAS DE BOURO,RIO CALDO,AF,818,602,6,12
mapa_1_resultados.xlsx,569,AL2021,031014,TERRAS DE BOURO,SOUTO,AF,485,324,79,24
mapa_1_resultados.xlsx,570,AL2021,031015,TERRAS DE BOURO,VALDOSENDE,AF,562,439,6,4
mapa_1_resultados.xlsx,571,AL2021,031017,TERRAS DE BOURO,VILAR DA VEIGA,AF,1109,751,7,17
mapa_1_resultados.xlsx,572,AL2021,031018,TERRAS DE BOURO,UNIÃO DAS FREGUESIAS DE CHAMOIM E VILAR,AF,408,284,36,10
mapa_1_resultados.xlsx,573,AL2021,031019,TERRAS DE BOURO,UNIÃO DAS FREGUESIAS DE CHORENSE E MONTE,AF,568,341,52,29
mapa_1_resultados.xlsx,574,AL2021,031020,TERRAS DE BOURO,UNIÃO DAS FREGUESIAS DE CIBÕES E BRUFE,AF,337,202,26,8
mapa_1_resultados.xlsx,575,AL2021,031100,VIEIRA DO MINHO,,CM,12527,9037,118,106
mapa_1_resultados.xlsx,576,AL2021,031100,VIEIRA DO MINHO,,AM,12527,9037,161,102
mapa_1_resultados.xlsx,577,AL2021,031105,VIEIRA DO MINHO,CANTELÃES,AF,699,528,15,9
mapa_1_resultados.xlsx,578,AL2021,031107,VIEIRA DO MINHO,EIRA VEDRA,AF,649,517,12,6
mapa_1_resultados.xlsx,579,AL2021,031108,VIEIRA DO MINHO,GUILHOFREI,AF,949,603,94,32
mapa_1_resultados.xlsx,580,AL2021,031109,VIEIRA DO MINHO,LOUREDO,AF,432,298,12,12
mapa_1_resultados.xlsx,581,AL2021,031110,VIEIRA DO MINHO,MOSTEIRO,AF,690,491,2,5
mapa_1_resultados.xlsx,582,AL2021,031111,VIEIRA DO MINHO,PARADA DO BOURO,AF,455,332,18,5
mapa_1_resultados.xlsx,583,AL2021,031112,VIEIRA DO MINHO,PINHEIRO,AF,413,307,9,7
mapa_1_resultados.xlsx,584,AL2021,031113,VIEIRA DO MINHO,ROSSAS,AF,1652,1098,25,7
mapa_1_resultados.xlsx,585,AL2021,031115,VIEIRA DO MINHO,SALAMONDE,AF,383,269,11,3
mapa_1_resultados.xlsx,586,AL2021,031118,VIEIRA DO MINHO,TABUAÇAS,AF,883,649,15,11
mapa_1_resultados.xlsx,587,AL2021,031120,VIEIRA DO MINHO,VIEIRA DO MINHO,AF,2317,1667,26,19
mapa_1_resultados.xlsx,588,AL2021,031122,VIEIRA DO MINHO,UNIÃO DAS FREGUESIAS DE ANISSÓ E SOUTELO,AF,381,292,7,0
mapa_1_resultados.xlsx,589,AL2021,031123,VIEIRA DO MINHO,UNIÃO DAS FREGUESIAS DE ANJOS E VILAR DO CHÃO,AF,608,470,12,10
mapa_1_resultados.xlsx,590,AL2021,031124,VIEIRA DO MINHO,UNIÃO DAS FREGUESIAS DE CANIÇADA E SOENGAS,AF,564,455,6,5
mapa_1_resultados.xlsx,591,AL2021,031125,VIEIRA DO MINHO,UNIÃO DAS FREGUESIAS DE RUIVÃES E CAMPOS,AF,814,617,18,9
mapa_1_resultados.xlsx,592,AL2021,031126,VIEIRA DO MINHO,UNIÃO DAS FREGUESIAS DE VENTOSA E COVA,AF,638,444,7,5
mapa_1_resultados.xlsx,593,AL2021,031200,VILA NOVA DE FAMALICÃO,,CM,119498,75905,2080,895
mapa_1_resultados.xlsx,594,AL2021,031200,VILA NOVA DE FAMALICÃO,,AM,119498,75900,2256,928
mapa_1_resultados.xlsx,595,AL2021,031204,VILA NOVA DE FAMALICÃO,BAIRRO,AF,3112,1753,41,14
mapa_1_resultados.xlsx,596,AL2021,031206,VILA NOVA DE FAMALICÃO,BRUFE,AF,2009,1398,40,15
mapa_1_resultados.xlsx,597,AL2021,031210,VILA NOVA DE FAMALICÃO,CASTELÕES,AF,1785,1177,24,15
mapa_1_resultados.xlsx,598,AL2021,031212,VILA NOVA DE FAMALICÃO,CRUZ,AF,1487,1096,25,22
mapa_1_resultados.xlsx,599,AL2021,031213,VILA NOVA DE FAMALICÃO,DELÃES,AF,3603,2250,31,39
mapa_1_resultados.xlsx,600,AL2021,031215,VILA NOVA DE FAMALICÃO,FRADELOS,AF,3483,2509,48,23
mapa_1_resultados.xlsx,601,AL2021,031216,VILA NOVA DE FAMALICÃO,GAVIÃO,AF,3341,2043,72,29
mapa_1_resultados.xlsx,602,AL2021,031219,VILA NOVA DE FAMALICÃO,JOANE,AF,7040,4514,143,100
mapa_1_resultados.xlsx,603,AL2021,031221,VILA NOVA DE FAMALICÃO,LANDIM,AF,2624,1556,58,17
mapa_1_resultados.xlsx,604,AL2021,031223,VILA NOVA DE FAMALICÃO,LOURO,AF,2000,1534,20,19
mapa_1_resultados.xlsx,605,AL2021,031224,VILA NOVA DE FAMALICÃO,LOUSADO,AF,3461,2220,52,21
mapa_1_resultados.xlsx,606,AL2021,031225,VILA NOVA DE FAMALICÃO,MOGEGE,AF,1743,1263,25,16
mapa_1_resultados.xlsx,607,AL2021,031227,VILA NOVA DE FAMALICÃO,NINE,AF,2645,1943,32,29
mapa_1_resultados.xlsx,608,AL2021,031230,VILA NOVA DE FAMALICÃO,PEDOME,AF,1880,1190,23,18
mapa_1_resultados.xlsx,609,AL2021,031232,VILA NOVA DE FAMALICÃO,POUSADA DE SARAMAGOS,AF,2059,1313,32,14
mapa_1_resultados.xlsx,610,AL2021,031233,VILA NOVA DE FAMALICÃO,REQUIÃO,AF,2809,1726,54,22
mapa_1_resultados.xlsx,611,AL2021,031234,VILA NOVA DE FAMALICÃO,RIBA DE AVE,AF,3133,1977,42,34
mapa_1_resultados.xlsx,612,AL2021,031235,VILA NOVA DE FAMALICÃO,RIBEIRÃO,AF,7878,5264,89,82
mapa_1_resultados.xlsx,613,AL2021,031239,VILA NOVA DE FAMALICÃO,OLIVEIRA (SANTA MARIA),AF,3156,2000,44,29
mapa_1_resultados.xlsx,614,AL2021,031241,VILA NOVA DE FAMALICÃO,VALE (SÃO MARTINHO),AF,1831,1169,20,16
mapa_1_resultados.xlsx,615,AL2021,031242,VILA NOVA DE FAMALICÃO,OLIVEIRA (SÃO MATEUS),AF,2262,1345,31,19
mapa_1_resultados.xlsx,616,AL2021,031247,VILA NOVA DE FAMALICÃO,VERMOIM,AF,2677,1821,28,13
mapa_1_resultados.xlsx,617,AL2021,031249,VILA NOVA DE FAMALICÃO,VILARINHO DAS CAMBAS,AF,1172,903,15,11
mapa_1_resultados.xlsx,618,AL2021,031250,VILA NOVA DE FAMALICÃO,UNIÃO DAS FREGUESIAS DE ANTAS E ABADE DE VERMOIM,AF,6471,3865,119,49
mapa_1_resultados.xlsx,619,AL2021,031251,VILA NOVA DE FAMALICÃO,UNIÃO DAS FREGUESIAS DE ARNOSO (SANTA MARIA E SANTA EULÁLIA) E SEZURES,AF,3191,2332,73,46
mapa_1_resultados.xlsx,620,AL2021,031252,VILA NOVA DE FAMALICÃO,UNIÃO DAS FREGUESIAS DE AVIDOS E LAGOA,AF,2275,1607,47,21
mapa_1_resultados.xlsx,621,AL2021,031253,VILA NOVA DE FAMALICÃO,UNIÃO DAS FREGUESIAS DE CARREIRA E BENTE,AF,2303,1537,21,23
mapa_1_resultados.xlsx,622,AL2021,031254,VILA NOVA DE FAMALICÃO,UNIÃO DAS FREGUESIAS DE ESMERIZ E CABEÇUDOS,AF,3207,1996,58,46
mapa_1_resultados.xlsx,623,AL2021,031255,VILA NOVA DE FAMALICÃO,"UNIÃO DAS FREGUESIAS DE GONDIFELOS, CAVALÕES E OUTIZ",AF,4577,2646,97,52
mapa_1_resultados.xlsx,624,AL2021,031256,VILA NOVA DE FAMALICÃO,"UNIÃO DAS FREGUESIAS DE LEMENHE, MOUQUIM E JESUFREI",AF,2809,1966,52,28
mapa_1_resultados.xlsx,625,AL2021,031257,VILA NOVA DE FAMALICÃO,UNIÃO DAS FREGUESIAS DE RUIVÃES E NOVAIS,AF,2721,1808,50,25
mapa_1_resultados.xlsx,626,AL2021,031258,VILA NOVA DE FAMALICÃO,UNIÃO DAS FREGUESIAS DE SEIDE,AF,1433,1044,22,14
mapa_1_resultados.xlsx,627,AL2021,031259,VILA NOVA DE FAMALICÃO,"UNIÃO DAS FREGUESIAS DE VALE (SÃO COSME), TELHADO E PORTELA",AF,4829,3142,96,50
mapa_1_resultados.xlsx,628,AL2021,031260,VILA NOVA DE FAMALICÃO,UNIÃO DAS FREGUESIAS DE VILA NOVA DE FAMALICÃO E CALENDÁRIO,AF,18492,9997,400,170
mapa_1_resultados.xlsx,629,AL2021,031300,VILA VERDE,,CM,44022,26864,1077,424
mapa_1_resultados.xlsx,630,AL2021,031300,VILA VERDE,,AM,44022,26863,1113,461
mapa_1_resultados.xlsx,631,AL2021,031304,VILA VERDE,ATIÃES,AF,478,382,5,4
mapa_1_resultados.xlsx,632,AL2021,031308,VILA VERDE,CABANELAS,AF,1798,1212,23,18
mapa_1_resultados.xlsx,633,AL2021,031309,VILA VERDE,CERVÃES,AF,1845,992,182,80
mapa_1_resultados.xlsx,634,AL2021,031311,VILA VERDE,COUCIEIRO,AF,498,333,33,11
mapa_1_resultados.xlsx,635,AL2021,031313,VILA VERDE,DOSSÃOS,AF,406,281,23,12
mapa_1_resultados.xlsx,636,AL2021,031316,VILA VERDE,FREIRIZ,AF,994,594,71,12
mapa_1_resultados.xlsx,637,AL2021,031317,VILA VERDE,GÊME,AF,457,303,48,30
mapa_1_resultados.xlsx,638,AL2021,031323,VILA VERDE,LAGE,AF,2657,1590,42,22
mapa_1_resultados.xlsx,639,AL2021,031324,VILA VERDE,LANHAS,AF,571,398,71,11
mapa_1_resultados.xlsx,640,AL2021,031325,VILA VERDE,LOUREIRA,AF,1036,627,71,18
mapa_1_resultados.xlsx,641,AL2021,031328,VILA VERDE,MOURE,AF,1391,784,111,23
mapa_1_resultados.xlsx,642,AL2021,031330,VILA VERDE,OLEIROS,AF,1208,773,21,11
mapa_1_resultados.xlsx,643,AL2021,031331,VILA VERDE,PARADA DE GATIM,AF,719,509,5,1
mapa_1_resultados.xlsx,644,AL2021,031335,VILA VERDE,PICO,AF,522,387,11,3
mapa_1_resultados.xlsx,645,AL2021,031337,VILA VERDE,PONTE,AF,466,292,55,15
mapa_1_resultados.xlsx,646,AL2021,031340,VILA VERDE,SABARIZ,AF,430,276,34,19
mapa_1_resultados.xlsx,647,AL2021,031342,VILA VERDE,VILA DE PRADO,AF,4070,2336,84,36
mapa_1_resultados.xlsx,648,AL2021,031350,VILA VERDE,PRADO (SÃO MIGUEL),AF,627,443,14,9
mapa_1_resultados.xlsx,649,AL2021,031352,VILA VERDE,SOUTELO,AF,1944,1376,23,15
mapa_1_resultados.xlsx,650,AL2021,031354,VILA VERDE,TURIZ,AF,1669,959,74,38
mapa_1_resultados.xlsx,651,AL2021,031355,VILA VERDE,VALDREU,AF,506,345,18,4
mapa_1_resultados.xlsx,652,AL2021,031359,VILA VERDE,ABOIM DA NÓBREGA E GONDOMAR,AF,945,626,25,12
mapa_1_resultados.xlsx,653,AL2021,031360,VILA VERDE,UNIÃO DAS FREGUESIAS DA RIBEIRA DO NEIVA,AF,3525,2170,58,46
mapa_1_resultados.xlsx,654,AL2021,031361,VILA VERDE,UNIÃO DAS FREGUESIAS DE CARREIRAS (SÃO MIGUEL) E CARREIRAS (SANTIAGO),AF,858,535,18,11
mapa_1_resultados.xlsx,655,AL2021,031362,VILA VERDE,UNIÃO DAS FREGUESIAS DE ESCARIZ (SÃO MAMEDE) E ESCARIZ (SÃO MARTINHO),AF,751,458,96,15
mapa_1_resultados.xlsx,656,AL2021,031363,VILA VERDE,"UNIÃO DAS FREGUESIAS DE ESQUEIROS, NEVOGILDE E TRAVASSÓS (11)",AF,,,,
mapa_1_resultados.xlsx,657,AL2021,031364,VILA VERDE,UNIÃO DAS FREGUESIAS DE MARRANCOS E ARCOZELO,AF,827,505,69,7
mapa_1_resultados.xlsx,658,AL2021,031365,VILA VERDE,UNIÃO DAS FREGUESIAS DE ORIZ (SANTA MARINHA) E ORIZ (SÃO MIGUEL),AF,530,353,67,9
mapa_1_resultados.xlsx,659,AL2021,031366,VILA VERDE,"UNIÃO DAS FREGUESIAS DE PICO DE REGALADOS, GONDIÃES E MÓS",AF,1343,936,43,28
mapa_1_resultados.xlsx,660,AL2021,031367,VILA VERDE,"UNIÃO DAS FREGUESIAS DE SANDE, VILARINHO, BARROS E GOMIDE",AF,1282,897,40,22
mapa_1_resultados.xlsx,661,AL2021,031368,VILA VERDE,"UNIÃO DAS FREGUESIAS DE VALBOM (SÃO PEDRO), PASSÔ E VALBOM (SÃO MARTINHO)",AF,607,346,34,14
mapa_1_resultados.xlsx,662,AL2021,031369,VILA VERDE,UNIÃO DAS FREGUESIAS DO VADE,AF,1611,974,204,44
mapa_1_resultados.xlsx,663,AL2021,031370,VILA VERDE,VILA VERDE E BARBUDO,AF,6577,3351,102,316
mapa_1_resultados.xlsx,664,AL2021,031400,VIZELA,,CM,21415,13764,225,147
mapa_1_resultados.xlsx,665,AL2021,031400,VIZELA,,AM,21523,13763,276,148
mapa_1_resultados.xlsx,666,AL2021,031401,VIZELA,SANTA EULÁLIA,AF,4811,2949,51,44
mapa_1_resultados.xlsx,667,AL2021,031404,VIZELA,INFIAS,AF,1597,1157,19,13
mapa_1_resultados.xlsx,668,AL2021,031406,VIZELA,VIZELA (SANTO ADRIÃO),AF,2122,1578,16,36
mapa_1_resultados.xlsx,669,AL2021,031408,VIZELA,UNIÃO DAS FREGUESIAS DE CALDAS DE VIZELA (SÃO MIGUEL E SÃO JOÃO),AF,9992,6077,130,62
mapa_1_resultados.xlsx,670,AL2021,031409,VIZELA,UNIÃO DAS FREGUESIAS DE TAGILDE E VIZELA (SÃO PAIO),AF,2893,2002,41,22
mapa_1_resultados.xlsx,671,AL2021,040000,BRAGANÇA,,,,,,
mapa_1_resultados.xlsx,672,AL2021,040100,ALFÂNDEGA DA FÉ,,CM,5479,3918,61,101
mapa_1_resultados.xlsx,673,AL2021,040100,ALFÂNDEGA DA FÉ,,AM,5479,3919,85,101
mapa_1_resultados.xlsx,674,AL2021,040102,ALFÂNDEGA DA FÉ,ALFÂNDEGA DA FÉ,AF,1919,1404,27,40
mapa_1_resultados.xlsx,675,AL2021,040103,ALFÂNDEGA DA FÉ,CEREJAIS,AF,223,151,1,0
mapa_1_resultados.xlsx,676,AL2021,040111,ALFÂNDEGA DA FÉ,SAMBADE,AF,536,364,12,6
mapa_1_resultados.xlsx,677,AL2021,040118,ALFÂNDEGA DA FÉ,VILAR CHÃO,AF,283,184,5,5
mapa_1_resultados.xlsx,678,AL2021,040119,ALFÂNDEGA DA FÉ,VILARELHOS,AF,306,241,4,5
mapa_1_resultados.xlsx,679,AL2021,040120,ALFÂNDEGA DA FÉ,VILARES DE VILARIÇA,AF,256,174,5,1
mapa_1_resultados.xlsx,680,AL2021,040121,ALFÂNDEGA DA FÉ,"UNIÃO DAS FREGUESIAS DE AGROBOM, SALDONHA E VALE PEREIRO",AF,390,282,8,6
mapa_1_resultados.xlsx,681,AL2021,040122,ALFÂNDEGA DA FÉ,"UNIÃO DAS FREGUESIAS DE EUCISIA, GOUVEIA E VALVERDE",AF,410,285,5,14
mapa_1_resultados.xlsx,682,AL2021,040123,ALFÂNDEGA DA FÉ,UNIÃO DAS FREGUESIAS DE FERRADOSA E SENDIM DA SERRA,AF,291,234,2,6
mapa_1_resultados.xlsx,683,AL2021,040124,ALFÂNDEGA DA FÉ,UNIÃO DAS FREGUESIAS DE GEBELIM E SOEIMA,AF,400,265,3,6
mapa_1_resultados.xlsx,684,AL2021,040125,ALFÂNDEGA DA FÉ,UNIÃO DAS FREGUESIAS DE PARADA E SENDIM DA RIBEIRA,AF,250,183,6,9
mapa_1_resultados.xlsx,685,AL2021,040126,ALFÂNDEGA DA FÉ,UNIÃO DAS FREGUESIAS DE POMBAL E VALES,AF,215,152,2,4
mapa_1_resultados.xlsx,686,AL2021,040200,BRAGANÇA,,CM,35426,17924,531,309
mapa_1_resultados.xlsx,687,AL2021,040200,BRAGANÇA,,AM,35426,17926,572,316
mapa_1_resultados.xlsx,688,AL2021,040201,BRAGANÇA,ALFAIÃO,AF,191,146,1,2
mapa_1_resultados.xlsx,689,AL2021,040203,BRAGANÇA,BABE,AF,306,129,15,5
mapa_1_resultados.xlsx,690,AL2021,040204,BRAGANÇA,BAÇAL,AF,522,328,4,9
mapa_1_resultados.xlsx,691,AL2021,040206,BRAGANÇA,CARRAGOSA,AF,236,166,7,1
mapa_1_resultados.xlsx,692,AL2021,040209,BRAGANÇA,CASTRO DE AVELÃS,AF,344,228,3,5
mapa_1_resultados.xlsx,693,AL2021,040210,BRAGANÇA,COELHOSO,AF,461,235,1,5
mapa_1_resultados.xlsx,694,AL2021,040212,BRAGANÇA,DONAI,AF,461,316,8,5
mapa_1_resultados.xlsx,695,AL2021,040213,BRAGANÇA,ESPINHOSELA,AF,286,199,3,2
mapa_1_resultados.xlsx,696,AL2021,040215,BRAGANÇA,FRANÇA,AF,276,180,2,2
mapa_1_resultados.xlsx,697,AL2021,040216,BRAGANÇA,GIMONDE,AF,403,278,6,6
mapa_1_resultados.xlsx,698,AL2021,040217,BRAGANÇA,GONDESENDE,AF,190,124,5,4
mapa_1_resultados.xlsx,699,AL2021,040218,BRAGANÇA,GOSTEI,AF,423,288,6,12
mapa_1_resultados.xlsx,700,AL2021,040219,BRAGANÇA,GRIJÓ DE PARADA,AF,346,193,38,6
mapa_1_resultados.xlsx,701,AL2021,040221,BRAGANÇA,MACEDO DO MATO,AF,265,136,3,3
mapa_1_resultados.xlsx,702,AL2021,040224,BRAGANÇA,MÓS,AF,255,143,7,4
mapa_1_resultados.xlsx,703,AL2021,040225,BRAGANÇA,NOGUEIRA,AF,463,316,6,9
mapa_1_resultados.xlsx,704,AL2021,040226,BRAGANÇA,OUTEIRO,AF,307,174,1,2
mapa_1_resultados.xlsx,705,AL2021,040229,BRAGANÇA,PARÂMIO,AF,248,193,1,4
mapa_1_resultados.xlsx,706,AL2021,040230,BRAGANÇA,PINELA,AF,326,193,2,1
mapa_1_resultados.xlsx,707,AL2021,040232,BRAGANÇA,QUINTANILHA,AF,247,162,9,2
mapa_1_resultados.xlsx,708,AL2021,040233,BRAGANÇA,QUINTELA DE LAMPAÇAS,AF,273,144,15,5
mapa_1_resultados.xlsx,709,AL2021,040234,BRAGANÇA,RABAL,AF,248,145,0,1
mapa_1_resultados.xlsx,710,AL2021,040236,BRAGANÇA,REBORDÃOS,AF,592,428,2,5
mapa_1_resultados.xlsx,711,AL2021,040239,BRAGANÇA,SALSAS,AF,427,210,5,2
mapa_1_resultados.xlsx,712,AL2021,040240,BRAGANÇA,SAMIL,AF,1097,655,18,18
mapa_1_resultados.xlsx,713,AL2021,040241,BRAGANÇA,SANTA COMBA DE ROSSAS,AF,327,203,8,2
mapa_1_resultados.xlsx,714,AL2021,040244,BRAGANÇA,SÃO PEDRO DE SARRACENOS,AF,345,244,12,6
mapa_1_resultados.xlsx,715,AL2021,040246,BRAGANÇA,SENDAS,AF,204,131,10,6
mapa_1_resultados.xlsx,716,AL2021,040247,BRAGANÇA,SERAPICOS,AF,311,133,25,4
mapa_1_resultados.xlsx,717,AL2021,040248,BRAGANÇA,SORTES,AF,297,202,3,5
mapa_1_resultados.xlsx,718,AL2021,040249,BRAGANÇA,ZOIO,AF,162,104,3,11
mapa_1_resultados.xlsx,719,AL2021,040250,BRAGANÇA,UNIÃO DAS FREGUESIAS DE AVELEDA E RIO DE ONOR,AF,383,215,12,3
mapa_1_resultados.xlsx,720,AL2021,040251,BRAGANÇA,UNIÃO DAS FREGUESIAS DE CASTRELOS E CARRAZEDO,AF,280,217,6,6
mapa_1_resultados.xlsx,721,AL2021,040252,BRAGANÇA,"UNIÃO DAS FREGUESIAS DE IZEDA, CALVELHE E PARADINHA NOVA",AF,1164,569,12,18
mapa_1_resultados.xlsx,722,AL2021,040253,BRAGANÇA,UNIÃO DAS FREGUESIAS DE PARADA E FAÍLDE,AF,878,505,5,8
mapa_1_resultados.xlsx,723,AL2021,040254,BRAGANÇA,UNIÃO DAS FREGUESIAS DE REBORDAINHOS E POMBARES,AF,235,146,4,2
mapa_1_resultados.xlsx,724,AL2021,040255,BRAGANÇA,UNIÃO DAS FREGUESIAS DE RIO FRIO E MILHÃO,AF,397,261,5,5
mapa_1_resultados.xlsx,725,AL2021,040256,BRAGANÇA,UNIÃO DAS FREGUESIAS DE SÃO JULIÃO DE PALÁCIOS E DEILÃO,AF,508,213,43,11
mapa_1_resultados.xlsx,726,AL2021,040257,BRAGANÇA,"UNIÃO DAS FREGUESIAS DE SÉ, SANTA MARIA E MEIXEDO",AF,20742,9073,277,177
mapa_1_resultados.xlsx,727,AL2021,040300,CARRAZEDA DE ANSIÃES,,CM,6086,3891,93,111
mapa_1_resultados.xlsx,728,AL2021,040300,CARRAZEDA DE ANSIÃES,,AM,6086,3889,126,115
mapa_1_resultados.xlsx,729,AL2021,040304,CARRAZEDA DE ANSIÃES,CARRAZEDA DE ANSIÃES,AF,1574,1044,27,26
mapa_1_resultados.xlsx,730,AL2021,040306,CARRAZEDA DE ANSIÃES,FONTE LONGA,AF,271,157,37,9
mapa_1_resultados.xlsx,731,AL2021,040308,CARRAZEDA DE ANSIÃES,LINHARES,AF,442,278,1,7
mapa_1_resultados.xlsx,732,AL2021,040309,CARRAZEDA DE ANSIÃES,MARZAGÃO,AF,306,188,21,8
mapa_1_resultados.xlsx,733,AL2021,040311,CARRAZEDA DE ANSIÃES,PARAMBOS,AF,218,146,0,1
mapa_1_resultados.xlsx,734,AL2021,040312,CARRAZEDA DE ANSIÃES,PEREIROS,AF,204,117,17,6
mapa_1_resultados.xlsx,735,AL2021,040313,CARRAZEDA DE ANSIÃES,PINHAL DO NORTE,AF,246,184,9,5
mapa_1_resultados.xlsx,736,AL2021,040314,CARRAZEDA DE ANSIÃES,POMBAL,AF,259,178,4,6
mapa_1_resultados.xlsx,737,AL2021,040316,CARRAZEDA DE ANSIÃES,SEIXO DE ANSIÃES,AF,284,200,10,6
mapa_1_resultados.xlsx,738,AL2021,040318,CARRAZEDA DE ANSIÃES,VILARINHO DA CASTANHEIRA,AF,516,235,26,6
mapa_1_resultados.xlsx,739,AL2021,040320,CARRAZEDA DE ANSIÃES,UNIÃO DAS FREGUESIAS DE AMEDO E ZEDES,AF,492,309,11,12
mapa_1_resultados.xlsx,740,AL2021,040321,CARRAZEDA DE ANSIÃES,UNIÃO DAS FREGUESIAS DE BELVER E MOGO DE MALTA,AF,400,290,8,12
mapa_1_resultados.xlsx,741,AL2021,040322,CARRAZEDA DE ANSIÃES,UNIÃO DAS FREGUESIAS DE CASTANHEIRO DO NORTE E RIBALONGA,AF,459,298,34,12
mapa_1_resultados.xlsx,742,AL2021,040323,CARRAZEDA DE ANSIÃES,"UNIÃO DAS FREGUESIAS DE LAVANDEIRA, BEIRA GRANDE E SELORES",AF,415,269,5,8
mapa_1_resultados.xlsx,743,AL2021,040400,FREIXO DE ESPADA A CINTA,,CM,3224,2509,37,49
mapa_1_resultados.xlsx,744,AL2021,040400,FREIXO DE ESPADA A CINTA,,AM,3224,2509,55,50
mapa_1_resultados.xlsx,745,AL2021,040404,FREIXO DE ESPADA A CINTA,LIGARES,AF,319,256,1,9
mapa_1_resultados.xlsx,746,AL2021,040406,FREIXO DE ESPADA A CINTA,POIARES,AF,365,307,1,7
mapa_1_resultados.xlsx,747,AL2021,040407,FREIXO DE ESPADA A CINTA,UNIÃO DAS FREGUESIAS DE FREIXO DE ESPADA À CINTA E MAZOUCO,AF,2051,1570,34,26
mapa_1_resultados.xlsx,748,AL2021,040408,FREIXO DE ESPADA A CINTA,UNIÃO DAS FREGUESIAS DE LAGOAÇA E FORNOS,AF,489,376,5,12
mapa_1_resultados.xlsx,749,AL2021,040500,MACEDO DE CAVALEIROS,,CM,17651,10463,157,201
mapa_1_resultados.xlsx,750,AL2021,040500,MACEDO DE CAVALEIROS,,AM,17651,10466,183,194
mapa_1_resultados.xlsx,751,AL2021,040502,MACEDO DE CAVALEIROS,AMENDOEIRA,AF,440,329,3,13
mapa_1_resultados.xlsx,752,AL2021,040503,MACEDO DE CAVALEIROS,ARCAS,AF,378,222,5,0
mapa_1_resultados.xlsx,753,AL2021,040507,MACEDO DE CAVALEIROS,CARRAPATAS,AF,241,178,0,3
mapa_1_resultados.xlsx,754,AL2021,040509,MACEDO DE CAVALEIROS,CHACIM,AF,346,193,2,3
mapa_1_resultados.xlsx,755,AL2021,040510,MACEDO DE CAVALEIROS,CORTIÇOS,AF,371,197,1,3
mapa_1_resultados.xlsx,756,AL2021,040511,MACEDO DE CAVALEIROS,CORUJAS,AF,203,144,2,3
mapa_1_resultados.xlsx,757,AL2021,040514,MACEDO DE CAVALEIROS,FERREIRA,AF,417,253,2,2
mapa_1_resultados.xlsx,758,AL2021,040515,MACEDO DE CAVALEIROS,GRIJÓ,AF,484,264,3,2
mapa_1_resultados.xlsx,759,AL2021,040516,MACEDO DE CAVALEIROS,LAGOA,AF,391,234,1,15
mapa_1_resultados.xlsx,760,AL2021,040517,MACEDO DE CAVALEIROS,LAMALONGA,AF,420,278,0,3
mapa_1_resultados.xlsx,761,AL2021,040518,MACEDO DE CAVALEIROS,LAMAS,AF,310,170,31,23
mapa_1_resultados.xlsx,762,AL2021,040519,MACEDO DE CAVALEIROS,LOMBO,AF,314,219,5,7
mapa_1_resultados.xlsx,763,AL2021,040520,MACEDO DE CAVALEIROS,MACEDO DE CAVALEIROS,AF,6080,3479,68,68
mapa_1_resultados.xlsx,764,AL2021,040521,MACEDO DE CAVALEIROS,MORAIS,AF,677,327,6,8
mapa_1_resultados.xlsx,765,AL2021,040523,MACEDO DE CAVALEIROS,OLMOS,AF,261,166,3,5
mapa_1_resultados.xlsx,766,AL2021,040524,MACEDO DE CAVALEIROS,PEREDO,AF,239,163,3,6
mapa_1_resultados.xlsx,767,AL2021,040526,MACEDO DE CAVALEIROS,SALSELAS,AF,454,245,11,10
mapa_1_resultados.xlsx,768,AL2021,040528,MACEDO DE CAVALEIROS,SEZULFE,AF,326,181,1,5
mapa_1_resultados.xlsx,769,AL2021,040530,MACEDO DE CAVALEIROS,TALHAS,AF,471,258,11,3
mapa_1_resultados.xlsx,770,AL2021,040532,MACEDO DE CAVALEIROS,VALE BENFEITO,AF,236,135,6,10
mapa_1_resultados.xlsx,771,AL2021,040533,MACEDO DE CAVALEIROS,VALE DA PORCA,AF,331,202,1,12
mapa_1_resultados.xlsx,772,AL2021,040534,MACEDO DE CAVALEIROS,VALE DE PRADOS,AF,523,366,13,6
mapa_1_resultados.xlsx,773,AL2021,040536,MACEDO DE CAVALEIROS,VILARINHO DE AGROCHÃO,AF,238,176,8,5
mapa_1_resultados.xlsx,774,AL2021,040538,MACEDO DE CAVALEIROS,VINHAS,AF,298,152,1,6
mapa_1_resultados.xlsx,775,AL2021,040539,MACEDO DE CAVALEIROS,UNIÃO DAS FREGUESIAS DE ALA E VILARINHO DO MONTE,AF,595,363,10,7
mapa_1_resultados.xlsx,776,AL2021,040540,MACEDO DE CAVALEIROS,UNIÃO DAS FREGUESIAS DE BORNES E BURGA,AF,544,317,3,9
mapa_1_resultados.xlsx,777,AL2021,040541,MACEDO DE CAVALEIROS,UNIÃO DAS FREGUESIAS DE CASTELÃOS E VILAR DO MONTE,AF,427,299,2,5
mapa_1_resultados.xlsx,778,AL2021,040542,MACEDO DE CAVALEIROS,"UNIÃO DAS FREGUESIAS DE ESPADANEDO, EDROSO, MURÇÓS E SOUTELO MOURISCO",AF,699,388,4,6
mapa_1_resultados.xlsx,779,AL2021,040543,MACEDO DE CAVALEIROS,UNIÃO DAS FREGUESIAS DE PODENCE E SANTA COMBINHA,AF,475,293,2,5
mapa_1_resultados.xlsx,780,AL2021,040544,MACEDO DE CAVALEIROS,UNIÃO DAS FREGUESIAS DE TALHINHAS E BAGUEIXE,AF,462,272,3,6
mapa_1_resultados.xlsx,781,AL2021,040600,MIRANDA DO DOURO,,CM,7377,5342,68,112
mapa_1_resultados.xlsx,782,AL2021,040600,MIRANDA DO DOURO,,AM,7377,5341,93,118
mapa_1_resultados.xlsx,783,AL2021,040604,MIRANDA DO DOURO,DUAS IGREJAS,AF,640,402,6,15
mapa_1_resultados.xlsx,784,AL2021,040605,MIRANDA DO DOURO,GENÍSIO,AF,222,158,2,5
mapa_1_resultados.xlsx,785,AL2021,040607,MIRANDA DO DOURO,MALHADAS,AF,417,309,8,16
mapa_1_resultados.xlsx,786,AL2021,040608,MIRANDA DO DOURO,MIRANDA DO DOURO,AF,1881,1376,20,21
mapa_1_resultados.xlsx,787,AL2021,040609,MIRANDA DO DOURO,PALAÇOULO,AF,478,372,8,10
mapa_1_resultados.xlsx,788,AL2021,040611,MIRANDA DO DOURO,PICOTE,AF,288,219,2,5
mapa_1_resultados.xlsx,789,AL2021,040612,MIRANDA DO DOURO,PÓVOA,AF,203,165,2,8
mapa_1_resultados.xlsx,790,AL2021,040613,MIRANDA DO DOURO,SÃO MARTINHO DE ANGUEIRA,AF,379,284,8,6
mapa_1_resultados.xlsx,791,AL2021,040616,MIRANDA DO DOURO,VILA CHÃ DE BRACIOSA,AF,366,264,6,9
mapa_1_resultados.xlsx,792,AL2021,040618,MIRANDA DO DOURO,UNIÃO DAS FREGUESIAS DE CONSTANTIM E CICOURO,AF,249,182,2,7
mapa_1_resultados.xlsx,793,AL2021,040619,MIRANDA DO DOURO,UNIÃO DAS FREGUESIAS DE IFANES E PARADELA,AF,314,249,2,5
mapa_1_resultados.xlsx,794,AL2021,040620,MIRANDA DO DOURO,UNIÃO DAS FREGUESIAS DE SENDIM E ATENOR,AF,1409,1026,9,26
mapa_1_resultados.xlsx,795,AL2021,040621,MIRANDA DO DOURO,UNIÃO DAS FREGUESIAS DE SILVA E ÁGUAS VIVAS,AF,531,338,10,8
mapa_1_resultados.xlsx,796,AL2021,040700,MIRANDELA,,CM,22885,14226,217,265
mapa_1_resultados.xlsx,797,AL2021,040700,MIRANDELA,,AM,22885,14226,278,267
mapa_1_resultados.xlsx,798,AL2021,040701,MIRANDELA,ABAMBRES,AF,391,243,4,14
mapa_1_resultados.xlsx,799,AL2021,040702,MIRANDELA,ABREIRO,AF,257,169,7,4
mapa_1_resultados.xlsx,800,AL2021,040703,MIRANDELA,AGUIEIRAS,AF,364,238,6,8
mapa_1_resultados.xlsx,801,AL2021,040704,MIRANDELA,ALVITES,AF,252,177,1,1
mapa_1_resultados.xlsx,802,AL2021,040708,MIRANDELA,BOUÇA,AF,317,179,6,6
mapa_1_resultados.xlsx,803,AL2021,040709,MIRANDELA,CABANELAS,AF,380,219,42,13
mapa_1_resultados.xlsx,804,AL2021,040710,MIRANDELA,CARAVELAS,AF,214,149,2,3
mapa_1_resultados.xlsx,805,AL2021,040711,MIRANDELA,CARVALHAIS,AF,1217,756,5,21
mapa_1_resultados.xlsx,806,AL2021,040712,MIRANDELA,CEDÃES,AF,359,225,2,6
mapa_1_resultados.xlsx,807,AL2021,040713,MIRANDELA,COBRO,AF,176,138,2,2
mapa_1_resultados.xlsx,808,AL2021,040714,MIRANDELA,FRADIZELA,AF,259,178,3,1
mapa_1_resultados.xlsx,809,AL2021,040716,MIRANDELA,FRECHAS,AF,834,541,72,55
mapa_1_resultados.xlsx,810,AL2021,040718,MIRANDELA,LAMAS DE ORELHÃO,AF,468,321,4,6
mapa_1_resultados.xlsx,811,AL2021,040720,MIRANDELA,MASCARENHAS,AF,584,356,5,12
mapa_1_resultados.xlsx,812,AL2021,040721,MIRANDELA,MIRANDELA,AF,10717,6113,95,112
mapa_1_resultados.xlsx,813,AL2021,040722,MIRANDELA,MÚRIAS,AF,314,203,20,7
mapa_1_resultados.xlsx,814,AL2021,040724,MIRANDELA,PASSOS,AF,396,293,10,6
mapa_1_resultados.xlsx,815,AL2021,040727,MIRANDELA,SÃO PEDRO VELHO,AF,342,243,2,7
mapa_1_resultados.xlsx,816,AL2021,040728,MIRANDELA,SÃO SALVADOR,AF,219,164,2,2
mapa_1_resultados.xlsx,817,AL2021,040729,MIRANDELA,SUÇÃES,AF,620,403,11,10
mapa_1_resultados.xlsx,818,AL2021,040730,MIRANDELA,TORRE DE DONA CHAMA,AF,1013,706,13,16
mapa_1_resultados.xlsx,819,AL2021,040731,MIRANDELA,VALE DE ASNES,AF,303,176,2,5
mapa_1_resultados.xlsx,820,AL2021,040732,MIRANDELA,VALE DE GOUVINHAS,AF,360,232,2,5
mapa_1_resultados.xlsx,821,AL2021,040733,MIRANDELA,VALE DE SALGUEIRO,AF,368,272,5,9
mapa_1_resultados.xlsx,822,AL2021,040734,MIRANDELA,VALE DE TELHAS,AF,287,162,9,8
mapa_1_resultados.xlsx,823,AL2021,040738,MIRANDELA,UNIÃO DAS FREGUESIAS DE AVANTOS E ROMEU,AF,483,414,6,7
mapa_1_resultados.xlsx,824,AL2021,040739,MIRANDELA,"UNIÃO DAS FREGUESIAS DE AVIDAGOS, NAVALHO E PEREIRA",AF,485,344,3,4
mapa_1_resultados.xlsx,825,AL2021,040740,MIRANDELA,"UNIÃO DAS FREGUESIAS DE BARCEL, MARMELOS E VALVERDE DA GESTOSA",AF,402,298,2,4
mapa_1_resultados.xlsx,826,AL2021,040741,MIRANDELA,UNIÃO DAS FREGUESIAS DE FRANCO E VILA BOA,AF,329,195,1,2
mapa_1_resultados.xlsx,827,AL2021,040742,MIRANDELA,UNIÃO DAS FREGUESIAS DE FREIXEDA E VILA VERDE,AF,175,122,1,3
mapa_1_resultados.xlsx,828,AL2021,040800,MOGADOURO,,CM,10129,6891,124,113
mapa_1_resultados.xlsx,829,AL2021,040800,MOGADOURO,,AM,10129,6890,154,124
mapa_1_resultados.xlsx,830,AL2021,040801,MOGADOURO,AZINHOSO,AF,345,208,3,3
mapa_1_resultados.xlsx,831,AL2021,040802,MOGADOURO,BEMPOSTA,AF,686,437,10,9
mapa_1_resultados.xlsx,832,AL2021,040803,MOGADOURO,BRUÇÓ,AF,172,140,2,6
mapa_1_resultados.xlsx,833,AL2021,040804,MOGADOURO,BRUNHOSO,AF,303,169,27,8
mapa_1_resultados.xlsx,834,AL2021,040807,MOGADOURO,CASTELO BRANCO,AF,496,351,11,2
mapa_1_resultados.xlsx,835,AL2021,040808,MOGADOURO,CASTRO VICENTE,AF,368,282,3,4
mapa_1_resultados.xlsx,836,AL2021,040809,MOGADOURO,MEIRINHOS,AF,295,227,1,10
mapa_1_resultados.xlsx,837,AL2021,040811,MOGADOURO,PARADELA,AF,185,145,0,4
mapa_1_resultados.xlsx,838,AL2021,040812,MOGADOURO,PENAS ROIAS,AF,394,267,6,4
mapa_1_resultados.xlsx,839,AL2021,040813,MOGADOURO,PEREDO DA BEMPOSTA,AF,237,192,0,2
mapa_1_resultados.xlsx,840,AL2021,040815,MOGADOURO,SALDANHA,AF,160,94,8,1
mapa_1_resultados.xlsx,841,AL2021,040817,MOGADOURO,SÃO MARTINHO DO PESO,AF,457,245,4,7
mapa_1_resultados.xlsx,842,AL2021,040819,MOGADOURO,TÓ,AF,254,213,1,0
mapa_1_resultados.xlsx,843,AL2021,040820,MOGADOURO,TRAVANCA,AF,168,124,2,3
mapa_1_resultados.xlsx,844,AL2021,040821,MOGADOURO,URRÓS,AF,361,276,2,9
mapa_1_resultados.xlsx,845,AL2021,040822,MOGADOURO,VALE DA MADRE,AF,149,,,
mapa_1_resultados.xlsx,846,AL2021,040826,MOGADOURO,VILA DE ALA,AF,265,180,5,3
mapa_1_resultados.xlsx,847,AL2021,040829,MOGADOURO,"UNIÃO DAS FREGUESIAS DE BRUNHOZINHO, CASTANHEIRA E SANHOANE",AF,275,200,4,4
mapa_1_resultados.xlsx,848,AL2021,040830,MOGADOURO,"UNIÃO DAS FREGUESIAS DE MOGADOURO, VALVERDE, VALE DE PORCO E VILAR DE REI",AF,3588,2388,38,50
mapa_1_resultados.xlsx,849,AL2021,040831,MOGADOURO,UNIÃO DAS FREGUESIAS DE REMONDES E SOUTELO,AF,514,320,3,5
mapa_1_resultados.xlsx,850,AL2021,040832,MOGADOURO,UNIÃO DAS FREGUESIAS DE VILARINHO DOS GALEGOS E VENTOZELO,AF,453,323,7,9
mapa_1_resultados.xlsx,851,AL2021,040900,TORRE DE MONCORVO,,CM,7970,5531,71,84
mapa_1_resultados.xlsx,852,AL2021,040900,TORRE DE MONCORVO,,AM,7970,5532,89,81
mapa_1_resultados.xlsx,853,AL2021,040901,TORRE DE MONCORVO,AÇOREIRA,AF,394,309,3,4
mapa_1_resultados.xlsx,854,AL2021,040903,TORRE DE MONCORVO,CABEÇA BOA,AF,389,244,3,3
mapa_1_resultados.xlsx,855,AL2021,040905,TORRE DE MONCORVO,CARVIÇAIS,AF,721,519,9,6
mapa_1_resultados.xlsx,856,AL2021,040906,TORRE DE MONCORVO,CASTEDO,AF,179,139,0,4
mapa_1_resultados.xlsx,857,AL2021,040909,TORRE DE MONCORVO,HORTA DA VILARIÇA,AF,289,187,1,1
mapa_1_resultados.xlsx,858,AL2021,040910,TORRE DE MONCORVO,LARINHO,AF,414,260,3,2
mapa_1_resultados.xlsx,859,AL2021,040911,TORRE DE MONCORVO,LOUSA,AF,418,246,2,8
mapa_1_resultados.xlsx,860,AL2021,040913,TORRE DE MONCORVO,MÓS,AF,193,153,2,1
mapa_1_resultados.xlsx,861,AL2021,040916,TORRE DE MONCORVO,TORRE DE MONCORVO,AF,2507,1769,25,25
mapa_1_resultados.xlsx,862,AL2021,040918,TORRE DE MONCORVO,UNIÃO DAS FREGUESIAS DE ADEGANHA E CARDANHA,AF,583,362,7,7
mapa_1_resultados.xlsx,863,AL2021,040919,TORRE DE MONCORVO,UNIÃO DAS FREGUESIAS DE FELGAR E SOUTO DA VELHA,AF,1041,723,2,10
mapa_1_resultados.xlsx,864,AL2021,040920,TORRE DE MONCORVO,UNIÃO DAS FREGUESIAS DE FELGUEIRAS E MAÇORES,AF,412,292,1,3
mapa_1_resultados.xlsx,865,AL2021,040921,TORRE DE MONCORVO,UNIÃO DAS FREGUESIAS DE URROS E PEREDO DOS CASTELHANOS,AF,430,328,5,5
mapa_1_resultados.xlsx,866,AL2021,041000,VILA FLOR,,CM,6813,4633,66,83
mapa_1_resultados.xlsx,867,AL2021,041000,VILA FLOR,,AM,6813,4632,77,81
mapa_1_resultados.xlsx,868,AL2021,041002,VILA FLOR,BENLHEVAI,AF,210,157,4,2
mapa_1_resultados.xlsx,869,AL2021,041005,VILA FLOR,FREIXIEL,AF,676,442,6,9
mapa_1_resultados.xlsx,870,AL2021,041009,VILA FLOR,ROIOS,AF,154,116,13,18
mapa_1_resultados.xlsx,871,AL2021,041010,VILA FLOR,SAMÕES,AF,371,251,3,9
mapa_1_resultados.xlsx,872,AL2021,041011,VILA FLOR,SAMPAIO,AF,160,114,0,1
mapa_1_resultados.xlsx,873,AL2021,041012,VILA FLOR,SANTA COMBA DE VILARIÇA,AF,428,272,8,4
mapa_1_resultados.xlsx,874,AL2021,041013,VILA FLOR,SEIXO DE MANHOSES,AF,477,336,35,37
mapa_1_resultados.xlsx,875,AL2021,041014,VILA FLOR,TRINDADE,AF,160,100,0,0
mapa_1_resultados.xlsx,876,AL2021,041015,VILA FLOR,VALE FRECHOSO,AF,184,153,1,1
mapa_1_resultados.xlsx,877,AL2021,041020,VILA FLOR,UNIÃO DAS FREGUESIAS DE ASSARES E LODÕES,AF,276,168,3,4
mapa_1_resultados.xlsx,878,AL2021,041021,VILA FLOR,UNIÃO DAS FREGUESIAS DE CANDOSO E CARVALHO DE EGAS,AF,319,218,1,4
mapa_1_resultados.xlsx,879,AL2021,041022,VILA FLOR,UNIÃO DAS FREGUESIAS DE VALTORNO E MOURÃO,AF,423,266,4,6
mapa_1_resultados.xlsx,880,AL2021,041023,VILA FLOR,UNIÃO DAS FREGUESIAS DE VILA FLOR E NABO,AF,2277,1542,26,25
mapa_1_resultados.xlsx,881,AL2021,041024,VILA FLOR,UNIÃO DAS FREGUESIAS DE VILAS BOAS E VILARINHO DAS AZENHAS,AF,698,498,6,17
mapa_1_resultados.xlsx,882,AL2021,041100,VIMIOSO,,CM,5495,3187,101,120
mapa_1_resultados.xlsx,883,AL2021,041100,VIMIOSO,,AM,5495,3187,115,111
mapa_1_resultados.xlsx,884,AL2021,041103,VIMIOSO,ARGOZELO,AF,850,472,10,17
mapa_1_resultados.xlsx,885,AL2021,041107,VIMIOSO,CARÇÃO,AF,528,279,15,8
mapa_1_resultados.xlsx,886,AL2021,041108,VIMIOSO,MATELA,AF,306,175,4,3
mapa_1_resultados.xlsx,887,AL2021,041109,VIMIOSO,PINELO,AF,238,134,23,4
mapa_1_resultados.xlsx,888,AL2021,041110,VIMIOSO,SANTULHÃO,AF,591,292,4,14
mapa_1_resultados.xlsx,889,AL2021,041113,VIMIOSO,VILAR SECO,AF,194,119,12,9
mapa_1_resultados.xlsx,890,AL2021,041114,VIMIOSO,VIMIOSO,AF,1327,833,23,26
mapa_1_resultados.xlsx,891,AL2021,041115,VIMIOSO,"UNIÃO DAS FREGUESIAS DE ALGOSO, CAMPO DE VÍBORAS E UVA",AF,751,428,41,15
mapa_1_resultados.xlsx,892,AL2021,041116,VIMIOSO,UNIÃO DAS FREGUESIAS DE CAÇARELHOS E ANGUEIRA,AF,334,234,42,17
mapa_1_resultados.xlsx,893,AL2021,041117,VIMIOSO,UNIÃO DAS FREGUESIAS DE VALE DE FRADES E AVELANOSO,AF,376,221,12,6
mapa_1_resultados.xlsx,894,AL2021,041200,VINHAIS,,CM,9900,6754,81,100
mapa_1_resultados.xlsx,895,AL2021,041200,VINHAIS,,AM,9900,6754,148,110
mapa_1_resultados.xlsx,896,AL2021,041201,VINHAIS,AGROCHÃO,AF,259,152,30,3
mapa_1_resultados.xlsx,897,AL2021,041203,VINHAIS,CANDEDO,AF,336,225,10,3
mapa_1_resultados.xlsx,898,AL2021,041204,VINHAIS,CELAS,AF,280,160,28,21
mapa_1_resultados.xlsx,899,AL2021,041206,VINHAIS,EDRAL,AF,244,148,25,23
mapa_1_resultados.xlsx,900,AL2021,041207,VINHAIS,EDROSA,AF,215,134,1,5
mapa_1_resultados.xlsx,901,AL2021,041208,VINHAIS,ERVEDOSA,AF,432,276,32,11
mapa_1_resultados.xlsx,902,AL2021,041215,VINHAIS,PAÇÓ,AF,231,168,3,2
mapa_1_resultados.xlsx,903,AL2021,041216,VINHAIS,PENHAS JUNTAS,AF,301,181,41,17
mapa_1_resultados.xlsx,904,AL2021,041219,VINHAIS,REBORDELO,AF,643,432,36,39
mapa_1_resultados.xlsx,905,AL2021,041221,VINHAIS,SANTALHA,AF,303,192,3,4
mapa_1_resultados.xlsx,906,AL2021,041226,VINHAIS,TUIZELO,AF,413,271,3,8
mapa_1_resultados.xlsx,907,AL2021,041227,VINHAIS,VALE DAS FONTES,AF,399,298,1,6
mapa_1_resultados.xlsx,908,AL2021,041229,VINHAIS,VILA BOA DE OUSILHÃO,AF,220,159,2,8
mapa_1_resultados.xlsx,909,AL2021,041230,VINHAIS,VILA VERDE,AF,215,153,28,8
mapa_1_resultados.xlsx,910,AL2021,041232,VINHAIS,VILAR DE OSSOS,AF,257,186,1,1
mapa_1_resultados.xlsx,911,AL2021,041233,VINHAIS,VILAR DE PEREGRINOS,AF,196,131,23,17
mapa_1_resultados.xlsx,912,AL2021,041234,VINHAIS,VILAR SECO DE LOMBA,AF,288,196,31,16
mapa_1_resultados.xlsx,913,AL2021,041235,VINHAIS,VINHAIS,AF,2114,1521,12,23
mapa_1_resultados.xlsx,914,AL2021,041236,VINHAIS,UNIÃO DAS FREGUESIAS DE CUROPOS E VALE DE JANEIRO (3),AF,365,227,3,9
mapa_1_resultados.xlsx,915,AL2021,041237,VINHAIS,UNIÃO DAS FREGUESIAS DE MOIMENTA E MONTOUTO (3),AF,288,193,3,4
mapa_1_resultados.xlsx,916,AL2021,041238,VINHAIS,UNIÃO DAS FREGUESIAS DE NUNES E OUSILHÃO (3),AF,248,182,2,1
mapa_1_resultados.xlsx,917,AL2021,041239,VINHAIS,UNIÃO DAS FREGUESIAS DE QUIRÁS E PINHEIRO NOVO (3),AF,380,201,3,1
mapa_1_resultados.xlsx,918,AL2021,041240,VINHAIS,UNIÃO DAS FREGUESIAS DE SOBREIRO DE BAIXO E ALVAREDOS (3),AF,497,374,3,10
mapa_1_resultados.xlsx,919,AL2021,041241,VINHAIS,"UNIÃO DAS FREGUESIAS DE SOEIRA, FRESULFE E MOFREITA (3)",AF,258,189,1,2
mapa_1_resultados.xlsx,920,AL2021,041242,VINHAIS,UNIÃO DAS FREGUESIAS DE TRAVANCA E SANTA CRUZ (3),AF,218,185,0,1
mapa_1_resultados.xlsx,921,AL2021,041243,VINHAIS,UNIÃO DAS FREGUESIAS DE VILAR DE LOMBA E SÃO JOMIL (3),AF,300,220,1,1
mapa_1_resultados.xlsx,922,AL2021,050000,CASTELO BRANCO,,,,,,
mapa_1_resultados.xlsx,923,AL2021,050100,BELMONTE,,CM,6077,3643,118,75
mapa_1_resultados.xlsx,924,AL2021,050100,BELMONTE,,AM,6077,3642,117,88
mapa_1_resultados.xlsx,925,AL2021,050102,BELMONTE,CARIA,AF,1790,988,31,17
mapa_1_resultados.xlsx,926,AL2021,050104,BELMONTE,INGUIAS,AF,655,439,2,8
mapa_1_resultados.xlsx,927,AL2021,050105,BELMONTE,MAÇAINHAS,AF,308,192,7,5
mapa_1_resultados.xlsx,928,AL2021,050106,BELMONTE,UNIÃO DAS FREGUESIAS DE BELMONTE E COLMEAL DA TORRE,AF,3324,2024,32,53
mapa_1_resultados.xlsx,929,AL2021,050200,CASTELO BRANCO,,CM,48441,27292,653,461
mapa_1_resultados.xlsx,930,AL2021,050200,CASTELO BRANCO,,AM,48441,27293,723,480
mapa_1_resultados.xlsx,931,AL2021,050201,CASTELO BRANCO,ALCAINS,AF,4233,2192,66,50
mapa_1_resultados.xlsx,932,AL2021,050202,CASTELO BRANCO,ALMACEDA,AF,563,302,10,11
mapa_1_resultados.xlsx,933,AL2021,050203,CASTELO BRANCO,BENQUERENÇAS,AF,574,399,16,13
mapa_1_resultados.xlsx,934,AL2021,050205,CASTELO BRANCO,CASTELO BRANCO,AF,31243,16372,431,268
mapa_1_resultados.xlsx,935,AL2021,050211,CASTELO BRANCO,LARDOSA,AF,810,518,14,13
mapa_1_resultados.xlsx,936,AL2021,050212,CASTELO BRANCO,LOURIÇAL DO CAMPO,AF,485,335,0,4
mapa_1_resultados.xlsx,937,AL2021,050214,CASTELO BRANCO,MALPICA DO TEJO,AF,382,248,9,8
mapa_1_resultados.xlsx,938,AL2021,050216,CASTELO BRANCO,MONFORTE DA BEIRA,AF,297,213,5,4
mapa_1_resultados.xlsx,939,AL2021,050220,CASTELO BRANCO,SALGUEIRO DO CAMPO,AF,629,462,16,11
mapa_1_resultados.xlsx,940,AL2021,050221,CASTELO BRANCO,SANTO ANDRÉ DAS TOJEIRAS,AF,600,408,10,9
mapa_1_resultados.xlsx,941,AL2021,050222,CASTELO BRANCO,SÃO VICENTE DA BEIRA,AF,1032,686,16,21
mapa_1_resultados.xlsx,942,AL2021,050223,CASTELO BRANCO,SARZEDAS,AF,1015,660,14,16
mapa_1_resultados.xlsx,943,AL2021,050225,CASTELO BRANCO,TINALHAS,AF,486,370,6,4
mapa_1_resultados.xlsx,944,AL2021,050226,CASTELO BRANCO,UNIÃO DAS FREGUESIAS DE CEBOLAIS DE CIMA E RETAXO,AF,1628,1153,17,24
mapa_1_resultados.xlsx,945,AL2021,050227,CASTELO BRANCO,UNIÃO DAS FREGUESIAS DE ESCALOS DE BAIXO E MATA,AF,1013,646,10,11
mapa_1_resultados.xlsx,946,AL2021,050228,CASTELO BRANCO,UNIÃO DAS FREGUESIAS DE ESCALOS DE CIMA E LOUSA,AF,1309,847,17,17
mapa_1_resultados.xlsx,947,AL2021,050229,CASTELO BRANCO,UNIÃO DAS FREGUESIAS DE FREIXIAL E JUNCAL DO CAMPO,AF,656,474,13,16
mapa_1_resultados.xlsx,948,AL2021,050230,CASTELO BRANCO,UNIÃO DAS FREGUESIAS DE NINHO DO AÇOR E SOBRAL DO CAMPO,AF,672,474,7,8
mapa_1_resultados.xlsx,949,AL2021,050231,CASTELO BRANCO,UNIÃO DAS FREGUESIAS DE PÓVOA DE RIO DE MOINHOS E CAFEDE,AF,814,539,10,16
mapa_1_resultados.xlsx,950,AL2021,050300,COVILHÃ,,CM,44113,25746,834,589
mapa_1_resultados.xlsx,951,AL2021,050300,COVILHÃ,,AM,44113,25748,858,623
mapa_1_resultados.xlsx,952,AL2021,050302,COVILHÃ,ALDEIA DE SÃO FRANCISCO DE ASSIS,AF,488,312,27,68
mapa_1_resultados.xlsx,953,AL2021,050305,COVILHÃ,BOIDOBRA,AF,2686,1654,30,41
mapa_1_resultados.xlsx,954,AL2021,050308,COVILHÃ,CORTES DO MEIO,AF,744,462,66,45
mapa_1_resultados.xlsx,955,AL2021,050309,COVILHÃ,DOMINGUIZO,AF,909,659,13,16
mapa_1_resultados.xlsx,956,AL2021,050310,COVILHÃ,ERADA,AF,620,390,64,21
mapa_1_resultados.xlsx,957,AL2021,050311,COVILHÃ,FERRO,AF,1382,888,16,20
mapa_1_resultados.xlsx,958,AL2021,050312,COVILHÃ,ORJAIS,AF,657,426,59,17
mapa_1_resultados.xlsx,959,AL2021,050314,COVILHÃ,PAUL,AF,1342,864,11,16
mapa_1_resultados.xlsx,960,AL2021,050315,COVILHÃ,PERABOA,AF,885,567,17,15
mapa_1_resultados.xlsx,961,AL2021,050318,COVILHÃ,SÃO JORGE DA BEIRA,AF,544,405,9,11
mapa_1_resultados.xlsx,962,AL2021,050322,COVILHÃ,SOBRAL DE SÃO MIGUEL,AF,342,200,14,60
mapa_1_resultados.xlsx,963,AL2021,050324,COVILHÃ,TORTOSENDO,AF,4726,2969,90,82
mapa_1_resultados.xlsx,964,AL2021,050325,COVILHÃ,UNHAIS DA SERRA,AF,1090,749,9,32
mapa_1_resultados.xlsx,965,AL2021,050327,COVILHÃ,VERDELHOS,AF,588,387,8,23
mapa_1_resultados.xlsx,966,AL2021,050332,COVILHÃ,UNIÃO DAS FREGUESIAS DE BARCO E COUTADA,AF,868,544,5,13
mapa_1_resultados.xlsx,967,AL2021,050333,COVILHÃ,UNIÃO DAS FREGUESIAS DE CANTAR-GALO E VILA DO CARVALHO,AF,3239,1727,70,238
mapa_1_resultados.xlsx,968,AL2021,050334,COVILHÃ,UNIÃO DAS FREGUESIAS DE CASEGAS E OURONDO,AF,787,316,52,34
mapa_1_resultados.xlsx,969,AL2021,050335,COVILHÃ,UNIÃO DAS FREGUESIAS DE COVILHÃ E CANHOSO,AF,16592,8677,295,228
mapa_1_resultados.xlsx,970,AL2021,050336,COVILHÃ,UNIÃO DAS FREGUESIAS DE PESO E VALES DO RIO,AF,1228,781,76,25
mapa_1_resultados.xlsx,971,AL2021,050337,COVILHÃ,UNIÃO DAS FREGUESIAS DE TEIXOSO E SARZEDO,AF,3706,2336,49,60
mapa_1_resultados.xlsx,972,AL2021,050338,COVILHÃ,UNIÃO DAS FREGUESIAS DE VALE FORMOSO E ALDEIA DO SOUTO,AF,690,431,10,10
mapa_1_resultados.xlsx,973,AL2021,050400,FUNDÃO,,CM,25436,14418,520,295
mapa_1_resultados.xlsx,974,AL2021,050400,FUNDÃO,,AM,25436,14418,663,364
mapa_1_resultados.xlsx,975,AL2021,050401,FUNDÃO,ALCAIDE,AF,559,354,10,10
mapa_1_resultados.xlsx,976,AL2021,050402,FUNDÃO,ALCARIA,AF,1030,634,11,24
mapa_1_resultados.xlsx,977,AL2021,050403,FUNDÃO,ALCONGOSTA,AF,419,341,8,4
mapa_1_resultados.xlsx,978,AL2021,050406,FUNDÃO,ALPEDRINHA,AF,836,549,10,8
mapa_1_resultados.xlsx,979,AL2021,050408,FUNDÃO,BARROCA,AF,467,280,4,3
mapa_1_resultados.xlsx,980,AL2021,050410,FUNDÃO,BOGAS DE CIMA,AF,378,174,31,5
mapa_1_resultados.xlsx,981,AL2021,050411,FUNDÃO,CAPINHA,AF,458,220,29,9
mapa_1_resultados.xlsx,982,AL2021,050412,FUNDÃO,CASTELEJO,AF,649,432,9,14
mapa_1_resultados.xlsx,983,AL2021,050413,FUNDÃO,CASTELO NOVO,AF,278,211,5,10
mapa_1_resultados.xlsx,984,AL2021,050416,FUNDÃO,FATELA,AF,465,377,2,9
mapa_1_resultados.xlsx,985,AL2021,050419,FUNDÃO,LAVACOLHOS,AF,223,118,23,12
mapa_1_resultados.xlsx,986,AL2021,050420,FUNDÃO,ORCA,AF,525,308,38,15
mapa_1_resultados.xlsx,987,AL2021,050421,FUNDÃO,PÊRO VISEU,AF,685,344,32,11
mapa_1_resultados.xlsx,988,AL2021,050424,FUNDÃO,SILVARES,AF,953,633,5,13
mapa_1_resultados.xlsx,989,AL2021,050425,FUNDÃO,SOALHEIRA,AF,849,335,58,24
mapa_1_resultados.xlsx,990,AL2021,050426,FUNDÃO,SOUTO DA CASA,AF,729,404,59,44
mapa_1_resultados.xlsx,991,AL2021,050427,FUNDÃO,TELHADO,AF,566,330,51,12
mapa_1_resultados.xlsx,992,AL2021,050431,FUNDÃO,ENXAMES,AF,413,339,4,15
mapa_1_resultados.xlsx,993,AL2021,050432,FUNDÃO,TRÊS POVOS,AF,844,312,78,39
mapa_1_resultados.xlsx,994,AL2021,050433,FUNDÃO,UNIÃO DAS FREGUESIAS DE JANEIRO DE CIMA E BOGAS DE BAIXO,AF,519,329,3,7
mapa_1_resultados.xlsx,995,AL2021,050434,FUNDÃO,"UNIÃO DAS FREGUESIAS DE FUNDÃO, VALVERDE, DONAS, ALDEIA DE JOANES E ALDEIA NOVA DO CABO",AF,11086,6081,271,142
mapa_1_resultados.xlsx,996,AL2021,050435,FUNDÃO,UNIÃO DAS FREGUESIAS DE PÓVOA DE ATALAIA E ATALAIA DO CAMPO,AF,1016,680,17,19
mapa_1_resultados.xlsx,997,AL2021,050436,FUNDÃO,UNIÃO DAS FREGUESIAS DE VALE DE PRAZERES E MATA DA RAINHA,AF,1189,635,12,13
mapa_1_resultados.xlsx,998,AL2021,050500,IDANHA-A-NOVA,,CM,8015,5273,132,134
mapa_1_resultados.xlsx,999,AL2021,050500,IDANHA-A-NOVA,,AM,8015,5273,152,123
mapa_1_resultados.xlsx,1000,AL2021,050502,IDANHA-A-NOVA,ALDEIA DE SANTA MARGARIDA,AF,247,158,1,8
mapa_1_resultados.xlsx,1001,AL2021,050505,IDANHA-A-NOVA,LADOEIRO,AF,1073,757,28,12
mapa_1_resultados.xlsx,1002,AL2021,050506,IDANHA-A-NOVA,MEDELIM,AF,194,144,9,6
mapa_1_resultados.xlsx,1003,AL2021,050509,IDANHA-A-NOVA,OLEDO,AF,317,223,3,8
mapa_1_resultados.xlsx,1004,AL2021,050510,IDANHA-A-NOVA,PENHA GARCIA,AF,588,430,19,19
mapa_1_resultados.xlsx,1005,AL2021,050511,IDANHA-A-NOVA,PROENÇA-A-VELHA,AF,140,,,
mapa_1_resultados.xlsx,1006,AL2021,050512,IDANHA-A-NOVA,ROSMANINHAL,AF,460,287,7,7
mapa_1_resultados.xlsx,1007,AL2021,050514,IDANHA-A-NOVA,SÃO MIGUEL DE ACHA,AF,515,317,13,9
mapa_1_resultados.xlsx,1008,AL2021,050516,IDANHA-A-NOVA,TOULÕES,AF,191,140,4,4
mapa_1_resultados.xlsx,1009,AL2021,050518,IDANHA-A-NOVA,UNIÃO DAS FREGUESIAS DE IDANHA-A-NOVA E ALCAFOZES,AF,2054,1362,29,20
mapa_1_resultados.xlsx,1010,AL2021,050519,IDANHA-A-NOVA,UNIÃO DAS FREGUESIAS DE MONFORTINHO E SALVATERRA DO EXTREMO,AF,572,344,4,8
mapa_1_resultados.xlsx,1011,AL2021,050520,IDANHA-A-NOVA,UNIÃO DAS FREGUESIAS DE MONSANTO E IDANHA-A-VELHA,AF,639,392,14,5
mapa_1_resultados.xlsx,1012,AL2021,050521,IDANHA-A-NOVA,UNIÃO DAS FREGUESIAS DE ZEBREIRA E SEGURA,AF,998,603,8,15
mapa_1_resultados.xlsx,1013,AL2021,050600,OLEIROS,,CM,4682,3431,91,94
mapa_1_resultados.xlsx,1014,AL2021,050600,OLEIROS,,AM,4682,3432,99,91
mapa_1_resultados.xlsx,1015,AL2021,050601,OLEIROS,ÁLVARO,AF,154,115,14,2
mapa_1_resultados.xlsx,1016,AL2021,050603,OLEIROS,CAMBAS,AF,292,216,3,3
mapa_1_resultados.xlsx,1017,AL2021,050605,OLEIROS,ISNA,AF,163,141,2,1
mapa_1_resultados.xlsx,1018,AL2021,050606,OLEIROS,MADEIRÃ,AF,149,,,
mapa_1_resultados.xlsx,1019,AL2021,050607,OLEIROS,MOSTEIRO,AF,257,201,2,4
mapa_1_resultados.xlsx,1020,AL2021,050609,OLEIROS,ORVALHO,AF,483,295,38,9
mapa_1_resultados.xlsx,1021,AL2021,050610,OLEIROS,SARNADAS DE SÃO SIMÃO,AF,190,130,16,4
mapa_1_resultados.xlsx,1022,AL2021,050611,OLEIROS,SOBRAL,AF,140,,,
mapa_1_resultados.xlsx,1023,AL2021,050613,OLEIROS,ESTREITO - VILAR BARROCO,AF,879,637,23,20
mapa_1_resultados.xlsx,1024,AL2021,050614,OLEIROS,OLEIROS - AMIEIRA,AF,1968,1487,18,34
mapa_1_resultados.xlsx,1025,AL2021,050700,PENAMACOR,,CM,4337,3156,63,80
mapa_1_resultados.xlsx,1026,AL2021,050700,PENAMACOR,,AM,4337,3156,78,84
mapa_1_resultados.xlsx,1027,AL2021,050704,PENAMACOR,ARANHAS,AF,298,223,2,6
mapa_1_resultados.xlsx,1028,AL2021,050706,PENAMACOR,BENQUERENÇA,AF,429,322,9,8
mapa_1_resultados.xlsx,1029,AL2021,050707,PENAMACOR,MEIMÃO,AF,270,174,20,8
mapa_1_resultados.xlsx,1030,AL2021,050708,PENAMACOR,MEIMOA,AF,308,227,4,8
mapa_1_resultados.xlsx,1031,AL2021,050710,PENAMACOR,PENAMACOR,AF,1177,841,12,19
mapa_1_resultados.xlsx,1032,AL2021,050711,PENAMACOR,SALVADOR,AF,305,252,7,3
mapa_1_resultados.xlsx,1033,AL2021,050712,PENAMACOR,VALE DA SENHORA DA PÓVOA,AF,211,182,0,4
mapa_1_resultados.xlsx,1034,AL2021,050713,PENAMACOR,"UNIÃO DAS FREGUESIAS DE ALDEIA DO BISPO, ÁGUAS E ALDEIA DE JOÃO PIRES",AF,847,596,12,24
mapa_1_resultados.xlsx,1035,AL2021,050714,PENAMACOR,UNIÃO DAS FREGUESIAS DE PEDRÓGÃO DE SÃO PEDRO E BEMPOSTA,AF,492,339,10,16
mapa_1_resultados.xlsx,1036,AL2021,050800,PROENÇA-A-NOVA,,CM,6817,4355,146,105
mapa_1_resultados.xlsx,1037,AL2021,050800,PROENÇA-A-NOVA,,AM,6817,4355,142,128
mapa_1_resultados.xlsx,1038,AL2021,050802,PROENÇA-A-NOVA,MONTES DA SENHORA,AF,598,408,20,9
mapa_1_resultados.xlsx,1039,AL2021,050805,PROENÇA-A-NOVA,SÃO PEDRO DO ESTEVAL,AF,440,334,7,5
mapa_1_resultados.xlsx,1040,AL2021,050807,PROENÇA-A-NOVA,UNIÃO DAS FREGUESIAS DE PROENÇA-A-NOVA E PERAL,AF,4146,2619,136,1317
mapa_1_resultados.xlsx,1041,AL2021,050808,PROENÇA-A-NOVA,UNIÃO DAS FREGUESIAS DE SOBREIRA FORMOSA E ALVITO DA BEIRA,AF,1633,995,14,23
mapa_1_resultados.xlsx,1042,AL2021,050900,SERTÃ,,CM,13305,8916,190,155
mapa_1_resultados.xlsx,1043,AL2021,050900,SERTÃ,,AM,13305,8916,214,156
mapa_1_resultados.xlsx,1044,AL2021,050901,SERTÃ,CABEÇUDO,AF,795,568,14,8
mapa_1_resultados.xlsx,1045,AL2021,050902,SERTÃ,CARVALHAL,AF,384,277,6,4
mapa_1_resultados.xlsx,1046,AL2021,050903,SERTÃ,CASTELO,AF,864,564,19,18
mapa_1_resultados.xlsx,1047,AL2021,050911,SERTÃ,PEDRÓGÃO PEQUENO,AF,612,429,5,4
mapa_1_resultados.xlsx,1048,AL2021,050912,SERTÃ,SERTÃ,AF,5236,3367,83,81
mapa_1_resultados.xlsx,1049,AL2021,050913,SERTÃ,TROVISCAL,AF,727,499,14,16
mapa_1_resultados.xlsx,1050,AL2021,050914,SERTÃ,VÁRZEA DOS CAVALEIROS,AF,647,465,4,6
mapa_1_resultados.xlsx,1051,AL2021,050915,SERTÃ,"UNIÃO DAS FREGUESIAS DE CERNACHE DO BONJARDIM, NESPERAL E PALHAIS",AF,3106,2067,24,44
mapa_1_resultados.xlsx,1052,AL2021,050916,SERTÃ,UNIÃO DAS FREGUESIAS DE CUMEADA E MARMELEIRO,AF,570,433,5,7
mapa_1_resultados.xlsx,1053,AL2021,050917,SERTÃ,UNIÃO DAS FREGUESIAS DE ERMIDA E FIGUEIREDO,AF,364,249,6,6
mapa_1_resultados.xlsx,1054,AL2021,051000,VILA DE REI,,CM,2752,1980,49,75
mapa_1_resultados.xlsx,1055,AL2021,051000,VILA DE REI,,AM,2752,1980,45,61
mapa_1_resultados.xlsx,1056,AL2021,051001,VILA DE REI,FUNDADA,AF,506,377,5,13
mapa_1_resultados.xlsx,1057,AL2021,051002,VILA DE REI,SÃO JOÃO DO PESO,AF,106,,,
mapa_1_resultados.xlsx,1058,AL2021,051003,VILA DE REI,VILA DE REI,AF,2133,1523,21,59
mapa_1_resultados.xlsx,1059,AL2021,051100,VILA VELHA DE RÓDÃO,,CM,2809,1911,39,36
mapa_1_resultados.xlsx,1060,AL2021,051100,VILA VELHA DE RÓDÃO,,AM,2809,1911,35,41
mapa_1_resultados.xlsx,1061,AL2021,051101,VILA VELHA DE RÓDÃO,FRATEL,AF,454,341,8,7
mapa_1_resultados.xlsx,1062,AL2021,051102,VILA VELHA DE RÓDÃO,PERAIS,AF,388,262,2,4
mapa_1_resultados.xlsx,1063,AL2021,051103,VILA VELHA DE RÓDÃO,SARNADAS DE RÓDÃO,AF,462,308,7,9
mapa_1_resultados.xlsx,1064,AL2021,051104,VILA VELHA DE RÓDÃO,VILA VELHA DE RÓDÃO,AF,1505,1000,33,18
mapa_1_resultados.xlsx,1065,AL2021,060000,COIMBRA,,,,,,
mapa_1_resultados.xlsx,1066,AL2021,060100,ARGANIL,,CM,10171,6275,178,139
mapa_1_resultados.xlsx,1067,AL2021,060100,ARGANIL,,AM,10171,6275,205,152
mapa_1_resultados.xlsx,1068,AL2021,060102,ARGANIL,ARGANIL,AF,3423,1795,66,43
mapa_1_resultados.xlsx,1069,AL2021,060104,ARGANIL,BENFEITA,AF,372,288,2,6
mapa_1_resultados.xlsx,1070,AL2021,060105,ARGANIL,CELAVISA,AF,155,108,3,3
mapa_1_resultados.xlsx,1071,AL2021,060109,ARGANIL,FOLQUES,AF,277,205,9,4
mapa_1_resultados.xlsx,1072,AL2021,060111,ARGANIL,PIÓDÃO,AF,139,,,
mapa_1_resultados.xlsx,1073,AL2021,060112,ARGANIL,POMARES,AF,387,270,1,8
mapa_1_resultados.xlsx,1074,AL2021,060113,ARGANIL,POMBEIRO DA BEIRA,AF,803,510,12,18
mapa_1_resultados.xlsx,1075,AL2021,060114,ARGANIL,SÃO MARTINHO DA CORTIÇA,AF,1208,654,24,15
mapa_1_resultados.xlsx,1076,AL2021,060115,ARGANIL,SARZEDO,AF,552,423,4,6
mapa_1_resultados.xlsx,1077,AL2021,060116,ARGANIL,SECARIAS,AF,337,243,11,5
mapa_1_resultados.xlsx,1078,AL2021,060119,ARGANIL,UNIÃO DAS FREGUESIAS DE CEPOS E TEIXEIRA,AF,208,136,3,2
mapa_1_resultados.xlsx,1079,AL2021,060120,ARGANIL,UNIÃO DAS FREGUESIAS DE CERDEIRA E MOURA DA SERRA,AF,330,237,18,5
mapa_1_resultados.xlsx,1080,AL2021,060121,ARGANIL,UNIÃO DAS FREGUESIAS DE CÔJA E BARRIL DE ALVA,AF,1444,930,20,21
mapa_1_resultados.xlsx,1081,AL2021,060122,ARGANIL,UNIÃO DAS FREGUESIAS DE VILA COVA DE ALVA E ANSERIZ,AF,511,390,5,4
mapa_1_resultados.xlsx,1082,AL2021,060200,CANTANHEDE,,CM,34515,17973,595,305
mapa_1_resultados.xlsx,1083,AL2021,060200,CANTANHEDE,,AM,34515,17972,657,338
mapa_1_resultados.xlsx,1084,AL2021,060201,CANTANHEDE,ANÇÃ,AF,2328,1239,27,11
mapa_1_resultados.xlsx,1085,AL2021,060203,CANTANHEDE,CADIMA,AF,2730,1489,26,23
mapa_1_resultados.xlsx,1086,AL2021,060205,CANTANHEDE,CORDINHÃ,AF,1001,719,10,12
mapa_1_resultados.xlsx,1087,AL2021,060207,CANTANHEDE,FEBRES,AF,3548,1670,52,24
mapa_1_resultados.xlsx,1088,AL2021,060208,CANTANHEDE,MURTEDE,AF,1336,687,12,9
mapa_1_resultados.xlsx,1089,AL2021,060209,CANTANHEDE,OURENTÃ,AF,1169,775,22,18
mapa_1_resultados.xlsx,1090,AL2021,060214,CANTANHEDE,TOCHA,AF,3452,1786,58,39
mapa_1_resultados.xlsx,1091,AL2021,060215,CANTANHEDE,SÃO CAETANO,AF,771,511,10,5
mapa_1_resultados.xlsx,1092,AL2021,060218,CANTANHEDE,SANGUINHEIRA,AF,1707,930,30,16
mapa_1_resultados.xlsx,1093,AL2021,060220,CANTANHEDE,UNIÃO DAS FREGUESIAS DE CANTANHEDE E POCARIÇA,AF,8179,3913,161,70
mapa_1_resultados.xlsx,1094,AL2021,060221,CANTANHEDE,UNIÃO DAS FREGUESIAS DE COVÕES E CAMARNEIRA,AF,3254,1415,38,52
mapa_1_resultados.xlsx,1095,AL2021,060222,CANTANHEDE,UNIÃO DAS FREGUESIAS DE PORTUNHOS E OUTIL,AF,1786,1013,21,19
mapa_1_resultados.xlsx,1096,AL2021,060223,CANTANHEDE,UNIÃO DAS FREGUESIAS DE SEPINS E BOLHO,AF,1823,951,38,21
mapa_1_resultados.xlsx,1097,AL2021,060224,CANTANHEDE,UNIÃO DAS FREGUESIAS DE VILAMAR E CORTICEIRO DE CIMA,AF,1431,945,11,10
mapa_1_resultados.xlsx,1098,AL2021,060300,COIMBRA,,CM,126293,66827,1949,728
mapa_1_resultados.xlsx,1099,AL2021,060300,COIMBRA,,AM,126293,66827,1934,705
mapa_1_resultados.xlsx,1100,AL2021,060301,COIMBRA,ALMALAGUÊS,AF,2666,1568,25,33
mapa_1_resultados.xlsx,1101,AL2021,060309,COIMBRA,BRASFEMES,AF,1747,1086,39,17
mapa_1_resultados.xlsx,1102,AL2021,060311,COIMBRA,CEIRA,AF,3087,1617,30,22
mapa_1_resultados.xlsx,1103,AL2021,060312,COIMBRA,CERNACHE,AF,3421,2112,65,36
mapa_1_resultados.xlsx,1104,AL2021,060318,COIMBRA,SANTO ANTÓNIO DOS OLIVAIS,AF,36298,19410,637,179
mapa_1_resultados.xlsx,1105,AL2021,060320,COIMBRA,SÃO JOÃO DO CAMPO,AF,1685,993,15,20
mapa_1_resultados.xlsx,1106,AL2021,060324,COIMBRA,SÃO SILVESTRE,AF,2572,1411,33,28
mapa_1_resultados.xlsx,1107,AL2021,060329,COIMBRA,TORRES DO MONDEGO,AF,1920,1123,22,10
mapa_1_resultados.xlsx,1108,AL2021,060332,COIMBRA,UNIÃO DAS FREGUESIAS DE ANTUZEDE E VIL DE MATOS,AF,2650,1441,50,21
mapa_1_resultados.xlsx,1109,AL2021,060333,COIMBRA,UNIÃO DAS FREGUESIAS DE ASSAFARGE E ANTANHOL,AF,4560,2572,89,24
mapa_1_resultados.xlsx,1110,AL2021,060334,COIMBRA,"UNIÃO DAS FREGUESIAS DE COIMBRA (SÉ NOVA, SANTA CRUZ, ALMEDINA E SÃO BARTOLOMEU)",AF,12546,5828,159,66
mapa_1_resultados.xlsx,1111,AL2021,060335,COIMBRA,UNIÃO DAS FREGUESIAS DE EIRAS E SÃO PAULO DE FRADES,AF,15741,7499,243,114
mapa_1_resultados.xlsx,1112,AL2021,060336,COIMBRA,UNIÃO DAS FREGUESIAS DE SANTA CLARA E CASTELO VIEGAS,AF,10317,5353,161,63
mapa_1_resultados.xlsx,1113,AL2021,060337,COIMBRA,UNIÃO DAS FREGUESIAS DE SÃO MARTINHO DE ÁRVORE E LAMAROSA,AF,2583,1608,29,18
mapa_1_resultados.xlsx,1114,AL2021,060338,COIMBRA,UNIÃO DAS FREGUESIAS DE SÃO MARTINHO DO BISPO E RIBEIRA DE FRADES,AF,13622,6932,146,92
mapa_1_resultados.xlsx,1115,AL2021,060339,COIMBRA,UNIÃO DAS FREGUESIAS DE SOUSELAS E BOTÃO,AF,4018,2272,78,34
mapa_1_resultados.xlsx,1116,AL2021,060340,COIMBRA,"UNIÃO DAS FREGUESIAS DE TAVEIRO, AMEAL E ARZILA",AF,3576,2209,50,64
mapa_1_resultados.xlsx,1117,AL2021,060341,COIMBRA,UNIÃO DAS FREGUESIAS DE TROUXEMIL E TORRE DE VILELA,AF,3284,1810,61,38
mapa_1_resultados.xlsx,1118,AL2021,060400,CONDEIXA-A-NOVA,,CM,14387,7905,393,158
mapa_1_resultados.xlsx,1119,AL2021,060400,CONDEIXA-A-NOVA,,AM,14387,7905,391,130
mapa_1_resultados.xlsx,1120,AL2021,060401,CONDEIXA-A-NOVA,ANOBRA,AF,1072,586,49,17
mapa_1_resultados.xlsx,1121,AL2021,060406,CONDEIXA-A-NOVA,EGA,AF,2316,1284,44,24
mapa_1_resultados.xlsx,1122,AL2021,060407,CONDEIXA-A-NOVA,FURADOURO,AF,162,129,2,1
mapa_1_resultados.xlsx,1123,AL2021,060410,CONDEIXA-A-NOVA,ZAMBUJAL,AF,328,220,11,2
mapa_1_resultados.xlsx,1124,AL2021,060411,CONDEIXA-A-NOVA,UNIÃO DAS FREGUESIAS DE CONDEIXA-A-VELHA E CONDEIXA-A-NOVA,AF,7246,3570,164,80
mapa_1_resultados.xlsx,1125,AL2021,060412,CONDEIXA-A-NOVA,UNIÃO DAS FREGUESIAS DE SEBAL E BELIDE,AF,2463,1556,59,22
mapa_1_resultados.xlsx,1126,AL2021,060413,CONDEIXA-A-NOVA,UNIÃO DAS FREGUESIAS DE VILA SECA E BEM DA FÉ,AF,800,561,5,9
mapa_1_resultados.xlsx,1127,AL2021,060500,FIGUEIRA DA FOZ,,CM,54922,31022,634,762
mapa_1_resultados.xlsx,1128,AL2021,060500,FIGUEIRA DA FOZ,,AM,54922,31021,823,495
mapa_1_resultados.xlsx,1129,AL2021,060502,FIGUEIRA DA FOZ,ALQUEIDÃO,AF,1416,866,24,88
mapa_1_resultados.xlsx,1130,AL2021,060507,FIGUEIRA DA FOZ,MAIORCA,AF,2191,1370,29,25
mapa_1_resultados.xlsx,1131,AL2021,060508,FIGUEIRA DA FOZ,MARINHA DAS ONDAS,AF,2577,1466,35,28
mapa_1_resultados.xlsx,1132,AL2021,060512,FIGUEIRA DA FOZ,TAVAREDE,AF,8858,5118,151,65
mapa_1_resultados.xlsx,1133,AL2021,060513,FIGUEIRA DA FOZ,VILA VERDE,AF,2497,1419,52,25
mapa_1_resultados.xlsx,1134,AL2021,060514,FIGUEIRA DA FOZ,SÃO PEDRO,AF,2552,1352,21,34
mapa_1_resultados.xlsx,1135,AL2021,060515,FIGUEIRA DA FOZ,BOM SUCESSO,AF,1814,1073,20,28
mapa_1_resultados.xlsx,1136,AL2021,060518,FIGUEIRA DA FOZ,MOINHOS DA GÂNDARA,AF,1083,687,13,20
mapa_1_resultados.xlsx,1137,AL2021,060519,FIGUEIRA DA FOZ,ALHADAS,AF,3875,2218,46,41
mapa_1_resultados.xlsx,1138,AL2021,060520,FIGUEIRA DA FOZ,BUARCOS E SÃO JULIÃO,AF,17555,9167,232,107
mapa_1_resultados.xlsx,1139,AL2021,060521,FIGUEIRA DA FOZ,FERREIRA-A-NOVA,AF,2044,1363,31,32
mapa_1_resultados.xlsx,1140,AL2021,060522,FIGUEIRA DA FOZ,LAVOS,AF,3216,1814,90,319
mapa_1_resultados.xlsx,1141,AL2021,060523,FIGUEIRA DA FOZ,PAIÃO,AF,2550,1542,47,28
mapa_1_resultados.xlsx,1142,AL2021,060524,FIGUEIRA DA FOZ,QUIAIOS,AF,2694,1564,68,25
mapa_1_resultados.xlsx,1143,AL2021,060600,GÓIS,,CM,3445,2529,28,48
mapa_1_resultados.xlsx,1144,AL2021,060600,GÓIS,,AM,3445,2529,44,48
mapa_1_resultados.xlsx,1145,AL2021,060601,GÓIS,ALVARES (4),AF,600,424,9,10
mapa_1_resultados.xlsx,1146,AL2021,060604,GÓIS,GÓIS,AF,1757,1307,24,32
mapa_1_resultados.xlsx,1147,AL2021,060605,GÓIS,VILA NOVA DO CEIRA,AF,794,600,7,11
mapa_1_resultados.xlsx,1148,AL2021,060606,GÓIS,UNIÃO DAS FREGUESIAS DE CADAFAZ E COLMEAL,AF,294,198,2,2
mapa_1_resultados.xlsx,1149,AL2021,060700,LOUSÃ,,CM,15264,8451,278,124
mapa_1_resultados.xlsx,1150,AL2021,060700,LOUSÃ,,AM,15264,8455,284,142
mapa_1_resultados.xlsx,1151,AL2021,060704,LOUSÃ,SERPINS,AF,1461,961,19,9
mapa_1_resultados.xlsx,1152,AL2021,060706,LOUSÃ,GÂNDARAS,AF,1073,680,18,9
mapa_1_resultados.xlsx,1153,AL2021,060707,LOUSÃ,UNIÃO DAS FREGUESIAS DE FOZ DE AROUCE E CASAL DE ERMIO,AF,1148,636,23,12
mapa_1_resultados.xlsx,1154,AL2021,060708,LOUSÃ,UNIÃO DAS FREGUESIAS DE LOUSÃ E VILARINHO,AF,11582,6180,241,119
mapa_1_resultados.xlsx,1155,AL2021,060800,MIRA,,CM,12764,7428,223,123
mapa_1_resultados.xlsx,1156,AL2021,060800,MIRA,,AM,12764,7421,244,118
mapa_1_resultados.xlsx,1157,AL2021,060801,MIRA,MIRA,AF,7006,4104,116,86
mapa_1_resultados.xlsx,1158,AL2021,060802,MIRA,SEIXO,AF,1514,822,39,21
mapa_1_resultados.xlsx,1159,AL2021,060803,MIRA,CARAPELHOS,AF,782,463,15,13
mapa_1_resultados.xlsx,1160,AL2021,060804,MIRA,PRAIA DE MIRA,AF,3462,2040,44,36
mapa_1_resultados.xlsx,1161,AL2021,060900,MIRANDA DO CORVO,(5),CM,10852,6569,146,90
mapa_1_resultados.xlsx,1162,AL2021,060900,MIRANDA DO CORVO,(5),AM,10852,6569,174,96
mapa_1_resultados.xlsx,1163,AL2021,060901,MIRANDA DO CORVO,LAMAS,AF,685,507,2,9
mapa_1_resultados.xlsx,1164,AL2021,060902,MIRANDA DO CORVO,MIRANDA DO CORVO (5),AF,6384,3741,76,66
mapa_1_resultados.xlsx,1165,AL2021,060905,MIRANDA DO CORVO,VILA NOVA,AF,744,531,9,19
mapa_1_resultados.xlsx,1166,AL2021,060906,MIRANDA DO CORVO,UNIÃO DAS FREGUESIAS DE SEMIDE E RIO VIDE,AF,3039,1789,36,33
mapa_1_resultados.xlsx,1167,AL2021,061000,MONTEMOR-O-VELHO,,CM,21699,13459,344,203
mapa_1_resultados.xlsx,1168,AL2021,061000,MONTEMOR-O-VELHO,,AM,21699,13458,376,187
mapa_1_resultados.xlsx,1169,AL2021,061002,MONTEMOR-O-VELHO,ARAZEDE,AF,4740,2695,58,48
mapa_1_resultados.xlsx,1170,AL2021,061003,MONTEMOR-O-VELHO,CARAPINHEIRA,AF,2386,1302,26,27
mapa_1_resultados.xlsx,1171,AL2021,061005,MONTEMOR-O-VELHO,LICEIA,AF,985,703,11,10
mapa_1_resultados.xlsx,1172,AL2021,061006,MONTEMOR-O-VELHO,MEÃS DO CAMPO,AF,1464,1108,16,17
mapa_1_resultados.xlsx,1173,AL2021,061008,MONTEMOR-O-VELHO,PEREIRA,AF,2849,1710,57,28
mapa_1_resultados.xlsx,1174,AL2021,061009,MONTEMOR-O-VELHO,SANTO VARÃO,AF,1589,1069,23,32
mapa_1_resultados.xlsx,1175,AL2021,061010,MONTEMOR-O-VELHO,SEIXO DE GATÕES,AF,1162,844,16,10
mapa_1_resultados.xlsx,1176,AL2021,061011,MONTEMOR-O-VELHO,TENTÚGAL,AF,1750,1123,35,13
mapa_1_resultados.xlsx,1177,AL2021,061014,MONTEMOR-O-VELHO,EREIRA,AF,534,382,49,19
mapa_1_resultados.xlsx,1178,AL2021,061015,MONTEMOR-O-VELHO,"UNIÃO DAS FREGUESIAS DE ABRUNHEIRA, VERRIDE E VILA NOVA DA BARCA",AF,1191,764,18,13
mapa_1_resultados.xlsx,1179,AL2021,061016,MONTEMOR-O-VELHO,UNIÃO DAS FREGUESIAS DE MONTEMOR-O-VELHO E GATÕES,AF,3049,1758,61,28
mapa_1_resultados.xlsx,1180,AL2021,061100,OLIVEIRA DO HOSPITAL,,CM,17589,11879,219,215
mapa_1_resultados.xlsx,1181,AL2021,061100,OLIVEIRA DO HOSPITAL,,AM,17589,11878,218,226
mapa_1_resultados.xlsx,1182,AL2021,061101,OLIVEIRA DO HOSPITAL,ALDEIA DAS DEZ,AF,403,304,4,8
mapa_1_resultados.xlsx,1183,AL2021,061102,OLIVEIRA DO HOSPITAL,ALVOCO DAS VÁRZEAS,AF,263,222,2,1
mapa_1_resultados.xlsx,1184,AL2021,061103,OLIVEIRA DO HOSPITAL,AVÔ,AF,422,333,3,8
mapa_1_resultados.xlsx,1185,AL2021,061104,OLIVEIRA DO HOSPITAL,BOBADELA,AF,536,414,20,8
mapa_1_resultados.xlsx,1186,AL2021,061106,OLIVEIRA DO HOSPITAL,LAGARES,AF,1231,840,21,26
mapa_1_resultados.xlsx,1187,AL2021,061109,OLIVEIRA DO HOSPITAL,LOUROSA,AF,504,381,4,11
mapa_1_resultados.xlsx,1188,AL2021,061110,OLIVEIRA DO HOSPITAL,MERUGE,AF,437,347,7,5
mapa_1_resultados.xlsx,1189,AL2021,061111,OLIVEIRA DO HOSPITAL,NOGUEIRA DO CRAVO,AF,1960,1288,27,39
mapa_1_resultados.xlsx,1190,AL2021,061115,OLIVEIRA DO HOSPITAL,SÃO GIÃO,AF,347,273,1,4
mapa_1_resultados.xlsx,1191,AL2021,061118,OLIVEIRA DO HOSPITAL,SEIXO DA BEIRA,AF,1401,840,34,10
mapa_1_resultados.xlsx,1192,AL2021,061119,OLIVEIRA DO HOSPITAL,TRAVANCA DE LAGOS,AF,984,687,8,12
mapa_1_resultados.xlsx,1193,AL2021,061122,OLIVEIRA DO HOSPITAL,UNIÃO DAS FREGUESIAS DE ERVEDAL E VILA FRANCA DA BEIRA,AF,1183,742,11,16
mapa_1_resultados.xlsx,1194,AL2021,061123,OLIVEIRA DO HOSPITAL,UNIÃO DAS FREGUESIAS DE LAGOS DA BEIRA E LAJEOSA,AF,1066,718,87,63
mapa_1_resultados.xlsx,1195,AL2021,061124,OLIVEIRA DO HOSPITAL,UNIÃO DAS FREGUESIAS DE OLIVEIRA DO HOSPITAL E SÃO PAIO DE GRAMAÇOS,AF,5208,3293,53,57
mapa_1_resultados.xlsx,1196,AL2021,061125,OLIVEIRA DO HOSPITAL,UNIÃO DAS FREGUESIAS DE PENALVA DE ALVA E SÃO SEBASTIÃO DA FEIRA,AF,913,673,12,16
mapa_1_resultados.xlsx,1197,AL2021,061126,OLIVEIRA DO HOSPITAL,UNIÃO DAS FREGUESIAS DE SANTA OVAIA E VILA POUCA DA BEIRA,AF,731,522,10,15
mapa_1_resultados.xlsx,1198,AL2021,061200,PAMPILHOSA DA SERRA,,CM,3474,2538,34,70
mapa_1_resultados.xlsx,1199,AL2021,061200,PAMPILHOSA DA SERRA,,AM,3474,2538,33,57
mapa_1_resultados.xlsx,1200,AL2021,061201,PAMPILHOSA DA SERRA,CABRIL,AF,214,152,16,4
mapa_1_resultados.xlsx,1201,AL2021,061202,PAMPILHOSA DA SERRA,DORNELAS DO ZÊZERE,AF,497,338,4,15
mapa_1_resultados.xlsx,1202,AL2021,061204,PAMPILHOSA DA SERRA,JANEIRO DE BAIXO,AF,550,396,5,17
mapa_1_resultados.xlsx,1203,AL2021,061206,PAMPILHOSA DA SERRA,PAMPILHOSA DA SERRA,AF,1091,821,16,24
mapa_1_resultados.xlsx,1204,AL2021,061207,PAMPILHOSA DA SERRA,PESSEGUEIRO,AF,135,,,
mapa_1_resultados.xlsx,1205,AL2021,061209,PAMPILHOSA DA SERRA,UNHAIS-O-VELHO,AF,414,294,5,9
mapa_1_resultados.xlsx,1206,AL2021,061211,PAMPILHOSA DA SERRA,FAJÃO - VIDUAL,AF,246,190,12,6
mapa_1_resultados.xlsx,1207,AL2021,061212,PAMPILHOSA DA SERRA,PORTELA DO FOJO - MACHIO,AF,321,234,25,7
mapa_1_resultados.xlsx,1208,AL2021,061300,PENACOVA,,CM,13375,8327,168,116
mapa_1_resultados.xlsx,1209,AL2021,061300,PENACOVA,,AM,13375,8327,191,113
mapa_1_resultados.xlsx,1210,AL2021,061301,PENACOVA,CARVALHO,AF,733,403,8,8
mapa_1_resultados.xlsx,1211,AL2021,061302,PENACOVA,FIGUEIRA DE LORVÃO,AF,2361,1463,19,14
mapa_1_resultados.xlsx,1212,AL2021,061304,PENACOVA,LORVÃO,AF,3252,1886,24,30
mapa_1_resultados.xlsx,1213,AL2021,061307,PENACOVA,PENACOVA,AF,2844,1776,30,17
mapa_1_resultados.xlsx,1214,AL2021,061310,PENACOVA,SAZES DO LORVÃO,AF,698,499,11,3
mapa_1_resultados.xlsx,1215,AL2021,061312,PENACOVA,UNIÃO DAS FREGUESIAS DE FRIÚMES E PARADELA,AF,723,555,11,4
mapa_1_resultados.xlsx,1216,AL2021,061313,PENACOVA,UNIÃO DAS FREGUESIAS DE OLIVEIRA DO MONDEGO E TRAVANCA DO MONDEGO,AF,977,609,14,10
mapa_1_resultados.xlsx,1217,AL2021,061314,PENACOVA,UNIÃO DAS FREGUESIAS DE SÃO PEDRO DE ALVA E SÃO PAIO DE MONDEGO,AF,1787,1136,27,18
mapa_1_resultados.xlsx,1218,AL2021,061400,PENELA,,CM,4736,3258,60,48
mapa_1_resultados.xlsx,1219,AL2021,061400,PENELA,,AM,4736,3256,88,54
mapa_1_resultados.xlsx,1220,AL2021,061401,PENELA,CUMEEIRA,AF,814,621,11,14
mapa_1_resultados.xlsx,1221,AL2021,061402,PENELA,ESPINHAL,AF,627,433,15,15
mapa_1_resultados.xlsx,1222,AL2021,061403,PENELA,PODENTES,AF,423,312,5,4
mapa_1_resultados.xlsx,1223,AL2021,061407,PENELA,"UNIÃO DAS FREGUESIAS DE SÃO MIGUEL, SANTA EUFÉMIA E RABAÇAL",AF,2872,1891,48,32
mapa_1_resultados.xlsx,1224,AL2021,061500,SOURE,,CM,16192,9250,324,173
mapa_1_resultados.xlsx,1225,AL2021,061500,SOURE,,AM,16192,9250,398,188
mapa_1_resultados.xlsx,1226,AL2021,061501,SOURE,ALFARELOS,AF,1091,684,16,8
mapa_1_resultados.xlsx,1227,AL2021,061504,SOURE,FIGUEIRÓ DO CAMPO,AF,1228,761,13,11
mapa_1_resultados.xlsx,1228,AL2021,061506,SOURE,GRANJA DO ULMEIRO,AF,1535,834,25,20
mapa_1_resultados.xlsx,1229,AL2021,061508,SOURE,SAMUEL,AF,1029,659,16,13
mapa_1_resultados.xlsx,1230,AL2021,061509,SOURE,SOURE,AF,6895,3606,135,88
mapa_1_resultados.xlsx,1231,AL2021,061510,SOURE,TAPÉUS,AF,304,225,2,4
mapa_1_resultados.xlsx,1232,AL2021,061511,SOURE,VILA NOVA DE ANÇOS,AF,844,562,16,13
mapa_1_resultados.xlsx,1233,AL2021,061512,SOURE,VINHA DA RAINHA,AF,1243,750,17,12
mapa_1_resultados.xlsx,1234,AL2021,061513,SOURE,UNIÃO DAS FREGUESIAS DE DEGRACIAS E POMBALINHO,AF,1115,616,12,10
mapa_1_resultados.xlsx,1235,AL2021,061514,SOURE,UNIÃO DAS FREGUESIAS DE GESTEIRA E BRUNHÓS,AF,908,554,27,13
mapa_1_resultados.xlsx,1236,AL2021,061600,TÁBUA,,CM,10216,6926,99,135
mapa_1_resultados.xlsx,1237,AL2021,061600,TÁBUA,,AM,10216,6926,121,143
mapa_1_resultados.xlsx,1238,AL2021,061602,TÁBUA,CANDOSA,AF,618,445,1,10
mapa_1_resultados.xlsx,1239,AL2021,061603,TÁBUA,CARAPINHA,AF,328,214,16,10
mapa_1_resultados.xlsx,1240,AL2021,061608,TÁBUA,MIDÕES,AF,1463,1048,5,27
mapa_1_resultados.xlsx,1241,AL2021,061609,TÁBUA,MOURONHO,AF,681,465,6,11
mapa_1_resultados.xlsx,1242,AL2021,061611,TÁBUA,PÓVOA DE MIDÕES,AF,505,376,8,8
mapa_1_resultados.xlsx,1243,AL2021,061612,TÁBUA,SÃO JOÃO DA BOA VISTA,AF,374,286,7,7
mapa_1_resultados.xlsx,1244,AL2021,061614,TÁBUA,TÁBUA,AF,3069,1888,31,42
mapa_1_resultados.xlsx,1245,AL2021,061616,TÁBUA,UNIÃO DAS FREGUESIAS DE ÁZERE E COVELO,AF,777,554,4,7
mapa_1_resultados.xlsx,1246,AL2021,061617,TÁBUA,UNIÃO DAS FREGUESIAS DE COVAS E VILA NOVA DE OLIVEIRINHA,AF,1129,748,12,9
mapa_1_resultados.xlsx,1247,AL2021,061618,TÁBUA,UNIÃO DAS FREGUESIAS DE ESPARIZ E SINDE,AF,831,590,6,17
mapa_1_resultados.xlsx,1248,AL2021,061619,TÁBUA,UNIÃO DAS FREGUESIAS DE PINHEIRO DE COJA E MEDA DE MOUROS,AF,441,314,5,10
mapa_1_resultados.xlsx,1249,AL2021,061700,VILA NOVA DE POIARES,,CM,6200,3408,107,70
mapa_1_resultados.xlsx,1250,AL2021,061700,VILA NOVA DE POIARES,,AM,6200,3408,106,78
mapa_1_resultados.xlsx,1251,AL2021,061701,VILA NOVA DE POIARES,ARRIFANA,AF,1206,665,12,20
mapa_1_resultados.xlsx,1252,AL2021,061702,VILA NOVA DE POIARES,LAVEGADAS,AF,177,146,1,1
mapa_1_resultados.xlsx,1253,AL2021,061703,VILA NOVA DE POIARES,POIARES (SANTO ANDRÉ),AF,3661,1903,59,34
mapa_1_resultados.xlsx,1254,AL2021,061704,VILA NOVA DE POIARES,SÃO MIGUEL DE POIARES,AF,1156,694,11,8
mapa_1_resultados.xlsx,1255,AL2021,070000,ÉVORA,,,,,,
mapa_1_resultados.xlsx,1256,AL2021,070100,ALANDROAL,,CM,4512,3078,41,49
mapa_1_resultados.xlsx,1257,AL2021,070100,ALANDROAL,,AM,4512,3078,54,55
mapa_1_resultados.xlsx,1258,AL2021,070103,ALANDROAL,SANTIAGO MAIOR,AF,1736,1169,14,27
mapa_1_resultados.xlsx,1259,AL2021,070104,ALANDROAL,CAPELINS (SANTO ANTÓNIO),AF,388,256,8,5
mapa_1_resultados.xlsx,1260,AL2021,070105,ALANDROAL,TERENA (SÃO PEDRO),AF,607,466,6,12
mapa_1_resultados.xlsx,1261,AL2021,070107,ALANDROAL,"UNIÃO DAS FREGUESIAS DE ALANDROAL (NOSSA SENHORA DA CONCEIÇÃO), SÃO BRÁS DOS MATOS (MINA DO BUGALHO) E JUROMENHA (NOSSA SENHORA DO LORETO)",AF,1781,1187,11,9
mapa_1_resultados.xlsx,1262,AL2021,070200,ARRAIOLOS,,CM,5835,3696,120,78
mapa_1_resultados.xlsx,1263,AL2021,070200,ARRAIOLOS,,AM,5835,3695,122,84
mapa_1_resultados.xlsx,1264,AL2021,070201,ARRAIOLOS,ARRAIOLOS,AF,2757,1779,57,55
mapa_1_resultados.xlsx,1265,AL2021,070202,ARRAIOLOS,IGREJINHA,AF,773,560,16,7
mapa_1_resultados.xlsx,1266,AL2021,070206,ARRAIOLOS,VIMIEIRO,AF,1208,635,20,19
mapa_1_resultados.xlsx,1267,AL2021,070208,ARRAIOLOS,UNIÃO DAS FREGUESIAS DE GAFANHOEIRA (SÃO PEDRO) E SABUGUEIRO,AF,688,476,10,8
mapa_1_resultados.xlsx,1268,AL2021,070209,ARRAIOLOS,UNIÃO DAS FREGUESIAS DE SÃO GREGÓRIO E SANTA JUSTA,AF,409,248,7,6
mapa_1_resultados.xlsx,1269,AL2021,070300,BORBA,,CM,3014,1961,39,28
mapa_1_resultados.xlsx,1270,AL2021,070300,BORBA,,AM,3014,1961,49,37
mapa_1_resultados.xlsx,1271,AL2021,070301,BORBA,BORBA (MATRIZ),AF,3014,1961,33,38
mapa_1_resultados.xlsx,1272,AL2021,070302,BORBA,ORADA,AF,575,341,5,5
mapa_1_resultados.xlsx,1273,AL2021,070303,BORBA,RIO DE MOINHOS,AF,1692,1026,9,10
mapa_1_resultados.xlsx,1274,AL2021,070304,BORBA,BORBA (SÃO BARTOLOMEU),AF,560,350,6,4
mapa_1_resultados.xlsx,1275,AL2021,070400,ESTREMOZ,,CM,11263,6685,108,93
mapa_1_resultados.xlsx,1276,AL2021,070400,ESTREMOZ,,AM,11263,6684,156,95
mapa_1_resultados.xlsx,1277,AL2021,070401,ESTREMOZ,ARCOS,AF,876,508,13,6
mapa_1_resultados.xlsx,1278,AL2021,070402,ESTREMOZ,GLÓRIA,AF,414,300,2,3
mapa_1_resultados.xlsx,1279,AL2021,070404,ESTREMOZ,ÉVORA MONTE (SANTA MARIA),AF,444,307,5,3
mapa_1_resultados.xlsx,1280,AL2021,070411,ESTREMOZ,SÃO DOMINGOS DE ANA LOURA,AF,263,208,3,5
mapa_1_resultados.xlsx,1281,AL2021,070413,ESTREMOZ,VEIROS,AF,779,540,10,6
mapa_1_resultados.xlsx,1282,AL2021,070414,ESTREMOZ,UNIÃO DAS FREGUESIAS DE ESTREMOZ (SANTA MARIA E SANTO ANDRÉ),AF,6929,3701,90,55
mapa_1_resultados.xlsx,1283,AL2021,070415,ESTREMOZ,UNIÃO DAS FREGUESIAS DE SÃO BENTO DO CORTIÇO E SANTO ESTÊVÃO,AF,605,414,3,5
mapa_1_resultados.xlsx,1284,AL2021,070416,ESTREMOZ,UNIÃO DAS FREGUESIAS DE SÃO LOURENÇO DE MAMPORCÃO E SÃO BENTO DE ANA LOURA,AF,406,308,11,10
mapa_1_resultados.xlsx,1285,AL2021,070417,ESTREMOZ,UNIÃO DAS FREGUESIAS DO AMEIXIAL (SANTA VITÓRIA E SÃO BENTO),AF,547,398,4,14
mapa_1_resultados.xlsx,1286,AL2021,070500,ÉVORA,,CM,31687,23339,586,287
mapa_1_resultados.xlsx,1287,AL2021,070500,ÉVORA,,AM,31687,23362,662,296
mapa_1_resultados.xlsx,1288,AL2021,070502,ÉVORA,NOSSA SENHORA DA GRAÇA DO DIVOR,AF,387,256,10,3
mapa_1_resultados.xlsx,1289,AL2021,070503,ÉVORA,NOSSA SENHORA DE MACHEDE,AF,805,531,10,9
mapa_1_resultados.xlsx,1290,AL2021,070506,ÉVORA,SÃO BENTO DO MATO,AF,917,578,7,8
mapa_1_resultados.xlsx,1291,AL2021,070509,ÉVORA,SÃO MIGUEL DE MACHEDE,AF,604,367,10,5
mapa_1_resultados.xlsx,1292,AL2021,070513,ÉVORA,TORRE DE COELHEIROS,AF,459,295,4,5
mapa_1_resultados.xlsx,1293,AL2021,070515,ÉVORA,CANAVIAIS,AF,2652,1476,38,21
mapa_1_resultados.xlsx,1294,AL2021,070522,ÉVORA,UNIÃO DAS FREGUESIAS DE BACELO E SENHORA DA SAÚDE,AF,15792,7663,200,102
mapa_1_resultados.xlsx,1295,AL2021,070523,ÉVORA,"UNIÃO DAS FREGUESIAS DE ÉVORA (SÃO MAMEDE, SÉ, SÃO PEDRO E SANTO ANTÃO)",AF,4151,2018,69,28
mapa_1_resultados.xlsx,1296,AL2021,070524,ÉVORA,UNIÃO DAS FREGUESIAS DE MALAGUEIRA E HORTA DAS FIGUEIRAS,AF,18475,8472,220,105
mapa_1_resultados.xlsx,1297,AL2021,070525,ÉVORA,UNIÃO DAS FREGUESIAS DE NOSSA SENHORA DA TOUREGA E NOSSA SENHORA DE GUADALUPE,AF,617,551,18,8
mapa_1_resultados.xlsx,1298,AL2021,070526,ÉVORA,UNIÃO DAS FREGUESIAS DE SÃO MANÇOS E SÃO VICENTE DO PIGEIRO,AF,1000,614,14,14
mapa_1_resultados.xlsx,1299,AL2021,070527,ÉVORA,UNIÃO DAS FREGUESIAS DE SÃO SEBASTIÃO DA GIESTEIRA E NOSSA SENHORA DA BOA FÉ,AF,810,529,16,11
mapa_1_resultados.xlsx,1300,AL2021,070600,MONTEMOR-O-NOVO,,CM,13816,8491,184,98
mapa_1_resultados.xlsx,1301,AL2021,070600,MONTEMOR-O-NOVO,,AM,13816,8492,194,85
mapa_1_resultados.xlsx,1302,AL2021,070601,MONTEMOR-O-NOVO,CABRELA,AF,424,282,8,9
mapa_1_resultados.xlsx,1303,AL2021,070605,MONTEMOR-O-NOVO,SANTIAGO DO ESCOURAL,AF,976,655,13,3
mapa_1_resultados.xlsx,1304,AL2021,070606,MONTEMOR-O-NOVO,SÃO CRISTÓVÃO,AF,476,312,18,9
mapa_1_resultados.xlsx,1305,AL2021,070607,MONTEMOR-O-NOVO,CIBORRO,AF,575,390,8,6
mapa_1_resultados.xlsx,1306,AL2021,070610,MONTEMOR-O-NOVO,FOROS DE VALE DE FIGUEIRA,AF,894,564,21,6
mapa_1_resultados.xlsx,1307,AL2021,070611,MONTEMOR-O-NOVO,UNIÃO DAS FREGUESIAS DE CORTIÇADAS DE LAVRE E LAVRE,AF,1127,708,23,14
mapa_1_resultados.xlsx,1308,AL2021,070612,MONTEMOR-O-NOVO,"UNIÃO DAS FREGUESIAS DE NOSSA SENHORA DA VILA, NOSSA SENHORA DO BISPO E SILVEIRAS",AF,9344,5684,194,85
mapa_1_resultados.xlsx,1309,AL2021,070700,MORA,,CM,3965,2555,55,59
mapa_1_resultados.xlsx,1310,AL2021,070700,MORA,,AM,3965,2553,61,45
mapa_1_resultados.xlsx,1311,AL2021,070701,MORA,BROTAS,AF,330,253,9,3
mapa_1_resultados.xlsx,1312,AL2021,070702,MORA,CABEÇÃO,AF,877,484,14,10
mapa_1_resultados.xlsx,1313,AL2021,070703,MORA,MORA,AF,2072,1350,33,18
mapa_1_resultados.xlsx,1314,AL2021,070704,MORA,PAVIA,AF,686,463,6,3
mapa_1_resultados.xlsx,1315,AL2021,070800,MOURÃO,,CM,2171,1576,23,24
mapa_1_resultados.xlsx,1316,AL2021,070800,MOURÃO,,AM,2171,1576,27,27
mapa_1_resultados.xlsx,1317,AL2021,070801,MOURÃO,GRANJA,AF,512,345,8,11
mapa_1_resultados.xlsx,1318,AL2021,070802,MOURÃO,LUZ,AF,250,203,4,5
mapa_1_resultados.xlsx,1319,AL2021,070803,MOURÃO,MOURÃO,AF,1409,1028,11,15
mapa_1_resultados.xlsx,1320,AL2021,070900,PORTEL,,CM,5091,3605,50,32
mapa_1_resultados.xlsx,1321,AL2021,070900,PORTEL,,AM,5091,3605,46,37
mapa_1_resultados.xlsx,1322,AL2021,070903,PORTEL,MONTE DO TRIGO,AF,1018,776,9,5
mapa_1_resultados.xlsx,1323,AL2021,070905,PORTEL,PORTEL,AF,2119,1461,27,17
mapa_1_resultados.xlsx,1324,AL2021,070906,PORTEL,SANTANA,AF,420,263,6,4
mapa_1_resultados.xlsx,1325,AL2021,070908,PORTEL,VERA CRUZ,AF,310,221,4,4
mapa_1_resultados.xlsx,1326,AL2021,070909,PORTEL,UNIÃO DAS FREGUESIAS DE AMIEIRA E ALQUEVA,AF,539,422,8,4
mapa_1_resultados.xlsx,1327,AL2021,070910,PORTEL,UNIÃO DAS FREGUESIAS DE SÃO BARTOLOMEU DO OUTEIRO E ORIOLA,AF,685,462,14,5
mapa_1_resultados.xlsx,1328,AL2021,071000,REDONDO,,CM,5645,3492,49,47
mapa_1_resultados.xlsx,1329,AL2021,071000,REDONDO,,AM,5645,3492,47,51
mapa_1_resultados.xlsx,1330,AL2021,071001,REDONDO,MONTOITO,AF,982,565,5,16
mapa_1_resultados.xlsx,1331,AL2021,071002,REDONDO,REDONDO,AF,4663,2926,37,39
mapa_1_resultados.xlsx,1332,AL2021,071100,REGUENGOS DE MONSARAZ,,CM,8866,5145,107,67
mapa_1_resultados.xlsx,1333,AL2021,071100,REGUENGOS DE MONSARAZ,,AM,8866,5146,116,69
mapa_1_resultados.xlsx,1334,AL2021,071102,REGUENGOS DE MONSARAZ,CORVAL,AF,1117,671,12,12
mapa_1_resultados.xlsx,1335,AL2021,071103,REGUENGOS DE MONSARAZ,MONSARAZ,AF,628,415,7,3
mapa_1_resultados.xlsx,1336,AL2021,071104,REGUENGOS DE MONSARAZ,REGUENGOS DE MONSARAZ,AF,5971,3368,69,46
mapa_1_resultados.xlsx,1337,AL2021,071106,REGUENGOS DE MONSARAZ,UNIÃO DAS FREGUESIAS DE CAMPO E CAMPINHO,AF,1150,693,13,11
mapa_1_resultados.xlsx,1338,AL2021,071200,VENDAS NOVAS,,CM,9993,5830,86,44
mapa_1_resultados.xlsx,1339,AL2021,071200,VENDAS NOVAS,,AM,9993,5828,87,61
mapa_1_resultados.xlsx,1340,AL2021,071201,VENDAS NOVAS,VENDAS NOVAS,AF,9401,5391,80,59
mapa_1_resultados.xlsx,1341,AL2021,071202,VENDAS NOVAS,LANDEIRA,AF,592,438,3,4
mapa_1_resultados.xlsx,1342,AL2021,071300,VIANA DO ALENTEJO,,CM,4629,3046,54,32
mapa_1_resultados.xlsx,1343,AL2021,071300,VIANA DO ALENTEJO,,AM,4629,3043,62,31
mapa_1_resultados.xlsx,1344,AL2021,071301,VIANA DO ALENTEJO,ALCÁÇOVAS,AF,1659,1021,26,8
mapa_1_resultados.xlsx,1345,AL2021,071302,VIANA DO ALENTEJO,VIANA DO ALENTEJO,AF,2247,1480,38,26
mapa_1_resultados.xlsx,1346,AL2021,071303,VIANA DO ALENTEJO,AGUIAR,AF,723,546,10,6
mapa_1_resultados.xlsx,1347,AL2021,071400,VILA VIÇOSA,,CM,6675,4301,57,73
mapa_1_resultados.xlsx,1348,AL2021,071400,VILA VIÇOSA,,AM,6675,4300,76,80
mapa_1_resultados.xlsx,1349,AL2021,071401,VILA VIÇOSA,BENCATEL,AF,1342,852,11,9
mapa_1_resultados.xlsx,1350,AL2021,071402,VILA VIÇOSA,CILADAS,AF,806,542,2,17
mapa_1_resultados.xlsx,1351,AL2021,071404,VILA VIÇOSA,PARDAIS,AF,419,329,2,12
mapa_1_resultados.xlsx,1352,AL2021,071406,VILA VIÇOSA,NOSSA SENHORA DA CONCEIÇÃO E SÃO BARTOLOMEU,AF,4108,2578,57,61
mapa_1_resultados.xlsx,1353,AL2021,080000,FARO,,,,,,
mapa_1_resultados.xlsx,1354,AL2021,080100,ALBUFEIRA,,CM,36383,15460,308,189
mapa_1_resultados.xlsx,1355,AL2021,080100,ALBUFEIRA,,AM,36383,15462,388,183
mapa_1_resultados.xlsx,1356,AL2021,080102,ALBUFEIRA,GUIA,AF,3559,1843,21,27
mapa_1_resultados.xlsx,1357,AL2021,080103,ALBUFEIRA,PADERNE,AF,2769,1477,34,18
mapa_1_resultados.xlsx,1358,AL2021,080104,ALBUFEIRA,FERREIRAS,AF,5469,2857,89,41
mapa_1_resultados.xlsx,1359,AL2021,080106,ALBUFEIRA,ALBUFEIRA E OLHOS DE ÁGUA,AF,24586,9284,292,148
mapa_1_resultados.xlsx,1360,AL2021,080200,ALCOUTIM,,CM,2430,1872,37,28
mapa_1_resultados.xlsx,1361,AL2021,080200,ALCOUTIM,,AM,2430,1872,37,24
mapa_1_resultados.xlsx,1362,AL2021,080202,ALCOUTIM,GIÕES,AF,169,148,3,1
mapa_1_resultados.xlsx,1363,AL2021,080203,ALCOUTIM,MARTIM LONGO,AF,888,680,19,12
mapa_1_resultados.xlsx,1364,AL2021,080205,ALCOUTIM,VAQUEIROS,AF,404,309,5,5
mapa_1_resultados.xlsx,1365,AL2021,080206,ALCOUTIM,UNIÃO DAS FREGUESIAS DE ALCOUTIM E PEREIRO,AF,969,735,13,10
mapa_1_resultados.xlsx,1366,AL2021,080300,ALJEZUR,,CM,4298,2720,53,24
mapa_1_resultados.xlsx,1367,AL2021,080300,ALJEZUR,,AM,4298,2719,68,41
mapa_1_resultados.xlsx,1368,AL2021,080301,ALJEZUR,ALJEZUR,AF,2304,1351,26,20
mapa_1_resultados.xlsx,1369,AL2021,080302,ALJEZUR,BORDEIRA,AF,331,204,5,3
mapa_1_resultados.xlsx,1370,AL2021,080303,ALJEZUR,ODECEIXE,AF,769,558,20,10
mapa_1_resultados.xlsx,1371,AL2021,080304,ALJEZUR,ROGIL,AF,894,606,12,14
mapa_1_resultados.xlsx,1372,AL2021,080400,CASTRO MARIM,,CM,5849,3368,68,47
mapa_1_resultados.xlsx,1373,AL2021,080400,CASTRO MARIM,,AM,5849,3368,76,41
mapa_1_resultados.xlsx,1374,AL2021,080401,CASTRO MARIM,AZINHAL,AF,437,297,8,11
mapa_1_resultados.xlsx,1375,AL2021,080402,CASTRO MARIM,CASTRO MARIM,AF,2932,1683,35,20
mapa_1_resultados.xlsx,1376,AL2021,080403,CASTRO MARIM,ODELEITE,AF,547,341,4,5
mapa_1_resultados.xlsx,1377,AL2021,080404,CASTRO MARIM,ALTURA,AF,1933,1047,31,11
mapa_1_resultados.xlsx,1378,AL2021,080500,FARO,,CM,56855,25536,558,294
mapa_1_resultados.xlsx,1379,AL2021,080500,FARO,,AM,56855,25538,652,295
mapa_1_resultados.xlsx,1380,AL2021,080503,FARO,SANTA BÁRBARA DE NEXE,AF,3131,1475,81,39
mapa_1_resultados.xlsx,1381,AL2021,080506,FARO,MONTENEGRO,AF,7215,3678,98,46
mapa_1_resultados.xlsx,1382,AL2021,080507,FARO,UNIÃO DAS FREGUESIAS DE CONCEIÇÃO E ESTOI,AF,6902,3102,84,53
mapa_1_resultados.xlsx,1383,AL2021,080508,FARO,UNIÃO DAS FREGUESIAS DE FARO (SÉ E SÃO PEDRO),AF,39607,17282,365,189
mapa_1_resultados.xlsx,1384,AL2021,080600,LAGOA,,CM,19185,9491,185,126
mapa_1_resultados.xlsx,1385,AL2021,080600,LAGOA,,AM,19185,9491,196,129
mapa_1_resultados.xlsx,1386,AL2021,080602,LAGOA,FERRAGUDO,AF,1666,872,22,18
mapa_1_resultados.xlsx,1387,AL2021,080604,LAGOA,PORCHES,AF,1677,797,13,18
mapa_1_resultados.xlsx,1388,AL2021,080607,LAGOA,UNIÃO DAS FREGUESIAS DE ESTÔMBAR E PARCHAL,AF,7633,3886,87,53
mapa_1_resultados.xlsx,1389,AL2021,080608,LAGOA,UNIÃO DAS FREGUESIAS DE LAGOA E CARVOEIRO,AF,8209,3934,78,43
mapa_1_resultados.xlsx,1390,AL2021,080700,LAGOS,,CM,24774,10339,367,159
mapa_1_resultados.xlsx,1391,AL2021,080700,LAGOS,,AM,24774,10338,389,154
mapa_1_resultados.xlsx,1392,AL2021,080703,LAGOS,LUZ,AF,2474,1087,29,16
mapa_1_resultados.xlsx,1393,AL2021,080704,LAGOS,ODIÁXERE,AF,2220,1010,43,21
mapa_1_resultados.xlsx,1394,AL2021,080707,LAGOS,UNIÃO DAS FREGUESIAS DE BENSAFRIM E BARÃO DE SÃO JOÃO,AF,1907,969,34,15
mapa_1_resultados.xlsx,1395,AL2021,080708,LAGOS,SÃO GONÇALO DE LAGOS,AF,18173,7273,266,114
mapa_1_resultados.xlsx,1396,AL2021,080800,LOULÉ,,CM,61795,24940,638,391
mapa_1_resultados.xlsx,1397,AL2021,080800,LOULÉ,,AM,61795,24933,695,383
mapa_1_resultados.xlsx,1398,AL2021,080801,LOULÉ,ALMANCIL,AF,8615,2899,81,63
mapa_1_resultados.xlsx,1399,AL2021,080802,LOULÉ,ALTE,AF,1598,851,28,13
mapa_1_resultados.xlsx,1400,AL2021,080803,LOULÉ,AMEIXIAL,AF,359,271,2,6
mapa_1_resultados.xlsx,1401,AL2021,080804,LOULÉ,BOLIQUEIME,AF,4107,1890,50,34
mapa_1_resultados.xlsx,1402,AL2021,080805,LOULÉ,QUARTEIRA,AF,20676,7009,109,116
mapa_1_resultados.xlsx,1403,AL2021,080807,LOULÉ,SALIR,AF,2277,1430,31,30
mapa_1_resultados.xlsx,1404,AL2021,080808,LOULÉ,LOULÉ (SÃO CLEMENTE),AF,15599,6631,160,108
mapa_1_resultados.xlsx,1405,AL2021,080809,LOULÉ,LOULÉ (SÃO SEBASTIÃO),AF,6360,2725,91,50
mapa_1_resultados.xlsx,1406,AL2021,080812,LOULÉ,"UNIÃO DE FREGUESIAS DE QUERENÇA, TÔR E BENAFIM",AF,2204,1240,31,27
mapa_1_resultados.xlsx,1407,AL2021,080900,MONCHIQUE,,CM,4591,3205,75,55
mapa_1_resultados.xlsx,1408,AL2021,080900,MONCHIQUE,,AM,4591,3205,86,55
mapa_1_resultados.xlsx,1409,AL2021,080901,MONCHIQUE,ALFERCE,AF,325,221,3,3
mapa_1_resultados.xlsx,1410,AL2021,080902,MONCHIQUE,MARMELETE,AF,570,435,3,4
mapa_1_resultados.xlsx,1411,AL2021,080903,MONCHIQUE,MONCHIQUE,AF,3696,2549,47,45
mapa_1_resultados.xlsx,1412,AL2021,081000,OLHÃO,,CM,37810,15466,396,222
mapa_1_resultados.xlsx,1413,AL2021,081000,OLHÃO,,AM,37810,15468,422,211
mapa_1_resultados.xlsx,1414,AL2021,081003,OLHÃO,OLHÃO,AF,12511,4499,131,56
mapa_1_resultados.xlsx,1415,AL2021,081004,OLHÃO,PECHÃO,AF,2957,1413,31,24
mapa_1_resultados.xlsx,1416,AL2021,081005,OLHÃO,QUELFES,AF,14451,5460,132,78
mapa_1_resultados.xlsx,1417,AL2021,081006,OLHÃO,UNIÃO DAS FREGUESIAS DE MONCARAPACHO E FUSETA,AF,7891,4098,97,67
mapa_1_resultados.xlsx,1418,AL2021,081100,PORTIMÃO,,CM,50212,21578,604,330
mapa_1_resultados.xlsx,1419,AL2021,081100,PORTIMÃO,,AM,50212,21578,627,327
mapa_1_resultados.xlsx,1420,AL2021,081101,PORTIMÃO,ALVOR,AF,5236,2452,75,40
mapa_1_resultados.xlsx,1421,AL2021,081102,PORTIMÃO,MEXILHOEIRA GRANDE,AF,3366,1858,48,38
mapa_1_resultados.xlsx,1422,AL2021,081103,PORTIMÃO,PORTIMÃO,AF,41610,17268,491,257
mapa_1_resultados.xlsx,1423,AL2021,081200,SÃO BRÁS DE ALPORTEL,,CM,9398,4884,116,50
mapa_1_resultados.xlsx,1424,AL2021,081200,SÃO BRÁS DE ALPORTEL,,AM,9398,4883,115,58
mapa_1_resultados.xlsx,1425,AL2021,081201,SÃO BRÁS DE ALPORTEL,SÃO BRÁS DE ALPORTEL,AF,9398,4884,125,63
mapa_1_resultados.xlsx,1426,AL2021,081300,SILVES,,CM,30958,14980,448,213
mapa_1_resultados.xlsx,1427,AL2021,081300,SILVES,,AM,30958,14971,512,260
mapa_1_resultados.xlsx,1428,AL2021,081303,SILVES,ARMAÇÃO DE PÊRA,AF,4808,1874,50,40
mapa_1_resultados.xlsx,1429,AL2021,081305,SILVES,SÃO BARTOLOMEU DE MESSINES,AF,6929,3501,83,65
mapa_1_resultados.xlsx,1430,AL2021,081306,SILVES,SÃO MARCOS DA SERRA,AF,978,573,16,20
mapa_1_resultados.xlsx,1431,AL2021,081307,SILVES,SILVES,AF,8984,4456,134,78
mapa_1_resultados.xlsx,1432,AL2021,081309,SILVES,UNIÃO DAS FREGUESIAS DE ALCANTARILHA E PÊRA,AF,4037,1964,64,25
mapa_1_resultados.xlsx,1433,AL2021,081310,SILVES,UNIÃO DAS FREGUESIAS DE ALGOZ E TUNES,AF,5222,2608,65,59
mapa_1_resultados.xlsx,1434,AL2021,081400,TAVIRA,,CM,22048,12063,246,129
mapa_1_resultados.xlsx,1435,AL2021,081400,TAVIRA,,AM,22048,12065,268,146
mapa_1_resultados.xlsx,1436,AL2021,081401,TAVIRA,CACHOPO,AF,509,365,8,8
mapa_1_resultados.xlsx,1437,AL2021,081404,TAVIRA,SANTA CATARINA DA FONTE DO BISPO,AF,1401,863,20,14
mapa_1_resultados.xlsx,1438,AL2021,081408,TAVIRA,SANTA LUZIA,AF,1248,836,18,10
mapa_1_resultados.xlsx,1439,AL2021,081410,TAVIRA,UNIÃO DAS FREGUESIAS DE CONCEIÇÃO E CABANAS DE TAVIRA,AF,2480,1291,45,14
mapa_1_resultados.xlsx,1440,AL2021,081411,TAVIRA,UNIÃO DAS FREGUESIAS DE LUZ DE TAVIRA E SANTO ESTÊVÃO,AF,3806,1995,35,35
mapa_1_resultados.xlsx,1441,AL2021,081412,TAVIRA,UNIÃO DAS FREGUESIAS DE TAVIRA (SANTA MARIA E SANTIAGO),AF,12604,6713,107,68
mapa_1_resultados.xlsx,1442,AL2021,081500,VILA DO BISPO,,CM,4193,2629,59,36
mapa_1_resultados.xlsx,1443,AL2021,081500,VILA DO BISPO,,AM,4193,2628,55,27
mapa_1_resultados.xlsx,1444,AL2021,081501,VILA DO BISPO,BARÃO DE SÃO MIGUEL,AF,323,210,13,3
mapa_1_resultados.xlsx,1445,AL2021,081502,VILA DO BISPO,BUDENS,AF,1188,654,14,6
mapa_1_resultados.xlsx,1446,AL2021,081504,VILA DO BISPO,SAGRES,AF,1574,980,9,17
mapa_1_resultados.xlsx,1447,AL2021,081506,VILA DO BISPO,VILA DO BISPO E RAPOSEIRA,AF,1108,785,15,7
mapa_1_resultados.xlsx,1448,AL2021,081600,VILA REAL DE SANTO ANTÓNIO,,CM,16970,9370,130,126
mapa_1_resultados.xlsx,1449,AL2021,081600,VILA REAL DE SANTO ANTÓNIO,,AM,16970,9371,155,112
mapa_1_resultados.xlsx,1450,AL2021,081601,VILA REAL DE SANTO ANTÓNIO,VILA NOVA DE CACELA,AF,3336,1778,36,30
mapa_1_resultados.xlsx,1451,AL2021,081602,VILA REAL DE SANTO ANTÓNIO,VILA REAL DE SANTO ANTÓNIO,AF,10495,5820,83,73
mapa_1_resultados.xlsx,1452,AL2021,081603,VILA REAL DE SANTO ANTÓNIO,MONTE GORDO,AF,3139,1771,12,25
mapa_1_resultados.xlsx,1453,AL2021,090000,GUARDA,,,,,,
mapa_1_resultados.xlsx,1454,AL2021,090100,AGUIAR DA BEIRA,,CM,5979,4205,60,74
mapa_1_resultados.xlsx,1455,AL2021,090100,AGUIAR DA BEIRA,,AM,5979,4206,81,65
mapa_1_resultados.xlsx,1456,AL2021,090102,AGUIAR DA BEIRA,CARAPITO,AF,449,370,4,11
mapa_1_resultados.xlsx,1457,AL2021,090103,AGUIAR DA BEIRA,CORTIÇADA,AF,438,297,3,2
mapa_1_resultados.xlsx,1458,AL2021,090105,AGUIAR DA BEIRA,DORNELAS,AF,665,458,9,11
mapa_1_resultados.xlsx,1459,AL2021,090106,AGUIAR DA BEIRA,EIRADO,AF,242,192,1,3
mapa_1_resultados.xlsx,1460,AL2021,090107,AGUIAR DA BEIRA,FORNINHOS,AF,234,177,1,2
mapa_1_resultados.xlsx,1461,AL2021,090109,AGUIAR DA BEIRA,PENA VERDE,AF,795,602,6,13
mapa_1_resultados.xlsx,1462,AL2021,090110,AGUIAR DA BEIRA,PINHEIRO,AF,317,197,4,2
mapa_1_resultados.xlsx,1463,AL2021,090114,AGUIAR DA BEIRA,UNIÃO DAS FREGUESIAS DE AGUIAR DA BEIRA E CORUCHE,AF,1792,1163,23,31
mapa_1_resultados.xlsx,1464,AL2021,090115,AGUIAR DA BEIRA,UNIÃO DAS FREGUESIAS DE SEQUEIROS E GRADIZ,AF,514,371,5,13
mapa_1_resultados.xlsx,1465,AL2021,090116,AGUIAR DA BEIRA,UNIÃO DAS FREGUESIAS DE SOUTO DE AGUIAR DA BEIRA E VALVERDE,AF,533,379,2,1
mapa_1_resultados.xlsx,1466,AL2021,090200,ALMEIDA,,CM,6738,4194,118,92
mapa_1_resultados.xlsx,1467,AL2021,090200,ALMEIDA,,AM,6738,4192,133,104
mapa_1_resultados.xlsx,1468,AL2021,090203,ALMEIDA,ALMEIDA,AF,1106,758,12,24
mapa_1_resultados.xlsx,1469,AL2021,090207,ALMEIDA,CASTELO BOM,AF,171,106,14,4
mapa_1_resultados.xlsx,1470,AL2021,090209,ALMEIDA,FREINEDA,AF,211,153,4,7
mapa_1_resultados.xlsx,1471,AL2021,090210,ALMEIDA,FREIXO,AF,189,130,9,18
mapa_1_resultados.xlsx,1472,AL2021,090213,ALMEIDA,MALHADA SORDA,AF,369,200,6,9
mapa_1_resultados.xlsx,1473,AL2021,090219,ALMEIDA,NAVE DE HAVER,AF,448,225,16,15
mapa_1_resultados.xlsx,1474,AL2021,090224,ALMEIDA,SÃO PEDRO DE RIO SECO,AF,182,112,5,4
mapa_1_resultados.xlsx,1475,AL2021,090227,ALMEIDA,VALE DA MULA,AF,208,131,32,2
mapa_1_resultados.xlsx,1476,AL2021,090229,ALMEIDA,VILAR FORMOSO,AF,1868,1147,32,16
mapa_1_resultados.xlsx,1477,AL2021,090230,ALMEIDA,"UNIÃO DAS FREGUESIAS DE AMOREIRA, PARADA E CABREIRA",AF,327,232,17,29
mapa_1_resultados.xlsx,1478,AL2021,090231,ALMEIDA,"UNIÃO DAS FREGUESIAS DE AZINHAL, PEVA E VALVERDE",AF,252,164,0,3
mapa_1_resultados.xlsx,1479,AL2021,090232,ALMEIDA,"UNIÃO DAS FREGUESIAS DE CASTELO MENDO, ADE, MONTEPEROBOLSO E MESQUITELA",AF,305,222,7,6
mapa_1_resultados.xlsx,1480,AL2021,090233,ALMEIDA,UNIÃO DAS FREGUESIAS DE JUNÇA E NAVES,AF,254,179,6,4
mapa_1_resultados.xlsx,1481,AL2021,090234,ALMEIDA,"UNIÃO DAS FREGUESIAS DE LEOMIL, MIDO, SENOURAS E ALDEIA NOVA",AF,226,102,10,4
mapa_1_resultados.xlsx,1482,AL2021,090235,ALMEIDA,UNIÃO DAS FREGUESIAS DE MALPARTIDA E VALE DE COELHA,AF,234,130,29,5
mapa_1_resultados.xlsx,1483,AL2021,090236,ALMEIDA,UNIÃO DAS FREGUESIAS DE MIUZELA E PORTO DE OVELHA,AF,388,202,39,23
mapa_1_resultados.xlsx,1484,AL2021,090300,CELORICO DA BEIRA,,CM,7385,5037,85,88
mapa_1_resultados.xlsx,1485,AL2021,090300,CELORICO DA BEIRA,,AM,7385,5036,93,95
mapa_1_resultados.xlsx,1486,AL2021,090302,CELORICO DA BEIRA,BARAÇAL,AF,242,140,24,15
mapa_1_resultados.xlsx,1487,AL2021,090304,CELORICO DA BEIRA,CARRAPICHANA,AF,236,145,7,6
mapa_1_resultados.xlsx,1488,AL2021,090306,CELORICO DA BEIRA,FORNO TELHEIRO,AF,643,480,7,6
mapa_1_resultados.xlsx,1489,AL2021,090307,CELORICO DA BEIRA,LAJEOSA DO MONDEGO,AF,617,459,8,10
mapa_1_resultados.xlsx,1490,AL2021,090308,CELORICO DA BEIRA,LINHARES,AF,258,165,1,2
mapa_1_resultados.xlsx,1491,AL2021,090309,CELORICO DA BEIRA,MAÇAL DO CHÃO,AF,181,129,1,3
mapa_1_resultados.xlsx,1492,AL2021,090310,CELORICO DA BEIRA,MESQUITELA,AF,252,161,4,5
mapa_1_resultados.xlsx,1493,AL2021,090311,CELORICO DA BEIRA,MINHOCAL,AF,165,108,4,1
mapa_1_resultados.xlsx,1494,AL2021,090312,CELORICO DA BEIRA,PRADOS,AF,231,114,15,4
mapa_1_resultados.xlsx,1495,AL2021,090314,CELORICO DA BEIRA,RATOEIRA,AF,262,182,3,1
mapa_1_resultados.xlsx,1496,AL2021,090318,CELORICO DA BEIRA,VALE DE AZARES,AF,375,283,6,7
mapa_1_resultados.xlsx,1497,AL2021,090322,CELORICO DA BEIRA,CASAS DO SOEIRO,AF,495,359,4,6
mapa_1_resultados.xlsx,1498,AL2021,090323,CELORICO DA BEIRA,UNIÃO DAS FREGUESIAS DE AÇORES E VELOSA,AF,506,343,6,11
mapa_1_resultados.xlsx,1499,AL2021,090324,CELORICO DA BEIRA,UNIÃO DAS FREGUESIAS DE CELORICO (SÃO PEDRO E SANTA MARIA) E VILA BOA DO MONDEGO,AF,2207,1451,26,31
mapa_1_resultados.xlsx,1500,AL2021,090325,CELORICO DA BEIRA,"UNIÃO DAS FREGUESIAS DE CORTIÇÔ DA SERRA, VIDE ENTRE VINHAS E SALGUEIRAIS",AF,423,300,2,6
mapa_1_resultados.xlsx,1501,AL2021,090326,CELORICO DA BEIRA,UNIÃO DAS FREGUESIAS DE RAPA E CADAFAZ,AF,292,216,9,9
mapa_1_resultados.xlsx,1502,AL2021,090400,FIGUEIRA DE CASTELO RODRIGO,,CM,5395,3951,54,83
mapa_1_resultados.xlsx,1503,AL2021,090400,FIGUEIRA DE CASTELO RODRIGO,,AM,5395,3981,74,92
mapa_1_resultados.xlsx,1504,AL2021,090403,FIGUEIRA DE CASTELO RODRIGO,CASTELO RODRIGO,AF,230,168,36,9
mapa_1_resultados.xlsx,1505,AL2021,090406,FIGUEIRA DE CASTELO RODRIGO,ESCALHÃO,AF,651,471,6,14
mapa_1_resultados.xlsx,1506,AL2021,090408,FIGUEIRA DE CASTELO RODRIGO,FIGUEIRA DE CASTELO RODRIGO,AF,2066,1536,27,22
mapa_1_resultados.xlsx,1507,AL2021,090410,FIGUEIRA DE CASTELO RODRIGO,MATA DE LOBOS,AF,338,224,4,6
mapa_1_resultados.xlsx,1508,AL2021,090415,FIGUEIRA DE CASTELO RODRIGO,VERMIOSA,AF,378,257,4,15
mapa_1_resultados.xlsx,1509,AL2021,090418,FIGUEIRA DE CASTELO RODRIGO,"UNIÃO DAS FREGUESIAS DE ALGODRES, VALE DE AFONSINHO E VILAR DE AMARGO",AF,413,315,7,12
mapa_1_resultados.xlsx,1510,AL2021,090419,FIGUEIRA DE CASTELO RODRIGO,UNIÃO DAS FREGUESIAS DE ALMOFALA E ESCARIGO,AF,256,171,1,6
mapa_1_resultados.xlsx,1511,AL2021,090420,FIGUEIRA DE CASTELO RODRIGO,UNIÃO DAS FREGUESIAS DE CINCO VILAS E REIGADA,AF,349,265,4,9
mapa_1_resultados.xlsx,1512,AL2021,090421,FIGUEIRA DE CASTELO RODRIGO,"UNIÃO DAS FREGUESIAS DE FREIXEDA DO TORRÃO, QUINTÃ DE PÊRO MARTINS E PENHA DE ÁGUIA",AF,484,396,2,9
mapa_1_resultados.xlsx,1513,AL2021,090422,FIGUEIRA DE CASTELO RODRIGO,UNIÃO DAS FREGUESIAS DO COLMEAL E VILAR TORPIM,AF,230,148,2,4
mapa_1_resultados.xlsx,1514,AL2021,090500,FORNOS DE ALGODRES,,CM,4399,3224,69,63
mapa_1_resultados.xlsx,1515,AL2021,090500,FORNOS DE ALGODRES,,AM,4399,3224,63,52
mapa_1_resultados.xlsx,1516,AL2021,090501,FORNOS DE ALGODRES,ALGODRES,AF,307,240,2,4
mapa_1_resultados.xlsx,1517,AL2021,090502,FORNOS DE ALGODRES,CASAL VASCO,AF,192,130,2,4
mapa_1_resultados.xlsx,1518,AL2021,090504,FORNOS DE ALGODRES,FIGUEIRÓ DA GRANJA,AF,356,261,50,12
mapa_1_resultados.xlsx,1519,AL2021,090505,FORNOS DE ALGODRES,FORNOS DE ALGODRES,AF,1303,985,17,20
mapa_1_resultados.xlsx,1520,AL2021,090507,FORNOS DE ALGODRES,INFIAS,AF,232,185,28,14
mapa_1_resultados.xlsx,1521,AL2021,090509,FORNOS DE ALGODRES,MACEIRA,AF,216,164,1,3
mapa_1_resultados.xlsx,1522,AL2021,090510,FORNOS DE ALGODRES,MATANÇA,AF,215,156,2,2
mapa_1_resultados.xlsx,1523,AL2021,090511,FORNOS DE ALGODRES,MUXAGATA,AF,255,202,2,0
mapa_1_resultados.xlsx,1524,AL2021,090512,FORNOS DE ALGODRES,QUEIRIZ,AF,249,169,43,9
mapa_1_resultados.xlsx,1525,AL2021,090517,FORNOS DE ALGODRES,UNIÃO DAS FREGUESIAS DE CORTIÇÔ E VILA CHÃ,AF,166,125,35,2
mapa_1_resultados.xlsx,1526,AL2021,090518,FORNOS DE ALGODRES,"UNIÃO DAS FREGUESIAS DE JUNCAIS, VILA RUIVA E VILA SOEIRO DO CHÃO",AF,641,428,14,12
mapa_1_resultados.xlsx,1527,AL2021,090519,FORNOS DE ALGODRES,UNIÃO DAS FREGUESIAS DE SOBRAL PICHORRO E FUINHAS,AF,267,180,31,19
mapa_1_resultados.xlsx,1528,AL2021,090600,GOUVEIA,,CM,12471,7020,255,171
mapa_1_resultados.xlsx,1529,AL2021,090600,GOUVEIA,,AM,12471,7020,267,168
mapa_1_resultados.xlsx,1530,AL2021,090602,GOUVEIA,ARCOZELO,AF,559,363,21,12
mapa_1_resultados.xlsx,1531,AL2021,090603,GOUVEIA,CATIVELOS,AF,724,296,69,13
mapa_1_resultados.xlsx,1532,AL2021,090605,GOUVEIA,FOLGOSINHO,AF,455,207,56,19
mapa_1_resultados.xlsx,1533,AL2021,090612,GOUVEIA,NESPEREIRA,AF,669,466,11,10
mapa_1_resultados.xlsx,1534,AL2021,090613,GOUVEIA,PAÇOS DA SERRA,AF,519,316,49,23
mapa_1_resultados.xlsx,1535,AL2021,090614,GOUVEIA,RIBAMONDEGO,AF,258,117,18,16
mapa_1_resultados.xlsx,1536,AL2021,090617,GOUVEIA,SÃO PAIO,AF,746,357,49,17
mapa_1_resultados.xlsx,1537,AL2021,090619,GOUVEIA,VILA CORTÊS DA SERRA,AF,218,126,16,3
mapa_1_resultados.xlsx,1538,AL2021,090620,GOUVEIA,VILA FRANCA DA SERRA,AF,240,143,25,11
mapa_1_resultados.xlsx,1539,AL2021,090621,GOUVEIA,VILA NOVA DE TAZEM,AF,1552,894,30,26
mapa_1_resultados.xlsx,1540,AL2021,090623,GOUVEIA,UNIÃO DAS FREGUESIAS DE ALDEIAS E MANGUALDE DA SERRA,AF,435,304,7,8
mapa_1_resultados.xlsx,1541,AL2021,090624,GOUVEIA,UNIÃO DAS FREGUESIAS DE FIGUEIRÓ DA SERRA E FREIXO DA SERRA,AF,379,217,31,10
mapa_1_resultados.xlsx,1542,AL2021,090625,GOUVEIA,GOUVEIA,AF,3142,1682,48,25
mapa_1_resultados.xlsx,1543,AL2021,090626,GOUVEIA,UNIÃO DAS FREGUESIAS DE MELO E NABAIS,AF,826,506,11,29
mapa_1_resultados.xlsx,1544,AL2021,090627,GOUVEIA,UNIÃO DAS FREGUESIAS DE MOIMENTA DA SERRA E VINHÓ,AF,1008,562,12,19
mapa_1_resultados.xlsx,1545,AL2021,090628,GOUVEIA,UNIÃO DAS FREGUESIAS DE RIO TORTO E LAGARINHOS,AF,741,464,9,18
mapa_1_resultados.xlsx,1546,AL2021,090700,GUARDA,,CM,37390,23631,432,462
mapa_1_resultados.xlsx,1547,AL2021,090700,GUARDA,,AM,37301,23559,484,474
mapa_1_resultados.xlsx,1548,AL2021,090703,GUARDA,ALDEIA DO BISPO,AF,188,154,2,2
mapa_1_resultados.xlsx,1549,AL2021,090704,GUARDA,ALDEIA VIÇOSA,AF,320,244,5,12
mapa_1_resultados.xlsx,1550,AL2021,090705,GUARDA,ALVENDRE,AF,208,129,20,16
mapa_1_resultados.xlsx,1551,AL2021,090706,GUARDA,ARRIFANA,AF,504,313,28,11
mapa_1_resultados.xlsx,1552,AL2021,090708,GUARDA,AVELÃS DA RIBEIRA,AF,146,,,
mapa_1_resultados.xlsx,1553,AL2021,090709,GUARDA,BENESPERA,AF,308,215,2,3
mapa_1_resultados.xlsx,1554,AL2021,090711,GUARDA,CASAL DE CINZA,AF,497,364,4,10
mapa_1_resultados.xlsx,1555,AL2021,090712,GUARDA,CASTANHEIRA,AF,337,233,4,4
mapa_1_resultados.xlsx,1556,AL2021,090713,GUARDA,CAVADOUDE,AF,244,208,0,2
mapa_1_resultados.xlsx,1557,AL2021,090714,GUARDA,CODESSEIRO,AF,208,166,5,10
mapa_1_resultados.xlsx,1558,AL2021,090716,GUARDA,FAIA,AF,178,133,23,27
mapa_1_resultados.xlsx,1559,AL2021,090717,GUARDA,FAMALICÃO,AF,477,303,25,15
mapa_1_resultados.xlsx,1560,AL2021,090718,GUARDA,FERNÃO JOANES,AF,244,163,1,5
mapa_1_resultados.xlsx,1561,AL2021,090721,GUARDA,GONÇALO BOCAS,AF,210,154,8,7
mapa_1_resultados.xlsx,1562,AL2021,090722,GUARDA,JOÃO ANTÃO,AF,128,,,
mapa_1_resultados.xlsx,1563,AL2021,090723,GUARDA,MAÇAINHAS,AF,978,717,11,22
mapa_1_resultados.xlsx,1564,AL2021,090724,GUARDA,MARMELEIRO,AF,398,253,6,7
mapa_1_resultados.xlsx,1565,AL2021,090725,GUARDA,MEIOS,AF,174,115,17,5
mapa_1_resultados.xlsx,1566,AL2021,090728,GUARDA,PANOIAS DE CIMA,AF,584,407,9,17
mapa_1_resultados.xlsx,1567,AL2021,090729,GUARDA,PEGA,AF,194,92,4,2
mapa_1_resultados.xlsx,1568,AL2021,090730,GUARDA,PÊRA DO MOÇO,AF,766,572,11,17
mapa_1_resultados.xlsx,1569,AL2021,090732,GUARDA,PORTO DA CARNE,AF,274,224,0,3
mapa_1_resultados.xlsx,1570,AL2021,090734,GUARDA,RAMELA,AF,204,162,6,7
mapa_1_resultados.xlsx,1571,AL2021,090738,GUARDA,SANTANA DA AZINHA,AF,416,272,30,35
mapa_1_resultados.xlsx,1572,AL2021,090744,GUARDA,SOBRAL DA SERRA,AF,230,170,1,6
mapa_1_resultados.xlsx,1573,AL2021,090746,GUARDA,VALE DE ESTRELA,AF,368,286,7,5
mapa_1_resultados.xlsx,1574,AL2021,090747,GUARDA,VALHELHAS,AF,336,193,29,8
mapa_1_resultados.xlsx,1575,AL2021,090748,GUARDA,VELA,AF,355,261,0,4
mapa_1_resultados.xlsx,1576,AL2021,090749,GUARDA,VIDEMONTE,AF,381,318,12,7
mapa_1_resultados.xlsx,1577,AL2021,090750,GUARDA,VILA CORTÊS DO MONDEGO,AF,254,172,24,9
mapa_1_resultados.xlsx,1578,AL2021,090751,GUARDA,VILA FERNANDO,AF,467,314,8,13
mapa_1_resultados.xlsx,1579,AL2021,090752,GUARDA,VILA FRANCA DO DEÃO,AF,143,,,
mapa_1_resultados.xlsx,1580,AL2021,090753,GUARDA,VILA GARCIA,AF,307,248,3,5
mapa_1_resultados.xlsx,1581,AL2021,090757,GUARDA,GONÇALO,AF,1006,628,7,16
mapa_1_resultados.xlsx,1582,AL2021,090758,GUARDA,GUARDA,AF,23042,13535,211,259
mapa_1_resultados.xlsx,1583,AL2021,090759,GUARDA,JARMELO SÃO MIGUEL,AF,285,209,26,11
mapa_1_resultados.xlsx,1584,AL2021,090760,GUARDA,JARMELO SÃO PEDRO,AF,287,211,3,4
mapa_1_resultados.xlsx,1585,AL2021,090761,GUARDA,UNIÃO DE FREGUESIAS DE AVELÃS DE AMBOM E ROCAMONDO,AF,151,101,11,0
mapa_1_resultados.xlsx,1586,AL2021,090762,GUARDA,UNIÃO DE FREGUESIAS DE CORUJEIRA E TRINTA,AF,507,312,57,34
mapa_1_resultados.xlsx,1587,AL2021,090763,GUARDA,"UNIÃO DE FREGUESIAS DE MIZARELA, PÊRO SOARES E VILA SOEIRO",AF,230,171,4,5
mapa_1_resultados.xlsx,1588,AL2021,090764,GUARDA,UNIÃO DE FREGUESIAS DE POUSADE E ALBARDO,AF,268,205,1,5
mapa_1_resultados.xlsx,1589,AL2021,090765,GUARDA,UNIÃO DE FREGUESIAS DE ROCHOSO E MONTE MARGARIDA,AF,269,171,3,6
mapa_1_resultados.xlsx,1590,AL2021,090766,GUARDA,ADÃO,AF,294,158,34,4
mapa_1_resultados.xlsx,1591,AL2021,090800,MANTEIGAS,,CM,3125,2220,23,41
mapa_1_resultados.xlsx,1592,AL2021,090800,MANTEIGAS,,AM,2933,2220,46,49
mapa_1_resultados.xlsx,1593,AL2021,090801,MANTEIGAS,SAMEIRO,AF,347,252,4,3
mapa_1_resultados.xlsx,1594,AL2021,090802,MANTEIGAS,MANTEIGAS (SANTA MARIA),AF,1325,952,19,26
mapa_1_resultados.xlsx,1595,AL2021,090803,MANTEIGAS,MANTEIGAS (SÃO PEDRO),AF,1174,845,10,26
mapa_1_resultados.xlsx,1596,AL2021,090804,MANTEIGAS,VALE DE AMOREIRA,AF,279,171,2,4
mapa_1_resultados.xlsx,1597,AL2021,090900,MEDA,,CM,5165,3447,67,96
mapa_1_resultados.xlsx,1598,AL2021,090900,MEDA,,AM,5165,3445,81,103
mapa_1_resultados.xlsx,1599,AL2021,090901,MEDA,AVELOSO,AF,203,143,4,2
mapa_1_resultados.xlsx,1600,AL2021,090902,MEDA,BARREIRA,AF,227,131,2,1
mapa_1_resultados.xlsx,1601,AL2021,090905,MEDA,CORISCADA,AF,185,131,3,2
mapa_1_resultados.xlsx,1602,AL2021,090907,MEDA,LONGROIVA,AF,284,170,1,8
mapa_1_resultados.xlsx,1603,AL2021,090908,MEDA,MARIALVA,AF,271,153,23,11
mapa_1_resultados.xlsx,1604,AL2021,090912,MEDA,POÇO DO CANTO,AF,426,277,27,10
mapa_1_resultados.xlsx,1605,AL2021,090914,MEDA,RABAÇAL,AF,260,180,28,4
mapa_1_resultados.xlsx,1606,AL2021,090915,MEDA,RANHADOS,AF,314,196,8,9
mapa_1_resultados.xlsx,1607,AL2021,090917,MEDA,"MÊDA, OUTEIRO DE GATOS E FONTE LONGA",AF,2306,1647,25,42
mapa_1_resultados.xlsx,1608,AL2021,090918,MEDA,PROVA E CASTEIÇÃO,AF,351,239,5,9
mapa_1_resultados.xlsx,1609,AL2021,090919,MEDA,"UNIÃO DAS FREGUESIAS DE VALE FLOR, CARVALHAL E PAI PENELA",AF,338,180,28,15
mapa_1_resultados.xlsx,1610,AL2021,091000,PINHEL,,CM,8967,5442,162,129
mapa_1_resultados.xlsx,1611,AL2021,091000,PINHEL,,AM,8967,5461,178,152
mapa_1_resultados.xlsx,1612,AL2021,091009,PINHEL,ERVEDOSA,AF,160,126,4,6
mapa_1_resultados.xlsx,1613,AL2021,091010,PINHEL,FREIXEDAS,AF,839,535,22,18
mapa_1_resultados.xlsx,1614,AL2021,091012,PINHEL,LAMEGAL,AF,245,142,13,7
mapa_1_resultados.xlsx,1615,AL2021,091013,PINHEL,LAMEIRAS,AF,239,157,11,2
mapa_1_resultados.xlsx,1616,AL2021,091014,PINHEL,MANIGOTO,AF,199,102,14,5
mapa_1_resultados.xlsx,1617,AL2021,091015,PINHEL,PALA,AF,585,381,11,12
mapa_1_resultados.xlsx,1618,AL2021,091017,PINHEL,PINHEL,AF,3218,1862,40,40
mapa_1_resultados.xlsx,1619,AL2021,091018,PINHEL,PÍNZIO,AF,362,201,23,25
mapa_1_resultados.xlsx,1620,AL2021,091024,PINHEL,SOURO PIRES,AF,552,379,4,10
mapa_1_resultados.xlsx,1621,AL2021,091027,PINHEL,VASCOVEIRO,AF,199,113,20,3
mapa_1_resultados.xlsx,1622,AL2021,091028,PINHEL,AGREGAÇÃO DAS FREGUESIAS SUL DE PINHEL,AF,402,280,5,7
mapa_1_resultados.xlsx,1623,AL2021,091029,PINHEL,ALVERCA DA BEIRA/BOUÇA COVA (6),AF,509,327,4,9
mapa_1_resultados.xlsx,1624,AL2021,091030,PINHEL,TERRAS DE MASSUEIME,AF,279,130,29,18
mapa_1_resultados.xlsx,1625,AL2021,091031,PINHEL,VALBOM/BOGALHAL (6),AF,231,133,17,5
mapa_1_resultados.xlsx,1626,AL2021,091032,PINHEL,ALTO DO PALURDO,AF,254,170,3,2
mapa_1_resultados.xlsx,1627,AL2021,091033,PINHEL,VALE DO CÔA,AF,196,123,4,1
mapa_1_resultados.xlsx,1628,AL2021,091034,PINHEL,VALE DO MASSUEIME,AF,280,141,13,13
mapa_1_resultados.xlsx,1629,AL2021,091035,PINHEL,UNIÃO DAS FREGUESIAS DE ATALAIA E SAFURDÃO,AF,218,144,11,2
mapa_1_resultados.xlsx,1630,AL2021,091100,SABUGAL,,CM,12572,7226,182,115
mapa_1_resultados.xlsx,1631,AL2021,091100,SABUGAL,,AM,12572,7226,222,134
mapa_1_resultados.xlsx,1632,AL2021,091101,SABUGAL,ÁGUAS BELAS,AF,198,123,0,2
mapa_1_resultados.xlsx,1633,AL2021,091102,SABUGAL,ALDEIA DO BISPO,AF,240,153,19,5
mapa_1_resultados.xlsx,1634,AL2021,091103,SABUGAL,ALDEIA DA PONTE,AF,335,172,29,8
mapa_1_resultados.xlsx,1635,AL2021,091106,SABUGAL,ALDEIA VELHA,AF,406,229,37,15
mapa_1_resultados.xlsx,1636,AL2021,091107,SABUGAL,ALFAIATES,AF,375,183,26,26
mapa_1_resultados.xlsx,1637,AL2021,091109,SABUGAL,BARAÇAL,AF,190,102,21,3
mapa_1_resultados.xlsx,1638,AL2021,091110,SABUGAL,BENDADA,AF,539,369,3,4
mapa_1_resultados.xlsx,1639,AL2021,091111,SABUGAL,BISMULA,AF,209,95,29,1
mapa_1_resultados.xlsx,1640,AL2021,091112,SABUGAL,CASTELEIRO,AF,307,168,14,9
mapa_1_resultados.xlsx,1641,AL2021,091113,SABUGAL,CERDEIRA,AF,188,101,33,8
mapa_1_resultados.xlsx,1642,AL2021,091114,SABUGAL,FÓIOS,AF,294,220,7,10
mapa_1_resultados.xlsx,1643,AL2021,091118,SABUGAL,MALCATA,AF,388,187,28,17
mapa_1_resultados.xlsx,1644,AL2021,091120,SABUGAL,NAVE,AF,270,116,20,10
mapa_1_resultados.xlsx,1645,AL2021,091123,SABUGAL,QUADRAZAIS,AF,570,240,64,9
mapa_1_resultados.xlsx,1646,AL2021,091124,SABUGAL,QUINTAS DE SÃO BARTOLOMEU,AF,249,134,3,0
mapa_1_resultados.xlsx,1647,AL2021,091125,SABUGAL,RAPOULA DO CÔA,AF,202,128,24,6
mapa_1_resultados.xlsx,1648,AL2021,091126,SABUGAL,REBOLOSA,AF,251,135,20,13
mapa_1_resultados.xlsx,1649,AL2021,091127,SABUGAL,RENDO,AF,298,169,5,2
mapa_1_resultados.xlsx,1650,AL2021,091133,SABUGAL,SORTELHA,AF,399,202,16,8
mapa_1_resultados.xlsx,1651,AL2021,091134,SABUGAL,SOUTO,AF,1086,672,5,8
mapa_1_resultados.xlsx,1652,AL2021,091136,SABUGAL,VALE DE ESPINHO,AF,454,199,4,5
mapa_1_resultados.xlsx,1653,AL2021,091138,SABUGAL,VILA BOA,AF,293,193,2,0
mapa_1_resultados.xlsx,1654,AL2021,091139,SABUGAL,VILA DO TOURO,AF,181,108,14,7
mapa_1_resultados.xlsx,1655,AL2021,091141,SABUGAL,"UNIÃO DAS FREGUESIAS DE ALDEIA DA RIBEIRA, VILAR MAIOR E BADAMALOS",AF,353,217,6,4
mapa_1_resultados.xlsx,1656,AL2021,091142,SABUGAL,UNIÃO DAS FREGUESIAS DE LAJEOSA E FORCALHOS,AF,252,145,1,4
mapa_1_resultados.xlsx,1657,AL2021,091143,SABUGAL,"UNIÃO DAS FREGUESIAS DE POUSAFOLES DO BISPO, PENA LOBO E LOMBA",AF,417,290,0,1
mapa_1_resultados.xlsx,1658,AL2021,091144,SABUGAL,"UNIÃO DAS FREGUESIAS DE RUVINA, RUIVÓS E VALE DAS ÉGUAS",AF,256,140,28,11
mapa_1_resultados.xlsx,1659,AL2021,091145,SABUGAL,UNIÃO DAS FREGUESIAS DE SABUGAL E ALDEIA DE SANTO ANTÓNIO,AF,2661,1687,31,31
mapa_1_resultados.xlsx,1660,AL2021,091146,SABUGAL,UNIÃO DAS FREGUESIAS DE SANTO ESTÊVÃO E MOITA,AF,410,196,5,10
mapa_1_resultados.xlsx,1661,AL2021,091147,SABUGAL,UNIÃO DAS FREGUESIAS DE SEIXO DO CÔA E VALE LONGO,AF,301,152,16,8
mapa_1_resultados.xlsx,1662,AL2021,091200,SEIA,,CM,21227,12885,373,265
mapa_1_resultados.xlsx,1663,AL2021,091200,SEIA,,AM,21227,12859,391,269
mapa_1_resultados.xlsx,1664,AL2021,091201,SEIA,ALVOCO DA SERRA,AF,432,279,7,4
mapa_1_resultados.xlsx,1665,AL2021,091205,SEIA,GIRABOLHOS,AF,334,146,20,9
mapa_1_resultados.xlsx,1666,AL2021,091207,SEIA,LORIGA,AF,867,630,20,12
mapa_1_resultados.xlsx,1667,AL2021,091208,SEIA,PARANHOS,AF,1287,767,14,9
mapa_1_resultados.xlsx,1668,AL2021,091209,SEIA,PINHANÇOS,AF,652,409,15,14
mapa_1_resultados.xlsx,1669,AL2021,091210,SEIA,SABUGUEIRO,AF,367,245,12,3
mapa_1_resultados.xlsx,1670,AL2021,091212,SEIA,SANDOMIL,AF,719,506,16,10
mapa_1_resultados.xlsx,1671,AL2021,091213,SEIA,SANTA COMBA,AF,689,460,5,14
mapa_1_resultados.xlsx,1672,AL2021,091216,SEIA,SANTIAGO,AF,1084,733,21,11
mapa_1_resultados.xlsx,1673,AL2021,091219,SEIA,SAZES DA BEIRA,AF,236,123,13,5
mapa_1_resultados.xlsx,1674,AL2021,091221,SEIA,TEIXEIRA,AF,174,113,12,7
mapa_1_resultados.xlsx,1675,AL2021,091224,SEIA,TRAVANCINHA,AF,378,224,33,29
mapa_1_resultados.xlsx,1676,AL2021,091225,SEIA,VALEZIM,AF,263,192,8,3
mapa_1_resultados.xlsx,1677,AL2021,091228,SEIA,VILA COVA À COELHEIRA,AF,335,263,3,3
mapa_1_resultados.xlsx,1678,AL2021,091230,SEIA,UNIÃO DAS FREGUESIAS DE CARRAGOZELA E VÁRZEA DE MERUGE,AF,505,414,6,9
mapa_1_resultados.xlsx,1679,AL2021,091231,SEIA,UNIÃO DAS FREGUESIAS DE SAMEICE E SANTA EULÁLIA,AF,534,378,8,8
mapa_1_resultados.xlsx,1680,AL2021,091232,SEIA,UNIÃO DAS FREGUESIAS DE SANTA MARINHA E SÃO MARTINHO,AF,1409,911,28,14
mapa_1_resultados.xlsx,1681,AL2021,091233,SEIA,"UNIÃO DAS FREGUESIAS DE SEIA, SÃO ROMÃO E LAPA DOS DINHEIROS",AF,8151,4287,146,110
mapa_1_resultados.xlsx,1682,AL2021,091234,SEIA,UNIÃO DAS FREGUESIAS DE TORROZELO E FOLHADOSA,AF,682,438,50,54
mapa_1_resultados.xlsx,1683,AL2021,091235,SEIA,UNIÃO DAS FREGUESIAS DE TOURAIS E LAJES,AF,1528,943,23,12
mapa_1_resultados.xlsx,1684,AL2021,091236,SEIA,UNIÃO DAS FREGUESIAS DE VIDE E CABEÇA,AF,601,398,12,7
mapa_1_resultados.xlsx,1685,AL2021,091300,TRANCOSO,,CM,8844,5797,206,129
mapa_1_resultados.xlsx,1686,AL2021,091300,TRANCOSO,,AM,8844,5798,226,128
mapa_1_resultados.xlsx,1687,AL2021,091301,TRANCOSO,ALDEIA NOVA,AF,283,189,3,5
mapa_1_resultados.xlsx,1688,AL2021,091303,TRANCOSO,CASTANHEIRA,AF,166,122,17,7
mapa_1_resultados.xlsx,1689,AL2021,091304,TRANCOSO,COGULA,AF,171,116,0,1
mapa_1_resultados.xlsx,1690,AL2021,091305,TRANCOSO,CÓTIMOS,AF,163,97,3,1
mapa_1_resultados.xlsx,1691,AL2021,091307,TRANCOSO,FIÃES,AF,240,144,35,7
mapa_1_resultados.xlsx,1692,AL2021,091309,TRANCOSO,GRANJA,AF,169,87,11,6
mapa_1_resultados.xlsx,1693,AL2021,091310,TRANCOSO,GUILHEIRO,AF,155,118,3,0
mapa_1_resultados.xlsx,1694,AL2021,091311,TRANCOSO,MOIMENTINHA,AF,201,115,10,8
mapa_1_resultados.xlsx,1695,AL2021,091312,TRANCOSO,MOREIRA DE REI,AF,496,260,19,3
mapa_1_resultados.xlsx,1696,AL2021,091313,TRANCOSO,PALHAIS,AF,174,89,15,7
mapa_1_resultados.xlsx,1697,AL2021,091314,TRANCOSO,PÓVOA DO CONCELHO,AF,285,213,3,5
mapa_1_resultados.xlsx,1698,AL2021,091315,TRANCOSO,REBOLEIRO,AF,214,118,28,4
mapa_1_resultados.xlsx,1699,AL2021,091316,TRANCOSO,RIO DE MEL,AF,243,172,39,14
mapa_1_resultados.xlsx,1700,AL2021,091321,TRANCOSO,TAMANHOS,AF,224,162,3,1
mapa_1_resultados.xlsx,1701,AL2021,091325,TRANCOSO,VALDUJO,AF,189,133,1,1
mapa_1_resultados.xlsx,1702,AL2021,091330,TRANCOSO,UNIÃO DAS FREGUESIAS DE FRECHES E TORRES,AF,514,346,3,15
mapa_1_resultados.xlsx,1703,AL2021,091331,TRANCOSO,"UNIÃO DAS FREGUESIAS DE TORRE DO TERRENHO, SEBADELHE DA SERRA E TERRENHO",AF,440,303,3,4
mapa_1_resultados.xlsx,1704,AL2021,091332,TRANCOSO,UNIÃO DAS FREGUESIAS DE TRANCOSO (SÃO PEDRO E SANTA MARIA) E SOUTO MAIOR,AF,3038,1975,57,43
mapa_1_resultados.xlsx,1705,AL2021,091333,TRANCOSO,UNIÃO DAS FREGUESIAS DE VALE DO SEIXO E VILA GARCIA,AF,239,140,15,1
mapa_1_resultados.xlsx,1706,AL2021,091334,TRANCOSO,UNIÃO DAS FREGUESIAS DE VILA FRANCA DAS NAVES E FEITAL,AF,922,683,9,8
mapa_1_resultados.xlsx,1707,AL2021,091335,TRANCOSO,UNIÃO DAS FREGUESIAS DE VILARES E CARNICÃES,AF,318,215,28,7
mapa_1_resultados.xlsx,1708,AL2021,091400,VILA NOVA DE FOZ CÔA,,CM,7088,4458,100,78
mapa_1_resultados.xlsx,1709,AL2021,091400,VILA NOVA DE FOZ CÔA,,AM,7088,4457,96,99
mapa_1_resultados.xlsx,1710,AL2021,091401,VILA NOVA DE FOZ CÔA,ALMENDRA,AF,383,225,1,3
mapa_1_resultados.xlsx,1711,AL2021,091402,VILA NOVA DE FOZ CÔA,CASTELO MELHOR,AF,244,157,2,3
mapa_1_resultados.xlsx,1712,AL2021,091403,VILA NOVA DE FOZ CÔA,CEDOVIM,AF,303,204,3,8
mapa_1_resultados.xlsx,1713,AL2021,091404,VILA NOVA DE FOZ CÔA,CHÃS,AF,276,171,29,12
mapa_1_resultados.xlsx,1714,AL2021,091405,VILA NOVA DE FOZ CÔA,CUSTÓIAS,AF,224,129,3,7
mapa_1_resultados.xlsx,1715,AL2021,091407,VILA NOVA DE FOZ CÔA,HORTA,AF,240,168,2,2
mapa_1_resultados.xlsx,1716,AL2021,091410,VILA NOVA DE FOZ CÔA,MUXAGATA,AF,317,211,3,6
mapa_1_resultados.xlsx,1717,AL2021,091411,VILA NOVA DE FOZ CÔA,NUMÃO,AF,272,182,4,5
mapa_1_resultados.xlsx,1718,AL2021,091412,VILA NOVA DE FOZ CÔA,SANTA COMBA,AF,291,181,2,3
mapa_1_resultados.xlsx,1719,AL2021,091414,VILA NOVA DE FOZ CÔA,SEBADELHE,AF,260,183,5,2
mapa_1_resultados.xlsx,1720,AL2021,091415,VILA NOVA DE FOZ CÔA,SEIXAS,AF,297,175,29,6
mapa_1_resultados.xlsx,1721,AL2021,091416,VILA NOVA DE FOZ CÔA,TOUÇA (11),AF,,,,
mapa_1_resultados.xlsx,1722,AL2021,091418,VILA NOVA DE FOZ CÔA,FREIXO DE NUMÃO,AF,536,353,49,18
mapa_1_resultados.xlsx,1723,AL2021,091419,VILA NOVA DE FOZ CÔA,VILA NOVA DE FOZ CÔA,AF,3216,1960,71,36
mapa_1_resultados.xlsx,1724,AL2021,100000,LEIRIA,,,,,,
mapa_1_resultados.xlsx,1725,AL2021,100100,ALCOBAÇA,,CM,47891,27204,911,660
mapa_1_resultados.xlsx,1726,AL2021,100100,ALCOBAÇA,,AM,48605,27603,1108,736
mapa_1_resultados.xlsx,1727,AL2021,100102,ALCOBAÇA,ALFEIZERÃO,AF,3274,1444,52,39
mapa_1_resultados.xlsx,1728,AL2021,100104,ALCOBAÇA,BÁRRIO,AF,1309,840,20,12
mapa_1_resultados.xlsx,1729,AL2021,100105,ALCOBAÇA,BENEDITA,AF,7400,4600,119,149
mapa_1_resultados.xlsx,1730,AL2021,100106,ALCOBAÇA,CELA,AF,2754,1532,37,38
mapa_1_resultados.xlsx,1731,AL2021,100108,ALCOBAÇA,ÉVORA DE ALCOBAÇA,AF,3711,2367,41,58
mapa_1_resultados.xlsx,1732,AL2021,100109,ALCOBAÇA,MAIORGA,AF,1662,977,21,15
mapa_1_resultados.xlsx,1733,AL2021,100112,ALCOBAÇA,SÃO MARTINHO DO PORTO,AF,2740,1435,41,43
mapa_1_resultados.xlsx,1734,AL2021,100114,ALCOBAÇA,TURQUEL,AF,3784,2529,55,63
mapa_1_resultados.xlsx,1735,AL2021,100116,ALCOBAÇA,VIMEIRO,AF,1602,988,51,38
mapa_1_resultados.xlsx,1736,AL2021,100120,ALCOBAÇA,ALJUBARROTA,AF,5596,2845,133,107
mapa_1_resultados.xlsx,1737,AL2021,100121,ALCOBAÇA,UNIÃO DAS FREGUESIAS DE ALCOBAÇA E VESTIARIA,AF,6178,3081,81,52
mapa_1_resultados.xlsx,1738,AL2021,100122,ALCOBAÇA,"UNIÃO DAS FREGUESIAS DE COZ, ALPEDRIZ E MONTES",AF,2667,1586,38,33
mapa_1_resultados.xlsx,1739,AL2021,100123,ALCOBAÇA,UNIÃO DAS FREGUESIAS DE PATAIAS E MARTINGANÇA,AF,5928,3382,105,46
mapa_1_resultados.xlsx,1740,AL2021,100200,ALVAIÁZERE,,CM,5923,3871,71,69
mapa_1_resultados.xlsx,1741,AL2021,100200,ALVAIÁZERE,,AM,5923,3871,81,79
mapa_1_resultados.xlsx,1742,AL2021,100201,ALVAIÁZERE,ALMOSTER,AF,565,385,4,2
mapa_1_resultados.xlsx,1743,AL2021,100204,ALVAIÁZERE,MAÇÃS DE DONA MARIA,AF,1449,966,14,13
mapa_1_resultados.xlsx,1744,AL2021,100205,ALVAIÁZERE,PELMÁ,AF,729,399,2,12
mapa_1_resultados.xlsx,1745,AL2021,100208,ALVAIÁZERE,ALVAIÁZERE,AF,1629,1073,24,17
mapa_1_resultados.xlsx,1746,AL2021,100209,ALVAIÁZERE,PUSSOS SÃO PEDRO,AF,1551,1048,24,22
mapa_1_resultados.xlsx,1747,AL2021,100300,ANSIÃO,,CM,11103,7189,145,93
mapa_1_resultados.xlsx,1748,AL2021,100300,ANSIÃO,,AM,11103,7189,141,98
mapa_1_resultados.xlsx,1749,AL2021,100301,ANSIÃO,ALVORGE,AF,949,654,4,3
mapa_1_resultados.xlsx,1750,AL2021,100303,ANSIÃO,AVELAR,AF,1793,1195,15,25
mapa_1_resultados.xlsx,1751,AL2021,100304,ANSIÃO,CHÃO DE COUCE,AF,1661,1042,11,18
mapa_1_resultados.xlsx,1752,AL2021,100306,ANSIÃO,POUSAFLORES,AF,838,580,7,7
mapa_1_resultados.xlsx,1753,AL2021,100307,ANSIÃO,SANTIAGO DA GUARDA,AF,2670,1624,25,25
mapa_1_resultados.xlsx,1754,AL2021,100309,ANSIÃO,ANSIÃO,AF,3192,2094,33,22
mapa_1_resultados.xlsx,1755,AL2021,100400,BATALHA,,CM,13989,9217,241,161
mapa_1_resultados.xlsx,1756,AL2021,100400,BATALHA,,AM,13989,8758,249,137
mapa_1_resultados.xlsx,1757,AL2021,100401,BATALHA,BATALHA,AF,7534,4635,136,80
mapa_1_resultados.xlsx,1758,AL2021,100402,BATALHA,REGUENGO DO FETAL,AF,1892,1183,35,28
mapa_1_resultados.xlsx,1759,AL2021,100403,BATALHA,SÃO MAMEDE,AF,3244,1998,53,32
mapa_1_resultados.xlsx,1760,AL2021,100404,BATALHA,GOLPILHEIRA,AF,1319,943,18,15
mapa_1_resultados.xlsx,1761,AL2021,100500,BOMBARRAL,,CM,11208,6327,154,105
mapa_1_resultados.xlsx,1762,AL2021,100500,BOMBARRAL,,AM,11208,6327,175,109
mapa_1_resultados.xlsx,1763,AL2021,100502,BOMBARRAL,CARVALHAL,AF,2203,1307,31,38
mapa_1_resultados.xlsx,1764,AL2021,100503,BOMBARRAL,ROLIÇA,AF,2223,1257,19,19
mapa_1_resultados.xlsx,1765,AL2021,100505,BOMBARRAL,PÓ,AF,715,511,7,5
mapa_1_resultados.xlsx,1766,AL2021,100506,BOMBARRAL,UNIÃO DAS FREGUESIAS DE BOMBARRAL E VALE COVO,AF,6067,3252,79,46
mapa_1_resultados.xlsx,1767,AL2021,100600,CALDAS DA RAINHA,,CM,45524,22205,460,292
mapa_1_resultados.xlsx,1768,AL2021,100600,CALDAS DA RAINHA,,AM,45524,22210,513,316
mapa_1_resultados.xlsx,1769,AL2021,100601,CALDAS DA RAINHA,A DOS FRANCOS,AF,1393,752,29,12
mapa_1_resultados.xlsx,1770,AL2021,100602,CALDAS DA RAINHA,ALVORNINHA,AF,2473,1236,26,17
mapa_1_resultados.xlsx,1771,AL2021,100604,CALDAS DA RAINHA,CARVALHAL BENFEITO,AF,1033,589,12,10
mapa_1_resultados.xlsx,1772,AL2021,100606,CALDAS DA RAINHA,FOZ DO ARELHO,AF,1368,797,11,12
mapa_1_resultados.xlsx,1773,AL2021,100607,CALDAS DA RAINHA,LANDAL,AF,923,488,25,31
mapa_1_resultados.xlsx,1774,AL2021,100608,CALDAS DA RAINHA,NADADOURO,AF,1769,971,44,17
mapa_1_resultados.xlsx,1775,AL2021,100609,CALDAS DA RAINHA,SALIR DE MATOS,AF,2241,1234,27,17
mapa_1_resultados.xlsx,1776,AL2021,100611,CALDAS DA RAINHA,SANTA CATARINA,AF,2575,1623,31,40
mapa_1_resultados.xlsx,1777,AL2021,100615,CALDAS DA RAINHA,VIDAIS,AF,913,545,13,10
mapa_1_resultados.xlsx,1778,AL2021,100617,CALDAS DA RAINHA,"UNIÃO DAS FREGUESIAS DE CALDAS DA RAINHA - NOSSA SENHORA DO PÓPULO, COTO E SÃO GREGÓRIO",AF,16394,7698,143,98
mapa_1_resultados.xlsx,1779,AL2021,100618,CALDAS DA RAINHA,UNIÃO DAS FREGUESIAS DE CALDAS DA RAINHA - SANTO ONOFRE E SERRA DO BOURO,AF,10573,4319,111,41
mapa_1_resultados.xlsx,1780,AL2021,100619,CALDAS DA RAINHA,UNIÃO DAS FREGUESIAS DE TORNADA E SALIR DO PORTO,AF,3869,1570,74,43
mapa_1_resultados.xlsx,1781,AL2021,100700,CASTANHEIRA DE PÊRA,,CM,2545,1869,28,37
mapa_1_resultados.xlsx,1782,AL2021,100700,CASTANHEIRA DE PÊRA,,AM,2545,1869,42,46
mapa_1_resultados.xlsx,1783,AL2021,100703,CASTANHEIRA DE PÊRA,UNIÃO DAS FREGUESIAS DE CASTANHEIRA DE PÊRA E COENTRAL,AF,2545,1869,37,63
mapa_1_resultados.xlsx,1784,AL2021,100800,FIGUEIRÓ DOS VINHOS,,CM,5270,3633,76,79
mapa_1_resultados.xlsx,1785,AL2021,100800,FIGUEIRÓ DOS VINHOS,,AM,5270,3633,74,84
mapa_1_resultados.xlsx,1786,AL2021,100801,FIGUEIRÓ DOS VINHOS,AGUDA,AF,935,634,12,11
mapa_1_resultados.xlsx,1787,AL2021,100802,FIGUEIRÓ DOS VINHOS,AREGA,AF,742,570,6,23
mapa_1_resultados.xlsx,1788,AL2021,100803,FIGUEIRÓ DOS VINHOS,CAMPELO,AF,174,128,0,2
mapa_1_resultados.xlsx,1789,AL2021,100806,FIGUEIRÓ DOS VINHOS,UNIÃO DAS FREGUESIAS DE FIGUEIRÓ DOS VINHOS E BAIRRADAS,AF,3419,2301,41,55
mapa_1_resultados.xlsx,1790,AL2021,100900,LEIRIA,,CM,113434,60332,2134,1140
mapa_1_resultados.xlsx,1791,AL2021,100900,LEIRIA,,AM,113424,60237,2432,1219
mapa_1_resultados.xlsx,1792,AL2021,100901,LEIRIA,AMOR,AF,4103,2222,92,79
mapa_1_resultados.xlsx,1793,AL2021,100902,LEIRIA,ARRABAL,AF,2367,1443,50,25
mapa_1_resultados.xlsx,1794,AL2021,100907,LEIRIA,CARANGUEJEIRA,AF,4316,2619,58,65
mapa_1_resultados.xlsx,1795,AL2021,100909,LEIRIA,COIMBRÃO,AF,1650,857,40,23
mapa_1_resultados.xlsx,1796,AL2021,100913,LEIRIA,MACEIRA,AF,8421,4593,214,107
mapa_1_resultados.xlsx,1797,AL2021,100915,LEIRIA,MILAGRES,AF,2799,1578,62,34
mapa_1_resultados.xlsx,1798,AL2021,100921,LEIRIA,REGUEIRA DE PONTES,AF,1897,1174,55,37
mapa_1_resultados.xlsx,1799,AL2021,100925,LEIRIA,BAJOUCA,AF,1780,1227,28,27
mapa_1_resultados.xlsx,1800,AL2021,100926,LEIRIA,BIDOEIRA DE CIMA,AF,2079,1326,20,40
mapa_1_resultados.xlsx,1801,AL2021,100932,LEIRIA,UNIÃO DAS FREGUESIAS DE COLMEIAS E MEMÓRIA,AF,3890,1902,61,34
mapa_1_resultados.xlsx,1802,AL2021,100933,LEIRIA,"UNIÃO DAS FREGUESIAS DE LEIRIA, POUSOS, BARREIRA E CORTES",AF,29219,14794,631,286
mapa_1_resultados.xlsx,1803,AL2021,100934,LEIRIA,UNIÃO DAS FREGUESIAS DE MARRAZES E BAROSA,AF,21659,9288,459,211
mapa_1_resultados.xlsx,1804,AL2021,100935,LEIRIA,UNIÃO DAS FREGUESIAS DE MONTE REAL E CARVIDE,AF,4989,2781,105,73
mapa_1_resultados.xlsx,1805,AL2021,100936,LEIRIA,UNIÃO DAS FREGUESIAS DE MONTE REDONDO E CARREIRA,AF,4777,2738,103,56
mapa_1_resultados.xlsx,1806,AL2021,100937,LEIRIA,UNIÃO DAS FREGUESIAS DE PARCEIROS E AZOIA,AF,6335,3579,168,97
mapa_1_resultados.xlsx,1807,AL2021,100938,LEIRIA,UNIÃO DAS FREGUESIAS DE SANTA CATARINA DA SERRA E CHAINÇA,AF,4223,2786,101,64
mapa_1_resultados.xlsx,1808,AL2021,100939,LEIRIA,UNIÃO DAS FREGUESIAS DE SANTA EUFÉMIA E BOA VISTA,AF,3806,2174,74,71
mapa_1_resultados.xlsx,1809,AL2021,100940,LEIRIA,UNIÃO DAS FREGUESIAS DE SOUTO DA CARPALHOSA E ORTIGOSA,AF,5108,3260,101,69
mapa_1_resultados.xlsx,1810,AL2021,101000,MARINHA GRANDE,,CM,34341,16727,480,271
mapa_1_resultados.xlsx,1811,AL2021,101000,MARINHA GRANDE,,AM,34341,16726,533,285
mapa_1_resultados.xlsx,1812,AL2021,101001,MARINHA GRANDE,MARINHA GRANDE,AF,27933,13482,385,203
mapa_1_resultados.xlsx,1813,AL2021,101002,MARINHA GRANDE,VIEIRA DE LEIRIA,AF,5179,2441,86,59
mapa_1_resultados.xlsx,1814,AL2021,101003,MARINHA GRANDE,MOITA,AF,1229,807,28,11
mapa_1_resultados.xlsx,1815,AL2021,101100,NAZARÉ,,CM,14217,6338,230,144
mapa_1_resultados.xlsx,1816,AL2021,101100,NAZARÉ,,AM,14217,6337,244,137
mapa_1_resultados.xlsx,1817,AL2021,101101,NAZARÉ,FAMALICÃO,AF,1521,762,21,15
mapa_1_resultados.xlsx,1818,AL2021,101102,NAZARÉ,NAZARÉ,AF,10002,4258,141,100
mapa_1_resultados.xlsx,1819,AL2021,101103,NAZARÉ,VALADO DOS FRADES,AF,2694,1318,37,30
mapa_1_resultados.xlsx,1820,AL2021,101200,ÓBIDOS,,CM,10563,6028,176,88
mapa_1_resultados.xlsx,1821,AL2021,101200,ÓBIDOS,,AM,10563,6028,214,96
mapa_1_resultados.xlsx,1822,AL2021,101201,ÓBIDOS,A DOS NEGROS,AF,1321,770,23,12
mapa_1_resultados.xlsx,1823,AL2021,101202,ÓBIDOS,AMOREIRA,AF,915,490,15,6
mapa_1_resultados.xlsx,1824,AL2021,101203,ÓBIDOS,OLHO MARINHO,AF,1178,727,17,16
mapa_1_resultados.xlsx,1825,AL2021,101207,ÓBIDOS,VAU,AF,862,521,18,18
mapa_1_resultados.xlsx,1826,AL2021,101208,ÓBIDOS,GAEIRAS,AF,2058,1197,76,21
mapa_1_resultados.xlsx,1827,AL2021,101209,ÓBIDOS,USSEIRA,AF,821,461,35,6
mapa_1_resultados.xlsx,1828,AL2021,101210,ÓBIDOS,"SANTA MARIA, SÃO PEDRO E SOBRAL DA LAGOA",AF,3408,1862,46,32
mapa_1_resultados.xlsx,1829,AL2021,101300,PEDRÓGÃO GRANDE,,CM,3094,2060,36,47
mapa_1_resultados.xlsx,1830,AL2021,101300,PEDRÓGÃO GRANDE,,AM,3094,2060,39,43
mapa_1_resultados.xlsx,1831,AL2021,101301,PEDRÓGÃO GRANDE,GRAÇA,AF,618,362,7,7
mapa_1_resultados.xlsx,1832,AL2021,101302,PEDRÓGÃO GRANDE,PEDRÓGÃO GRANDE,AF,1989,1370,26,42
mapa_1_resultados.xlsx,1833,AL2021,101303,PEDRÓGÃO GRANDE,VILA FACAIA,AF,487,328,1,4
mapa_1_resultados.xlsx,1834,AL2021,101400,PENICHE,,CM,24331,12352,262,162
mapa_1_resultados.xlsx,1835,AL2021,101400,PENICHE,,AM,24381,12352,311,177
mapa_1_resultados.xlsx,1836,AL2021,101402,PENICHE,ATOUGUIA DA BALEIA,AF,7441,3945,105,91
mapa_1_resultados.xlsx,1837,AL2021,101405,PENICHE,SERRA D'EL-REI,AF,1203,729,17,22
mapa_1_resultados.xlsx,1838,AL2021,101406,PENICHE,FERREL,AF,2543,1298,27,11
mapa_1_resultados.xlsx,1839,AL2021,101407,PENICHE,PENICHE,AF,11284,5982,136,74
mapa_1_resultados.xlsx,1840,AL2021,101500,POMBAL,,CM,49036,22936,951,510
mapa_1_resultados.xlsx,1841,AL2021,101500,POMBAL,,AM,49036,22935,1067,564
mapa_1_resultados.xlsx,1842,AL2021,101501,POMBAL,ABIUL,AF,2484,982,48,36
mapa_1_resultados.xlsx,1843,AL2021,101503,POMBAL,ALMAGREIRA,AF,2888,1260,38,26
mapa_1_resultados.xlsx,1844,AL2021,101504,POMBAL,CARNIDE,AF,1622,776,31,14
mapa_1_resultados.xlsx,1845,AL2021,101505,POMBAL,CARRIÇO,AF,3108,1525,109,70
mapa_1_resultados.xlsx,1846,AL2021,101506,POMBAL,LOURIÇAL,AF,4024,1979,90,57
mapa_1_resultados.xlsx,1847,AL2021,101508,POMBAL,PELARIGA,AF,1875,1024,32,22
mapa_1_resultados.xlsx,1848,AL2021,101509,POMBAL,POMBAL,AF,15305,6407,307,167
mapa_1_resultados.xlsx,1849,AL2021,101510,POMBAL,REDINHA,AF,1919,1188,26,17
mapa_1_resultados.xlsx,1850,AL2021,101513,POMBAL,VERMOIL,AF,2572,1186,67,30
mapa_1_resultados.xlsx,1851,AL2021,101514,POMBAL,VILA CÃ,AF,1387,761,28,10
mapa_1_resultados.xlsx,1852,AL2021,101515,POMBAL,MEIRINHAS,AF,1558,914,31,20
mapa_1_resultados.xlsx,1853,AL2021,101518,POMBAL,"UNIÃO DAS FREGUESIAS DE GUIA, ILHA E MATA MOURISCA",AF,5631,3014,88,88
mapa_1_resultados.xlsx,1854,AL2021,101519,POMBAL,UNIÃO DAS FREGUESIAS DE SANTIAGO E SÃO SIMÃO DE LITÉM E ALBERGARIA DOS DOZE,AF,4663,1919,92,65
mapa_1_resultados.xlsx,1855,AL2021,101600,PORTO DE MÓS,,CM,20749,13152,266,212
mapa_1_resultados.xlsx,1856,AL2021,101600,PORTO DE MÓS,,AM,20749,13151,309,224
mapa_1_resultados.xlsx,1857,AL2021,101602,PORTO DE MÓS,ALQUEIDÃO DA SERRA,AF,1538,924,95,32
mapa_1_resultados.xlsx,1858,AL2021,101605,PORTO DE MÓS,CALVARIA DE CIMA,AF,2111,1302,33,21
mapa_1_resultados.xlsx,1859,AL2021,101606,PORTO DE MÓS,JUNCAL,AF,2771,1760,33,47
mapa_1_resultados.xlsx,1860,AL2021,101608,PORTO DE MÓS,MIRA DE AIRE,AF,3110,1770,32,35
mapa_1_resultados.xlsx,1861,AL2021,101609,PORTO DE MÓS,PEDREIRAS,AF,2234,1458,37,21
mapa_1_resultados.xlsx,1862,AL2021,101610,PORTO DE MÓS,SÃO BENTO,AF,733,526,9,21
mapa_1_resultados.xlsx,1863,AL2021,101613,PORTO DE MÓS,SERRO VENTOSO,AF,801,616,10,14
mapa_1_resultados.xlsx,1864,AL2021,101614,PORTO DE MÓS,PORTO DE MÓS - SÃO JOÃO BAPTISTA E SÃO PEDRO,AF,5400,3292,80,58
mapa_1_resultados.xlsx,1865,AL2021,101615,PORTO DE MÓS,UNIÃO DAS FREGUESIAS DE ALVADOS E ALCARIA,AF,697,487,10,3
mapa_1_resultados.xlsx,1866,AL2021,101616,PORTO DE MÓS,UNIÃO DAS FREGUESIAS DE ARRIMAL E MENDIGA,AF,1354,1016,10,9
mapa_1_resultados.xlsx,1867,AL2021,110000,LISBOA,,,,,,
mapa_1_resultados.xlsx,1868,AL2021,110100,ALENQUER,,CM,36794,18060,613,313
mapa_1_resultados.xlsx,1869,AL2021,110100,ALENQUER,,AM,36794,18060,710,328
mapa_1_resultados.xlsx,1870,AL2021,110106,ALENQUER,CARNOTA,AF,1348,773,18,16
mapa_1_resultados.xlsx,1871,AL2021,110107,ALENQUER,MECA,AF,1435,850,19,6
mapa_1_resultados.xlsx,1872,AL2021,110108,ALENQUER,OLHALVO,AF,1575,916,62,22
mapa_1_resultados.xlsx,1873,AL2021,110109,ALENQUER,OTA,AF,1009,616,28,9
mapa_1_resultados.xlsx,1874,AL2021,110113,ALENQUER,VENTOSA,AF,1679,979,41,17
mapa_1_resultados.xlsx,1875,AL2021,110114,ALENQUER,VILA VERDE DOS FRANCOS,AF,956,574,9,14
mapa_1_resultados.xlsx,1876,AL2021,110117,ALENQUER,UNIÃO DAS FREGUESIAS DE ABRIGADA E CABANAS DE TORRES,AF,3594,2034,66,47
mapa_1_resultados.xlsx,1877,AL2021,110118,ALENQUER,UNIÃO DAS FREGUESIAS DE ALDEIA GALEGA DA MERCEANA E ALDEIA GAVINHA,AF,2482,1407,44,18
mapa_1_resultados.xlsx,1878,AL2021,110119,ALENQUER,UNIÃO DAS FREGUESIAS DE ALENQUER (SANTO ESTÊVÃO E TRIANA),AF,9877,4971,228,95
mapa_1_resultados.xlsx,1879,AL2021,110120,ALENQUER,UNIÃO DAS FREGUESIAS DE CARREGADO E CADAFAIS,AF,11544,4262,173,97
mapa_1_resultados.xlsx,1880,AL2021,110121,ALENQUER,UNIÃO DAS FREGUESIAS DE RIBAFRIA E PEREIRO DE PALHACANA,AF,1295,679,19,14
mapa_1_resultados.xlsx,1881,AL2021,110200,ARRUDA DOS VINHOS,,CM,11434,6896,131,88
mapa_1_resultados.xlsx,1882,AL2021,110200,ARRUDA DOS VINHOS,,AM,11434,6895,170,99
mapa_1_resultados.xlsx,1883,AL2021,110201,ARRUDA DOS VINHOS,ARRANHÓ,AF,2092,1314,24,20
mapa_1_resultados.xlsx,1884,AL2021,110202,ARRUDA DOS VINHOS,ARRUDA DOS VINHOS,AF,7557,4437,101,71
mapa_1_resultados.xlsx,1885,AL2021,110203,ARRUDA DOS VINHOS,CARDOSAS,AF,666,484,8,5
mapa_1_resultados.xlsx,1886,AL2021,110204,ARRUDA DOS VINHOS,SANTIAGO DOS VELHOS,AF,1119,660,21,15
mapa_1_resultados.xlsx,1887,AL2021,110300,AZAMBUJA,,CM,17597,9236,305,221
mapa_1_resultados.xlsx,1888,AL2021,110300,AZAMBUJA,,AM,17597,9238,294,215
mapa_1_resultados.xlsx,1889,AL2021,110301,AZAMBUJA,ALCOENTRE,AF,2281,1136,44,42
mapa_1_resultados.xlsx,1890,AL2021,110302,AZAMBUJA,AVEIRAS DE BAIXO,AF,1095,714,15,13
mapa_1_resultados.xlsx,1891,AL2021,110303,AZAMBUJA,AVEIRAS DE CIMA,AF,3971,1832,46,45
mapa_1_resultados.xlsx,1892,AL2021,110304,AZAMBUJA,AZAMBUJA,AF,6884,3405,103,87
mapa_1_resultados.xlsx,1893,AL2021,110306,AZAMBUJA,VALE DO PARAÍSO,AF,791,532,13,11
mapa_1_resultados.xlsx,1894,AL2021,110307,AZAMBUJA,VILA NOVA DA RAINHA,AF,695,488,8,5
mapa_1_resultados.xlsx,1895,AL2021,110310,AZAMBUJA,"UNIÃO DAS FREGUESIAS DE MANIQUE DO INTENDENTE, VILA NOVA DE SÃO PEDRO E MAÇUSSA",AF,1880,1129,48,23
mapa_1_resultados.xlsx,1896,AL2021,110400,CADAVAL,,CM,11943,6734,193,143
mapa_1_resultados.xlsx,1897,AL2021,110400,CADAVAL,,AM,11943,6734,206,129
mapa_1_resultados.xlsx,1898,AL2021,110401,CADAVAL,ALGUBER,AF,690,480,15,4
mapa_1_resultados.xlsx,1899,AL2021,110407,CADAVAL,PERAL,AF,826,471,17,11
mapa_1_resultados.xlsx,1900,AL2021,110409,CADAVAL,VERMELHA,AF,1101,668,19,17
mapa_1_resultados.xlsx,1901,AL2021,110410,CADAVAL,VILAR,AF,1491,879,22,14
mapa_1_resultados.xlsx,1902,AL2021,110411,CADAVAL,UNIÃO DAS FREGUESIAS DO CADAVAL E PÊRO MONIZ,AF,3160,1580,46,31
mapa_1_resultados.xlsx,1903,AL2021,110412,CADAVAL,UNIÃO DAS FREGUESIAS DE LAMAS E CERCAL,AF,3080,1796,40,32
mapa_1_resultados.xlsx,1904,AL2021,110413,CADAVAL,UNIÃO DAS FREGUESIAS DE PAINHO E FIGUEIROS,AF,1595,860,30,8
mapa_1_resultados.xlsx,1905,AL2021,110500,CASCAIS,,CM,179237,79858,1569,971
mapa_1_resultados.xlsx,1906,AL2021,110500,CASCAIS,,AM,179237,79866,1830,929
mapa_1_resultados.xlsx,1907,AL2021,110501,CASCAIS,ALCABIDECHE,AF,35796,15135,302,201
mapa_1_resultados.xlsx,1908,AL2021,110506,CASCAIS,SÃO DOMINGOS DE RANA,AF,49384,22584,547,324
mapa_1_resultados.xlsx,1909,AL2021,110507,CASCAIS,UNIÃO DAS FREGUESIAS DE CARCAVELOS E PAREDE,AF,38915,18800,518,203
mapa_1_resultados.xlsx,1910,AL2021,110508,CASCAIS,UNIÃO DAS FREGUESIAS DE CASCAIS E ESTORIL,AF,55142,23345,428,241
mapa_1_resultados.xlsx,1911,AL2021,110600,LISBOA,,CM,476050,242743,4823,2622
mapa_1_resultados.xlsx,1912,AL2021,110600,LISBOA,,AM,476740,242739,5337,2671
mapa_1_resultados.xlsx,1913,AL2021,110601,LISBOA,AJUDA,AF,12864,6100,114,90
mapa_1_resultados.xlsx,1914,AL2021,110602,LISBOA,ALCÂNTARA,AF,11614,6015,91,86
mapa_1_resultados.xlsx,1915,AL2021,110607,LISBOA,BEATO,AF,9678,4867,100,94
mapa_1_resultados.xlsx,1916,AL2021,110608,LISBOA,BENFICA,AF,32370,16695,321,189
mapa_1_resultados.xlsx,1917,AL2021,110610,LISBOA,CAMPOLIDE,AF,12788,6334,134,95
mapa_1_resultados.xlsx,1918,AL2021,110611,LISBOA,CARNIDE,AF,16071,8975,177,120
mapa_1_resultados.xlsx,1919,AL2021,110618,LISBOA,LUMIAR,AF,39236,22693,528,219
mapa_1_resultados.xlsx,1920,AL2021,110621,LISBOA,MARVILA,AF,33187,13569,253,259
mapa_1_resultados.xlsx,1921,AL2021,110633,LISBOA,OLIVAIS,AF,29043,14873,347,229
mapa_1_resultados.xlsx,1922,AL2021,110639,LISBOA,SÃO DOMINGOS DE BENFICA,AF,30533,17079,414,180
mapa_1_resultados.xlsx,1923,AL2021,110654,LISBOA,ALVALADE,AF,29456,16632,394,165
mapa_1_resultados.xlsx,1924,AL2021,110655,LISBOA,AREEIRO,AF,19060,10435,229,100
mapa_1_resultados.xlsx,1925,AL2021,110656,LISBOA,ARROIOS,AF,27852,12302,297,147
mapa_1_resultados.xlsx,1926,AL2021,110657,LISBOA,AVENIDAS NOVAS,AF,20725,11673,287,133
mapa_1_resultados.xlsx,1927,AL2021,110658,LISBOA,BELÉM,AF,13916,8114,143,78
mapa_1_resultados.xlsx,1928,AL2021,110659,LISBOA,CAMPO DE OURIQUE,AF,19082,10219,246,142
mapa_1_resultados.xlsx,1929,AL2021,110660,LISBOA,ESTRELA,AF,16186,8710,143,72
mapa_1_resultados.xlsx,1930,AL2021,110661,LISBOA,MISERICÓRDIA,AF,10000,4415,80,51
mapa_1_resultados.xlsx,1931,AL2021,110662,LISBOA,PARQUE DAS NAÇÕES,AF,17040,9747,218,81
mapa_1_resultados.xlsx,1932,AL2021,110663,LISBOA,PENHA DE FRANÇA,AF,24513,11082,239,134
mapa_1_resultados.xlsx,1933,AL2021,110664,LISBOA,SANTA CLARA,AF,19141,7877,199,114
mapa_1_resultados.xlsx,1934,AL2021,110665,LISBOA,SANTA MARIA MAIOR,AF,9705,3803,80,60
mapa_1_resultados.xlsx,1935,AL2021,110666,LISBOA,SANTO ANTÓNIO,AF,10429,5290,100,57
mapa_1_resultados.xlsx,1936,AL2021,110667,LISBOA,SÃO VICENTE,AF,11508,5374,96,90
mapa_1_resultados.xlsx,1937,AL2021,110700,LOURES,,CM,169257,81791,2259,1405
mapa_1_resultados.xlsx,1938,AL2021,110700,LOURES,,AM,169257,81801,2482,1475
mapa_1_resultados.xlsx,1939,AL2021,110702,LOURES,BUCELAS,AF,3831,2255,56,41
mapa_1_resultados.xlsx,1940,AL2021,110705,LOURES,FANHÕES,AF,2204,1391,19,21
mapa_1_resultados.xlsx,1941,AL2021,110707,LOURES,LOURES,AF,25099,12988,480,299
mapa_1_resultados.xlsx,1942,AL2021,110708,LOURES,LOUSA,AF,2622,1557,24,27
mapa_1_resultados.xlsx,1943,AL2021,110726,LOURES,UNIÃO DAS FREGUESIAS DE MOSCAVIDE E PORTELA,AF,18114,9188,229,137
mapa_1_resultados.xlsx,1944,AL2021,110727,LOURES,UNIÃO DAS FREGUESIAS DE SACAVÉM E PRIOR VELHO,AF,20148,9560,313,192
mapa_1_resultados.xlsx,1945,AL2021,110728,LOURES,"UNIÃO DAS FREGUESIAS DE SANTA IRIA DE AZOIA, SÃO JOÃO DA TALHA E BOBADELA",AF,37747,19091,583,427
mapa_1_resultados.xlsx,1946,AL2021,110729,LOURES,UNIÃO DAS FREGUESIAS DE SANTO ANTÃO E SÃO JULIÃO DO TOJAL,AF,6956,3807,85,64
mapa_1_resultados.xlsx,1947,AL2021,110730,LOURES,UNIÃO DAS FREGUESIAS DE SANTO ANTÓNIO DOS CAVALEIROS E FRIELAS,AF,24984,10385,241,192
mapa_1_resultados.xlsx,1948,AL2021,110731,LOURES,"UNIÃO DAS FREGUESIAS DE CAMARATE, UNHOS E APELAÇÃO",AF,27552,11569,257,263
mapa_1_resultados.xlsx,1949,AL2021,110800,LOURINHÃ,,CM,23260,12913,413,301
mapa_1_resultados.xlsx,1950,AL2021,110800,LOURINHÃ,,AM,23260,12915,370,283
mapa_1_resultados.xlsx,1951,AL2021,110803,LOURINHÃ,MOITA DOS FERREIROS,AF,1519,891,12,23
mapa_1_resultados.xlsx,1952,AL2021,110805,LOURINHÃ,REGUENGO GRANDE,AF,1373,787,15,16
mapa_1_resultados.xlsx,1953,AL2021,110806,LOURINHÃ,SANTA BÁRBARA,AF,1683,1066,28,19
mapa_1_resultados.xlsx,1954,AL2021,110808,LOURINHÃ,VIMEIRO,AF,1274,711,22,20
mapa_1_resultados.xlsx,1955,AL2021,110810,LOURINHÃ,RIBAMAR,AF,1853,998,26,34
mapa_1_resultados.xlsx,1956,AL2021,110812,LOURINHÃ,UNIÃO DAS FREGUESIAS DE LOURINHÃ E ATALAIA,AF,11084,5904,147,145
mapa_1_resultados.xlsx,1957,AL2021,110813,LOURINHÃ,UNIÃO DAS FREGUESIAS DE MIRAGAIA E MARTELEIRA,AF,3155,1743,61,48
mapa_1_resultados.xlsx,1958,AL2021,110814,LOURINHÃ,UNIÃO DAS FREGUESIAS DE SÃO BARTOLOMEU DOS GALEGOS E MOLEDO,AF,1319,812,20,23
mapa_1_resultados.xlsx,1959,AL2021,110900,MAFRA,,CM,68099,35304,945,518
mapa_1_resultados.xlsx,1960,AL2021,110900,MAFRA,,AM,68099,35517,1073,525
mapa_1_resultados.xlsx,1961,AL2021,110902,MAFRA,CARVOEIRA,AF,2209,1108,57,23
mapa_1_resultados.xlsx,1962,AL2021,110904,MAFRA,ENCARNAÇÃO,AF,3849,2089,75,45
mapa_1_resultados.xlsx,1963,AL2021,110906,MAFRA,ERICEIRA,AF,9507,4193,171,80
mapa_1_resultados.xlsx,1964,AL2021,110909,MAFRA,MAFRA,AF,16321,8415,292,120
mapa_1_resultados.xlsx,1965,AL2021,110911,MAFRA,MILHARADO,AF,5997,3367,125,71
mapa_1_resultados.xlsx,1966,AL2021,110913,MAFRA,SANTO ISIDORO,AF,3527,1930,100,54
mapa_1_resultados.xlsx,1967,AL2021,110918,MAFRA,UNIÃO DAS FREGUESIAS DE AZUEIRA E SOBRAL DA ABELHEIRA,AF,3609,2021,69,34
mapa_1_resultados.xlsx,1968,AL2021,110919,MAFRA,"UNIÃO DAS FREGUESIAS DE ENXARA DO BISPO, GRADIL E VILA FRANCA DO ROSÁRIO",AF,3104,1648,54,41
mapa_1_resultados.xlsx,1969,AL2021,110920,MAFRA,UNIÃO DAS FREGUESIAS DE IGREJA NOVA E CHELEIROS,AF,3691,2074,76,35
mapa_1_resultados.xlsx,1970,AL2021,110921,MAFRA,UNIÃO DAS FREGUESIAS DE MALVEIRA E SÃO MIGUEL DE ALCAINÇA,AF,7432,3649,128,64
mapa_1_resultados.xlsx,1971,AL2021,110922,MAFRA,UNIÃO DAS FREGUESIAS DE VENDA DO PINHEIRO E SANTO ESTÊVÃO DAS GALÉS,AF,8853,4835,192,94
mapa_1_resultados.xlsx,1972,AL2021,111000,OEIRAS,,CM,147343,76241,2558,1387
mapa_1_resultados.xlsx,1973,AL2021,111000,OEIRAS,,AM,147343,76273,2475,1302
mapa_1_resultados.xlsx,1974,AL2021,111002,OEIRAS,BARCARENA,AF,12033,6678,222,119
mapa_1_resultados.xlsx,1975,AL2021,111009,OEIRAS,PORTO SALVO,AF,12762,6829,197,138
mapa_1_resultados.xlsx,1976,AL2021,111012,OEIRAS,"UNIÃO DAS FREGUESIAS DE ALGÉS, LINDA-A-VELHA E CRUZ QUEBRADA-DAFUNDO",AF,41113,20628,756,342
mapa_1_resultados.xlsx,1977,AL2021,111013,OEIRAS,UNIÃO DAS FREGUESIAS DE CARNAXIDE E QUEIJAS,AF,30630,15846,564,317
mapa_1_resultados.xlsx,1978,AL2021,111014,OEIRAS,"UNIÃO DAS FREGUESIAS DE OEIRAS E SÃO JULIÃO DA BARRA, PAÇO DE ARCOS E CAXIAS",AF,50805,26268,949,410
mapa_1_resultados.xlsx,1979,AL2021,111100,SINTRA,,CM,323280,129739,3484,2221
mapa_1_resultados.xlsx,1980,AL2021,111100,SINTRA,,AM,323280,129739,3674,2313
mapa_1_resultados.xlsx,1981,AL2021,111102,SINTRA,ALGUEIRÃO-MEM MARTINS,AF,56508,21831,644,428
mapa_1_resultados.xlsx,1982,AL2021,111105,SINTRA,COLARES,AF,6543,3550,116,62
mapa_1_resultados.xlsx,1983,AL2021,111108,SINTRA,RIO DE MOURO,AF,41302,15658,498,331
mapa_1_resultados.xlsx,1984,AL2021,111115,SINTRA,CASAL DE CAMBRA,AF,10438,4596,113,81
mapa_1_resultados.xlsx,1985,AL2021,111122,SINTRA,UNIÃO DAS FREGUESIAS DE AGUALVA E MIRA-SINTRA,AF,35674,12549,360,244
mapa_1_resultados.xlsx,1986,AL2021,111123,SINTRA,"UNIÃO DAS FREGUESIAS DE ALMARGEM DO BISPO, PÊRO PINHEIRO E MONTELAVAR",AF,14298,7283,194,145
mapa_1_resultados.xlsx,1987,AL2021,111124,SINTRA,UNIÃO DAS FREGUESIAS DO CACÉM E SÃO MARCOS,AF,32020,11428,417,223
mapa_1_resultados.xlsx,1988,AL2021,111125,SINTRA,UNIÃO DAS FREGUESIAS DE MASSAMÁ E MONTE ABRAÃO,AF,42938,16449,488,256
mapa_1_resultados.xlsx,1989,AL2021,111126,SINTRA,UNIÃO DAS FREGUESIAS DE QUELUZ E BELAS,AF,44751,16917,523,361
mapa_1_resultados.xlsx,1990,AL2021,111127,SINTRA,UNIÃO DAS FREGUESIAS DE SÃO JOÃO DAS LAMPAS E TERRUGEM,AF,14329,7122,287,185
mapa_1_resultados.xlsx,1991,AL2021,111128,SINTRA,"UNIÃO DAS FREGUESIAS DE SINTRA (SANTA MARIA E SÃO MIGUEL, SÃO MARTINHO E SÃO PEDRO DE PENAFERRIM)",AF,24479,12360,387,189
mapa_1_resultados.xlsx,1992,AL2021,111200,SOBRAL DE MONTE AGRAÇO,,CM,8569,4953,154,111
mapa_1_resultados.xlsx,1993,AL2021,111200,SOBRAL DE MONTE AGRAÇO,,AM,8569,4951,171,103
mapa_1_resultados.xlsx,1994,AL2021,111201,SOBRAL DE MONTE AGRAÇO,SANTO QUINTINO,AF,3170,1700,43,40
mapa_1_resultados.xlsx,1995,AL2021,111202,SOBRAL DE MONTE AGRAÇO,SAPATARIA,AF,2536,1497,31,25
mapa_1_resultados.xlsx,1996,AL2021,111203,SOBRAL DE MONTE AGRAÇO,SOBRAL DE MONTE AGRAÇO,AF,2863,1754,42,43
mapa_1_resultados.xlsx,1997,AL2021,111300,TORRES VEDRAS,,CM,69477,38148,907,642
mapa_1_resultados.xlsx,1998,AL2021,111300,TORRES VEDRAS,,AM,69477,38145,1092,658
mapa_1_resultados.xlsx,1999,AL2021,111306,TORRES VEDRAS,FREIRIA,AF,2111,1350,42,21
mapa_1_resultados.xlsx,2000,AL2021,111310,TORRES VEDRAS,PONTE DO ROL,AF,2083,1351,29,12
mapa_1_resultados.xlsx,2001,AL2021,111311,TORRES VEDRAS,RAMALHAL,AF,2894,1616,56,40
mapa_1_resultados.xlsx,2002,AL2021,111314,TORRES VEDRAS,SÃO PEDRO DA CADEIRA,AF,4337,2441,78,30
mapa_1_resultados.xlsx,2003,AL2021,111316,TORRES VEDRAS,SILVEIRA,AF,8114,4226,163,100
mapa_1_resultados.xlsx,2004,AL2021,111317,TORRES VEDRAS,TURCIFAL,AF,2884,1605,59,31
mapa_1_resultados.xlsx,2005,AL2021,111318,TORRES VEDRAS,VENTOSA,AF,4397,2280,94,59
mapa_1_resultados.xlsx,2006,AL2021,111321,TORRES VEDRAS,UNIÃO DAS FREGUESIAS DE A DOS CUNHADOS E MACEIRA,AF,9228,4807,224,117
mapa_1_resultados.xlsx,2007,AL2021,111322,TORRES VEDRAS,UNIÃO DAS FREGUESIAS DE CAMPELOS E OUTEIRO DA CABEÇA,AF,3144,1885,49,44
mapa_1_resultados.xlsx,2008,AL2021,111323,TORRES VEDRAS,UNIÃO DAS FREGUESIAS DE CARVOEIRA E CARMÕES,AF,2009,1339,21,11
mapa_1_resultados.xlsx,2009,AL2021,111324,TORRES VEDRAS,UNIÃO DAS FREGUESIAS DE DOIS PORTOS E RUNA,AF,2435,1469,29,21
mapa_1_resultados.xlsx,2010,AL2021,111325,TORRES VEDRAS,UNIÃO DAS FREGUESIAS DE MAXIAL E MONTE REDONDO,AF,2924,1503,43,43
mapa_1_resultados.xlsx,2011,AL2021,111326,TORRES VEDRAS,"SANTA MARIA, SÃO PEDRO E MATACÃES",AF,22917,12275,292,191
mapa_1_resultados.xlsx,2012,AL2021,111400,VILA FRANCA DE XIRA,,CM,113974,52051,1854,880
mapa_1_resultados.xlsx,2013,AL2021,111400,VILA FRANCA DE XIRA,,AM,113974,52048,1866,940
mapa_1_resultados.xlsx,2014,AL2021,111408,VILA FRANCA DE XIRA,VIALONGA,AF,17183,7390,237,154
mapa_1_resultados.xlsx,2015,AL2021,111409,VILA FRANCA DE XIRA,VILA FRANCA DE XIRA,AF,15470,7011,229,119
mapa_1_resultados.xlsx,2016,AL2021,111412,VILA FRANCA DE XIRA,"UNIÃO DAS FREGUESIAS DE ALHANDRA, SÃO JOÃO DOS MONTES E CALHANDRIZ",AF,10630,5356,231,137
mapa_1_resultados.xlsx,2017,AL2021,111413,VILA FRANCA DE XIRA,UNIÃO DAS FREGUESIAS DE ALVERCA DO RIBATEJO E SOBRALINHO,AF,30083,13653,585,282
mapa_1_resultados.xlsx,2018,AL2021,111414,VILA FRANCA DE XIRA,UNIÃO DAS FREGUESIAS DE CASTANHEIRA DO RIBATEJO E CACHOEIRAS,AF,6627,3075,91,60
mapa_1_resultados.xlsx,2019,AL2021,111415,VILA FRANCA DE XIRA,UNIÃO DAS FREGUESIAS DE PÓVOA DE SANTA IRIA E FORTE DA CASA,AF,33981,15572,538,307
mapa_1_resultados.xlsx,2020,AL2021,111500,AMADORA,,CM,145310,62012,1449,1005
mapa_1_resultados.xlsx,2021,AL2021,111500,AMADORA,,AM,145310,62023,1840,1005
mapa_1_resultados.xlsx,2022,AL2021,111512,AMADORA,ALFRAGIDE,AF,13996,6947,172,111
mapa_1_resultados.xlsx,2023,AL2021,111513,AMADORA,ÁGUAS LIVRES,AF,31860,12944,370,224
mapa_1_resultados.xlsx,2024,AL2021,111514,AMADORA,ENCOSTA DO SOL,AF,22726,9421,220,180
mapa_1_resultados.xlsx,2025,AL2021,111515,AMADORA,FALAGUEIRA - VENDA NOVA,AF,18238,7550,167,128
mapa_1_resultados.xlsx,2026,AL2021,111516,AMADORA,MINA DE ÁGUA,AF,36019,15666,431,278
mapa_1_resultados.xlsx,2027,AL2021,111517,AMADORA,VENTEIRA,AF,22471,9506,252,144
mapa_1_resultados.xlsx,2028,AL2021,111600,ODIVELAS,,CM,126833,55069,1456,1027
mapa_1_resultados.xlsx,2029,AL2021,111600,ODIVELAS,,AM,126833,55067,1540,1056
mapa_1_resultados.xlsx,2030,AL2021,111603,ODIVELAS,ODIVELAS,AF,51733,22069,606,365
mapa_1_resultados.xlsx,2031,AL2021,111608,ODIVELAS,UNIÃO DAS FREGUESIAS DE PONTINHA E FAMÕES,AF,30378,13231,385,306
mapa_1_resultados.xlsx,2032,AL2021,111609,ODIVELAS,UNIÃO DAS FREGUESIAS DE PÓVOA DE SANTO ADRIÃO E OLIVAL BASTO,AF,16258,6362,161,125
mapa_1_resultados.xlsx,2033,AL2021,111610,ODIVELAS,UNIÃO DAS FREGUESIAS DE RAMADA E CANEÇAS,AF,28464,13409,401,310
mapa_1_resultados.xlsx,2034,AL2021,120000,PORTALEGRE,,,,,,
mapa_1_resultados.xlsx,2035,AL2021,120100,ALTER DO CHÃO,,CM,2699,1955,33,24
mapa_1_resultados.xlsx,2036,AL2021,120100,ALTER DO CHÃO,,AM,2699,1955,38,30
mapa_1_resultados.xlsx,2037,AL2021,120101,ALTER DO CHÃO,ALTER DO CHÃO,AF,1809,1256,25,23
mapa_1_resultados.xlsx,2038,AL2021,120102,ALTER DO CHÃO,CHANCELARIA,AF,364,284,4,4
mapa_1_resultados.xlsx,2039,AL2021,120103,ALTER DO CHÃO,SEDA,AF,266,212,3,4
mapa_1_resultados.xlsx,2040,AL2021,120104,ALTER DO CHÃO,CUNHEIRA,AF,260,203,3,7
mapa_1_resultados.xlsx,2041,AL2021,120200,ARRONCHES,,CM,2526,1949,28,15
mapa_1_resultados.xlsx,2042,AL2021,120200,ARRONCHES,,AM,2526,1948,28,20
mapa_1_resultados.xlsx,2043,AL2021,120201,ARRONCHES,ASSUNÇÃO,AF,1606,1244,22,19
mapa_1_resultados.xlsx,2044,AL2021,120202,ARRONCHES,ESPERANÇA,AF,623,440,8,5
mapa_1_resultados.xlsx,2045,AL2021,120203,ARRONCHES,MOSTEIROS,AF,297,264,2,1
mapa_1_resultados.xlsx,2046,AL2021,120300,AVIS,,CM,3433,2435,60,45
mapa_1_resultados.xlsx,2047,AL2021,120300,AVIS,,AM,3433,2435,85,51
mapa_1_resultados.xlsx,2048,AL2021,120302,AVIS,ALDEIA VELHA,AF,208,157,5,7
mapa_1_resultados.xlsx,2049,AL2021,120303,AVIS,AVIS,AF,1431,947,27,13
mapa_1_resultados.xlsx,2050,AL2021,120305,AVIS,ERVEDAL,AF,416,312,13,5
mapa_1_resultados.xlsx,2051,AL2021,120306,AVIS,FIGUEIRA E BARROS,AF,214,180,1,2
mapa_1_resultados.xlsx,2052,AL2021,120309,AVIS,UNIÃO DAS FREGUESIAS DE ALCÓRREGO E MARANHÃO,AF,373,272,12,3
mapa_1_resultados.xlsx,2053,AL2021,120310,AVIS,UNIÃO DAS FREGUESIAS DE BENAVILA E VALONGO,AF,791,567,24,16
mapa_1_resultados.xlsx,2054,AL2021,120400,CAMPO MAIOR,,CM,7054,4244,100,65
mapa_1_resultados.xlsx,2055,AL2021,120400,CAMPO MAIOR,,AM,7054,4243,102,65
mapa_1_resultados.xlsx,2056,AL2021,120401,CAMPO MAIOR,NOSSA SENHORA DA EXPECTAÇÃO,AF,3269,1896,58,35
mapa_1_resultados.xlsx,2057,AL2021,120402,CAMPO MAIOR,NOSSA SENHORA DA GRAÇA DOS DEGOLADOS,AF,507,358,8,2
mapa_1_resultados.xlsx,2058,AL2021,120403,CAMPO MAIOR,SÃO JOÃO BAPTISTA,AF,3278,1991,46,59
mapa_1_resultados.xlsx,2059,AL2021,120500,CASTELO DE VIDE,,CM,2684,1992,46,22
mapa_1_resultados.xlsx,2060,AL2021,120500,CASTELO DE VIDE,,AM,2684,1991,45,18
mapa_1_resultados.xlsx,2061,AL2021,120501,CASTELO DE VIDE,NOSSA SENHORA DA GRAÇA DE PÓVOA E MEADAS,AF,459,358,8,20
mapa_1_resultados.xlsx,2062,AL2021,120502,CASTELO DE VIDE,SANTA MARIA DA DEVESA,AF,1294,961,23,7
mapa_1_resultados.xlsx,2063,AL2021,120503,CASTELO DE VIDE,SANTIAGO MAIOR,AF,267,175,2,2
mapa_1_resultados.xlsx,2064,AL2021,120504,CASTELO DE VIDE,SÃO JOÃO BAPTISTA,AF,664,497,11,6
mapa_1_resultados.xlsx,2065,AL2021,120600,CRATO,,CM,2974,2297,32,22
mapa_1_resultados.xlsx,2066,AL2021,120600,CRATO,,AM,2974,2297,42,26
mapa_1_resultados.xlsx,2067,AL2021,120601,CRATO,ALDEIA DA MATA,AF,286,242,3,3
mapa_1_resultados.xlsx,2068,AL2021,120604,CRATO,GÁFETE,AF,658,514,6,6
mapa_1_resultados.xlsx,2069,AL2021,120605,CRATO,MONTE DA PEDRA,AF,206,162,1,3
mapa_1_resultados.xlsx,2070,AL2021,120607,CRATO,"UNIÃO DAS FREGUESIAS DE CRATO E MÁRTIRES, FLOR DA ROSA E VALE DO PESO",AF,1824,1379,23,15
mapa_1_resultados.xlsx,2071,AL2021,120700,ELVAS,,CM,18811,10313,202,154
mapa_1_resultados.xlsx,2072,AL2021,120700,ELVAS,,AM,18781,10316,216,159
mapa_1_resultados.xlsx,2073,AL2021,120706,ELVAS,SANTA EULÁLIA,AF,930,619,7,15
mapa_1_resultados.xlsx,2074,AL2021,120707,ELVAS,SÃO BRÁS E SÃO LOURENÇO,AF,1437,850,9,14
mapa_1_resultados.xlsx,2075,AL2021,120708,ELVAS,SÃO VICENTE E VENTOSA,AF,631,467,1,9
mapa_1_resultados.xlsx,2076,AL2021,120712,ELVAS,"ASSUNÇÃO, AJUDA, SALVADOR E SANTO ILDEFONSO",AF,8260,4351,84,68
mapa_1_resultados.xlsx,2077,AL2021,120713,ELVAS,"CAIA, SÃO PEDRO E ALCÁÇOVA",AF,4915,2302,60,35
mapa_1_resultados.xlsx,2078,AL2021,120714,ELVAS,UNIÃO DAS FREGUESIAS DE BARBACENA E VILA FERNANDO,AF,699,472,16,27
mapa_1_resultados.xlsx,2079,AL2021,120715,ELVAS,UNIÃO DAS FREGUESIAS DE TERRUGEM E VILA BOIM,AF,1909,1254,29,20
mapa_1_resultados.xlsx,2080,AL2021,120800,FRONTEIRA,,CM,2617,1862,54,55
mapa_1_resultados.xlsx,2081,AL2021,120800,FRONTEIRA,,AM,2617,1862,50,68
mapa_1_resultados.xlsx,2082,AL2021,120801,FRONTEIRA,CABEÇO DE VIDE,AF,811,512,10,6
mapa_1_resultados.xlsx,2083,AL2021,120802,FRONTEIRA,FRONTEIRA,AF,1596,1175,18,37
mapa_1_resultados.xlsx,2084,AL2021,120803,FRONTEIRA,SÃO SATURNINO,AF,210,175,1,2
mapa_1_resultados.xlsx,2085,AL2021,120900,GAVIÃO,,CM,3200,2225,49,46
mapa_1_resultados.xlsx,2086,AL2021,120900,GAVIÃO,,AM,3200,2225,46,30
mapa_1_resultados.xlsx,2087,AL2021,120902,GAVIÃO,BELVER,AF,528,384,8,8
mapa_1_resultados.xlsx,2088,AL2021,120903,GAVIÃO,COMENDA,AF,652,472,3,1
mapa_1_resultados.xlsx,2089,AL2021,120905,GAVIÃO,MARGEM,AF,619,361,3,3
mapa_1_resultados.xlsx,2090,AL2021,120906,GAVIÃO,UNIÃO DAS FREGUESIAS DE GAVIÃO E ATALAIA,AF,1402,1014,18,20
mapa_1_resultados.xlsx,2091,AL2021,121000,MARVÃO,,CM,2725,2052,29,29
mapa_1_resultados.xlsx,2092,AL2021,121000,MARVÃO,,AM,2725,2052,29,32
mapa_1_resultados.xlsx,2093,AL2021,121001,MARVÃO,BEIRÃ,AF,373,310,2,2
mapa_1_resultados.xlsx,2094,AL2021,121002,MARVÃO,SANTA MARIA DE MARVÃO,AF,354,255,2,9
mapa_1_resultados.xlsx,2095,AL2021,121003,MARVÃO,SANTO ANTÓNIO DAS AREIAS,AF,901,694,10,9
mapa_1_resultados.xlsx,2096,AL2021,121004,MARVÃO,SÃO SALVADOR DA ARAMENHA,AF,1097,793,11,13
mapa_1_resultados.xlsx,2097,AL2021,121100,MONFORTE,,CM,2557,1794,22,29
mapa_1_resultados.xlsx,2098,AL2021,121100,MONFORTE,,AM,2557,1794,41,28
mapa_1_resultados.xlsx,2099,AL2021,121101,MONFORTE,ASSUMAR,AF,507,309,4,5
mapa_1_resultados.xlsx,2100,AL2021,121102,MONFORTE,MONFORTE,AF,1080,764,41,18
mapa_1_resultados.xlsx,2101,AL2021,121103,MONFORTE,SANTO ALEIXO,AF,472,349,6,15
mapa_1_resultados.xlsx,2102,AL2021,121104,MONFORTE,VAIAMONTE,AF,498,372,12,10
mapa_1_resultados.xlsx,2103,AL2021,121200,NISA,,CM,5694,3805,67,55
mapa_1_resultados.xlsx,2104,AL2021,121200,NISA,,AM,5694,3807,91,65
mapa_1_resultados.xlsx,2105,AL2021,121201,NISA,ALPALHÃO,AF,956,648,14,6
mapa_1_resultados.xlsx,2106,AL2021,121205,NISA,MONTALVÃO,AF,306,231,3,5
mapa_1_resultados.xlsx,2107,AL2021,121207,NISA,SANTANA,AF,263,177,5,2
mapa_1_resultados.xlsx,2108,AL2021,121208,NISA,SÃO MATIAS,AF,212,155,1,1
mapa_1_resultados.xlsx,2109,AL2021,121210,NISA,TOLOSA,AF,753,525,7,10
mapa_1_resultados.xlsx,2110,AL2021,121211,NISA,UNIÃO DAS FREGUESIAS DE AREZ E AMIEIRA DO TEJO,AF,359,248,5,9
mapa_1_resultados.xlsx,2111,AL2021,121212,NISA,"UNIÃO DAS FREGUESIAS DE ESPÍRITO SANTO, NOSSA SENHORA DA GRAÇA E SÃO SIMÃO",AF,2845,1823,26,37
mapa_1_resultados.xlsx,2112,AL2021,121300,PONTE DE SOR,,CM,13857,7115,210,122
mapa_1_resultados.xlsx,2113,AL2021,121300,PONTE DE SOR,,AM,13857,7095,191,135
mapa_1_resultados.xlsx,2114,AL2021,121301,PONTE DE SOR,GALVEIAS,AF,1028,616,41,32
mapa_1_resultados.xlsx,2115,AL2021,121302,PONTE DE SOR,MONTARGIL,AF,1759,841,29,12
mapa_1_resultados.xlsx,2116,AL2021,121304,PONTE DE SOR,FOROS DE ARRÃO,AF,805,501,9,5
mapa_1_resultados.xlsx,2117,AL2021,121305,PONTE DE SOR,LONGOMEL,AF,969,563,14,7
mapa_1_resultados.xlsx,2118,AL2021,121308,PONTE DE SOR,"UNIÃO DAS FREGUESIAS DE PONTE DE SOR, TRAMAGA E VALE DE AÇOR",AF,9296,4593,183,98
mapa_1_resultados.xlsx,2119,AL2021,121400,PORTALEGRE,,CM,20033,13005,159,129
mapa_1_resultados.xlsx,2120,AL2021,121400,PORTALEGRE,,AM,20033,13003,233,117
mapa_1_resultados.xlsx,2121,AL2021,121401,PORTALEGRE,ALAGOA,AF,488,391,13,8
mapa_1_resultados.xlsx,2122,AL2021,121402,PORTALEGRE,ALEGRETE,AF,1305,922,9,28
mapa_1_resultados.xlsx,2123,AL2021,121404,PORTALEGRE,FORTIOS,AF,1569,1011,12,8
mapa_1_resultados.xlsx,2124,AL2021,121410,PORTALEGRE,URRA,AF,1509,1071,23,13
mapa_1_resultados.xlsx,2125,AL2021,121411,PORTALEGRE,UNIÃO DAS FREGUESIAS DA SÉ E SÃO LOURENÇO,AF,12930,8003,131,77
mapa_1_resultados.xlsx,2126,AL2021,121412,PORTALEGRE,UNIÃO DAS FREGUESIAS DE REGUENGO E SÃO JULIÃO,AF,776,556,8,7
mapa_1_resultados.xlsx,2127,AL2021,121413,PORTALEGRE,UNIÃO DAS FREGUESIAS DE RIBEIRA DE NISA E CARREIRAS,AF,1457,1050,9,13
mapa_1_resultados.xlsx,2128,AL2021,121500,SOUSEL,,CM,3895,2845,42,50
mapa_1_resultados.xlsx,2129,AL2021,121500,SOUSEL,,AM,3895,2845,57,57
mapa_1_resultados.xlsx,2130,AL2021,121501,SOUSEL,CANO,AF,1002,684,17,16
mapa_1_resultados.xlsx,2131,AL2021,121502,SOUSEL,CASA BRANCA,AF,922,626,8,10
mapa_1_resultados.xlsx,2132,AL2021,121503,SOUSEL,SANTO AMARO,AF,492,413,6,6
mapa_1_resultados.xlsx,2133,AL2021,121504,SOUSEL,SOUSEL,AF,1479,1122,9,27
mapa_1_resultados.xlsx,2134,AL2021,130000,PORTO,,,,,,
mapa_1_resultados.xlsx,2135,AL2021,130100,AMARANTE,,CM,50101,30947,556,326
mapa_1_resultados.xlsx,2136,AL2021,130100,AMARANTE,,AM,50101,30983,640,345
mapa_1_resultados.xlsx,2137,AL2021,130103,AMARANTE,ANSIÃES,AF,567,283,11,2
mapa_1_resultados.xlsx,2138,AL2021,130107,AMARANTE,CANDEMIL,AF,741,451,11,15
mapa_1_resultados.xlsx,2139,AL2021,130112,AMARANTE,FREGIM,AF,2286,1298,27,10
mapa_1_resultados.xlsx,2140,AL2021,130115,AMARANTE,FRIDÃO,AF,653,509,16,6
mapa_1_resultados.xlsx,2141,AL2021,130117,AMARANTE,GONDAR,AF,1478,1018,10,17
mapa_1_resultados.xlsx,2142,AL2021,130118,AMARANTE,JAZENTE,AF,576,432,3,3
mapa_1_resultados.xlsx,2143,AL2021,130119,AMARANTE,LOMBA,AF,779,558,13,5
mapa_1_resultados.xlsx,2144,AL2021,130120,AMARANTE,LOUREDO,AF,607,455,5,8
mapa_1_resultados.xlsx,2145,AL2021,130121,AMARANTE,LUFREI,AF,1571,1125,13,14
mapa_1_resultados.xlsx,2146,AL2021,130123,AMARANTE,MANCELOS,AF,2883,1748,32,19
mapa_1_resultados.xlsx,2147,AL2021,130126,AMARANTE,PADRONELO,AF,730,451,16,6
mapa_1_resultados.xlsx,2148,AL2021,130128,AMARANTE,REBORDELO,AF,263,209,5,1
mapa_1_resultados.xlsx,2149,AL2021,130129,AMARANTE,SALVADOR DO MONTE,AF,852,616,6,9
mapa_1_resultados.xlsx,2150,AL2021,130134,AMARANTE,GOUVEIA (SÃO SIMÃO),AF,556,434,5,7
mapa_1_resultados.xlsx,2151,AL2021,130135,AMARANTE,TELÕES,AF,3787,2247,51,39
mapa_1_resultados.xlsx,2152,AL2021,130136,AMARANTE,TRAVANCA,AF,1836,1138,31,21
mapa_1_resultados.xlsx,2153,AL2021,130138,AMARANTE,VILA CAIZ,AF,2571,1788,16,31
mapa_1_resultados.xlsx,2154,AL2021,130139,AMARANTE,VILA CHÃ DO MARÃO,AF,848,632,6,9
mapa_1_resultados.xlsx,2155,AL2021,130141,AMARANTE,"UNIÃO DAS FREGUESIAS DE ABOADELA, SANCHE E VÁRZEA",AF,1602,969,8,23
mapa_1_resultados.xlsx,2156,AL2021,130142,AMARANTE,"UNIÃO DAS FREGUESIAS DE AMARANTE (SÃO GONÇALO), MADALENA, CEPELOS E GATÃO",AF,10735,6290,105,70
mapa_1_resultados.xlsx,2157,AL2021,130143,AMARANTE,"UNIÃO DAS FREGUESIAS DE BUSTELO, CARNEIRO E CARVALHO DE REI",AF,825,462,85,23
mapa_1_resultados.xlsx,2158,AL2021,130144,AMARANTE,UNIÃO DAS FREGUESIAS DE FIGUEIRÓ (SANTIAGO E SANTA CRISTINA),AF,3618,1994,36,40
mapa_1_resultados.xlsx,2159,AL2021,130145,AMARANTE,UNIÃO DAS FREGUESIAS DE FREIXO DE CIMA E DE BAIXO,AF,3242,1765,36,37
mapa_1_resultados.xlsx,2160,AL2021,130146,AMARANTE,UNIÃO DAS FREGUESIAS DE OLO E CANADELO,AF,536,381,1,5
mapa_1_resultados.xlsx,2161,AL2021,130147,AMARANTE,VILA MEÃ,AF,4309,2696,45,40
mapa_1_resultados.xlsx,2162,AL2021,130148,AMARANTE,"UNIÃO DAS FREGUESIAS DE VILA GARCIA, ABOIM E CHAPA",AF,1650,1036,33,18
mapa_1_resultados.xlsx,2163,AL2021,130200,BAIÃO,,CM,16830,11390,178,163
mapa_1_resultados.xlsx,2164,AL2021,130200,BAIÃO,,AM,16830,11390,181,170
mapa_1_resultados.xlsx,2165,AL2021,130204,BAIÃO,FRENDE,AF,562,413,6,6
mapa_1_resultados.xlsx,2166,AL2021,130205,BAIÃO,GESTAÇÔ (7),AF,1066,686,2,15
mapa_1_resultados.xlsx,2167,AL2021,130206,BAIÃO,GOVE,AF,1686,1027,16,18
mapa_1_resultados.xlsx,2168,AL2021,130207,BAIÃO,GRILO,AF,457,370,2,5
mapa_1_resultados.xlsx,2169,AL2021,130208,BAIÃO,LOIVOS DO MONTE,AF,330,251,0,5
mapa_1_resultados.xlsx,2170,AL2021,130215,BAIÃO,SANTA MARINHA DO ZÊZERE,AF,2305,1430,11,9
mapa_1_resultados.xlsx,2171,AL2021,130219,BAIÃO,VALADARES,AF,758,527,2,9
mapa_1_resultados.xlsx,2172,AL2021,130220,BAIÃO,VIARIZ,AF,305,232,2,7
mapa_1_resultados.xlsx,2173,AL2021,130221,BAIÃO,UNIÃO DAS FREGUESIAS DE ANCEDE E RIBADOURO,AF,2200,1441,22,28
mapa_1_resultados.xlsx,2174,AL2021,130222,BAIÃO,UNIÃO DAS FREGUESIAS DE BAIÃO (SANTA LEOCÁDIA) E MESQUINHATA,AF,656,473,5,7
mapa_1_resultados.xlsx,2175,AL2021,130223,BAIÃO,UNIÃO DAS FREGUESIAS DE CAMPELO E OVIL,AF,3375,2319,39,43
mapa_1_resultados.xlsx,2176,AL2021,130224,BAIÃO,UNIÃO DAS FREGUESIAS DE LOIVOS DA RIBEIRA E TRESOURAS,AF,704,554,6,6
mapa_1_resultados.xlsx,2177,AL2021,130225,BAIÃO,UNIÃO DAS FREGUESIAS DE SANTA CRUZ DO DOURO E SÃO TOMÉ DE COVELAS,AF,1554,1059,15,20
mapa_1_resultados.xlsx,2178,AL2021,130226,BAIÃO,UNIÃO DAS FREGUESIAS DE TEIXEIRA E TEIXEIRÓ,AF,872,609,10,9
mapa_1_resultados.xlsx,2179,AL2021,130300,FELGUEIRAS,,CM,51721,32515,629,407
mapa_1_resultados.xlsx,2180,AL2021,130300,FELGUEIRAS,,AM,51721,32509,762,446
mapa_1_resultados.xlsx,2181,AL2021,130301,FELGUEIRAS,AIÃO,AF,681,422,58,12
mapa_1_resultados.xlsx,2182,AL2021,130302,FELGUEIRAS,AIRÃES,AF,2312,1547,14,20
mapa_1_resultados.xlsx,2183,AL2021,130305,FELGUEIRAS,FRIANDE,AF,1528,1064,18,16
mapa_1_resultados.xlsx,2184,AL2021,130306,FELGUEIRAS,IDÃES,AF,2426,1769,17,18
mapa_1_resultados.xlsx,2185,AL2021,130307,FELGUEIRAS,JUGUEIROS,AF,1127,832,8,14
mapa_1_resultados.xlsx,2186,AL2021,130313,FELGUEIRAS,PENACOVA,AF,939,690,26,7
mapa_1_resultados.xlsx,2187,AL2021,130314,FELGUEIRAS,PINHEIRO,AF,933,707,32,19
mapa_1_resultados.xlsx,2188,AL2021,130315,FELGUEIRAS,POMBEIRO DE RIBAVIZELA,AF,1915,1308,15,15
mapa_1_resultados.xlsx,2189,AL2021,130317,FELGUEIRAS,REFONTOURA,AF,1768,1176,15,11
mapa_1_resultados.xlsx,2190,AL2021,130318,FELGUEIRAS,REGILDE,AF,1058,678,36,11
mapa_1_resultados.xlsx,2191,AL2021,130319,FELGUEIRAS,REVINHADE,AF,594,444,10,11
mapa_1_resultados.xlsx,2192,AL2021,130324,FELGUEIRAS,SENDIM,AF,1389,1014,13,19
mapa_1_resultados.xlsx,2193,AL2021,130334,FELGUEIRAS,UNIÃO DAS FREGUESIAS DE MACIEIRA DA LIXA E CARAMOS,AF,3418,2347,41,36
mapa_1_resultados.xlsx,2194,AL2021,130335,FELGUEIRAS,"UNIÃO DAS FREGUESIAS DE MARGARIDE (SANTA EULÁLIA), VÁRZEA, LAGARES, VARZIELA E MOURE",AF,16362,9218,255,166
mapa_1_resultados.xlsx,2195,AL2021,130336,FELGUEIRAS,"UNIÃO DAS FREGUESIAS DE PEDREIRA, RANDE E SERNANDE",AF,2984,1801,38,30
mapa_1_resultados.xlsx,2196,AL2021,130337,FELGUEIRAS,UNIÃO DAS FREGUESIAS DE TORRADOS E SOUSA,AF,3002,1886,27,20
mapa_1_resultados.xlsx,2197,AL2021,130338,FELGUEIRAS,UNIÃO DAS FREGUESIAS DE UNHÃO E LORDELO,AF,1078,797,13,12
mapa_1_resultados.xlsx,2198,AL2021,130339,FELGUEIRAS,UNIÃO DAS FREGUESIAS DE VILA COVA DA LIXA E BORBA DE GODIM,AF,5730,3249,84,57
mapa_1_resultados.xlsx,2199,AL2021,130340,FELGUEIRAS,UNIÃO DAS FREGUESIAS DE VILA FRIA E VIZELA (SÃO JORGE),AF,1039,694,24,5
mapa_1_resultados.xlsx,2200,AL2021,130341,FELGUEIRAS,UNIÃO DAS FREGUESIAS DE VILA VERDE E SANTÃO,AF,1438,864,70,45
mapa_1_resultados.xlsx,2201,AL2021,130400,GONDOMAR,,CM,146210,71374,2316,1455
mapa_1_resultados.xlsx,2202,AL2021,130400,GONDOMAR,,AM,146210,71375,2564,1438
mapa_1_resultados.xlsx,2203,AL2021,130405,GONDOMAR,LOMBA,AF,1317,795,16,15
mapa_1_resultados.xlsx,2204,AL2021,130408,GONDOMAR,RIO TINTO,AF,45217,20612,777,429
mapa_1_resultados.xlsx,2205,AL2021,130412,GONDOMAR,BAGUIM DO MONTE (RIO TINTO),AF,12601,6283,230,161
mapa_1_resultados.xlsx,2206,AL2021,130413,GONDOMAR,UNIÃO DAS FREGUESIAS DE FÂNZERES E SÃO PEDRO DA COVA,AF,33723,15219,478,288
mapa_1_resultados.xlsx,2207,AL2021,130414,GONDOMAR,UNIÃO DAS FREGUESIAS DE FOZ DO SOUSA E COVELO,AF,6461,4353,115,114
mapa_1_resultados.xlsx,2208,AL2021,130415,GONDOMAR,"UNIÃO DAS FREGUESIAS DE GONDOMAR (SÃO COSME), VALBOM E JOVIM",AF,42049,21020,988,550
mapa_1_resultados.xlsx,2209,AL2021,130416,GONDOMAR,UNIÃO DAS FREGUESIAS DE MELRES E MEDAS,AF,4842,3074,119,76
mapa_1_resultados.xlsx,2210,AL2021,130500,LOUSADA,,CM,41453,28176,422,259
mapa_1_resultados.xlsx,2211,AL2021,130500,LOUSADA,,AM,41453,28176,471,305
mapa_1_resultados.xlsx,2212,AL2021,130502,LOUSADA,AVELEDA,AF,1648,1175,21,14
mapa_1_resultados.xlsx,2213,AL2021,130504,LOUSADA,CAÍDE DE REI,AF,2246,1494,27,23
mapa_1_resultados.xlsx,2214,AL2021,130510,LOUSADA,LODARES,AF,1744,1289,23,17
mapa_1_resultados.xlsx,2215,AL2021,130512,LOUSADA,MACIEIRA,AF,1328,989,6,11
mapa_1_resultados.xlsx,2216,AL2021,130513,LOUSADA,MEINEDO,AF,3410,2544,33,26
mapa_1_resultados.xlsx,2217,AL2021,130515,LOUSADA,NEVOGILDE,AF,2184,1586,14,19
mapa_1_resultados.xlsx,2218,AL2021,130524,LOUSADA,SOUSELA,AF,1537,1127,21,18
mapa_1_resultados.xlsx,2219,AL2021,130525,LOUSADA,TORNO,AF,2318,1436,27,26
mapa_1_resultados.xlsx,2220,AL2021,130526,LOUSADA,VILAR DO TORNO E ALENTÉM,AF,1164,702,71,17
mapa_1_resultados.xlsx,2221,AL2021,130527,LOUSADA,UNIÃO DAS FREGUESIAS DE CERNADELO E LOUSADA (SÃO MIGUEL E SANTA MARGARIDA),AF,1914,1284,27,21
mapa_1_resultados.xlsx,2222,AL2021,130528,LOUSADA,"UNIÃO DAS FREGUESIAS DE CRISTELOS, BOIM E ORDEM",AF,6384,3905,75,58
mapa_1_resultados.xlsx,2223,AL2021,130529,LOUSADA,UNIÃO DAS FREGUESIAS DE FIGUEIRAS E COVAS,AF,1858,1475,14,34
mapa_1_resultados.xlsx,2224,AL2021,130530,LOUSADA,UNIÃO DAS FREGUESIAS DE LUSTOSA E BARROSAS (SANTO ESTÊVÃO),AF,5076,3298,65,59
mapa_1_resultados.xlsx,2225,AL2021,130531,LOUSADA,UNIÃO DAS FREGUESIAS DE NESPEREIRA E CASAIS,AF,2984,2112,26,37
mapa_1_resultados.xlsx,2226,AL2021,130532,LOUSADA,"UNIÃO DAS FREGUESIAS DE SILVARES, PIAS, NOGUEIRA E ALVARENGA",AF,5658,3758,59,61
mapa_1_resultados.xlsx,2227,AL2021,130600,MAIA,,CM,116981,61174,2425,1157
mapa_1_resultados.xlsx,2228,AL2021,130600,MAIA,,AM,116981,61199,2472,1166
mapa_1_resultados.xlsx,2229,AL2021,130601,MAIA,ÁGUAS SANTAS,AF,23352,11133,444,232
mapa_1_resultados.xlsx,2230,AL2021,130603,MAIA,FOLGOSA,AF,2997,1744,59,34
mapa_1_resultados.xlsx,2231,AL2021,130608,MAIA,MILHEIRÓS,AF,3988,2568,75,39
mapa_1_resultados.xlsx,2232,AL2021,130609,MAIA,MOREIRA,AF,11264,5873,246,131
mapa_1_resultados.xlsx,2233,AL2021,130613,MAIA,SÃO PEDRO FINS,AF,1610,1072,27,19
mapa_1_resultados.xlsx,2234,AL2021,130616,MAIA,VILA NOVA DA TELHA,AF,5256,2904,96,68
mapa_1_resultados.xlsx,2235,AL2021,130617,MAIA,PEDROUÇOS,AF,10215,5174,199,124
mapa_1_resultados.xlsx,2236,AL2021,130618,MAIA,CASTÊLO DA MAIA,AF,16031,8375,394,223
mapa_1_resultados.xlsx,2237,AL2021,130619,MAIA,CIDADE DA MAIA,AF,35112,18459,907,376
mapa_1_resultados.xlsx,2238,AL2021,130620,MAIA,NOGUEIRA E SILVA ESCURA,AF,7156,3886,145,72
mapa_1_resultados.xlsx,2239,AL2021,130700,MARCO DE CANAVESES,,CM,45388,30248,376,378
mapa_1_resultados.xlsx,2240,AL2021,130700,MARCO DE CANAVESES,,AM,45388,30249,486,421
mapa_1_resultados.xlsx,2241,AL2021,130704,MARCO DE CANAVESES,BANHO E CARVALHOSA,AF,1099,755,10,14
mapa_1_resultados.xlsx,2242,AL2021,130705,MARCO DE CANAVESES,CONSTANCE,AF,1378,1041,17,15
mapa_1_resultados.xlsx,2243,AL2021,130722,MARCO DE CANAVESES,SOALHÃES,AF,2991,2067,26,32
mapa_1_resultados.xlsx,2244,AL2021,130723,MARCO DE CANAVESES,SOBRETÂMEGA,AF,997,762,2,15
mapa_1_resultados.xlsx,2245,AL2021,130724,MARCO DE CANAVESES,TABUADO,AF,1173,926,3,6
mapa_1_resultados.xlsx,2246,AL2021,130730,MARCO DE CANAVESES,VILA BOA DO BISPO,AF,2716,1610,18,27
mapa_1_resultados.xlsx,2247,AL2021,130732,MARCO DE CANAVESES,"ALPENDORADA, VÁRZEA E TORRÃO",AF,7142,4921,56,78
mapa_1_resultados.xlsx,2248,AL2021,130733,MARCO DE CANAVESES,AVESSADAS E ROSÉM,AF,1305,863,21,20
mapa_1_resultados.xlsx,2249,AL2021,130734,MARCO DE CANAVESES,BEM VIVER,AF,3226,2119,23,28
mapa_1_resultados.xlsx,2250,AL2021,130735,MARCO DE CANAVESES,SANTO ISIDORO E LIVRAÇÃO,AF,1729,1297,22,18
mapa_1_resultados.xlsx,2251,AL2021,130736,MARCO DE CANAVESES,MARCO,AF,10081,6119,135,113
mapa_1_resultados.xlsx,2252,AL2021,130737,MARCO DE CANAVESES,PAREDES DE VIADORES E MANHUNCELOS,AF,1381,924,18,8
mapa_1_resultados.xlsx,2253,AL2021,130738,MARCO DE CANAVESES,PENHALONGA E PAÇOS DE GAIOLO,AF,2333,1429,23,16
mapa_1_resultados.xlsx,2254,AL2021,130739,MARCO DE CANAVESES,SANDE E SÃO LOURENÇO DO DOURO,AF,2311,1489,11,10
mapa_1_resultados.xlsx,2255,AL2021,130740,MARCO DE CANAVESES,"VÁRZEA, ALIVIADA E FOLHADA",AF,2311,1559,18,37
mapa_1_resultados.xlsx,2256,AL2021,130741,MARCO DE CANAVESES,VILA BOA DE QUIRES E MAURELES,AF,3216,2367,23,41
mapa_1_resultados.xlsx,2257,AL2021,130800,MATOSINHOS,,CM,151342,69635,2247,1148
mapa_1_resultados.xlsx,2258,AL2021,130800,MATOSINHOS,,AM,151342,69647,2483,1191
mapa_1_resultados.xlsx,2259,AL2021,130811,MATOSINHOS,"UNIÃO DAS FREGUESIAS DE CUSTÓIAS, LEÇA DO BALIO E GUIFÕES",AF,37306,17717,768,380
mapa_1_resultados.xlsx,2260,AL2021,130812,MATOSINHOS,UNIÃO DAS FREGUESIAS DE MATOSINHOS E LEÇA DA PALMEIRA,AF,43497,20377,806,348
mapa_1_resultados.xlsx,2261,AL2021,130813,MATOSINHOS,"UNIÃO DAS FREGUESIAS DE PERAFITA, LAVRA E SANTA CRUZ DO BISPO",AF,25770,11747,499,234
mapa_1_resultados.xlsx,2262,AL2021,130814,MATOSINHOS,UNIÃO DAS FREGUESIAS DE SÃO MAMEDE DE INFESTA E SENHORA DA HORA,AF,44769,19786,757,345
mapa_1_resultados.xlsx,2263,AL2021,130900,PAÇOS DE FERREIRA,,CM,48816,32092,609,436
mapa_1_resultados.xlsx,2264,AL2021,130900,PAÇOS DE FERREIRA,,AM,48816,32100,698,417
mapa_1_resultados.xlsx,2265,AL2021,130902,PAÇOS DE FERREIRA,CARVALHOSA,AF,3947,2535,63,40
mapa_1_resultados.xlsx,2266,AL2021,130904,PAÇOS DE FERREIRA,EIRIZ,AF,1911,1444,12,12
mapa_1_resultados.xlsx,2267,AL2021,130905,PAÇOS DE FERREIRA,FERREIRA,AF,3748,2589,31,39
mapa_1_resultados.xlsx,2268,AL2021,130906,PAÇOS DE FERREIRA,FIGUEIRÓ,AF,2165,1528,33,20
mapa_1_resultados.xlsx,2269,AL2021,130908,PAÇOS DE FERREIRA,FREAMUNDE,AF,6751,4285,89,61
mapa_1_resultados.xlsx,2270,AL2021,130910,PAÇOS DE FERREIRA,MEIXOMIL,AF,3271,2233,47,29
mapa_1_resultados.xlsx,2271,AL2021,130913,PAÇOS DE FERREIRA,PENAMAIOR,AF,3156,2166,54,31
mapa_1_resultados.xlsx,2272,AL2021,130914,PAÇOS DE FERREIRA,RAIMONDA,AF,2217,1560,17,17
mapa_1_resultados.xlsx,2273,AL2021,130916,PAÇOS DE FERREIRA,SEROA,AF,2988,1673,30,35
mapa_1_resultados.xlsx,2274,AL2021,130917,PAÇOS DE FERREIRA,FRAZÃO ARREIGADA,AF,5286,3521,70,87
mapa_1_resultados.xlsx,2275,AL2021,130918,PAÇOS DE FERREIRA,PAÇOS DE FERREIRA,AF,8440,5186,133,79
mapa_1_resultados.xlsx,2276,AL2021,130919,PAÇOS DE FERREIRA,SANFINS LAMOSO CODESSOS,AF,4936,3374,98,56
mapa_1_resultados.xlsx,2277,AL2021,131000,PAREDES,,CM,74295,49451,960,820
mapa_1_resultados.xlsx,2278,AL2021,131000,PAREDES,,AM,74295,49089,1107,871
mapa_1_resultados.xlsx,2279,AL2021,131001,PAREDES,AGUIAR DE SOUSA,AF,1392,975,27,24
mapa_1_resultados.xlsx,2280,AL2021,131002,PAREDES,ASTROMIL,AF,870,660,11,10
mapa_1_resultados.xlsx,2281,AL2021,131003,PAREDES,BALTAR,AF,4244,2755,49,49
mapa_1_resultados.xlsx,2282,AL2021,131004,PAREDES,BEIRE,AF,1783,1307,6,15
mapa_1_resultados.xlsx,2283,AL2021,131008,PAREDES,CETE,AF,2639,1847,40,39
mapa_1_resultados.xlsx,2284,AL2021,131009,PAREDES,CRISTELO,AF,1599,1225,4,10
mapa_1_resultados.xlsx,2285,AL2021,131010,PAREDES,DUAS IGREJAS,AF,3169,2213,17,38
mapa_1_resultados.xlsx,2286,AL2021,131011,PAREDES,GANDRA,AF,6044,3842,93,81
mapa_1_resultados.xlsx,2287,AL2021,131013,PAREDES,LORDELO,AF,8336,5323,86,130
mapa_1_resultados.xlsx,2288,AL2021,131014,PAREDES,LOUREDO,AF,1180,970,24,19
mapa_1_resultados.xlsx,2289,AL2021,131017,PAREDES,PARADA DE TODEIA,AF,1556,1147,11,13
mapa_1_resultados.xlsx,2290,AL2021,131018,PAREDES,REBORDOSA,AF,7600,4803,89,108
mapa_1_resultados.xlsx,2291,AL2021,131019,PAREDES,RECAREI,AF,3905,2574,54,29
mapa_1_resultados.xlsx,2292,AL2021,131020,PAREDES,SOBREIRA,AF,3636,2366,58,20
mapa_1_resultados.xlsx,2293,AL2021,131021,PAREDES,SOBROSA,AF,2319,1764,21,29
mapa_1_resultados.xlsx,2294,AL2021,131022,PAREDES,VANDOMA,AF,1988,1407,24,25
mapa_1_resultados.xlsx,2295,AL2021,131024,PAREDES,VILELA,AF,4218,2971,40,59
mapa_1_resultados.xlsx,2296,AL2021,131025,PAREDES,PAREDES,AF,17817,11024,293,215
mapa_1_resultados.xlsx,2297,AL2021,131100,PENAFIEL,,CM,61944,43664,635,584
mapa_1_resultados.xlsx,2298,AL2021,131100,PENAFIEL,,AM,61944,43663,680,597
mapa_1_resultados.xlsx,2299,AL2021,131101,PENAFIEL,ABRAGÃO,AF,2093,1628,9,15
mapa_1_resultados.xlsx,2300,AL2021,131102,PENAFIEL,BOELHE,AF,1396,1104,14,17
mapa_1_resultados.xlsx,2301,AL2021,131103,PENAFIEL,BUSTELO,AF,1444,1065,43,55
mapa_1_resultados.xlsx,2302,AL2021,131104,PENAFIEL,CABEÇA SANTA,AF,2110,1562,23,37
mapa_1_resultados.xlsx,2303,AL2021,131105,PENAFIEL,CANELAS,AF,1391,1109,8,13
mapa_1_resultados.xlsx,2304,AL2021,131106,PENAFIEL,CAPELA,AF,852,697,19,19
mapa_1_resultados.xlsx,2305,AL2021,131107,PENAFIEL,CASTELÕES,AF,1266,946,8,10
mapa_1_resultados.xlsx,2306,AL2021,131108,PENAFIEL,CROCA,AF,1572,1051,21,26
mapa_1_resultados.xlsx,2307,AL2021,131109,PENAFIEL,DUAS IGREJAS,AF,2029,1456,15,26
mapa_1_resultados.xlsx,2308,AL2021,131110,PENAFIEL,EJA,AF,817,602,9,3
mapa_1_resultados.xlsx,2309,AL2021,131112,PENAFIEL,FONTE ARCADA,AF,1279,995,6,17
mapa_1_resultados.xlsx,2310,AL2021,131113,PENAFIEL,GALEGOS,AF,2261,1582,17,20
mapa_1_resultados.xlsx,2311,AL2021,131115,PENAFIEL,IRIVO,AF,1852,1368,10,8
mapa_1_resultados.xlsx,2312,AL2021,131121,PENAFIEL,OLDRÕES,AF,1702,1293,11,13
mapa_1_resultados.xlsx,2313,AL2021,131122,PENAFIEL,PAÇO DE SOUSA,AF,3379,2440,35,40
mapa_1_resultados.xlsx,2314,AL2021,131125,PENAFIEL,PEROZELO,AF,1145,875,9,13
mapa_1_resultados.xlsx,2315,AL2021,131128,PENAFIEL,RANS,AF,1558,993,55,45
mapa_1_resultados.xlsx,2316,AL2021,131129,PENAFIEL,RIO DE MOINHOS,AF,2410,1691,10,22
mapa_1_resultados.xlsx,2317,AL2021,131132,PENAFIEL,RECEZINHOS (SÃO MAMEDE),AF,1327,948,10,20
mapa_1_resultados.xlsx,2318,AL2021,131133,PENAFIEL,RECEZINHOS (SÃO MARTINHO),AF,1571,1097,17,12
mapa_1_resultados.xlsx,2319,AL2021,131134,PENAFIEL,SEBOLIDO,AF,736,530,16,16
mapa_1_resultados.xlsx,2320,AL2021,131136,PENAFIEL,VALPEDRE,AF,1258,1011,1,14
mapa_1_resultados.xlsx,2321,AL2021,131138,PENAFIEL,RIO MAU,AF,1202,991,12,6
mapa_1_resultados.xlsx,2322,AL2021,131139,PENAFIEL,PENAFIEL,AF,13783,8411,167,184
mapa_1_resultados.xlsx,2323,AL2021,131140,PENAFIEL,LUZIM E VILA COVA,AF,1382,999,11,20
mapa_1_resultados.xlsx,2324,AL2021,131141,PENAFIEL,GUILHUFE E URRÔ,AF,3513,2384,55,55
mapa_1_resultados.xlsx,2325,AL2021,131142,PENAFIEL,LAGARES E FIGUEIRA,AF,2364,1838,16,26
mapa_1_resultados.xlsx,2326,AL2021,131143,PENAFIEL,TERMAS DE SÃO VICENTE,AF,4252,2998,41,33
mapa_1_resultados.xlsx,2327,AL2021,131200,PORTO,,CM,207129,101179,2253,1130
mapa_1_resultados.xlsx,2328,AL2021,131200,PORTO,,AM,207129,101168,2330,1160
mapa_1_resultados.xlsx,2329,AL2021,131202,PORTO,BONFIM,AF,21442,10453,257,159
mapa_1_resultados.xlsx,2330,AL2021,131203,PORTO,CAMPANHÃ,AF,27648,12881,425,264
mapa_1_resultados.xlsx,2331,AL2021,131210,PORTO,PARANHOS,AF,40373,19390,477,269
mapa_1_resultados.xlsx,2332,AL2021,131211,PORTO,RAMALDE,AF,33412,17094,498,226
mapa_1_resultados.xlsx,2333,AL2021,131216,PORTO,"UNIÃO DAS FREGUESIAS DE ALDOAR, FOZ DO DOURO E NEVOGILDE",AF,25315,14087,360,161
mapa_1_resultados.xlsx,2334,AL2021,131217,PORTO,"UNIÃO DAS FREGUESIAS DE CEDOFEITA, SANTO ILDEFONSO, SÉ, MIRAGAIA, SÃO NICOLAU E VITÓRIA",AF,34800,14791,381,212
mapa_1_resultados.xlsx,2335,AL2021,131218,PORTO,UNIÃO DAS FREGUESIAS DE LORDELO DO OURO E MASSARELOS,AF,24139,12478,384,144
mapa_1_resultados.xlsx,2336,AL2021,131300,PÓVOA DE VARZIM,,CM,60162,28938,959,392
mapa_1_resultados.xlsx,2337,AL2021,131300,PÓVOA DE VARZIM,,AM,60162,28940,1039,389
mapa_1_resultados.xlsx,2338,AL2021,131305,PÓVOA DE VARZIM,BALAZAR,AF,2351,1668,18,12
mapa_1_resultados.xlsx,2339,AL2021,131307,PÓVOA DE VARZIM,ESTELA,AF,2295,1505,18,18
mapa_1_resultados.xlsx,2340,AL2021,131308,PÓVOA DE VARZIM,LAUNDOS,AF,1865,1154,36,24
mapa_1_resultados.xlsx,2341,AL2021,131311,PÓVOA DE VARZIM,RATES,AF,2206,1364,57,31
mapa_1_resultados.xlsx,2342,AL2021,131313,PÓVOA DE VARZIM,"UNIÃO DAS FREGUESIAS DE AVER-O-MAR, AMORIM E TERROSO",AF,12980,6310,419,135
mapa_1_resultados.xlsx,2343,AL2021,131314,PÓVOA DE VARZIM,UNIÃO DAS FREGUESIAS DE AGUÇADOURA E NAVAIS,AF,5237,2742,133,48
mapa_1_resultados.xlsx,2344,AL2021,131315,PÓVOA DE VARZIM,"UNIÃO DAS FREGUESIAS DA PÓVOA DE VARZIM, BEIRIZ E ARGIVAI",AF,33228,14194,575,197
mapa_1_resultados.xlsx,2345,AL2021,131400,SANTO TIRSO,,CM,61979,35483,1382,539
mapa_1_resultados.xlsx,2346,AL2021,131400,SANTO TIRSO,,AM,61978,35485,1480,547
mapa_1_resultados.xlsx,2347,AL2021,131401,SANTO TIRSO,AGRELA,AF,1377,945,38,27
mapa_1_resultados.xlsx,2348,AL2021,131402,SANTO TIRSO,ÁGUA LONGA,AF,1999,1354,71,51
mapa_1_resultados.xlsx,2349,AL2021,131405,SANTO TIRSO,AVES,AF,7415,3955,147,62
mapa_1_resultados.xlsx,2350,AL2021,131413,SANTO TIRSO,MONTE CÓRDOVA,AF,3410,2255,127,56
mapa_1_resultados.xlsx,2351,AL2021,131416,SANTO TIRSO,REBORDÕES,AF,2959,1726,59,34
mapa_1_resultados.xlsx,2352,AL2021,131418,SANTO TIRSO,REGUENGA,AF,1314,930,45,18
mapa_1_resultados.xlsx,2353,AL2021,131419,SANTO TIRSO,RORIZ,AF,3160,1972,46,27
mapa_1_resultados.xlsx,2354,AL2021,131430,SANTO TIRSO,NEGRELOS (SÃO TOMÉ),AF,3409,2073,61,29
mapa_1_resultados.xlsx,2355,AL2021,131432,SANTO TIRSO,VILARINHO,AF,3277,1937,59,28
mapa_1_resultados.xlsx,2356,AL2021,131433,SANTO TIRSO,"UNIÃO DAS FREGUESIAS DE AREIAS, SEQUEIRÓ, LAMA E PALMEIRA",AF,5782,3274,128,48
mapa_1_resultados.xlsx,2357,AL2021,131434,SANTO TIRSO,VILA NOVA DO CAMPO,AF,5853,3685,97,39
mapa_1_resultados.xlsx,2358,AL2021,131435,SANTO TIRSO,UNIÃO DAS FREGUESIAS DE CARREIRA E REFOJOS DE RIBA DE AVE,AF,1887,1242,70,47
mapa_1_resultados.xlsx,2359,AL2021,131436,SANTO TIRSO,UNIÃO DAS FREGUESIAS DE LAMELAS E GUIMAREI,AF,1398,896,48,25
mapa_1_resultados.xlsx,2360,AL2021,131437,SANTO TIRSO,"UNIÃO DAS FREGUESIAS DE SANTO TIRSO, COUTO (SANTA CRISTINA E SÃO MIGUEL) E BURGÃES",AF,18738,9245,390,147
mapa_1_resultados.xlsx,2361,AL2021,131500,VALONGO,,CM,84294,40286,1462,884
mapa_1_resultados.xlsx,2362,AL2021,131500,VALONGO,,AM,84294,40286,1582,925
mapa_1_resultados.xlsx,2363,AL2021,131501,VALONGO,ALFENA,AF,12999,6508,208,174
mapa_1_resultados.xlsx,2364,AL2021,131503,VALONGO,ERMESINDE,AF,35273,15415,773,368
mapa_1_resultados.xlsx,2365,AL2021,131505,VALONGO,VALONGO,AF,22127,10778,412,240
mapa_1_resultados.xlsx,2366,AL2021,131506,VALONGO,UNIÃO DAS FREGUESIAS DE CAMPO E SOBRADO,AF,13895,7583,247,160
mapa_1_resultados.xlsx,2367,AL2021,131600,VILA DO CONDE,,CM,71757,43352,938,391
mapa_1_resultados.xlsx,2368,AL2021,131600,VILA DO CONDE,,AM,71757,43359,1055,419
mapa_1_resultados.xlsx,2369,AL2021,131602,VILA DO CONDE,ÁRVORE,AF,5127,2970,68,38
mapa_1_resultados.xlsx,2370,AL2021,131603,VILA DO CONDE,AVELEDA,AF,1085,659,16,7
mapa_1_resultados.xlsx,2371,AL2021,131604,VILA DO CONDE,AZURARA,AF,1891,1196,31,20
mapa_1_resultados.xlsx,2372,AL2021,131607,VILA DO CONDE,FAJOZES,AF,1161,792,9,7
mapa_1_resultados.xlsx,2373,AL2021,131610,VILA DO CONDE,GIÃO,AF,1490,1151,16,18
mapa_1_resultados.xlsx,2374,AL2021,131611,VILA DO CONDE,GUILHABREU,AF,2002,1415,33,27
mapa_1_resultados.xlsx,2375,AL2021,131612,VILA DO CONDE,JUNQUEIRA,AF,1860,1286,20,13
mapa_1_resultados.xlsx,2376,AL2021,131613,VILA DO CONDE,LABRUGE,AF,2510,1546,61,18
mapa_1_resultados.xlsx,2377,AL2021,131614,VILA DO CONDE,MACIEIRA DA MAIA,AF,2119,1450,16,18
mapa_1_resultados.xlsx,2378,AL2021,131616,VILA DO CONDE,MINDELO,AF,3574,2268,44,46
mapa_1_resultados.xlsx,2379,AL2021,131617,VILA DO CONDE,MODIVAS,AF,1547,1068,16,13
mapa_1_resultados.xlsx,2380,AL2021,131627,VILA DO CONDE,VILA CHÃ,AF,3002,1917,43,27
mapa_1_resultados.xlsx,2381,AL2021,131628,VILA DO CONDE,VILA DO CONDE,AF,26172,13351,340,125
mapa_1_resultados.xlsx,2382,AL2021,131630,VILA DO CONDE,VILAR DE PINHEIRO,AF,2240,1457,49,21
mapa_1_resultados.xlsx,2383,AL2021,131631,VILA DO CONDE,"UNIÃO DAS FREGUESIAS DE BAGUNTE, FERREIRÓ, OUTEIRO MAIOR E PARADA",AF,2385,1555,268,53
mapa_1_resultados.xlsx,2384,AL2021,131632,VILA DO CONDE,UNIÃO DAS FREGUESIAS DE FORNELO E VAIRÃO,AF,2203,1473,22,30
mapa_1_resultados.xlsx,2385,AL2021,131633,VILA DO CONDE,UNIÃO DAS FREGUESIAS DE MALTA E CANIDELO,AF,1978,1473,9,17
mapa_1_resultados.xlsx,2386,AL2021,131634,VILA DO CONDE,UNIÃO DAS FREGUESIAS DE RETORTA E TOUGUES,AF,1852,1423,24,15
mapa_1_resultados.xlsx,2387,AL2021,131635,VILA DO CONDE,UNIÃO DAS FREGUESIAS DE RIO MAU E ARCOS,AF,2440,1705,41,18
mapa_1_resultados.xlsx,2388,AL2021,131636,VILA DO CONDE,UNIÃO DAS FREGUESIAS DE TOUGUINHA E TOUGUINHÓ,AF,3011,1773,78,28
mapa_1_resultados.xlsx,2389,AL2021,131637,VILA DO CONDE,UNIÃO DAS FREGUESIAS DE VILAR E MOSTEIRÓ,AF,2120,1452,33,29
mapa_1_resultados.xlsx,2390,AL2021,131700,VILA NOVA DE GAIA,,CM,267468,127546,3562,2013
mapa_1_resultados.xlsx,2391,AL2021,131700,VILA NOVA DE GAIA,,AM,267468,127556,4257,2175
mapa_1_resultados.xlsx,2392,AL2021,131701,VILA NOVA DE GAIA,ARCOZELO,AF,13409,6564,292,114
mapa_1_resultados.xlsx,2393,AL2021,131702,VILA NOVA DE GAIA,AVINTES,AF,9823,4906,128,82
mapa_1_resultados.xlsx,2394,AL2021,131703,VILA NOVA DE GAIA,CANELAS,AF,11878,5913,177,104
mapa_1_resultados.xlsx,2395,AL2021,131704,VILA NOVA DE GAIA,CANIDELO,AF,24423,11108,485,231
mapa_1_resultados.xlsx,2396,AL2021,131709,VILA NOVA DE GAIA,MADALENA,AF,9176,4582,180,87
mapa_1_resultados.xlsx,2397,AL2021,131712,VILA NOVA DE GAIA,OLIVEIRA DO DOURO,AF,19960,9503,282,152
mapa_1_resultados.xlsx,2398,AL2021,131717,VILA NOVA DE GAIA,SÃO FÉLIX DA MARINHA,AF,11550,6358,263,135
mapa_1_resultados.xlsx,2399,AL2021,131723,VILA NOVA DE GAIA,VILAR DE ANDORINHO,AF,15439,6764,242,419
mapa_1_resultados.xlsx,2400,AL2021,131725,VILA NOVA DE GAIA,UNIÃO DAS FREGUESIAS DE GRIJÓ E SERMONDE,AF,10593,5634,155,103
mapa_1_resultados.xlsx,2401,AL2021,131726,VILA NOVA DE GAIA,UNIÃO DAS FREGUESIAS DE GULPILHARES E VALADARES,AF,19613,9116,399,185
mapa_1_resultados.xlsx,2402,AL2021,131727,VILA NOVA DE GAIA,UNIÃO DAS FREGUESIAS DE MAFAMUDE E VILAR DO PARAÍSO,AF,46260,20162,687,353
mapa_1_resultados.xlsx,2403,AL2021,131728,VILA NOVA DE GAIA,UNIÃO DAS FREGUESIAS DE PEDROSO E SEIXEZELO,AF,18115,9178,350,172
mapa_1_resultados.xlsx,2404,AL2021,131729,VILA NOVA DE GAIA,"UNIÃO DAS FREGUESIAS DE SANDIM, OLIVAL, LEVER E CRESTUMA",AF,14775,8590,315,239
mapa_1_resultados.xlsx,2405,AL2021,131730,VILA NOVA DE GAIA,UNIÃO DAS FREGUESIAS DE SANTA MARINHA E SÃO PEDRO DA AFURADA,AF,29876,13036,518,258
mapa_1_resultados.xlsx,2406,AL2021,131731,VILA NOVA DE GAIA,UNIÃO DAS FREGUESIAS DE SERZEDO E PEROSINHO,AF,12578,6123,278,147
mapa_1_resultados.xlsx,2407,AL2021,131800,TROFA,,CM,33834,21068,497,320
mapa_1_resultados.xlsx,2408,AL2021,131800,TROFA,,AM,33834,21070,567,348
mapa_1_resultados.xlsx,2409,AL2021,131806,TROFA,COVELAS,AF,1294,1007,21,18
mapa_1_resultados.xlsx,2410,AL2021,131808,TROFA,MURO,AF,1603,1055,19,11
mapa_1_resultados.xlsx,2411,AL2021,131809,TROFA,UNIÃO DAS FREGUESIAS DE ALVARELHOS E GUIDÕES,AF,4215,2872,49,36
mapa_1_resultados.xlsx,2412,AL2021,131810,TROFA,UNIÃO DAS FREGUESIAS DE BOUGADO (SÃO MARTINHO E SANTIAGO),AF,18671,11479,277,201
mapa_1_resultados.xlsx,2413,AL2021,131811,TROFA,UNIÃO DAS FREGUESIAS DE CORONADO (SÃO ROMÃO E SÃO MAMEDE),AF,8051,4657,117,80
mapa_1_resultados.xlsx,2414,AL2021,140000,SANTARÉM,,,,,,
mapa_1_resultados.xlsx,2415,AL2021,140100,ABRANTES,,CM,31591,17240,413,276
mapa_1_resultados.xlsx,2416,AL2021,140100,ABRANTES,,AM,31591,17242,479,303
mapa_1_resultados.xlsx,2417,AL2021,140104,ABRANTES,BEMPOSTA,AF,1441,739,36,19
mapa_1_resultados.xlsx,2418,AL2021,140105,ABRANTES,MARTINCHEL,AF,487,299,7,16
mapa_1_resultados.xlsx,2419,AL2021,140106,ABRANTES,MOURISCAS,AF,1366,908,17,10
mapa_1_resultados.xlsx,2420,AL2021,140107,ABRANTES,PEGO,AF,1974,953,56,17
mapa_1_resultados.xlsx,2421,AL2021,140108,ABRANTES,RIO DE MOINHOS,AF,951,551,12,14
mapa_1_resultados.xlsx,2422,AL2021,140115,ABRANTES,TRAMAGAL,AF,2706,1647,25,25
mapa_1_resultados.xlsx,2423,AL2021,140118,ABRANTES,FONTES,AF,477,298,4,9
mapa_1_resultados.xlsx,2424,AL2021,140119,ABRANTES,CARVALHAL,AF,572,377,6,5
mapa_1_resultados.xlsx,2425,AL2021,140120,ABRANTES,UNIÃO DAS FREGUESIAS DE ABRANTES (SÃO VICENTE E SÃO JOÃO) E ALFERRAREDE,AF,14163,7087,265,169
mapa_1_resultados.xlsx,2426,AL2021,140121,ABRANTES,UNIÃO DAS FREGUESIAS DE ALDEIA DO MATO E SOUTO,AF,677,493,6,11
mapa_1_resultados.xlsx,2427,AL2021,140122,ABRANTES,UNIÃO DAS FREGUESIAS DE ALVEGA E CONCAVADA,AF,1695,1061,10,17
mapa_1_resultados.xlsx,2428,AL2021,140123,ABRANTES,UNIÃO DAS FREGUESIAS DE SÃO FACUNDO E VALE DAS MÓS,AF,1147,761,19,8
mapa_1_resultados.xlsx,2429,AL2021,140124,ABRANTES,UNIÃO DAS FREGUESIAS DE SÃO MIGUEL DO RIO TORTO E ROSSIO AO SUL DO TEJO,AF,3935,2068,32,31
mapa_1_resultados.xlsx,2430,AL2021,140200,ALCANENA,,CM,11773,6776,141,126
mapa_1_resultados.xlsx,2431,AL2021,140200,ALCANENA,,AM,11773,6775,175,134
mapa_1_resultados.xlsx,2432,AL2021,140202,ALCANENA,BUGALHOS,AF,918,520,9,13
mapa_1_resultados.xlsx,2433,AL2021,140206,ALCANENA,MINDE,AF,2698,1541,51,37
mapa_1_resultados.xlsx,2434,AL2021,140207,ALCANENA,MOITAS VENDA,AF,832,528,14,7
mapa_1_resultados.xlsx,2435,AL2021,140208,ALCANENA,MONSANTO,AF,721,428,11,5
mapa_1_resultados.xlsx,2436,AL2021,140209,ALCANENA,SERRA DE SANTO ANTÓNIO,AF,706,411,6,8
mapa_1_resultados.xlsx,2437,AL2021,140211,ALCANENA,UNIÃO DAS FREGUESIAS DE ALCANENA E VILA MOREIRA,AF,4322,2337,35,38
mapa_1_resultados.xlsx,2438,AL2021,140212,ALCANENA,"UNIÃO DAS FREGUESIAS DE MALHOU, LOURICEIRA E ESPINHEIRO",AF,1536,1010,20,21
mapa_1_resultados.xlsx,2439,AL2021,140300,ALMEIRIM,,CM,19605,8266,238,105
mapa_1_resultados.xlsx,2440,AL2021,140300,ALMEIRIM,,AM,19605,8266,262,106
mapa_1_resultados.xlsx,2441,AL2021,140301,ALMEIRIM,ALMEIRIM,AF,10693,4295,146,67
mapa_1_resultados.xlsx,2442,AL2021,140302,ALMEIRIM,BENFICA DO RIBATEJO,AF,2610,1172,20,8
mapa_1_resultados.xlsx,2443,AL2021,140303,ALMEIRIM,FAZENDAS DE ALMEIRIM,AF,5821,2483,81,37
mapa_1_resultados.xlsx,2444,AL2021,140304,ALMEIRIM,RAPOSA,AF,481,326,2,8
mapa_1_resultados.xlsx,2445,AL2021,140400,ALPIARÇA,,CM,6268,3737,109,43
mapa_1_resultados.xlsx,2446,AL2021,140400,ALPIARÇA,,AM,6268,3737,114,60
mapa_1_resultados.xlsx,2447,AL2021,140401,ALPIARÇA,ALPIARÇA,AF,6268,3737,124,43
mapa_1_resultados.xlsx,2448,AL2021,140500,BENAVENTE,,CM,24411,10891,340,212
mapa_1_resultados.xlsx,2449,AL2021,140500,BENAVENTE,,AM,24411,10891,378,200
mapa_1_resultados.xlsx,2450,AL2021,140501,BENAVENTE,BENAVENTE,AF,7870,3643,151,71
mapa_1_resultados.xlsx,2451,AL2021,140502,BENAVENTE,SAMORA CORREIA,AF,14297,5841,199,125
mapa_1_resultados.xlsx,2452,AL2021,140503,BENAVENTE,SANTO ESTÊVÃO,AF,1680,1033,16,20
mapa_1_resultados.xlsx,2453,AL2021,140504,BENAVENTE,BARROSA,AF,564,373,4,7
mapa_1_resultados.xlsx,2454,AL2021,140600,CARTAXO,,CM,20643,10836,302,154
mapa_1_resultados.xlsx,2455,AL2021,140600,CARTAXO,,AM,20643,10836,309,147
mapa_1_resultados.xlsx,2456,AL2021,140604,CARTAXO,PONTÉVEL,AF,3922,2017,72,35
mapa_1_resultados.xlsx,2457,AL2021,140605,CARTAXO,VALADA,AF,586,353,8,8
mapa_1_resultados.xlsx,2458,AL2021,140607,CARTAXO,VILA CHÃ DE OURIQUE,AF,2305,1254,27,16
mapa_1_resultados.xlsx,2459,AL2021,140608,CARTAXO,VALE DA PEDRA,AF,1444,729,21,20
mapa_1_resultados.xlsx,2460,AL2021,140609,CARTAXO,UNIÃO DAS FREGUESIAS DE CARTAXO E VALE DA PINTA,AF,10796,5566,163,88
mapa_1_resultados.xlsx,2461,AL2021,140610,CARTAXO,UNIÃO DAS FREGUESIAS DE EREIRA E LAPA,AF,1590,917,23,8
mapa_1_resultados.xlsx,2462,AL2021,140700,CHAMUSCA,,CM,7667,4638,119,74
mapa_1_resultados.xlsx,2463,AL2021,140700,CHAMUSCA,,AM,7667,4638,126,64
mapa_1_resultados.xlsx,2464,AL2021,140704,CHAMUSCA,ULME,AF,911,551,11,4
mapa_1_resultados.xlsx,2465,AL2021,140705,CHAMUSCA,VALE DE CAVALOS,AF,774,507,9,3
mapa_1_resultados.xlsx,2466,AL2021,140707,CHAMUSCA,CARREGUEIRA,AF,1578,909,20,10
mapa_1_resultados.xlsx,2467,AL2021,140708,CHAMUSCA,UNIÃO DAS FREGUESIAS DA CHAMUSCA E PINHEIRO GRANDE,AF,3329,2013,41,44
mapa_1_resultados.xlsx,2468,AL2021,140709,CHAMUSCA,UNIÃO DAS FREGUESIAS DE PARREIRA E CHOUTO,AF,1075,659,12,9
mapa_1_resultados.xlsx,2469,AL2021,140800,CONSTÂNCIA,,CM,3320,2308,55,34
mapa_1_resultados.xlsx,2470,AL2021,140800,CONSTÂNCIA,,AM,3320,2308,69,35
mapa_1_resultados.xlsx,2471,AL2021,140801,CONSTÂNCIA,CONSTÂNCIA,AF,840,576,15,9
mapa_1_resultados.xlsx,2472,AL2021,140802,CONSTÂNCIA,MONTALVO,AF,1054,755,17,13
mapa_1_resultados.xlsx,2473,AL2021,140803,CONSTÂNCIA,SANTA MARGARIDA DA COUTADA,AF,1426,977,33,11
mapa_1_resultados.xlsx,2474,AL2021,140900,CORUCHE,,CM,15845,8338,201,264
mapa_1_resultados.xlsx,2475,AL2021,140900,CORUCHE,,AM,15845,8338,212,136
mapa_1_resultados.xlsx,2476,AL2021,140902,CORUCHE,COUÇO,AF,2072,1381,33,15
mapa_1_resultados.xlsx,2477,AL2021,140903,CORUCHE,SÃO JOSÉ DA LAMAROSA,AF,1335,700,5,7
mapa_1_resultados.xlsx,2478,AL2021,140905,CORUCHE,BRANCA,AF,1170,583,9,7
mapa_1_resultados.xlsx,2479,AL2021,140907,CORUCHE,BISCAINHO,AF,829,440,8,2
mapa_1_resultados.xlsx,2480,AL2021,140908,CORUCHE,SANTANA DO MATO,AF,852,548,13,9
mapa_1_resultados.xlsx,2481,AL2021,140909,CORUCHE,"UNIÃO DAS FREGUESIAS DE CORUCHE, FAJARDA E ERRA",AF,9587,4686,129,76
mapa_1_resultados.xlsx,2482,AL2021,141000,ENTRONCAMENTO,,CM,17012,8501,274,180
mapa_1_resultados.xlsx,2483,AL2021,141000,ENTRONCAMENTO,,AM,17012,8454,294,129
mapa_1_resultados.xlsx,2484,AL2021,141001,ENTRONCAMENTO,SÃO JOÃO BAPTISTA,AF,6483,3355,124,57
mapa_1_resultados.xlsx,2485,AL2021,141002,ENTRONCAMENTO,NOSSA SENHORA DE FÁTIMA,AF,10529,5099,242,115
mapa_1_resultados.xlsx,2486,AL2021,141100,FERREIRA DO ZÊZERE,,CM,6961,4963,84,99
mapa_1_resultados.xlsx,2487,AL2021,141100,FERREIRA DO ZÊZERE,,AM,6961,4963,93,108
mapa_1_resultados.xlsx,2488,AL2021,141101,FERREIRA DO ZÊZERE,ÁGUAS BELAS,AF,1015,763,11,14
mapa_1_resultados.xlsx,2489,AL2021,141103,FERREIRA DO ZÊZERE,BECO,AF,702,489,10,21
mapa_1_resultados.xlsx,2490,AL2021,141104,FERREIRA DO ZÊZERE,CHÃOS,AF,454,286,5,14
mapa_1_resultados.xlsx,2491,AL2021,141106,FERREIRA DO ZÊZERE,FERREIRA DO ZÊZERE,AF,1985,1428,28,28
mapa_1_resultados.xlsx,2492,AL2021,141107,FERREIRA DO ZÊZERE,IGREJA NOVA DO SOBRAL,AF,514,360,10,8
mapa_1_resultados.xlsx,2493,AL2021,141110,FERREIRA DO ZÊZERE,NOSSA SENHORA DO PRANTO,AF,883,687,3,13
mapa_1_resultados.xlsx,2494,AL2021,141111,FERREIRA DO ZÊZERE,UNIÃO DAS FREGUESIAS DE AREIAS E PIAS,AF,1408,950,22,36
mapa_1_resultados.xlsx,2495,AL2021,141200,GOLEGÃ,,CM,4866,3137,44,36
mapa_1_resultados.xlsx,2496,AL2021,141200,GOLEGÃ,,AM,4866,3137,96,44
mapa_1_resultados.xlsx,2497,AL2021,141201,GOLEGÃ,AZINHAGA,AF,1307,842,20,12
mapa_1_resultados.xlsx,2498,AL2021,141202,GOLEGÃ,GOLEGÃ,AF,3191,2016,77,26
mapa_1_resultados.xlsx,2499,AL2021,141203,GOLEGÃ,POMBALINHO,AF,368,279,2,6
mapa_1_resultados.xlsx,2500,AL2021,141300,MAÇÃO,,CM,5866,4180,74,98
mapa_1_resultados.xlsx,2501,AL2021,141300,MAÇÃO,,AM,5866,4180,83,107
mapa_1_resultados.xlsx,2502,AL2021,141302,MAÇÃO,AMÊNDOA,AF,394,255,40,15
mapa_1_resultados.xlsx,2503,AL2021,141303,MAÇÃO,CARDIGOS,AF,867,573,96,55
mapa_1_resultados.xlsx,2504,AL2021,141304,MAÇÃO,CARVOEIRO,AF,476,372,3,13
mapa_1_resultados.xlsx,2505,AL2021,141305,MAÇÃO,ENVENDOS,AF,767,541,5,6
mapa_1_resultados.xlsx,2506,AL2021,141307,MAÇÃO,ORTIGA,AF,461,357,8,7
mapa_1_resultados.xlsx,2507,AL2021,141309,MAÇÃO,"UNIÃO DAS FREGUESIAS DE MAÇÃO, PENHASCOSO E ABOBOREIRA",AF,2901,2082,31,43
mapa_1_resultados.xlsx,2508,AL2021,141400,RIO MAIOR,,CM,17739,9973,220,151
mapa_1_resultados.xlsx,2509,AL2021,141400,RIO MAIOR,,AM,17739,9972,295,191
mapa_1_resultados.xlsx,2510,AL2021,141401,RIO MAIOR,ALCOBERTAS,AF,1490,1037,24,20
mapa_1_resultados.xlsx,2511,AL2021,141402,RIO MAIOR,ARROUQUELAS,AF,515,400,5,2
mapa_1_resultados.xlsx,2512,AL2021,141405,RIO MAIOR,FRÁGUAS,AF,762,562,7,11
mapa_1_resultados.xlsx,2513,AL2021,141408,RIO MAIOR,RIO MAIOR,AF,10257,4897,132,98
mapa_1_resultados.xlsx,2514,AL2021,141410,RIO MAIOR,ASSEICEIRA,AF,877,591,11,5
mapa_1_resultados.xlsx,2515,AL2021,141411,RIO MAIOR,SÃO SEBASTIÃO,AF,435,282,4,8
mapa_1_resultados.xlsx,2516,AL2021,141415,RIO MAIOR,UNIÃO DAS FREGUESIAS DE AZAMBUJEIRA E MALAQUEIJO,AF,706,465,17,10
mapa_1_resultados.xlsx,2517,AL2021,141416,RIO MAIOR,UNIÃO DAS FREGUESIAS DE MARMELEIRA E ASSENTIZ,AF,710,487,5,8
mapa_1_resultados.xlsx,2518,AL2021,141417,RIO MAIOR,UNIÃO DAS FREGUESIAS DE OUTEIRO DA CORTIÇADA E ARRUDA DOS PISÕES,AF,882,589,17,17
mapa_1_resultados.xlsx,2519,AL2021,141418,RIO MAIOR,UNIÃO DAS FREGUESIAS DE SÃO JOÃO DA RIBEIRA E RIBEIRA DE SÃO JOÃO,AF,1105,662,29,18
mapa_1_resultados.xlsx,2520,AL2021,141500,SALVATERRA DE MAGOS,,CM,18992,8317,290,189
mapa_1_resultados.xlsx,2521,AL2021,141500,SALVATERRA DE MAGOS,,AM,18992,8316,300,206
mapa_1_resultados.xlsx,2522,AL2021,141502,SALVATERRA DE MAGOS,MARINHAIS,AF,5506,2495,101,85
mapa_1_resultados.xlsx,2523,AL2021,141503,SALVATERRA DE MAGOS,MUGE,AF,1021,592,11,11
mapa_1_resultados.xlsx,2524,AL2021,141507,SALVATERRA DE MAGOS,UNIÃO DAS FREGUESIAS DE GLÓRIA DO RIBATEJO E GRANHO,AF,3416,1474,65,52
mapa_1_resultados.xlsx,2525,AL2021,141508,SALVATERRA DE MAGOS,UNIÃO DAS FREGUESIAS DE SALVATERRA DE MAGOS E FOROS DE SALVATERRA,AF,9049,3754,166,99
mapa_1_resultados.xlsx,2526,AL2021,141600,SANTARÉM,,CM,50899,26909,747,362
mapa_1_resultados.xlsx,2527,AL2021,141600,SANTARÉM,,AM,50899,26908,812,382
mapa_1_resultados.xlsx,2528,AL2021,141601,SANTARÉM,ABITUREIRAS,AF,799,531,10,10
mapa_1_resultados.xlsx,2529,AL2021,141602,SANTARÉM,ABRÃ,AF,884,600,16,10
mapa_1_resultados.xlsx,2530,AL2021,141604,SANTARÉM,ALCANEDE,AF,3687,2088,45,35
mapa_1_resultados.xlsx,2531,AL2021,141605,SANTARÉM,ALCANHÕES,AF,1233,804,13,9
mapa_1_resultados.xlsx,2532,AL2021,141606,SANTARÉM,ALMOSTER,AF,1401,810,26,9
mapa_1_resultados.xlsx,2533,AL2021,141607,SANTARÉM,AMIAIS DE BAIXO,AF,1475,979,28,22
mapa_1_resultados.xlsx,2534,AL2021,141608,SANTARÉM,ARNEIRO DAS MILHARIÇAS,AF,690,435,6,10
mapa_1_resultados.xlsx,2535,AL2021,141613,SANTARÉM,MOÇARRIA,AF,917,636,18,7
mapa_1_resultados.xlsx,2536,AL2021,141614,SANTARÉM,PERNES,AF,1300,877,14,13
mapa_1_resultados.xlsx,2537,AL2021,141616,SANTARÉM,PÓVOA DA ISENTA,AF,853,488,11,14
mapa_1_resultados.xlsx,2538,AL2021,141625,SANTARÉM,VALE DE SANTARÉM,AF,2360,1229,25,23
mapa_1_resultados.xlsx,2539,AL2021,141628,SANTARÉM,GANÇARIA,AF,461,295,20,9
mapa_1_resultados.xlsx,2540,AL2021,141629,SANTARÉM,"UNIÃO DAS FREGUESIAS DE ACHETE, AZOIA DE BAIXO E PÓVOA DE SANTARÉM",AF,2238,1209,97,38
mapa_1_resultados.xlsx,2541,AL2021,141630,SANTARÉM,UNIÃO DAS FREGUESIAS DE AZOIA DE CIMA E TREMÊS,AF,1959,934,86,32
mapa_1_resultados.xlsx,2542,AL2021,141631,SANTARÉM,UNIÃO DAS FREGUESIAS DE CASÉVEL E VAQUEIROS,AF,939,662,21,7
mapa_1_resultados.xlsx,2543,AL2021,141632,SANTARÉM,UNIÃO DAS FREGUESIAS DE ROMEIRA E VÁRZEA,AF,2132,1191,48,31
mapa_1_resultados.xlsx,2544,AL2021,141633,SANTARÉM,"UNIÃO DAS FREGUESIAS DE SANTARÉM (MARVILA), SANTA IRIA DA RIBEIRA DE SANTARÉM, SANTARÉM (SÃO SALVADOR) E SANTARÉM (SÃO NICOLAU)",AF,25354,11936,447,189
mapa_1_resultados.xlsx,2545,AL2021,141634,SANTARÉM,UNIÃO DAS FREGUESIAS DE SÃO VICENTE DO PAUL E VALE DE FIGUEIRA,AF,2217,1210,37,22
mapa_1_resultados.xlsx,2546,AL2021,141700,SARDOAL,,CM,4366,2320,42,32
mapa_1_resultados.xlsx,2547,AL2021,141700,SARDOAL,,AM,3201,2320,44,50
mapa_1_resultados.xlsx,2548,AL2021,141701,SARDOAL,ALCARAVELA,AF,716,552,16,11
mapa_1_resultados.xlsx,2549,AL2021,141702,SARDOAL,SANTIAGO DE MONTALEGRE,AF,230,182,1,4
mapa_1_resultados.xlsx,2550,AL2021,141703,SARDOAL,SARDOAL,AF,1938,1337,26,41
mapa_1_resultados.xlsx,2551,AL2021,141704,SARDOAL,VALHASCOS,AF,249,249,3,8
mapa_1_resultados.xlsx,2552,AL2021,141800,TOMAR,,CM,33892,17951,510,367
mapa_1_resultados.xlsx,2553,AL2021,141800,TOMAR,,AM,33892,17911,619,382
mapa_1_resultados.xlsx,2554,AL2021,141802,TOMAR,ASSEICEIRA,AF,2373,1262,44,31
mapa_1_resultados.xlsx,2555,AL2021,141804,TOMAR,CARREGUEIROS,AF,972,604,7,16
mapa_1_resultados.xlsx,2556,AL2021,141808,TOMAR,OLALHAS,AF,1178,684,16,20
mapa_1_resultados.xlsx,2557,AL2021,141809,TOMAR,PAIALVO,AF,2001,1149,25,26
mapa_1_resultados.xlsx,2558,AL2021,141813,TOMAR,SÃO PEDRO DE TOMAR,AF,2440,1348,30,35
mapa_1_resultados.xlsx,2559,AL2021,141814,TOMAR,SABACHEIRA,AF,878,514,9,17
mapa_1_resultados.xlsx,2560,AL2021,141817,TOMAR,UNIÃO DAS FREGUESIAS DE ALÉM DA RIBEIRA E PEDREIRA,AF,1097,662,24,15
mapa_1_resultados.xlsx,2561,AL2021,141818,TOMAR,UNIÃO DAS FREGUESIAS DE CASAIS E ALVIOBEIRA,AF,2451,1424,41,35
mapa_1_resultados.xlsx,2562,AL2021,141819,TOMAR,UNIÃO DAS FREGUESIAS DE MADALENA E BESELGA,AF,3256,1777,60,27
mapa_1_resultados.xlsx,2563,AL2021,141820,TOMAR,UNIÃO DAS FREGUESIAS DE SERRA E JUNCEIRA,AF,1754,952,48,16
mapa_1_resultados.xlsx,2564,AL2021,141821,TOMAR,UNIÃO DAS FREGUESIAS DE TOMAR (SÃO JOÃO BAPTISTA) E SANTA MARIA DOS OLIVAIS,AF,15492,7653,232,147
mapa_1_resultados.xlsx,2565,AL2021,141900,TORRES NOVAS,,CM,30795,17375,416,268
mapa_1_resultados.xlsx,2566,AL2021,141900,TORRES NOVAS,,AM,30795,17375,468,284
mapa_1_resultados.xlsx,2567,AL2021,141902,TORRES NOVAS,ASSENTIZ,AF,2446,1612,45,28
mapa_1_resultados.xlsx,2568,AL2021,141904,TORRES NOVAS,CHANCELARIA,AF,1419,968,16,20
mapa_1_resultados.xlsx,2569,AL2021,141909,TORRES NOVAS,PEDRÓGÃO,AF,1733,1036,18,20
mapa_1_resultados.xlsx,2570,AL2021,141910,TORRES NOVAS,RIACHOS,AF,4430,2283,72,55
mapa_1_resultados.xlsx,2571,AL2021,141916,TORRES NOVAS,ZIBREIRA,AF,825,522,9,14
mapa_1_resultados.xlsx,2572,AL2021,141917,TORRES NOVAS,MEIA VIA,AF,1376,753,25,17
mapa_1_resultados.xlsx,2573,AL2021,141918,TORRES NOVAS,"UNIÃO DAS FREGUESIAS DE BROGUEIRA, PARCEIROS DE IGREJA E ALCOROCHEL",AF,2396,1293,38,25
mapa_1_resultados.xlsx,2574,AL2021,141919,TORRES NOVAS,UNIÃO DAS FREGUESIAS DE OLAIA E PAÇO,AF,2031,1181,42,23
mapa_1_resultados.xlsx,2575,AL2021,141920,TORRES NOVAS,"UNIÃO DAS FREGUESIAS DE TORRES NOVAS (SANTA MARIA, SALVADOR E SANTIAGO)",AF,6851,3819,86,75
mapa_1_resultados.xlsx,2576,AL2021,141921,TORRES NOVAS,"UNIÃO DAS FREGUESIAS DE TORRES NOVAS (SÃO PEDRO), LAPAS E RIBEIRA BRANCA",AF,7288,3908,89,66
mapa_1_resultados.xlsx,2577,AL2021,142000,VILA NOVA DA BARQUINHA,,CM,6236,3233,115,71
mapa_1_resultados.xlsx,2578,AL2021,142000,VILA NOVA DA BARQUINHA,,AM,6236,3227,119,67
mapa_1_resultados.xlsx,2579,AL2021,142001,VILA NOVA DA BARQUINHA,ATALAIA,AF,1522,789,55,28
mapa_1_resultados.xlsx,2580,AL2021,142002,VILA NOVA DA BARQUINHA,PRAIA DO RIBATEJO,AF,1336,664,36,28
mapa_1_resultados.xlsx,2581,AL2021,142003,VILA NOVA DA BARQUINHA,TANCOS,AF,181,122,12,2
mapa_1_resultados.xlsx,2582,AL2021,142006,VILA NOVA DA BARQUINHA,VILA NOVA DA BARQUINHA,AF,3197,1652,66,36
mapa_1_resultados.xlsx,2583,AL2021,142100,OURÉM,,CM,40870,21996,664,480
mapa_1_resultados.xlsx,2584,AL2021,142100,OURÉM,,AM,40870,21993,803,519
mapa_1_resultados.xlsx,2585,AL2021,142101,OURÉM,ALBURITEL,AF,875,657,18,27
mapa_1_resultados.xlsx,2586,AL2021,142102,OURÉM,ATOUGUIA,AF,2109,1247,50,39
mapa_1_resultados.xlsx,2587,AL2021,142104,OURÉM,CAXARIAS,AF,1932,1042,26,22
mapa_1_resultados.xlsx,2588,AL2021,142105,OURÉM,ESPITE,AF,1014,520,23,12
mapa_1_resultados.xlsx,2589,AL2021,142106,OURÉM,FÁTIMA,AF,10694,5507,234,160
mapa_1_resultados.xlsx,2590,AL2021,142111,OURÉM,NOSSA SENHORA DAS MISERICÓRDIAS,AF,4260,2405,83,55
mapa_1_resultados.xlsx,2591,AL2021,142113,OURÉM,SEIÇA,AF,1803,993,29,25
mapa_1_resultados.xlsx,2592,AL2021,142114,OURÉM,URQUEIRA,AF,1608,827,17,15
mapa_1_resultados.xlsx,2593,AL2021,142115,OURÉM,NOSSA SENHORA DA PIEDADE,AF,6278,3263,107,91
mapa_1_resultados.xlsx,2594,AL2021,142119,OURÉM,"UNIÃO DAS FREGUESIAS DE FREIXIANDA, RIBEIRA DO FÁRRIO E FORMIGAIS",AF,3267,1744,52,59
mapa_1_resultados.xlsx,2595,AL2021,142120,OURÉM,UNIÃO DAS FREGUESIAS DE GONDEMARIA E OLIVAL,AF,2814,1543,46,49
mapa_1_resultados.xlsx,2596,AL2021,142121,OURÉM,UNIÃO DAS FREGUESIAS DE MATAS E CERCAL,AF,1655,1023,93,40
mapa_1_resultados.xlsx,2597,AL2021,142122,OURÉM,UNIÃO DAS FREGUESIAS DE RIO DE COUROS E CASAL DOS BERNARDOS,AF,2561,1227,46,43
mapa_1_resultados.xlsx,2598,AL2021,150000,SETÚBAL,,,,,,
mapa_1_resultados.xlsx,2599,AL2021,150100,ALCÁCER DO SAL,,CM,10139,6319,98,76
mapa_1_resultados.xlsx,2600,AL2021,150100,ALCÁCER DO SAL,,AM,10139,6321,130,86
mapa_1_resultados.xlsx,2601,AL2021,150104,ALCÁCER DO SAL,TORRÃO,AF,1724,1105,22,19
mapa_1_resultados.xlsx,2602,AL2021,150105,ALCÁCER DO SAL,SÃO MARTINHO,AF,353,257,6,1
mapa_1_resultados.xlsx,2603,AL2021,150106,ALCÁCER DO SAL,COMPORTA,AF,1000,567,11,14
mapa_1_resultados.xlsx,2604,AL2021,150107,ALCÁCER DO SAL,UNIÃO DAS FREGUESIAS DE ALCÁCER DO SAL (SANTA MARIA DO CASTELO E SANTIAGO) E SANTA SUSANA,AF,7062,4396,72,55
mapa_1_resultados.xlsx,2605,AL2021,150200,ALCOCHETE,,CM,15263,8892,149,102
mapa_1_resultados.xlsx,2606,AL2021,150200,ALCOCHETE,,AM,15263,8935,195,134
mapa_1_resultados.xlsx,2607,AL2021,150201,ALCOCHETE,ALCOCHETE,AF,10668,6126,149,102
mapa_1_resultados.xlsx,2608,AL2021,150202,ALCOCHETE,SAMOUCO,AF,2684,1616,45,32
mapa_1_resultados.xlsx,2609,AL2021,150203,ALCOCHETE,SÃO FRANCISCO,AF,1911,1192,35,24
mapa_1_resultados.xlsx,2610,AL2021,150300,ALMADA,,CM,151953,70766,1328,796
mapa_1_resultados.xlsx,2611,AL2021,150300,ALMADA,,AM,151953,70623,1490,720
mapa_1_resultados.xlsx,2612,AL2021,150303,ALMADA,COSTA DA CAPARICA,AF,12353,5639,122,86
mapa_1_resultados.xlsx,2613,AL2021,150312,ALMADA,"UNIÃO DAS FREGUESIAS DE ALMADA, COVA DA PIEDADE, PRAGAL E CACILHAS",AF,43177,21565,457,226
mapa_1_resultados.xlsx,2614,AL2021,150313,ALMADA,UNIÃO DAS FREGUESIAS DE CAPARICA E TRAFARIA,AF,22158,9004,224,128
mapa_1_resultados.xlsx,2615,AL2021,150314,ALMADA,UNIÃO DAS FREGUESIAS DE CHARNECA DE CAPARICA E SOBREDA,AF,39842,20062,476,229
mapa_1_resultados.xlsx,2616,AL2021,150315,ALMADA,UNIÃO DAS FREGUESIAS DE LARANJEIRO E FEIJÓ,AF,34423,14535,306,198
mapa_1_resultados.xlsx,2617,AL2021,150400,BARREIRO,,CM,68267,34511,525,390
mapa_1_resultados.xlsx,2618,AL2021,150400,BARREIRO,,AM,68267,34510,614,421
mapa_1_resultados.xlsx,2619,AL2021,150407,BARREIRO,SANTO ANTÓNIO DA CHARNECA,AF,9869,4956,102,76
mapa_1_resultados.xlsx,2620,AL2021,150409,BARREIRO,"UNIÃO DAS FREGUESIAS DE ALTO DO SEIXALINHO, SANTO ANDRÉ E VERDERENA",AF,36077,17717,314,225
mapa_1_resultados.xlsx,2621,AL2021,150410,BARREIRO,UNIÃO DAS FREGUESIAS DE BARREIRO E LAVRADIO,AF,19138,9845,181,122
mapa_1_resultados.xlsx,2622,AL2021,150411,BARREIRO,UNIÃO DAS FREGUESIAS DE PALHAIS E COINA,AF,3183,1994,46,25
mapa_1_resultados.xlsx,2623,AL2021,150500,GRÂNDOLA,,CM,11936,6583,152,84
mapa_1_resultados.xlsx,2624,AL2021,150500,GRÂNDOLA,,AM,11936,6582,186,90
mapa_1_resultados.xlsx,2625,AL2021,150501,GRÂNDOLA,AZINHEIRA DOS BARROS E SÃO MAMEDE DO SÁDÃO,AF,495,365,2,2
mapa_1_resultados.xlsx,2626,AL2021,150503,GRÂNDOLA,MELIDES,AF,1395,868,20,15
mapa_1_resultados.xlsx,2627,AL2021,150505,GRÂNDOLA,CARVALHAL,AF,1130,606,24,5
mapa_1_resultados.xlsx,2628,AL2021,150506,GRÂNDOLA,UNIÃO DAS FREGUESIAS DE GRÂNDOLA E SANTA MARGARIDA DA SERRA,AF,8916,4744,143,71
mapa_1_resultados.xlsx,2629,AL2021,150600,MOITA,,CM,58407,24596,480,350
mapa_1_resultados.xlsx,2630,AL2021,150600,MOITA,,AM,58407,24596,495,344
mapa_1_resultados.xlsx,2631,AL2021,150601,MOITA,ALHOS VEDROS,AF,13643,6275,138,88
mapa_1_resultados.xlsx,2632,AL2021,150603,MOITA,MOITA,AF,15866,7376,151,119
mapa_1_resultados.xlsx,2633,AL2021,150607,MOITA,UNIÃO DAS FREGUESIAS DE BAIXA DA BANHEIRA E VALE DA AMOREIRA,AF,26911,9664,182,143
mapa_1_resultados.xlsx,2634,AL2021,150608,MOITA,UNIÃO DAS FREGUESIAS DE GAIO-ROSÁRIO E SARILHOS PEQUENOS,AF,1987,1283,50,23
mapa_1_resultados.xlsx,2635,AL2021,150700,MONTIJO,,CM,43810,19975,572,245
mapa_1_resultados.xlsx,2636,AL2021,150700,MONTIJO,,AM,43810,19995,535,244
mapa_1_resultados.xlsx,2637,AL2021,150701,MONTIJO,CANHA,AF,1139,623,10,5
mapa_1_resultados.xlsx,2638,AL2021,150704,MONTIJO,SARILHOS GRANDES,AF,2569,1233,28,36
mapa_1_resultados.xlsx,2639,AL2021,150709,MONTIJO,UNIÃO DAS FREGUESIAS DE ATALAIA E ALTO ESTANQUEIRO-JARDIA,AF,4317,1895,82,25
mapa_1_resultados.xlsx,2640,AL2021,150710,MONTIJO,UNIÃO DAS FREGUESIAS DE MONTIJO E AFONSOEIRO,AF,32950,14726,416,181
mapa_1_resultados.xlsx,2641,AL2021,150711,MONTIJO,UNIÃO DAS FREGUESIAS DE PEGÕES,AF,2835,1525,31,19
mapa_1_resultados.xlsx,2642,AL2021,150800,PALMELA,,CM,56024,23927,699,368
mapa_1_resultados.xlsx,2643,AL2021,150800,PALMELA,,AM,56024,23928,765,381
mapa_1_resultados.xlsx,2644,AL2021,150802,PALMELA,PALMELA,AF,15524,6988,201,133
mapa_1_resultados.xlsx,2645,AL2021,150803,PALMELA,PINHAL NOVO,AF,22500,9384,297,157
mapa_1_resultados.xlsx,2646,AL2021,150804,PALMELA,QUINTA DO ANJO,AF,11144,4932,164,64
mapa_1_resultados.xlsx,2647,AL2021,150806,PALMELA,UNIÃO DAS FREGUESIAS DE POCEIRÃO E MARATECA,AF,6856,2626,66,44
mapa_1_resultados.xlsx,2648,AL2021,150900,SANTIAGO DO CACÉM,,CM,24215,12563,330,153
mapa_1_resultados.xlsx,2649,AL2021,150900,SANTIAGO DO CACÉM,,AM,24215,12563,339,162
mapa_1_resultados.xlsx,2650,AL2021,150901,SANTIAGO DO CACÉM,ABELA,AF,714,487,11,9
mapa_1_resultados.xlsx,2651,AL2021,150902,SANTIAGO DO CACÉM,ALVALADE,AF,1551,1054,12,16
mapa_1_resultados.xlsx,2652,AL2021,150903,SANTIAGO DO CACÉM,CERCAL,AF,2692,1444,43,24
mapa_1_resultados.xlsx,2653,AL2021,150904,SANTIAGO DO CACÉM,ERMIDAS-SADO,AF,1701,919,26,11
mapa_1_resultados.xlsx,2654,AL2021,150907,SANTIAGO DO CACÉM,SANTO ANDRÉ,AF,9080,4335,142,67
mapa_1_resultados.xlsx,2655,AL2021,150910,SANTIAGO DO CACÉM,SÃO FRANCISCO DA SERRA,AF,656,396,8,9
mapa_1_resultados.xlsx,2656,AL2021,150912,SANTIAGO DO CACÉM,"UNIÃO DAS FREGUESIAS DE SANTIAGO DO CACÉM, SANTA CRUZ E SÃO BARTOLOMEU DA SERRA",AF,6724,3246,101,54
mapa_1_resultados.xlsx,2657,AL2021,150913,SANTIAGO DO CACÉM,UNIÃO DAS FREGUESIAS DE SÃO DOMINGOS E VALE DE ÁGUA,AF,1097,682,15,6
mapa_1_resultados.xlsx,2658,AL2021,151000,SEIXAL,,CM,142900,62229,1396,834
mapa_1_resultados.xlsx,2659,AL2021,151000,SEIXAL,,AM,142900,62226,1451,864
mapa_1_resultados.xlsx,2660,AL2021,151002,SEIXAL,AMORA,AF,42645,17265,395,223
mapa_1_resultados.xlsx,2661,AL2021,151005,SEIXAL,CORROIOS,AF,43095,18897,524,271
mapa_1_resultados.xlsx,2662,AL2021,151006,SEIXAL,FERNÃO FERRO,AF,17599,8400,230,137
mapa_1_resultados.xlsx,2663,AL2021,151007,SEIXAL,"UNIÃO DAS FREGUESIAS DO SEIXAL, ARRENTELA E ALDEIA DE PAIO PIRES",AF,39561,17666,480,258
mapa_1_resultados.xlsx,2664,AL2021,151100,SESIMBRA,,CM,45135,19336,576,344
mapa_1_resultados.xlsx,2665,AL2021,151100,SESIMBRA,,AM,45135,19327,605,336
mapa_1_resultados.xlsx,2666,AL2021,151101,SESIMBRA,SESIMBRA (CASTELO),AF,17330,8509,229,148
mapa_1_resultados.xlsx,2667,AL2021,151102,SESIMBRA,SESIMBRA (SANTIAGO),AF,4347,1909,45,45
mapa_1_resultados.xlsx,2668,AL2021,151103,SESIMBRA,QUINTA DO CONDE,AF,23458,8909,278,151
mapa_1_resultados.xlsx,2669,AL2021,151200,SETÚBAL,(8),CM,105651,44526,1051,570
mapa_1_resultados.xlsx,2670,AL2021,151200,SETÚBAL,(8),AM,105651,44524,1152,567
mapa_1_resultados.xlsx,2671,AL2021,151205,SETÚBAL,SETÚBAL (SÃO SEBASTIÃO) (8),AF,44790,16437,411,200
mapa_1_resultados.xlsx,2672,AL2021,151207,SETÚBAL,GÂMBIA-PONTES-ALTO DA GUERRA (8),AF,5462,2867,75,45
mapa_1_resultados.xlsx,2673,AL2021,151208,SETÚBAL,SADO,AF,4756,2368,63,38
mapa_1_resultados.xlsx,2674,AL2021,151209,SETÚBAL,UNIÃO DAS FREGUESIAS DE AZEITÃO (SÃO LOURENÇO E SÃO SIMÃO) (8),AF,17166,8099,285,124
mapa_1_resultados.xlsx,2675,AL2021,151210,SETÚBAL,"UNIÃO DAS FREGUESIAS DE SETÚBAL (SÃO JULIÃO, NOSSA SENHORA DA ANUNCIADA E SANTA MARIA DA GRAÇA) (8)",AF,33477,14716,400,198
mapa_1_resultados.xlsx,2676,AL2021,151300,SINES,,CM,12170,6053,104,44
mapa_1_resultados.xlsx,2677,AL2021,151300,SINES,,AM,12170,6054,104,53
mapa_1_resultados.xlsx,2678,AL2021,151301,SINES,SINES,AF,11271,5485,97,53
mapa_1_resultados.xlsx,2679,AL2021,151302,SINES,PORTO COVO,AF,899,570,6,3
mapa_1_resultados.xlsx,2680,AL2021,160000,VIANA DO CASTELO,,,,,,
mapa_1_resultados.xlsx,2681,AL2021,160100,ARCOS DE VALDEVEZ,,CM,24703,14100,407,168
mapa_1_resultados.xlsx,2682,AL2021,160100,ARCOS DE VALDEVEZ,,AM,24703,14099,541,192
mapa_1_resultados.xlsx,2683,AL2021,160101,ARCOS DE VALDEVEZ,ABOIM DAS CHOÇAS,AF,338,207,41,9
mapa_1_resultados.xlsx,2684,AL2021,160102,ARCOS DE VALDEVEZ,AGUIÃ,AF,794,464,52,5
mapa_1_resultados.xlsx,2685,AL2021,160104,ARCOS DE VALDEVEZ,ÁZERE,AF,253,144,60,2
mapa_1_resultados.xlsx,2686,AL2021,160105,ARCOS DE VALDEVEZ,CABANA MAIOR,AF,343,129,5,1
mapa_1_resultados.xlsx,2687,AL2021,160106,ARCOS DE VALDEVEZ,CABREIRO,AF,481,284,4,6
mapa_1_resultados.xlsx,2688,AL2021,160108,ARCOS DE VALDEVEZ,CENDUFE,AF,316,244,1,4
mapa_1_resultados.xlsx,2689,AL2021,160109,ARCOS DE VALDEVEZ,COUTO,AF,778,473,9,11
mapa_1_resultados.xlsx,2690,AL2021,160113,ARCOS DE VALDEVEZ,GAVIEIRA,AF,455,223,5,6
mapa_1_resultados.xlsx,2691,AL2021,160115,ARCOS DE VALDEVEZ,GONDORIZ,AF,1119,638,12,14
mapa_1_resultados.xlsx,2692,AL2021,160121,ARCOS DE VALDEVEZ,MIRANDA,AF,406,186,44,3
mapa_1_resultados.xlsx,2693,AL2021,160122,ARCOS DE VALDEVEZ,MONTE REDONDO,AF,262,173,19,3
mapa_1_resultados.xlsx,2694,AL2021,160123,ARCOS DE VALDEVEZ,OLIVEIRA,AF,353,219,19,0
mapa_1_resultados.xlsx,2695,AL2021,160124,ARCOS DE VALDEVEZ,PAÇÔ,AF,1030,578,17,3
mapa_1_resultados.xlsx,2696,AL2021,160125,ARCOS DE VALDEVEZ,PADROSO,AF,257,145,19,16
mapa_1_resultados.xlsx,2697,AL2021,160128,ARCOS DE VALDEVEZ,PROZELO,AF,894,521,11,4
mapa_1_resultados.xlsx,2698,AL2021,160130,ARCOS DE VALDEVEZ,RIO FRIO,AF,751,382,12,5
mapa_1_resultados.xlsx,2699,AL2021,160131,ARCOS DE VALDEVEZ,RIO DE MOINHOS,AF,519,272,11,2
mapa_1_resultados.xlsx,2700,AL2021,160133,ARCOS DE VALDEVEZ,SABADIM,AF,517,265,10,5
mapa_1_resultados.xlsx,2701,AL2021,160142,ARCOS DE VALDEVEZ,JOLDA (SÃO PAIO),AF,356,230,6,1
mapa_1_resultados.xlsx,2702,AL2021,160144,ARCOS DE VALDEVEZ,SENHAREI,AF,281,112,12,0
mapa_1_resultados.xlsx,2703,AL2021,160145,ARCOS DE VALDEVEZ,SISTELO,AF,310,155,12,1
mapa_1_resultados.xlsx,2704,AL2021,160146,ARCOS DE VALDEVEZ,SOAJO,AF,1194,448,9,11
mapa_1_resultados.xlsx,2705,AL2021,160149,ARCOS DE VALDEVEZ,VALE,AF,834,529,13,3
mapa_1_resultados.xlsx,2706,AL2021,160152,ARCOS DE VALDEVEZ,UNIÃO DAS FREGUESIAS DE ALVORA E LOUREDA,AF,473,286,3,5
mapa_1_resultados.xlsx,2707,AL2021,160153,ARCOS DE VALDEVEZ,UNIÃO DAS FREGUESIAS DE ARCOS DE VALDEVEZ (SÃO PAIO) E GIELA,AF,1695,989,34,14
mapa_1_resultados.xlsx,2708,AL2021,160154,ARCOS DE VALDEVEZ,"UNIÃO DAS FREGUESIAS DE ARCOS DE VALDEVEZ (SALVADOR), VILA FONCHE E PARADA",AF,2686,1475,85,16
mapa_1_resultados.xlsx,2709,AL2021,160155,ARCOS DE VALDEVEZ,UNIÃO DAS FREGUESIAS DE EIRAS E MEI,AF,420,263,1,4
mapa_1_resultados.xlsx,2710,AL2021,160156,ARCOS DE VALDEVEZ,UNIÃO DAS FREGUESIAS DE GRADE E CARRALCOVA,AF,507,240,21,5
mapa_1_resultados.xlsx,2711,AL2021,160157,ARCOS DE VALDEVEZ,UNIÃO DAS FREGUESIAS DE GUILHADESES E SANTAR,AF,1189,770,10,6
mapa_1_resultados.xlsx,2712,AL2021,160158,ARCOS DE VALDEVEZ,UNIÃO DAS FREGUESIAS DE JOLDA (MADALENA) E RIO CABRÃO,AF,498,352,5,11
mapa_1_resultados.xlsx,2713,AL2021,160159,ARCOS DE VALDEVEZ,UNIÃO DAS FREGUESIAS DE PADREIRO (SALVADOR E SANTA CRISTINA),AF,433,293,6,2
mapa_1_resultados.xlsx,2714,AL2021,160160,ARCOS DE VALDEVEZ,UNIÃO DAS FREGUESIAS DE PORTELA E EXTREMO,AF,482,199,18,2
mapa_1_resultados.xlsx,2715,AL2021,160161,ARCOS DE VALDEVEZ,UNIÃO DAS FREGUESIAS DE SÃO JORGE E ERMELO,AF,946,541,6,10
mapa_1_resultados.xlsx,2716,AL2021,160162,ARCOS DE VALDEVEZ,UNIÃO DAS FREGUESIAS DE SOUTO E TABAÇÔ,AF,965,640,13,10
mapa_1_resultados.xlsx,2717,AL2021,160163,ARCOS DE VALDEVEZ,UNIÃO DAS FREGUESIAS DE TÁVORA (SANTA MARIA E SÃO VICENTE),AF,974,689,11,8
mapa_1_resultados.xlsx,2718,AL2021,160164,ARCOS DE VALDEVEZ,"UNIÃO DAS FREGUESIAS DE VILELA, SÃO COSME E SÃO DAMIÃO E SÁ",AF,594,343,28,6
mapa_1_resultados.xlsx,2719,AL2021,160200,CAMINHA,,CM,16131,9959,229,164
mapa_1_resultados.xlsx,2720,AL2021,160200,CAMINHA,,AM,16131,9957,268,150
mapa_1_resultados.xlsx,2721,AL2021,160201,CAMINHA,ÂNCORA,AF,1151,784,14,12
mapa_1_resultados.xlsx,2722,AL2021,160205,CAMINHA,ARGELA,AF,354,247,3,6
mapa_1_resultados.xlsx,2723,AL2021,160209,CAMINHA,DEM,AF,333,244,2,6
mapa_1_resultados.xlsx,2724,AL2021,160211,CAMINHA,LANHELAS,AF,931,618,21,13
mapa_1_resultados.xlsx,2725,AL2021,160214,CAMINHA,RIBA DE ÂNCORA,AF,696,449,15,8
mapa_1_resultados.xlsx,2726,AL2021,160215,CAMINHA,SEIXAS,AF,1356,818,28,13
mapa_1_resultados.xlsx,2727,AL2021,160217,CAMINHA,VILA PRAIA DE ÂNCORA,AF,4884,2628,55,43
mapa_1_resultados.xlsx,2728,AL2021,160218,CAMINHA,VILAR DE MOUROS,AF,719,481,17,7
mapa_1_resultados.xlsx,2729,AL2021,160220,CAMINHA,VILE,AF,265,200,5,2
mapa_1_resultados.xlsx,2730,AL2021,160221,CAMINHA,"UNIÃO DAS FREGUESIAS DE ARGA (BAIXO, CIMA E SÃO JOÃO)",AF,190,127,18,8
mapa_1_resultados.xlsx,2731,AL2021,160222,CAMINHA,UNIÃO DAS FREGUESIAS DE CAMINHA (MATRIZ) E VILARELHO,AF,2374,1439,32,35
mapa_1_resultados.xlsx,2732,AL2021,160223,CAMINHA,UNIÃO DAS FREGUESIAS DE GONDAR E ORBACÉM,AF,425,304,10,4
mapa_1_resultados.xlsx,2733,AL2021,160224,CAMINHA,UNIÃO DAS FREGUESIAS DE MOLEDO E CRISTELO,AF,1563,998,37,23
mapa_1_resultados.xlsx,2734,AL2021,160225,CAMINHA,UNIÃO DAS FREGUESIAS DE VENADE E AZEVEDO,AF,890,624,14,13
mapa_1_resultados.xlsx,2735,AL2021,160300,MELGAÇO,,CM,10024,4142,204,80
mapa_1_resultados.xlsx,2736,AL2021,160300,MELGAÇO,,AM,10024,4142,167,64
mapa_1_resultados.xlsx,2737,AL2021,160301,MELGAÇO,ALVAREDO,AF,549,228,46,14
mapa_1_resultados.xlsx,2738,AL2021,160304,MELGAÇO,COUSSO,AF,405,124,14,2
mapa_1_resultados.xlsx,2739,AL2021,160305,MELGAÇO,CRISTOVAL,AF,565,326,4,4
mapa_1_resultados.xlsx,2740,AL2021,160307,MELGAÇO,FIÃES,AF,253,88,19,3
mapa_1_resultados.xlsx,2741,AL2021,160308,MELGAÇO,GAVE,AF,278,120,24,1
mapa_1_resultados.xlsx,2742,AL2021,160311,MELGAÇO,PADERNE,AF,1226,443,57,13
mapa_1_resultados.xlsx,2743,AL2021,160313,MELGAÇO,PENSO,AF,506,233,30,4
mapa_1_resultados.xlsx,2744,AL2021,160317,MELGAÇO,SÃO PAIO,AF,668,345,5,11
mapa_1_resultados.xlsx,2745,AL2021,160319,MELGAÇO,UNIÃO DAS FREGUESIAS DE CASTRO LABOREIRO E LAMAS DE MOURO,AF,873,332,11,12
mapa_1_resultados.xlsx,2746,AL2021,160320,MELGAÇO,UNIÃO DAS FREGUESIAS DE CHAVIÃES E PAÇOS,AF,794,336,15,5
mapa_1_resultados.xlsx,2747,AL2021,160321,MELGAÇO,UNIÃO DAS FREGUESIAS DE PARADA DO MONTE E CUBALHÃO,AF,893,268,45,1
mapa_1_resultados.xlsx,2748,AL2021,160322,MELGAÇO,UNIÃO DAS FREGUESIAS DE PRADO E REMOÃES,AF,511,229,19,5
mapa_1_resultados.xlsx,2749,AL2021,160323,MELGAÇO,UNIÃO DAS FREGUESIAS DE VILA E ROUSSAS,AF,2503,1070,28,15
mapa_1_resultados.xlsx,2750,AL2021,160400,MONÇÃO,,CM,19360,11730,213,195
mapa_1_resultados.xlsx,2751,AL2021,160400,MONÇÃO,,AM,19360,11730,296,196
mapa_1_resultados.xlsx,2752,AL2021,160401,MONÇÃO,ABEDIM,AF,228,113,21,2
mapa_1_resultados.xlsx,2753,AL2021,160404,MONÇÃO,BARBEITA,AF,985,484,83,21
mapa_1_resultados.xlsx,2754,AL2021,160405,MONÇÃO,BARROÇAS E TAIAS,AF,356,240,5,6
mapa_1_resultados.xlsx,2755,AL2021,160406,MONÇÃO,BELA,AF,701,511,7,10
mapa_1_resultados.xlsx,2756,AL2021,160407,MONÇÃO,CAMBESES,AF,480,379,2,7
mapa_1_resultados.xlsx,2757,AL2021,160410,MONÇÃO,LARA,AF,282,195,2,3
mapa_1_resultados.xlsx,2758,AL2021,160411,MONÇÃO,LONGOS VALES,AF,1040,639,6,15
mapa_1_resultados.xlsx,2759,AL2021,160415,MONÇÃO,MERUFE,AF,1069,697,3,17
mapa_1_resultados.xlsx,2760,AL2021,160418,MONÇÃO,MOREIRA,AF,644,409,11,6
mapa_1_resultados.xlsx,2761,AL2021,160420,MONÇÃO,PIAS,AF,821,549,14,9
mapa_1_resultados.xlsx,2762,AL2021,160421,MONÇÃO,PINHEIROS,AF,321,216,32,17
mapa_1_resultados.xlsx,2763,AL2021,160422,MONÇÃO,PODAME,AF,273,208,3,3
mapa_1_resultados.xlsx,2764,AL2021,160423,MONÇÃO,PORTELA,AF,247,164,3,4
mapa_1_resultados.xlsx,2765,AL2021,160424,MONÇÃO,RIBA DE MOURO,AF,1154,607,9,12
mapa_1_resultados.xlsx,2766,AL2021,160427,MONÇÃO,SEGUDE,AF,373,268,3,3
mapa_1_resultados.xlsx,2767,AL2021,160428,MONÇÃO,TANGIL,AF,750,466,7,17
mapa_1_resultados.xlsx,2768,AL2021,160431,MONÇÃO,TRUTE,AF,340,222,4,4
mapa_1_resultados.xlsx,2769,AL2021,160434,MONÇÃO,UNIÃO DAS FREGUESIAS DE ANHÕES E LUZIO,AF,283,165,31,12
mapa_1_resultados.xlsx,2770,AL2021,160435,MONÇÃO,UNIÃO DAS FREGUESIAS DE CEIVÃES E BADIM,AF,665,443,8,10
mapa_1_resultados.xlsx,2771,AL2021,160436,MONÇÃO,UNIÃO DAS FREGUESIAS DE MAZEDO E CORTES,AF,3311,1997,40,45
mapa_1_resultados.xlsx,2772,AL2021,160437,MONÇÃO,"UNIÃO DAS FREGUESIAS DE MESSEGÃES, VALADARES E SÁ",AF,677,394,9,2
mapa_1_resultados.xlsx,2773,AL2021,160438,MONÇÃO,UNIÃO DAS FREGUESIAS DE MONÇÃO E TROVISCOSO,AF,3341,1671,36,29
mapa_1_resultados.xlsx,2774,AL2021,160439,MONÇÃO,"UNIÃO DAS FREGUESIAS DE SAGO, LORDELO E PARADA",AF,519,338,0,6
mapa_1_resultados.xlsx,2775,AL2021,160440,MONÇÃO,UNIÃO DAS FREGUESIAS DE TROPORIZ E LAPELA,AF,500,359,6,7
mapa_1_resultados.xlsx,2776,AL2021,160500,PAREDES DE COURA,,CM,8597,5063,166,101
mapa_1_resultados.xlsx,2777,AL2021,160500,PAREDES DE COURA,,AM,8597,5063,200,94
mapa_1_resultados.xlsx,2778,AL2021,160501,PAREDES DE COURA,AGUALONGA,AF,275,169,17,4
mapa_1_resultados.xlsx,2779,AL2021,160503,PAREDES DE COURA,CASTANHEIRA,AF,574,302,79,9
mapa_1_resultados.xlsx,2780,AL2021,160505,PAREDES DE COURA,COURA,AF,373,218,14,4
mapa_1_resultados.xlsx,2781,AL2021,160507,PAREDES DE COURA,CUNHA,AF,445,273,54,6
mapa_1_resultados.xlsx,2782,AL2021,160510,PAREDES DE COURA,INFESTA,AF,411,263,4,5
mapa_1_resultados.xlsx,2783,AL2021,160513,PAREDES DE COURA,MOZELOS,AF,323,241,3,4
mapa_1_resultados.xlsx,2784,AL2021,160514,PAREDES DE COURA,PADORNELO,AF,387,252,47,8
mapa_1_resultados.xlsx,2785,AL2021,160515,PAREDES DE COURA,PARADA,AF,281,199,3,3
mapa_1_resultados.xlsx,2786,AL2021,160519,PAREDES DE COURA,ROMARIGÃES,AF,239,145,13,4
mapa_1_resultados.xlsx,2787,AL2021,160520,PAREDES DE COURA,RUBIÃES,AF,488,241,43,10
mapa_1_resultados.xlsx,2788,AL2021,160521,PAREDES DE COURA,VASCÕES,AF,231,158,3,3
mapa_1_resultados.xlsx,2789,AL2021,160522,PAREDES DE COURA,UNIÃO DAS FREGUESIAS DE BICO E CRISTELO,AF,757,431,31,3
mapa_1_resultados.xlsx,2790,AL2021,160523,PAREDES DE COURA,UNIÃO DAS FREGUESIAS DE COSSOURADO E LINHARES,AF,499,268,54,6
mapa_1_resultados.xlsx,2791,AL2021,160524,PAREDES DE COURA,UNIÃO DAS FREGUESIAS DE FORMARIZ E FERREIRA,AF,988,550,25,10
mapa_1_resultados.xlsx,2792,AL2021,160525,PAREDES DE COURA,UNIÃO DAS FREGUESIAS DE INSALDE E PORREIRAS,AF,460,250,27,6
mapa_1_resultados.xlsx,2793,AL2021,160526,PAREDES DE COURA,UNIÃO DAS FREGUESIAS DE PAREDES DE COURA E RESENDE,AF,1866,1102,44,27
mapa_1_resultados.xlsx,2794,AL2021,160600,PONTE DA BARCA,,CM,12983,8350,218,83
mapa_1_resultados.xlsx,2795,AL2021,160600,PONTE DA BARCA,,AM,12983,8350,244,99
mapa_1_resultados.xlsx,2796,AL2021,160601,PONTE DA BARCA,AZIAS,AF,393,223,7,6
mapa_1_resultados.xlsx,2797,AL2021,160602,PONTE DA BARCA,BOIVÃES,AF,301,232,1,1
mapa_1_resultados.xlsx,2798,AL2021,160603,PONTE DA BARCA,BRAVÃES,AF,592,437,14,7
mapa_1_resultados.xlsx,2799,AL2021,160604,PONTE DA BARCA,BRITELO,AF,592,344,5,4
mapa_1_resultados.xlsx,2800,AL2021,160606,PONTE DA BARCA,CUIDE DE VILA VERDE,AF,349,236,8,2
mapa_1_resultados.xlsx,2801,AL2021,160611,PONTE DA BARCA,LAVRADAS,AF,885,672,7,6
mapa_1_resultados.xlsx,2802,AL2021,160612,PONTE DA BARCA,LINDOSO,AF,541,314,4,8
mapa_1_resultados.xlsx,2803,AL2021,160613,PONTE DA BARCA,NOGUEIRA,AF,436,288,13,4
mapa_1_resultados.xlsx,2804,AL2021,160614,PONTE DA BARCA,OLEIROS,AF,512,343,78,39
mapa_1_resultados.xlsx,2805,AL2021,160619,PONTE DA BARCA,SAMPRIZ,AF,432,246,4,4
mapa_1_resultados.xlsx,2806,AL2021,160623,PONTE DA BARCA,VADE (SÃO PEDRO),AF,321,215,8,6
mapa_1_resultados.xlsx,2807,AL2021,160624,PONTE DA BARCA,VADE (SÃO TOMÉ),AF,356,187,32,4
mapa_1_resultados.xlsx,2808,AL2021,160626,PONTE DA BARCA,"UNIÃO DAS FREGUESIAS DE CRASTO, RUIVOS E GROVELAS",AF,898,619,7,11
mapa_1_resultados.xlsx,2809,AL2021,160627,PONTE DA BARCA,"UNIÃO DAS FREGUESIAS DE ENTRE AMBOS-OS-RIOS, ERMIDA E GERMIL",AF,691,393,5,6
mapa_1_resultados.xlsx,2810,AL2021,160628,PONTE DA BARCA,"UNIÃO DAS FREGUESIAS DE PONTE DA BARCA, VILA NOVA DE MUÍA E PAÇO VEDRO DE MAGALHÃES",AF,4487,2900,69,35
mapa_1_resultados.xlsx,2811,AL2021,160629,PONTE DA BARCA,UNIÃO DAS FREGUESIAS DE TOUVEDO (SÃO LOURENÇO E SALVADOR),AF,465,283,4,5
mapa_1_resultados.xlsx,2812,AL2021,160630,PONTE DA BARCA,UNIÃO DAS FREGUESIAS DE VILA CHÃ (SÃO JOÃO BAPTISTA E SANTIAGO),AF,732,417,42,11
mapa_1_resultados.xlsx,2813,AL2021,160700,PONTE DE LIMA,,CM,40597,27441,600,441
mapa_1_resultados.xlsx,2814,AL2021,160700,PONTE DE LIMA,,AM,40597,27437,704,446
mapa_1_resultados.xlsx,2815,AL2021,160701,PONTE DE LIMA,ANAIS,AF,1029,665,83,34
mapa_1_resultados.xlsx,2816,AL2021,160703,PONTE DE LIMA,SÃO PEDRO D'ARCOS,AF,617,377,58,36
mapa_1_resultados.xlsx,2817,AL2021,160704,PONTE DE LIMA,ARCOZELO,AF,3250,2144,50,45
mapa_1_resultados.xlsx,2818,AL2021,160707,PONTE DE LIMA,BEIRAL DO LIMA,AF,667,431,10,9
mapa_1_resultados.xlsx,2819,AL2021,160708,PONTE DE LIMA,BERTIANDOS,AF,376,275,30,19
mapa_1_resultados.xlsx,2820,AL2021,160709,PONTE DE LIMA,BOALHOSA,AF,218,96,1,1
mapa_1_resultados.xlsx,2821,AL2021,160710,PONTE DE LIMA,BRANDARA,AF,418,288,4,3
mapa_1_resultados.xlsx,2822,AL2021,160713,PONTE DE LIMA,CALHEIROS,AF,893,655,19,21
mapa_1_resultados.xlsx,2823,AL2021,160714,PONTE DE LIMA,CALVELO,AF,660,447,4,19
mapa_1_resultados.xlsx,2824,AL2021,160716,PONTE DE LIMA,CORRELHÃ,AF,2548,1776,60,37
mapa_1_resultados.xlsx,2825,AL2021,160717,PONTE DE LIMA,ESTORÃOS,AF,434,271,11,7
mapa_1_resultados.xlsx,2826,AL2021,160718,PONTE DE LIMA,FACHA,AF,1312,967,23,22
mapa_1_resultados.xlsx,2827,AL2021,160719,PONTE DE LIMA,FEITOSA,AF,1475,1034,46,28
mapa_1_resultados.xlsx,2828,AL2021,160721,PONTE DE LIMA,FONTÃO,AF,1032,779,9,10
mapa_1_resultados.xlsx,2829,AL2021,160724,PONTE DE LIMA,FRIASTELAS,AF,580,372,4,11
mapa_1_resultados.xlsx,2830,AL2021,160726,PONTE DE LIMA,GANDRA,AF,1021,708,30,23
mapa_1_resultados.xlsx,2831,AL2021,160727,PONTE DE LIMA,GEMIEIRA,AF,581,453,12,13
mapa_1_resultados.xlsx,2832,AL2021,160728,PONTE DE LIMA,GONDUFE,AF,379,267,31,22
mapa_1_resultados.xlsx,2833,AL2021,160729,PONTE DE LIMA,LABRUJA,AF,394,266,52,20
mapa_1_resultados.xlsx,2834,AL2021,160734,PONTE DE LIMA,POIARES,AF,751,570,10,6
mapa_1_resultados.xlsx,2835,AL2021,160737,PONTE DE LIMA,REFÓIOS DO LIMA,AF,2130,1174,15,12
mapa_1_resultados.xlsx,2836,AL2021,160739,PONTE DE LIMA,RIBEIRA,AF,1721,1245,26,29
mapa_1_resultados.xlsx,2837,AL2021,160740,PONTE DE LIMA,SÁ,AF,348,259,4,2
mapa_1_resultados.xlsx,2838,AL2021,160742,PONTE DE LIMA,SANTA COMBA,AF,527,439,1,6
mapa_1_resultados.xlsx,2839,AL2021,160743,PONTE DE LIMA,SANTA CRUZ DO LIMA,AF,428,269,36,29
mapa_1_resultados.xlsx,2840,AL2021,160744,PONTE DE LIMA,REBORDÕES (SANTA MARIA),AF,954,640,62,15
mapa_1_resultados.xlsx,2841,AL2021,160745,PONTE DE LIMA,SEARA,AF,612,468,29,28
mapa_1_resultados.xlsx,2842,AL2021,160746,PONTE DE LIMA,SERDEDELO,AF,441,262,25,10
mapa_1_resultados.xlsx,2843,AL2021,160747,PONTE DE LIMA,REBORDÕES (SOUTO),AF,1070,712,17,8
mapa_1_resultados.xlsx,2844,AL2021,160750,PONTE DE LIMA,VITORINO DAS DONAS,AF,936,738,18,14
mapa_1_resultados.xlsx,2845,AL2021,160752,PONTE DE LIMA,ARCA E PONTE DE LIMA,AF,3660,2400,62,38
mapa_1_resultados.xlsx,2846,AL2021,160753,PONTE DE LIMA,"ARDEGÃO, FREIXO E MATO",AF,1602,1104,18,11
mapa_1_resultados.xlsx,2847,AL2021,160754,PONTE DE LIMA,ASSOCIAÇÃO DE FREGUESIAS DO VALE DO NEIVA,AF,1072,667,8,12
mapa_1_resultados.xlsx,2848,AL2021,160755,PONTE DE LIMA,BÁRRIO E CEPÕES,AF,792,594,11,9
mapa_1_resultados.xlsx,2849,AL2021,160756,PONTE DE LIMA,CABAÇOS E FOJO LOBAL,AF,1030,571,88,24
mapa_1_resultados.xlsx,2850,AL2021,160757,PONTE DE LIMA,CABRAÇÃO E MOREIRA DO LIMA,AF,934,572,95,40
mapa_1_resultados.xlsx,2851,AL2021,160758,PONTE DE LIMA,FORNELOS E QUEIJADA,AF,1685,1152,46,15
mapa_1_resultados.xlsx,2852,AL2021,160759,PONTE DE LIMA,"LABRUJÓ, RENDUFE E VILAR DO MONTE",AF,360,233,22,14
mapa_1_resultados.xlsx,2853,AL2021,160760,PONTE DE LIMA,NAVIÓ E VITORINO DOS PIÃES,AF,1657,1102,24,26
mapa_1_resultados.xlsx,2854,AL2021,160800,VALENÇA,,CM,12981,8553,112,116
mapa_1_resultados.xlsx,2855,AL2021,160800,VALENÇA,,AM,12981,8547,152,132
mapa_1_resultados.xlsx,2856,AL2021,160802,VALENÇA,BOIVÃO,AF,248,167,3,2
mapa_1_resultados.xlsx,2857,AL2021,160803,VALENÇA,CERDAL,AF,1593,1054,17,23
mapa_1_resultados.xlsx,2858,AL2021,160805,VALENÇA,FONTOURA,AF,650,460,7,22
mapa_1_resultados.xlsx,2859,AL2021,160806,VALENÇA,FRIESTAS,AF,528,418,7,9
mapa_1_resultados.xlsx,2860,AL2021,160808,VALENÇA,GANFEI (9),AF,1136,834,9,11
mapa_1_resultados.xlsx,2861,AL2021,160812,VALENÇA,SÃO PEDRO DA TORRE,AF,1232,881,11,26
mapa_1_resultados.xlsx,2862,AL2021,160816,VALENÇA,VERDOEJO (9),AF,548,439,7,5
mapa_1_resultados.xlsx,2863,AL2021,160817,VALENÇA,UNIÃO DAS FREGUESIAS DE GANDRA E TAIÃO,AF,1322,885,20,14
mapa_1_resultados.xlsx,2864,AL2021,160818,VALENÇA,UNIÃO DAS FREGUESIAS DE GONDOMIL E SAFINS,AF,479,297,7,5
mapa_1_resultados.xlsx,2865,AL2021,160819,VALENÇA,UNIÃO DAS FREGUESIAS DE SÃO JULIÃO E SILVA,AF,558,435,7,12
mapa_1_resultados.xlsx,2866,AL2021,160820,VALENÇA,"UNIÃO DAS FREGUESIAS DE VALENÇA, CRISTELO COVO E ARÃO (9)",AF,4687,2901,50,29
mapa_1_resultados.xlsx,2867,AL2021,160900,VIANA DO CASTELO,,CM,82728,46543,1728,906
mapa_1_resultados.xlsx,2868,AL2021,160900,VIANA DO CASTELO,,AM,82728,46540,1838,1389
mapa_1_resultados.xlsx,2869,AL2021,160901,VIANA DO CASTELO,AFIFE,AF,1457,909,20,20
mapa_1_resultados.xlsx,2870,AL2021,160902,VIANA DO CASTELO,ALVARÃES,AF,2609,1413,29,30
mapa_1_resultados.xlsx,2871,AL2021,160903,VIANA DO CASTELO,AMONDE,AF,267,214,4,2
mapa_1_resultados.xlsx,2872,AL2021,160904,VIANA DO CASTELO,ANHA,AF,2260,1377,27,22
mapa_1_resultados.xlsx,2873,AL2021,160905,VIANA DO CASTELO,AREOSA,AF,4301,2237,78,50
mapa_1_resultados.xlsx,2874,AL2021,160908,VIANA DO CASTELO,CARREÇO,AF,1652,1020,17,4
mapa_1_resultados.xlsx,2875,AL2021,160910,VIANA DO CASTELO,CASTELO DO NEIVA,AF,3116,1446,58,57
mapa_1_resultados.xlsx,2876,AL2021,160911,VIANA DO CASTELO,DARQUE,AF,7287,3555,148,91
mapa_1_resultados.xlsx,2877,AL2021,160914,VIANA DO CASTELO,FREIXIEIRO DE SOUTELO,AF,447,347,6,2
mapa_1_resultados.xlsx,2878,AL2021,160915,VIANA DO CASTELO,LANHESES,AF,1554,1101,16,21
mapa_1_resultados.xlsx,2879,AL2021,160920,VIANA DO CASTELO,MONTARIA,AF,522,301,21,14
mapa_1_resultados.xlsx,2880,AL2021,160922,VIANA DO CASTELO,MUJÃES,AF,1440,819,37,14
mapa_1_resultados.xlsx,2881,AL2021,160923,VIANA DO CASTELO,SÃO ROMÃO DE NEIVA,AF,1163,717,19,28
mapa_1_resultados.xlsx,2882,AL2021,160925,VIANA DO CASTELO,OUTEIRO,AF,1071,765,25,15
mapa_1_resultados.xlsx,2883,AL2021,160926,VIANA DO CASTELO,PERRE,AF,2556,1634,60,26
mapa_1_resultados.xlsx,2884,AL2021,160928,VIANA DO CASTELO,SANTA MARTA DE PORTUZELO,AF,3590,2263,63,39
mapa_1_resultados.xlsx,2885,AL2021,160935,VIANA DO CASTELO,VILA FRANCA,AF,1639,1080,26,24
mapa_1_resultados.xlsx,2886,AL2021,160938,VIANA DO CASTELO,VILA DE PUNHE,AF,2161,1253,42,28
mapa_1_resultados.xlsx,2887,AL2021,160940,VIANA DO CASTELO,CHAFÉ,AF,3300,1406,113,46
mapa_1_resultados.xlsx,2888,AL2021,160941,VIANA DO CASTELO,UNIÃO DAS FREGUESIAS DE BARROSELAS E CARVOEIRO,AF,4691,2895,82,40
mapa_1_resultados.xlsx,2889,AL2021,160942,VIANA DO CASTELO,UNIÃO DAS FREGUESIAS DE CARDIELOS E SERRELEIS,AF,2037,1472,39,24
mapa_1_resultados.xlsx,2890,AL2021,160943,VIANA DO CASTELO,"UNIÃO DAS FREGUESIAS DE GERAZ DO LIMA (SANTA MARIA, SANTA LEOCÁDIA E MOREIRA) E DEÃO",AF,3264,2088,74,48
mapa_1_resultados.xlsx,2891,AL2021,160944,VIANA DO CASTELO,UNIÃO DAS FREGUESIAS DE MAZAREFES E VILA FRIA,AF,2564,1489,52,30
mapa_1_resultados.xlsx,2892,AL2021,160945,VIANA DO CASTELO,"UNIÃO DAS FREGUESIAS DE NOGUEIRA, MEIXEDO E VILAR DE MURTEDA",AF,1447,935,51,36
mapa_1_resultados.xlsx,2893,AL2021,160946,VIANA DO CASTELO,"UNIÃO DAS FREGUESIAS DE SUBPORTELA, DEOCRISTE E PORTELA SUSÃ",AF,2269,1544,70,36
mapa_1_resultados.xlsx,2894,AL2021,160947,VIANA DO CASTELO,UNIÃO DAS FREGUESIAS DE TORRE E VILA MOU,AF,1198,672,97,53
mapa_1_resultados.xlsx,2895,AL2021,160948,VIANA DO CASTELO,UNIÃO DAS FREGUESIAS DE VIANA DO CASTELO (SANTA MARIA MAIOR E MONSERRATE) E MEADELA,AF,22866,11593,474,244
mapa_1_resultados.xlsx,2896,AL2021,161000,VILA NOVA DE CERVEIRA,,CM,8430,6031,109,65
mapa_1_resultados.xlsx,2897,AL2021,161000,VILA NOVA DE CERVEIRA,,AM,8430,6023,105,61
mapa_1_resultados.xlsx,2898,AL2021,161003,VILA NOVA DE CERVEIRA,CORNES,AF,459,352,0,2
mapa_1_resultados.xlsx,2899,AL2021,161004,VILA NOVA DE CERVEIRA,COVAS,AF,583,409,27,3
mapa_1_resultados.xlsx,2900,AL2021,161006,VILA NOVA DE CERVEIRA,GONDARÉM,AF,921,646,21,13
mapa_1_resultados.xlsx,2901,AL2021,161007,VILA NOVA DE CERVEIRA,LOIVO,AF,805,582,9,8
mapa_1_resultados.xlsx,2902,AL2021,161009,VILA NOVA DE CERVEIRA,MENTRESTIDO,AF,263,194,46,1
mapa_1_resultados.xlsx,2903,AL2021,161012,VILA NOVA DE CERVEIRA,SAPARDOS,AF,356,290,2,2
mapa_1_resultados.xlsx,2904,AL2021,161013,VILA NOVA DE CERVEIRA,SOPO,AF,533,364,29,9
mapa_1_resultados.xlsx,2905,AL2021,161016,VILA NOVA DE CERVEIRA,UNIÃO DAS FREGUESIAS DE CAMPOS E VILA MEÃ,AF,1414,980,22,18
mapa_1_resultados.xlsx,2906,AL2021,161017,VILA NOVA DE CERVEIRA,UNIÃO DAS FREGUESIAS DE CANDEMIL E GONDAR,AF,346,263,4,5
mapa_1_resultados.xlsx,2907,AL2021,161018,VILA NOVA DE CERVEIRA,UNIÃO DAS FREGUESIAS DE REBOREDA E NOGUEIRA,AF,961,730,13,5
mapa_1_resultados.xlsx,2908,AL2021,161019,VILA NOVA DE CERVEIRA,UNIÃO DAS FREGUESIAS DE VILA NOVA DE CERVEIRA E LOVELHE,AF,1789,1222,28,20
mapa_1_resultados.xlsx,2909,AL2021,170000,VILA REAL,,,,,,
mapa_1_resultados.xlsx,2910,AL2021,170100,ALIJÓ,,CM,11427,7403,176,228
mapa_1_resultados.xlsx,2911,AL2021,170100,ALIJÓ,,AM,11427,7402,220,264
mapa_1_resultados.xlsx,2912,AL2021,170101,ALIJÓ,ALIJÓ,AF,2442,1459,27,61
mapa_1_resultados.xlsx,2913,AL2021,170107,ALIJÓ,FAVAIOS,AF,982,622,18,14
mapa_1_resultados.xlsx,2914,AL2021,170108,ALIJÓ,PEGARINHOS,AF,512,310,4,6
mapa_1_resultados.xlsx,2915,AL2021,170109,ALIJÓ,PINHÃO,AF,603,453,1,13
mapa_1_resultados.xlsx,2916,AL2021,170112,ALIJÓ,SANFINS DO DOURO,AF,1349,889,28,33
mapa_1_resultados.xlsx,2917,AL2021,170113,ALIJÓ,SANTA EUGÉNIA,AF,349,238,1,3
mapa_1_resultados.xlsx,2918,AL2021,170114,ALIJÓ,SÃO MAMEDE DE RIBATUA,AF,663,459,12,13
mapa_1_resultados.xlsx,2919,AL2021,170116,ALIJÓ,VILA CHÃ,AF,497,335,16,14
mapa_1_resultados.xlsx,2920,AL2021,170117,ALIJÓ,VILA VERDE,AF,649,403,19,15
mapa_1_resultados.xlsx,2921,AL2021,170118,ALIJÓ,VILAR DE MAÇADA,AF,928,599,4,9
mapa_1_resultados.xlsx,2922,AL2021,170120,ALIJÓ,UNIÃO DAS FREGUESIAS DE CARLÃO E AMIEIRO,AF,805,495,15,24
mapa_1_resultados.xlsx,2923,AL2021,170121,ALIJÓ,UNIÃO DAS FREGUESIAS DE CASTEDO E COTAS,AF,559,414,5,16
mapa_1_resultados.xlsx,2924,AL2021,170122,ALIJÓ,UNIÃO DAS FREGUESIAS DE PÓPULO E RIBALONGA,AF,623,356,3,12
mapa_1_resultados.xlsx,2925,AL2021,170123,ALIJÓ,"UNIÃO DAS FREGUESIAS DE VALE DE MENDIZ, CASAL DE LOIVOS E VILARINHO DE COTAS",AF,466,371,11,7
mapa_1_resultados.xlsx,2926,AL2021,170200,BOTICAS,,CM,7729,4022,120,77
mapa_1_resultados.xlsx,2927,AL2021,170200,BOTICAS,,AM,7732,4024,146,91
mapa_1_resultados.xlsx,2928,AL2021,170203,BOTICAS,BEÇA,AF,1166,635,70,13
mapa_1_resultados.xlsx,2929,AL2021,170208,BOTICAS,COVAS DO BARROSO,AF,306,173,31,12
mapa_1_resultados.xlsx,2930,AL2021,170210,BOTICAS,DORNELAS,AF,549,330,9,8
mapa_1_resultados.xlsx,2931,AL2021,170213,BOTICAS,PINHO,AF,561,263,9,6
mapa_1_resultados.xlsx,2932,AL2021,170215,BOTICAS,SAPIÃOS,AF,689,301,38,28
mapa_1_resultados.xlsx,2933,AL2021,170217,BOTICAS,ALTURAS DO BARROSO E CERDEDO,AF,756,333,39,12
mapa_1_resultados.xlsx,2934,AL2021,170218,BOTICAS,ARDÃOS E BOBADELA,AF,871,404,44,26
mapa_1_resultados.xlsx,2935,AL2021,170219,BOTICAS,BOTICAS E GRANJA,AF,1758,984,90,69
mapa_1_resultados.xlsx,2936,AL2021,170220,BOTICAS,"CODESSOSO, CURROS E FIÃES DO TÂMEGA",AF,453,240,30,15
mapa_1_resultados.xlsx,2937,AL2021,170221,BOTICAS,VILAR E VIVEIRO,AF,622,359,15,15
mapa_1_resultados.xlsx,2938,AL2021,170300,CHAVES,,CM,42890,23852,537,370
mapa_1_resultados.xlsx,2939,AL2021,170300,CHAVES,,AM,42890,23852,647,441
mapa_1_resultados.xlsx,2940,AL2021,170301,CHAVES,ÁGUAS FRIAS,AF,795,472,9,10
mapa_1_resultados.xlsx,2941,AL2021,170302,CHAVES,ANELHE,AF,537,335,3,2
mapa_1_resultados.xlsx,2942,AL2021,170305,CHAVES,BUSTELO,AF,555,308,6,1
mapa_1_resultados.xlsx,2943,AL2021,170309,CHAVES,CIMO DE VILA DA CASTANHEIRA,AF,506,295,8,4
mapa_1_resultados.xlsx,2944,AL2021,170310,CHAVES,CURALHA,AF,539,340,6,7
mapa_1_resultados.xlsx,2945,AL2021,170312,CHAVES,ERVEDEDO,AF,859,509,2,14
mapa_1_resultados.xlsx,2946,AL2021,170313,CHAVES,FAIÕES,AF,818,577,10,11
mapa_1_resultados.xlsx,2947,AL2021,170314,CHAVES,LAMA DE ARCOS,AF,391,279,9,5
mapa_1_resultados.xlsx,2948,AL2021,170316,CHAVES,MAIROS,AF,319,200,20,3
mapa_1_resultados.xlsx,2949,AL2021,170317,CHAVES,MOREIRAS,AF,279,183,4,8
mapa_1_resultados.xlsx,2950,AL2021,170318,CHAVES,NOGUEIRA DA MONTANHA,AF,680,380,10,8
mapa_1_resultados.xlsx,2951,AL2021,170320,CHAVES,OURA,AF,608,338,6,8
mapa_1_resultados.xlsx,2952,AL2021,170321,CHAVES,OUTEIRO SECO,AF,878,571,15,16
mapa_1_resultados.xlsx,2953,AL2021,170322,CHAVES,PARADELA,AF,264,155,28,5
mapa_1_resultados.xlsx,2954,AL2021,170324,CHAVES,REDONDELO,AF,586,327,8,13
mapa_1_resultados.xlsx,2955,AL2021,170327,CHAVES,SANFINS,AF,302,169,3,3
mapa_1_resultados.xlsx,2956,AL2021,170329,CHAVES,SANTA LEOCÁDIA,AF,351,213,4,6
mapa_1_resultados.xlsx,2957,AL2021,170330,CHAVES,SANTO ANTÓNIO DE MONFORTE,AF,483,312,6,9
mapa_1_resultados.xlsx,2958,AL2021,170331,CHAVES,SANTO ESTÊVÃO,AF,635,401,9,7
mapa_1_resultados.xlsx,2959,AL2021,170333,CHAVES,SÃO PEDRO DE AGOSTÉM,AF,1523,819,13,15
mapa_1_resultados.xlsx,2960,AL2021,170334,CHAVES,SÃO VICENTE,AF,276,159,4,7
mapa_1_resultados.xlsx,2961,AL2021,170340,CHAVES,TRONCO,AF,287,155,2,6
mapa_1_resultados.xlsx,2962,AL2021,170341,CHAVES,VALE DE ANTA,AF,1483,954,22,17
mapa_1_resultados.xlsx,2963,AL2021,170343,CHAVES,VILA VERDE DA RAIA,AF,903,548,20,10
mapa_1_resultados.xlsx,2964,AL2021,170344,CHAVES,VILAR DE NANTES,AF,1876,1078,33,22
mapa_1_resultados.xlsx,2965,AL2021,170345,CHAVES,VILARELHO DA RAIA,AF,665,364,7,6
mapa_1_resultados.xlsx,2966,AL2021,170347,CHAVES,VILAS BOAS,AF,231,138,3,2
mapa_1_resultados.xlsx,2967,AL2021,170348,CHAVES,VILELA SECA,AF,332,187,6,2
mapa_1_resultados.xlsx,2968,AL2021,170349,CHAVES,VILELA DO TÂMEGA,AF,408,260,1,8
mapa_1_resultados.xlsx,2969,AL2021,170350,CHAVES,SANTA MARIA MAIOR,AF,11823,5960,103,99
mapa_1_resultados.xlsx,2970,AL2021,170353,CHAVES,PLANALTO DE MONFORTE (UNIÃO DAS FREGUESIAS DE OUCIDRES E BOBADELA),AF,360,213,4,2
mapa_1_resultados.xlsx,2971,AL2021,170354,CHAVES,UNIÃO DAS FREGUESIAS DA MADALENA E SAMAIÕES,AF,2951,1504,24,18
mapa_1_resultados.xlsx,2972,AL2021,170355,CHAVES,"UNIÃO DAS FREGUESIAS DAS EIRAS, SÃO JULIÃO DE MONTENEGRO E CELA",AF,948,664,9,7
mapa_1_resultados.xlsx,2973,AL2021,170356,CHAVES,UNIÃO DAS FREGUESIAS DE CALVÃO E SOUTELINHO DA RAIA,AF,720,334,8,5
mapa_1_resultados.xlsx,2974,AL2021,170357,CHAVES,UNIÃO DAS FREGUESIAS DE LOIVOS E PÓVOA DE AGRAÇÕES,AF,812,472,14,19
mapa_1_resultados.xlsx,2975,AL2021,170358,CHAVES,UNIÃO DAS FREGUESIAS DE SANTA CRUZ/TRINDADE E SANJURGE,AF,3661,1870,31,36
mapa_1_resultados.xlsx,2976,AL2021,170359,CHAVES,UNIÃO DAS FREGUESIAS DE SOUTELO E SEARA VELHA,AF,653,404,6,11
mapa_1_resultados.xlsx,2977,AL2021,170360,CHAVES,UNIÃO DAS FREGUESIAS DE TRAVANCAS E RORIZ,AF,635,325,10,9
mapa_1_resultados.xlsx,2978,AL2021,170361,CHAVES,"VIDAGO (UNIÃO DAS FREGUESIAS DE VIDAGO, ARCOSSÓ, SELHARIZ E VILARINHO DAS PARANHEIRAS)",AF,1958,1085,30,24
mapa_1_resultados.xlsx,2979,AL2021,170400,MESÃO FRIO,,CM,3634,2587,48,43
mapa_1_resultados.xlsx,2980,AL2021,170400,MESÃO FRIO,,AM,3634,2589,50,44
mapa_1_resultados.xlsx,2981,AL2021,170401,MESÃO FRIO,BARQUEIROS,AF,522,385,8,12
mapa_1_resultados.xlsx,2982,AL2021,170402,MESÃO FRIO,CIDADELHE,AF,139,,,
mapa_1_resultados.xlsx,2983,AL2021,170403,MESÃO FRIO,OLIVEIRA,AF,335,260,14,4
mapa_1_resultados.xlsx,2984,AL2021,170407,MESÃO FRIO,VILA MARIM,AF,1040,668,13,20
mapa_1_resultados.xlsx,2985,AL2021,170408,MESÃO FRIO,MESÃO FRIO (SANTO ANDRÉ),AF,1589,1167,73,25
mapa_1_resultados.xlsx,2986,AL2021,170500,MONDIM DE BASTO,,CM,7749,4764,51,55
mapa_1_resultados.xlsx,2987,AL2021,170500,MONDIM DE BASTO,,AM,7749,4764,63,72
mapa_1_resultados.xlsx,2988,AL2021,170501,MONDIM DE BASTO,ATEI,AF,1227,777,10,16
mapa_1_resultados.xlsx,2989,AL2021,170502,MONDIM DE BASTO,BILHÓ,AF,632,381,3,6
mapa_1_resultados.xlsx,2990,AL2021,170505,MONDIM DE BASTO,SÃO CRISTÓVÃO DE MONDIM DE BASTO,AF,3119,2008,22,25
mapa_1_resultados.xlsx,2991,AL2021,170508,MONDIM DE BASTO,VILAR DE FERREIROS,AF,1217,708,7,13
mapa_1_resultados.xlsx,2992,AL2021,170509,MONDIM DE BASTO,UNIÃO DAS FREGUESIAS DE CAMPANHÓ E PARADANÇA,AF,939,491,10,5
mapa_1_resultados.xlsx,2993,AL2021,170510,MONDIM DE BASTO,UNIÃO DAS FREGUESIAS DE ERMELO E PARDELHAS,AF,615,400,4,12
mapa_1_resultados.xlsx,2994,AL2021,170600,MONTALEGRE,,CM,13793,7499,211,136
mapa_1_resultados.xlsx,2995,AL2021,170600,MONTALEGRE,,AM,13793,7501,211,128
mapa_1_resultados.xlsx,2996,AL2021,170601,MONTALEGRE,CABRIL,AF,543,291,138,8
mapa_1_resultados.xlsx,2997,AL2021,170603,MONTALEGRE,CERVOS,AF,401,216,3,6
mapa_1_resultados.xlsx,2998,AL2021,170604,MONTALEGRE,CHÃ,AF,1117,521,8,13
mapa_1_resultados.xlsx,2999,AL2021,170607,MONTALEGRE,COVELO DO GERÊS,AF,188,151,1,3
mapa_1_resultados.xlsx,3000,AL2021,170609,MONTALEGRE,FERRAL,AF,391,280,3,3
mapa_1_resultados.xlsx,3001,AL2021,170612,MONTALEGRE,GRALHAS,AF,306,170,5,4
mapa_1_resultados.xlsx,3002,AL2021,170616,MONTALEGRE,MORGADE,AF,317,202,1,2
mapa_1_resultados.xlsx,3003,AL2021,170618,MONTALEGRE,NEGRÕES,AF,223,116,15,2
mapa_1_resultados.xlsx,3004,AL2021,170619,MONTALEGRE,OUTEIRO,AF,191,107,28,0
mapa_1_resultados.xlsx,3005,AL2021,170623,MONTALEGRE,PITÕES DAS JUNIAS,AF,190,111,29,2
mapa_1_resultados.xlsx,3006,AL2021,170625,MONTALEGRE,REIGOSO,AF,254,92,27,3
mapa_1_resultados.xlsx,3007,AL2021,170626,MONTALEGRE,SALTO,AF,1563,983,18,18
mapa_1_resultados.xlsx,3008,AL2021,170627,MONTALEGRE,SANTO ANDRÉ,AF,281,147,14,6
mapa_1_resultados.xlsx,3009,AL2021,170629,MONTALEGRE,SARRAQUINHOS,AF,443,186,50,13
mapa_1_resultados.xlsx,3010,AL2021,170631,MONTALEGRE,SOLVEIRA,AF,277,154,4,2
mapa_1_resultados.xlsx,3011,AL2021,170632,MONTALEGRE,TOURÉM,AF,169,119,2,2
mapa_1_resultados.xlsx,3012,AL2021,170635,MONTALEGRE,VILA DA PONTE,AF,272,166,37,5
mapa_1_resultados.xlsx,3013,AL2021,170636,MONTALEGRE,"UNIÃO DAS FREGUESIAS DE CAMBESES DO RIO, DONÕES E MOURILHE",AF,622,204,55,3
mapa_1_resultados.xlsx,3014,AL2021,170637,MONTALEGRE,UNIÃO DAS FREGUESIAS DE MEIXEDO E PADORNELOS,AF,543,244,4,2
mapa_1_resultados.xlsx,3015,AL2021,170638,MONTALEGRE,UNIÃO DAS FREGUESIAS DE MONTALEGRE E PADROSO,AF,2133,1257,26,14
mapa_1_resultados.xlsx,3016,AL2021,170639,MONTALEGRE,"UNIÃO DAS FREGUESIAS DE PARADELA, CONTIM E FIÃES",AF,536,275,2,5
mapa_1_resultados.xlsx,3017,AL2021,170640,MONTALEGRE,UNIÃO DAS FREGUESIAS DE SEZELHE E COVELÃES,AF,403,199,41,4
mapa_1_resultados.xlsx,3018,AL2021,170641,MONTALEGRE,UNIÃO DAS FREGUESIAS DE VENDA NOVA E PONDRAS,AF,500,294,5,6
mapa_1_resultados.xlsx,3019,AL2021,170642,MONTALEGRE,UNIÃO DAS FREGUESIAS DE VIADE DE BAIXO E FERVIDELAS,AF,979,566,7,9
mapa_1_resultados.xlsx,3020,AL2021,170643,MONTALEGRE,UNIÃO DAS FREGUESIAS DE VILAR DE PERDIZES E MEIXIDE,AF,848,423,16,16
mapa_1_resultados.xlsx,3021,AL2021,170700,MURÇA,,CM,6367,3948,92,87
mapa_1_resultados.xlsx,3022,AL2021,170700,MURÇA,,AM,6367,3947,101,85
mapa_1_resultados.xlsx,3023,AL2021,170701,MURÇA,CANDEDO,AF,1069,682,8,20
mapa_1_resultados.xlsx,3024,AL2021,170703,MURÇA,FIOLHOSO,AF,665,336,9,11
mapa_1_resultados.xlsx,3025,AL2021,170704,MURÇA,JOU,AF,734,421,13,10
mapa_1_resultados.xlsx,3026,AL2021,170705,MURÇA,MURÇA,AF,1960,1279,39,43
mapa_1_resultados.xlsx,3027,AL2021,170708,MURÇA,VALONGO DE MILHAIS,AF,371,235,10,8
mapa_1_resultados.xlsx,3028,AL2021,170710,MURÇA,UNIÃO DAS FREGUESIAS DE CARVA E VILARES,AF,573,359,4,9
mapa_1_resultados.xlsx,3029,AL2021,170711,MURÇA,UNIÃO DAS FREGUESIAS DE NOURA E PALHEIROS,AF,995,636,13,14
mapa_1_resultados.xlsx,3030,AL2021,170800,PESO DA RÉGUA,,CM,15291,8996,151,137
mapa_1_resultados.xlsx,3031,AL2021,170800,PESO DA RÉGUA,,AM,15291,8996,144,117
mapa_1_resultados.xlsx,3032,AL2021,170802,PESO DA RÉGUA,FONTELAS,AF,648,413,4,10
mapa_1_resultados.xlsx,3033,AL2021,170805,PESO DA RÉGUA,LOUREIRO,AF,960,581,12,10
mapa_1_resultados.xlsx,3034,AL2021,170809,PESO DA RÉGUA,SEDIELOS,AF,1024,563,9,10
mapa_1_resultados.xlsx,3035,AL2021,170810,PESO DA RÉGUA,VILARINHO DOS FREIRES,AF,822,547,10,15
mapa_1_resultados.xlsx,3036,AL2021,170813,PESO DA RÉGUA,UNIÃO DAS FREGUESIAS DE GALAFURA E COVELINHAS,AF,956,547,8,15
mapa_1_resultados.xlsx,3037,AL2021,170814,PESO DA RÉGUA,UNIÃO DAS FREGUESIAS DE MOURA MORTA E VINHÓS,AF,846,435,6,15
mapa_1_resultados.xlsx,3038,AL2021,170815,PESO DA RÉGUA,UNIÃO DAS FREGUESIAS DE PESO DA RÉGUA E GODIM,AF,8678,5096,97,77
mapa_1_resultados.xlsx,3039,AL2021,170816,PESO DA RÉGUA,UNIÃO DAS FREGUESIAS DE POIARES E CANELAS,AF,1357,814,7,20
mapa_1_resultados.xlsx,3040,AL2021,170900,RIBEIRA DE PENA,,CM,8503,5397,70,67
mapa_1_resultados.xlsx,3041,AL2021,170900,RIBEIRA DE PENA,,AM,8503,5397,74,72
mapa_1_resultados.xlsx,3042,AL2021,170901,RIBEIRA DE PENA,ALVADIA,AF,299,177,6,0
mapa_1_resultados.xlsx,3043,AL2021,170902,RIBEIRA DE PENA,CANEDO,AF,674,309,1,5
mapa_1_resultados.xlsx,3044,AL2021,170906,RIBEIRA DE PENA,SANTA MARINHA,AF,988,635,10,3
mapa_1_resultados.xlsx,3045,AL2021,170908,RIBEIRA DE PENA,UNIÃO DAS FREGUESIAS DE CERVA E LIMÕES,AF,2782,1862,18,27
mapa_1_resultados.xlsx,3046,AL2021,170909,RIBEIRA DE PENA,UNIÃO DAS FREGUESIAS DE RIBEIRA DE PENA (SALVADOR) E SANTO ALEIXO DE ALÉM-TÂMEGA,AF,3760,2412,32,26
mapa_1_resultados.xlsx,3047,AL2021,171000,SABROSA,,CM,6245,4220,48,90
mapa_1_resultados.xlsx,3048,AL2021,171000,SABROSA,,AM,6245,4221,70,88
mapa_1_resultados.xlsx,3049,AL2021,171001,SABROSA,CELEIRÓS,AF,199,144,18,13
mapa_1_resultados.xlsx,3050,AL2021,171002,SABROSA,COVAS DO DOURO,AF,406,302,1,8
mapa_1_resultados.xlsx,3051,AL2021,171004,SABROSA,GOUVINHAS,AF,283,189,2,4
mapa_1_resultados.xlsx,3052,AL2021,171005,SABROSA,PARADA DE PINHÃO,AF,314,254,1,4
mapa_1_resultados.xlsx,3053,AL2021,171007,SABROSA,PAÇOS,AF,753,470,5,19
mapa_1_resultados.xlsx,3054,AL2021,171009,SABROSA,SABROSA,AF,1086,857,11,11
mapa_1_resultados.xlsx,3055,AL2021,171011,SABROSA,SÃO LOURENÇO DE RIBAPINHÃO,AF,426,260,1,10
mapa_1_resultados.xlsx,3056,AL2021,171013,SABROSA,SOUTO MAIOR,AF,506,357,2,15
mapa_1_resultados.xlsx,3057,AL2021,171014,SABROSA,TORRE DO PINHÃO,AF,373,242,7,0
mapa_1_resultados.xlsx,3058,AL2021,171015,SABROSA,VILARINHO DE SÃO ROMÃO,AF,272,168,16,19
mapa_1_resultados.xlsx,3059,AL2021,171016,SABROSA,"UNIÃO DAS FREGUESIAS DE PROVESENDE, GOUVÃES DO DOURO E SÃO CRISTÓVÃO DO DOURO",AF,494,326,55,22
mapa_1_resultados.xlsx,3060,AL2021,171017,SABROSA,UNIÃO DAS FREGUESIAS DE SÃO MARTINHO DE ANTAS E PARADELA DE GUIÃES,AF,1133,651,124,45
mapa_1_resultados.xlsx,3061,AL2021,171100,SANTA MARTA DE PENAGUIÃO,,CM,7203,4581,143,101
mapa_1_resultados.xlsx,3062,AL2021,171100,SANTA MARTA DE PENAGUIÃO,,AM,7203,4582,143,109
mapa_1_resultados.xlsx,3063,AL2021,171101,SANTA MARTA DE PENAGUIÃO,ALVAÇÕES DO CORGO,AF,421,300,45,15
mapa_1_resultados.xlsx,3064,AL2021,171102,SANTA MARTA DE PENAGUIÃO,CUMIEIRA,AF,1133,688,22,15
mapa_1_resultados.xlsx,3065,AL2021,171103,SANTA MARTA DE PENAGUIÃO,FONTES,AF,951,552,10,10
mapa_1_resultados.xlsx,3066,AL2021,171106,SANTA MARTA DE PENAGUIÃO,MEDRÕES,AF,493,349,8,6
mapa_1_resultados.xlsx,3067,AL2021,171110,SANTA MARTA DE PENAGUIÃO,SEVER,AF,805,474,9,17
mapa_1_resultados.xlsx,3068,AL2021,171111,SANTA MARTA DE PENAGUIÃO,UNIÃO DAS FREGUESIAS DE LOBRIGOS (SÃO MIGUEL E SÃO JOÃO BAPTISTA) E SANHOANE,AF,26989,1744,44,47
mapa_1_resultados.xlsx,3069,AL2021,171112,SANTA MARTA DE PENAGUIÃO,UNIÃO DAS FREGUESIAS DE LOUREDO E FORNELOS,AF,702,476,10,5
mapa_1_resultados.xlsx,3070,AL2021,171200,VALPAÇOS,,CM,18846,9970,413,213
mapa_1_resultados.xlsx,3071,AL2021,171200,VALPAÇOS,,AM,18846,9970,481,256
mapa_1_resultados.xlsx,3072,AL2021,171201,VALPAÇOS,ÁGUA REVÉS E CRASTO,AF,356,213,14,8
mapa_1_resultados.xlsx,3073,AL2021,171203,VALPAÇOS,ALGERIZ,AF,605,396,5,10
mapa_1_resultados.xlsx,3074,AL2021,171205,VALPAÇOS,BOUÇOÃES,AF,500,206,18,1
mapa_1_resultados.xlsx,3075,AL2021,171206,VALPAÇOS,CANAVESES,AF,310,225,4,2
mapa_1_resultados.xlsx,3076,AL2021,171209,VALPAÇOS,ERVÕES,AF,715,348,23,11
mapa_1_resultados.xlsx,3077,AL2021,171211,VALPAÇOS,FORNOS DO PINHAL,AF,332,234,15,14
mapa_1_resultados.xlsx,3078,AL2021,171212,VALPAÇOS,FRIÕES,AF,749,436,10,16
mapa_1_resultados.xlsx,3079,AL2021,171215,VALPAÇOS,PADRELA E TAZEM,AF,444,187,14,2
mapa_1_resultados.xlsx,3080,AL2021,171216,VALPAÇOS,POSSACOS,AF,465,282,45,15
mapa_1_resultados.xlsx,3081,AL2021,171217,VALPAÇOS,RIO TORTO,AF,393,223,20,12
mapa_1_resultados.xlsx,3082,AL2021,171219,VALPAÇOS,SANTA MARIA DE EMERES,AF,338,219,19,9
mapa_1_resultados.xlsx,3083,AL2021,171220,VALPAÇOS,SANTA VALHA,AF,439,228,15,7
mapa_1_resultados.xlsx,3084,AL2021,171221,VALPAÇOS,SANTIAGO DA RIBEIRA DE ALHARIZ,AF,850,354,7,9
mapa_1_resultados.xlsx,3085,AL2021,171222,VALPAÇOS,SÃO JOÃO DA CORVEIRA,AF,775,316,28,16
mapa_1_resultados.xlsx,3086,AL2021,171223,VALPAÇOS,SÃO PEDRO DE VEIGA DE LILA,AF,340,275,6,10
mapa_1_resultados.xlsx,3087,AL2021,171224,VALPAÇOS,SERAPICOS,AF,300,165,17,30
mapa_1_resultados.xlsx,3088,AL2021,171227,VALPAÇOS,VALES,AF,270,154,13,25
mapa_1_resultados.xlsx,3089,AL2021,171229,VALPAÇOS,VASSAL,AF,510,256,12,6
mapa_1_resultados.xlsx,3090,AL2021,171230,VALPAÇOS,VEIGA DE LILA,AF,254,164,11,7
mapa_1_resultados.xlsx,3091,AL2021,171231,VALPAÇOS,VILARANDELO,AF,1012,566,24,16
mapa_1_resultados.xlsx,3092,AL2021,171232,VALPAÇOS,CARRAZEDO DE MONTENEGRO E CURROS,AF,2025,1094,27,41
mapa_1_resultados.xlsx,3093,AL2021,171233,VALPAÇOS,"LEBUÇÃO, FIÃES E NOZELOS",AF,838,396,45,23
mapa_1_resultados.xlsx,3094,AL2021,171234,VALPAÇOS,SONIM E BARREIROS,AF,506,339,2,5
mapa_1_resultados.xlsx,3095,AL2021,171235,VALPAÇOS,TINHELA E ALVARELHOS,AF,411,244,3,10
mapa_1_resultados.xlsx,3096,AL2021,171236,VALPAÇOS,VALPAÇOS E SANFINS,AF,5109,2457,68,72
mapa_1_resultados.xlsx,3097,AL2021,171300,VILA POUCA DE AGUIAR,,CM,14351,8747,200,134
mapa_1_resultados.xlsx,3098,AL2021,171300,VILA POUCA DE AGUIAR,,AM,14351,8748,261,138
mapa_1_resultados.xlsx,3099,AL2021,171302,VILA POUCA DE AGUIAR,ALFARELA DE JALES,AF,460,293,4,8
mapa_1_resultados.xlsx,3100,AL2021,171303,VILA POUCA DE AGUIAR,BORNES DE AGUIAR,AF,2197,1199,46,30
mapa_1_resultados.xlsx,3101,AL2021,171304,VILA POUCA DE AGUIAR,BRAGADO,AF,618,345,3,5
mapa_1_resultados.xlsx,3102,AL2021,171305,VILA POUCA DE AGUIAR,CAPELUDOS,AF,533,327,0,7
mapa_1_resultados.xlsx,3103,AL2021,171310,VILA POUCA DE AGUIAR,SOUTELO DE AGUIAR,AF,762,442,12,8
mapa_1_resultados.xlsx,3104,AL2021,171311,VILA POUCA DE AGUIAR,TELÕES,AF,1544,968,14,17
mapa_1_resultados.xlsx,3105,AL2021,171312,VILA POUCA DE AGUIAR,TRESMINAS,AF,495,334,5,4
mapa_1_resultados.xlsx,3106,AL2021,171313,VILA POUCA DE AGUIAR,VALOURA,AF,430,269,8,4
mapa_1_resultados.xlsx,3107,AL2021,171314,VILA POUCA DE AGUIAR,VILA POUCA DE AGUIAR,AF,3252,2072,54,33
mapa_1_resultados.xlsx,3108,AL2021,171315,VILA POUCA DE AGUIAR,VREIA DE BORNES,AF,709,477,8,9
mapa_1_resultados.xlsx,3109,AL2021,171316,VILA POUCA DE AGUIAR,VREIA DE JALES,AF,997,650,9,13
mapa_1_resultados.xlsx,3110,AL2021,171317,VILA POUCA DE AGUIAR,SABROSO DE AGUIAR,AF,699,474,6,7
mapa_1_resultados.xlsx,3111,AL2021,171319,VILA POUCA DE AGUIAR,ALVÃO,AF,1215,651,12,8
mapa_1_resultados.xlsx,3112,AL2021,171320,VILA POUCA DE AGUIAR,UNIÃO DAS FREGUESIAS DE PENSALVOS E PARADA DE MONTEIROS,AF,440,246,4,4
mapa_1_resultados.xlsx,3113,AL2021,171400,VILA REAL,,CM,49701,29897,717,449
mapa_1_resultados.xlsx,3114,AL2021,171400,VILA REAL,,AM,49701,29897,803,431
mapa_1_resultados.xlsx,3115,AL2021,171401,VILA REAL,ABAÇAS,AF,1125,718,16,13
mapa_1_resultados.xlsx,3116,AL2021,171403,VILA REAL,ANDRÃES,AF,1584,1038,17,22
mapa_1_resultados.xlsx,3117,AL2021,171404,VILA REAL,ARROIOS,AF,1045,720,22,13
mapa_1_resultados.xlsx,3118,AL2021,171406,VILA REAL,CAMPEÃ,AF,1611,924,28,9
mapa_1_resultados.xlsx,3119,AL2021,171409,VILA REAL,FOLHADELA,AF,1978,1261,36,31
mapa_1_resultados.xlsx,3120,AL2021,171410,VILA REAL,GUIÃES,AF,630,383,2,13
mapa_1_resultados.xlsx,3121,AL2021,171414,VILA REAL,LORDELO,AF,2728,1722,57,48
mapa_1_resultados.xlsx,3122,AL2021,171415,VILA REAL,MATEUS,AF,3047,1868,55,32
mapa_1_resultados.xlsx,3123,AL2021,171416,VILA REAL,MONDRÕES,AF,965,648,13,5
mapa_1_resultados.xlsx,3124,AL2021,171420,VILA REAL,PARADA DE CUNHOS,AF,1657,1043,18,23
mapa_1_resultados.xlsx,3125,AL2021,171426,VILA REAL,TORGUEDA,AF,1576,1023,18,9
mapa_1_resultados.xlsx,3126,AL2021,171429,VILA REAL,VILA MARIM,AF,1726,1187,16,19
mapa_1_resultados.xlsx,3127,AL2021,171431,VILA REAL,UNIÃO DAS FREGUESIAS DE ADOUFE E VILARINHO DE SAMARDÃ,AF,2854,1687,46,23
mapa_1_resultados.xlsx,3128,AL2021,171432,VILA REAL,UNIÃO DAS FREGUESIAS DE BORBELA E LAMAS DE OLO,AF,2699,1467,46,35
mapa_1_resultados.xlsx,3129,AL2021,171433,VILA REAL,UNIÃO DAS FREGUESIAS DE CONSTANTIM E VALE DE NOGUEIRAS,AF,1866,1150,28,39
mapa_1_resultados.xlsx,3130,AL2021,171434,VILA REAL,UNIÃO DAS FREGUESIAS DE MOUÇÓS E LAMARES,AF,3480,2198,68,39
mapa_1_resultados.xlsx,3131,AL2021,171435,VILA REAL,UNIÃO DAS FREGUESIAS DE NOGUEIRA E ERMIDA,AF,917,658,8,22
mapa_1_resultados.xlsx,3132,AL2021,171436,VILA REAL,"UNIÃO DAS FREGUESIAS DE PENA, QUINTÃ E VILA COVA",AF,939,536,67,14
mapa_1_resultados.xlsx,3133,AL2021,171437,VILA REAL,UNIÃO DAS FREGUESIAS DE SÃO TOMÉ DO CASTELO E JUSTES,AF,1365,789,18,23
mapa_1_resultados.xlsx,3134,AL2021,171438,VILA REAL,"UNIÃO DAS FREGUESIAS DE VILA REAL (NOSSA SENHORA DA CONCEIÇÃO, SÃO PEDRO E SÃO DINIS)",AF,15909,8875,262,134
mapa_1_resultados.xlsx,3135,AL2021,180000,VISEU,,,,,,
mapa_1_resultados.xlsx,3136,AL2021,180100,ARMAMAR,(10),CM,5854,3882,77,122
mapa_1_resultados.xlsx,3137,AL2021,180100,ARMAMAR,(10),AM,5854,3881,77,129
mapa_1_resultados.xlsx,3138,AL2021,180101,ARMAMAR,ALDEIAS (10),AF,322,226,6,6
mapa_1_resultados.xlsx,3139,AL2021,180104,ARMAMAR,CIMBRES (10),AF,251,150,12,17
mapa_1_resultados.xlsx,3140,AL2021,180106,ARMAMAR,FOLGOSA (10),AF,402,263,4,10
mapa_1_resultados.xlsx,3141,AL2021,180107,ARMAMAR,FONTELO (10),AF,599,404,12,14
mapa_1_resultados.xlsx,3142,AL2021,180109,ARMAMAR,QUEIMADA (10),AF,261,191,5,10
mapa_1_resultados.xlsx,3143,AL2021,180110,ARMAMAR,QUEIMADELA (10),AF,235,171,3,5
mapa_1_resultados.xlsx,3144,AL2021,180111,ARMAMAR,SANTA CRUZ (10),AF,162,105,14,12
mapa_1_resultados.xlsx,3145,AL2021,180114,ARMAMAR,SÃO COSMADO (10),AF,629,347,5,9
mapa_1_resultados.xlsx,3146,AL2021,180115,ARMAMAR,SÃO MARTINHO DAS CHÃS (10),AF,557,387,0,11
mapa_1_resultados.xlsx,3147,AL2021,180118,ARMAMAR,VACALAR (10),AF,184,144,3,3
mapa_1_resultados.xlsx,3148,AL2021,180120,ARMAMAR,ARMAMAR (10),AF,1347,914,20,33
mapa_1_resultados.xlsx,3149,AL2021,180121,ARMAMAR,UNIÃO DAS FREGUESIAS DE ARICERA E GOUJOIM (10),AF,200,133,1,4
mapa_1_resultados.xlsx,3150,AL2021,180122,ARMAMAR,UNIÃO DAS FREGUESIAS DE SÃO ROMÃO E SANTIAGO (10),AF,287,183,4,4
mapa_1_resultados.xlsx,3151,AL2021,180123,ARMAMAR,UNIÃO DAS FREGUESIAS DE VILA SECA E SANTO ADRIÃO (10),AF,418,264,4,10
mapa_1_resultados.xlsx,3152,AL2021,180200,CARREGAL DO SAL,,CM,9033,5582,134,123
mapa_1_resultados.xlsx,3153,AL2021,180200,CARREGAL DO SAL,,AM,9033,5577,134,116
mapa_1_resultados.xlsx,3154,AL2021,180201,CARREGAL DO SAL,BEIJÓS,AF,879,600,12,9
mapa_1_resultados.xlsx,3155,AL2021,180202,CARREGAL DO SAL,CABANAS DE VIRIATO,AF,1405,913,18,22
mapa_1_resultados.xlsx,3156,AL2021,180204,CARREGAL DO SAL,OLIVEIRA DO CONDE,AF,2784,1704,47,53
mapa_1_resultados.xlsx,3157,AL2021,180206,CARREGAL DO SAL,PARADA,AF,830,513,6,11
mapa_1_resultados.xlsx,3158,AL2021,180208,CARREGAL DO SAL,CARREGAL DO SAL,AF,3135,1850,43,56
mapa_1_resultados.xlsx,3159,AL2021,180300,CASTRO DAIRE,,CM,13942,9437,156,147
mapa_1_resultados.xlsx,3160,AL2021,180300,CASTRO DAIRE,,AM,13942,9436,211,148
mapa_1_resultados.xlsx,3161,AL2021,180301,CASTRO DAIRE,ALMOFALA,AF,249,158,4,4
mapa_1_resultados.xlsx,3162,AL2021,180303,CASTRO DAIRE,CABRIL,AF,348,260,2,8
mapa_1_resultados.xlsx,3163,AL2021,180304,CASTRO DAIRE,CASTRO DAIRE,AF,4257,2774,75,64
mapa_1_resultados.xlsx,3164,AL2021,180305,CASTRO DAIRE,CUJÓ,AF,298,221,5,3
mapa_1_resultados.xlsx,3165,AL2021,180309,CASTRO DAIRE,GOSENDE,AF,361,283,9,4
mapa_1_resultados.xlsx,3166,AL2021,180312,CASTRO DAIRE,MÕES,AF,1746,1159,15,14
mapa_1_resultados.xlsx,3167,AL2021,180313,CASTRO DAIRE,MOLEDO,AF,1230,731,16,12
mapa_1_resultados.xlsx,3168,AL2021,180314,CASTRO DAIRE,MONTEIRAS,AF,442,302,4,9
mapa_1_resultados.xlsx,3169,AL2021,180317,CASTRO DAIRE,PEPIM,AF,285,202,3,7
mapa_1_resultados.xlsx,3170,AL2021,180319,CASTRO DAIRE,PINHEIRO,AF,688,469,4,8
mapa_1_resultados.xlsx,3171,AL2021,180322,CASTRO DAIRE,SÃO JOANINHO,AF,336,237,7,13
mapa_1_resultados.xlsx,3172,AL2021,180323,CASTRO DAIRE,"UNIÃO DAS FREGUESIAS DE MAMOUROS, ALVA E RIBOLHOS",AF,1249,885,9,21
mapa_1_resultados.xlsx,3173,AL2021,180324,CASTRO DAIRE,UNIÃO DAS FREGUESIAS DE MEZIO E MOURA MORTA,AF,493,341,17,9
mapa_1_resultados.xlsx,3174,AL2021,180325,CASTRO DAIRE,UNIÃO DAS FREGUESIAS DE PARADA DE ESTER E ESTER,AF,763,558,11,8
mapa_1_resultados.xlsx,3175,AL2021,180326,CASTRO DAIRE,UNIÃO DAS FREGUESIAS DE PICÃO E ERMIDA,AF,474,317,6,3
mapa_1_resultados.xlsx,3176,AL2021,180327,CASTRO DAIRE,UNIÃO DAS FREGUESIAS DE RERIZ E GAFANHÃO,AF,720,541,3,11
mapa_1_resultados.xlsx,3177,AL2021,180400,CINFÃES,,CM,16356,10823,174,210
mapa_1_resultados.xlsx,3178,AL2021,180400,CINFÃES,,AM,16356,10823,205,207
mapa_1_resultados.xlsx,3179,AL2021,180403,CINFÃES,CINFÃES,AF,2773,1617,28,32
mapa_1_resultados.xlsx,3180,AL2021,180404,CINFÃES,ESPADANEDO,AF,1033,730,7,8
mapa_1_resultados.xlsx,3181,AL2021,180405,CINFÃES,FERREIROS DE TENDAIS,AF,505,382,7,14
mapa_1_resultados.xlsx,3182,AL2021,180406,CINFÃES,FORNELOS,AF,512,405,3,4
mapa_1_resultados.xlsx,3183,AL2021,180408,CINFÃES,MOIMENTA,AF,353,276,1,11
mapa_1_resultados.xlsx,3184,AL2021,180409,CINFÃES,NESPEREIRA,AF,1655,1091,15,26
mapa_1_resultados.xlsx,3185,AL2021,180410,CINFÃES,OLIVEIRA DO DOURO,AF,1188,708,19,29
mapa_1_resultados.xlsx,3186,AL2021,180412,CINFÃES,SANTIAGO DE PIÃES,AF,1490,955,12,17
mapa_1_resultados.xlsx,3187,AL2021,180413,CINFÃES,SÃO CRISTÓVÃO DE NOGUEIRA,AF,1503,955,6,14
mapa_1_resultados.xlsx,3188,AL2021,180414,CINFÃES,SOUSELO,AF,2532,1600,23,35
mapa_1_resultados.xlsx,3189,AL2021,180415,CINFÃES,TAROUQUELA,AF,972,653,9,8
mapa_1_resultados.xlsx,3190,AL2021,180416,CINFÃES,TENDAIS,AF,625,485,7,2
mapa_1_resultados.xlsx,3191,AL2021,180417,CINFÃES,TRAVANCA,AF,686,542,4,14
mapa_1_resultados.xlsx,3192,AL2021,180418,CINFÃES,"UNIÃO DAS FREGUESIAS DE ALHÕES, BUSTELO, GRALHEIRA E RAMIRES",AF,529,425,6,10
mapa_1_resultados.xlsx,3193,AL2021,180500,LAMEGO,,CM,23603,15304,284,347
mapa_1_resultados.xlsx,3194,AL2021,180500,LAMEGO,,AM,23603,15307,292,310
mapa_1_resultados.xlsx,3195,AL2021,180502,LAMEGO,AVÕES,AF,490,399,6,7
mapa_1_resultados.xlsx,3196,AL2021,180504,LAMEGO,BRITIANDE,AF,820,593,7,14
mapa_1_resultados.xlsx,3197,AL2021,180505,LAMEGO,CAMBRES,AF,1645,1026,5,31
mapa_1_resultados.xlsx,3198,AL2021,180507,LAMEGO,FERREIRIM,AF,865,574,13,16
mapa_1_resultados.xlsx,3199,AL2021,180508,LAMEGO,FERREIROS DE AVÕES,AF,402,304,6,9
mapa_1_resultados.xlsx,3200,AL2021,180509,LAMEGO,FIGUEIRA,AF,323,252,1,7
mapa_1_resultados.xlsx,3201,AL2021,180510,LAMEGO,LALIM,AF,697,543,8,8
mapa_1_resultados.xlsx,3202,AL2021,180511,LAMEGO,LAZARIM,AF,432,319,3,7
mapa_1_resultados.xlsx,3203,AL2021,180516,LAMEGO,PENAJÓIA,AF,846,596,10,13
mapa_1_resultados.xlsx,3204,AL2021,180517,LAMEGO,PENUDE,AF,1378,910,16,28
mapa_1_resultados.xlsx,3205,AL2021,180519,LAMEGO,SAMODÃES,AF,158,124,7,3
mapa_1_resultados.xlsx,3206,AL2021,180520,LAMEGO,SANDE,AF,772,538,2,10
mapa_1_resultados.xlsx,3207,AL2021,180523,LAMEGO,VÁRZEA DE ABRUNHAIS,AF,352,276,7,2
mapa_1_resultados.xlsx,3208,AL2021,180524,LAMEGO,VILA NOVA DE SOUTO D'EL-REI,AF,658,481,12,13
mapa_1_resultados.xlsx,3209,AL2021,180525,LAMEGO,LAMEGO (ALMACAVE E SÉ),AF,11203,6548,83,134
mapa_1_resultados.xlsx,3210,AL2021,180526,LAMEGO,"UNIÃO DAS FREGUESIAS DE BIGORNE, MAGUEIJA E PRETAROUCA",AF,647,466,1,14
mapa_1_resultados.xlsx,3211,AL2021,180527,LAMEGO,"UNIÃO DAS FREGUESIAS DE CEPÕES, MEIJINHOS E MELCÕES",AF,971,731,7,14
mapa_1_resultados.xlsx,3212,AL2021,180528,LAMEGO,UNIÃO DAS FREGUESIAS DE PARADA DO BISPO E VALDIGEM,AF,944,623,8,20
mapa_1_resultados.xlsx,3213,AL2021,180600,MANGUALDE,,CM,17888,10530,354,227
mapa_1_resultados.xlsx,3214,AL2021,180600,MANGUALDE,,AM,17888,10531,385,218
mapa_1_resultados.xlsx,3215,AL2021,180601,MANGUALDE,ABRUNHOSA-A-VELHA,AF,456,336,4,8
mapa_1_resultados.xlsx,3216,AL2021,180602,MANGUALDE,ALCAFACHE,AF,791,461,34,19
mapa_1_resultados.xlsx,3217,AL2021,180605,MANGUALDE,CUNHA BAIXA,AF,852,510,21,14
mapa_1_resultados.xlsx,3218,AL2021,180606,MANGUALDE,ESPINHO,AF,961,586,19,16
mapa_1_resultados.xlsx,3219,AL2021,180607,MANGUALDE,FORNOS DE MACEIRA DÃO,AF,1325,821,19,5
mapa_1_resultados.xlsx,3220,AL2021,180608,MANGUALDE,FREIXIOSA,AF,264,155,4,0
mapa_1_resultados.xlsx,3221,AL2021,180614,MANGUALDE,QUINTELA DE AZURARA,AF,493,365,7,7
mapa_1_resultados.xlsx,3222,AL2021,180616,MANGUALDE,SÃO JOÃO DA FRESTA,AF,187,129,17,22
mapa_1_resultados.xlsx,3223,AL2021,180619,MANGUALDE,"UNIÃO DAS FREGUESIAS DE MANGUALDE, MESQUITELA E CUNHA ALTA",AF,9312,5048,152,131
mapa_1_resultados.xlsx,3224,AL2021,180620,MANGUALDE,UNIÃO DAS FREGUESIAS DE MOIMENTA DE MACEIRA DÃO E LOBELHE DO MATO,AF,813,590,18,18
mapa_1_resultados.xlsx,3225,AL2021,180621,MANGUALDE,UNIÃO DAS FREGUESIAS DE SANTIAGO DE CASSURRÃES E PÓVOA DE CERVÃES,AF,1157,775,17,15
mapa_1_resultados.xlsx,3226,AL2021,180622,MANGUALDE,"UNIÃO DAS FREGUESIAS DE TAVARES (CHÃS, VÁRZEA E TRAVANCA)",AF,1277,755,32,25
mapa_1_resultados.xlsx,3227,AL2021,180700,MOIMENTA DA BEIRA,,CM,10194,6481,137,140
mapa_1_resultados.xlsx,3228,AL2021,180700,MOIMENTA DA BEIRA,,AM,10194,6481,219,174
mapa_1_resultados.xlsx,3229,AL2021,180702,MOIMENTA DA BEIRA,ALVITE,AF,1231,808,24,12
mapa_1_resultados.xlsx,3230,AL2021,180703,MOIMENTA DA BEIRA,ARCOZELOS,AF,558,393,11,9
mapa_1_resultados.xlsx,3231,AL2021,180705,MOIMENTA DA BEIRA,BALDOS,AF,199,141,2,3
mapa_1_resultados.xlsx,3232,AL2021,180706,MOIMENTA DA BEIRA,CABAÇOS,AF,330,203,2,3
mapa_1_resultados.xlsx,3233,AL2021,180707,MOIMENTA DA BEIRA,CARIA,AF,488,293,51,30
mapa_1_resultados.xlsx,3234,AL2021,180708,MOIMENTA DA BEIRA,CASTELO,AF,278,174,2,4
mapa_1_resultados.xlsx,3235,AL2021,180709,MOIMENTA DA BEIRA,LEOMIL,AF,938,589,88,23
mapa_1_resultados.xlsx,3236,AL2021,180710,MOIMENTA DA BEIRA,MOIMENTA DA BEIRA,AF,2864,1800,50,48
mapa_1_resultados.xlsx,3237,AL2021,180713,MOIMENTA DA BEIRA,PASSÔ,AF,326,190,29,18
mapa_1_resultados.xlsx,3238,AL2021,180716,MOIMENTA DA BEIRA,RUA,AF,590,387,10,16
mapa_1_resultados.xlsx,3239,AL2021,180717,MOIMENTA DA BEIRA,SARZEDO,AF,137,,,
mapa_1_resultados.xlsx,3240,AL2021,180719,MOIMENTA DA BEIRA,SEVER,AF,496,353,1,10
mapa_1_resultados.xlsx,3241,AL2021,180720,MOIMENTA DA BEIRA,VILAR,AF,405,264,2,1
mapa_1_resultados.xlsx,3242,AL2021,180721,MOIMENTA DA BEIRA,UNIÃO DAS FREGUESIAS DE PARADINHA E NAGOSA,AF,224,150,2,5
mapa_1_resultados.xlsx,3243,AL2021,180722,MOIMENTA DA BEIRA,"UNIÃO DAS FREGUESIAS DE PÊRA VELHA, ALDEIA DE NACOMBA E ARIZ",AF,527,313,45,26
mapa_1_resultados.xlsx,3244,AL2021,180723,MOIMENTA DA BEIRA,UNIÃO DAS FREGUESIAS DE PEVA E SEGÕES,AF,597,335,63,13
mapa_1_resultados.xlsx,3245,AL2021,180800,MORTÁGUA,,CM,8480,5212,157,79
mapa_1_resultados.xlsx,3246,AL2021,180800,MORTÁGUA,,AM,8480,5210,147,78
mapa_1_resultados.xlsx,3247,AL2021,180802,MORTÁGUA,CERCOSA,AF,281,171,56,6
mapa_1_resultados.xlsx,3248,AL2021,180804,MORTÁGUA,ESPINHO,AF,1043,550,55,8
mapa_1_resultados.xlsx,3249,AL2021,180805,MORTÁGUA,MARMELEIRA,AF,433,291,7,1
mapa_1_resultados.xlsx,3250,AL2021,180807,MORTÁGUA,PALA,AF,881,611,14,21
mapa_1_resultados.xlsx,3251,AL2021,180808,MORTÁGUA,SOBRAL,AF,2021,1167,43,27
mapa_1_resultados.xlsx,3252,AL2021,180809,MORTÁGUA,TREZÓI,AF,355,210,17,1
mapa_1_resultados.xlsx,3253,AL2021,180811,MORTÁGUA,"UNIÃO DAS FREGUESIAS DE MORTÁGUA, VALE DE REMÍGIO, CORTEGAÇA E ALMAÇA",AF,3466,2212,68,36
mapa_1_resultados.xlsx,3254,AL2021,180900,NELAS,,CM,12539,7663,211,160
mapa_1_resultados.xlsx,3255,AL2021,180900,NELAS,,AM,12539,7664,251,183
mapa_1_resultados.xlsx,3256,AL2021,180901,NELAS,CANAS DE SENHORIM,AF,3093,1924,34,42
mapa_1_resultados.xlsx,3257,AL2021,180903,NELAS,NELAS,AF,4230,2442,64,59
mapa_1_resultados.xlsx,3258,AL2021,180905,NELAS,SENHORIM,AF,1079,620,14,16
mapa_1_resultados.xlsx,3259,AL2021,180906,NELAS,VILAR SECO,AF,650,464,8,7
mapa_1_resultados.xlsx,3260,AL2021,180908,NELAS,LAPA DO LOBO,AF,660,436,19,5
mapa_1_resultados.xlsx,3261,AL2021,180910,NELAS,UNIÃO DAS FREGUESIAS DE CARVALHAL REDONDO E AGUIEIRA,AF,1375,866,23,18
mapa_1_resultados.xlsx,3262,AL2021,180911,NELAS,UNIÃO DAS FREGUESIAS DE SANTAR E MOREIRA,AF,1452,911,28,29
mapa_1_resultados.xlsx,3263,AL2021,181000,OLIVEIRA DE FRADES,,CM,8710,6044,120,106
mapa_1_resultados.xlsx,3264,AL2021,181000,OLIVEIRA DE FRADES,,AM,8710,6045,142,120
mapa_1_resultados.xlsx,3265,AL2021,181002,OLIVEIRA DE FRADES,ARCOZELO DAS MAIAS,AF,1210,819,16,15
mapa_1_resultados.xlsx,3266,AL2021,181005,OLIVEIRA DE FRADES,PINHEIRO,AF,1071,709,13,13
mapa_1_resultados.xlsx,3267,AL2021,181007,OLIVEIRA DE FRADES,RIBEIRADIO,AF,813,575,26,20
mapa_1_resultados.xlsx,3268,AL2021,181008,OLIVEIRA DE FRADES,SÃO JOÃO DA SERRA,AF,442,330,9,4
mapa_1_resultados.xlsx,3269,AL2021,181009,OLIVEIRA DE FRADES,SÃO VICENTE DE LAFÕES,AF,671,517,11,7
mapa_1_resultados.xlsx,3270,AL2021,181013,OLIVEIRA DE FRADES,UNIÃO DAS FREGUESIAS DE ARCA E VARZIELAS,AF,594,404,25,18
mapa_1_resultados.xlsx,3271,AL2021,181014,OLIVEIRA DE FRADES,UNIÃO DAS FREGUESIAS DE DESTRIZ E REIGOSO,AF,578,435,12,11
mapa_1_resultados.xlsx,3272,AL2021,181015,OLIVEIRA DE FRADES,"UNIÃO DAS FREGUESIAS DE OLIVEIRA DE FRADES, SOUTO DE LAFÕES E SEJÃES",AF,3331,2255,38,20
mapa_1_resultados.xlsx,3273,AL2021,181100,PENALVA DO CASTELO,,CM,7448,5101,118,115
mapa_1_resultados.xlsx,3274,AL2021,181100,PENALVA DO CASTELO,,AM,7448,5103,116,104
mapa_1_resultados.xlsx,3275,AL2021,181102,PENALVA DO CASTELO,CASTELO DE PENALVA,AF,847,580,15,15
mapa_1_resultados.xlsx,3276,AL2021,181103,PENALVA DO CASTELO,ESMOLFE,AF,444,309,7,4
mapa_1_resultados.xlsx,3277,AL2021,181104,PENALVA DO CASTELO,GERMIL,AF,365,282,4,20
mapa_1_resultados.xlsx,3278,AL2021,181105,PENALVA DO CASTELO,ÍNSUA,AF,1936,1251,27,17
mapa_1_resultados.xlsx,3279,AL2021,181106,PENALVA DO CASTELO,LUSINDE,AF,220,144,31,7
mapa_1_resultados.xlsx,3280,AL2021,181109,PENALVA DO CASTELO,PINDO,AF,1690,1149,18,23
mapa_1_resultados.xlsx,3281,AL2021,181110,PENALVA DO CASTELO,REAL,AF,242,180,2,4
mapa_1_resultados.xlsx,3282,AL2021,181111,PENALVA DO CASTELO,SEZURES,AF,717,447,4,13
mapa_1_resultados.xlsx,3283,AL2021,181112,PENALVA DO CASTELO,TRANCOZELOS,AF,252,212,6,10
mapa_1_resultados.xlsx,3284,AL2021,181114,PENALVA DO CASTELO,UNIÃO DAS FREGUESIAS DE ANTAS E MATELA,AF,412,324,4,4
mapa_1_resultados.xlsx,3285,AL2021,181115,PENALVA DO CASTELO,UNIÃO DAS FREGUESIAS DE VILA COVA DO COVELO/MARECO,AF,323,225,5,3
mapa_1_resultados.xlsx,3286,AL2021,181200,PENEDONO,,CM,2921,1954,21,52
mapa_1_resultados.xlsx,3287,AL2021,181200,PENEDONO,,AM,2921,1954,47,60
mapa_1_resultados.xlsx,3288,AL2021,181202,PENEDONO,BESELGA,AF,312,206,6,3
mapa_1_resultados.xlsx,3289,AL2021,181203,PENEDONO,CASTAINÇO,AF,150,,,
mapa_1_resultados.xlsx,3290,AL2021,181207,PENEDONO,PENELA DA BEIRA,AF,316,216,1,10
mapa_1_resultados.xlsx,3291,AL2021,181208,PENEDONO,PÓVOA DE PENELA,AF,339,227,2,12
mapa_1_resultados.xlsx,3292,AL2021,181209,PENEDONO,SOUTO,AF,284,215,16,16
mapa_1_resultados.xlsx,3293,AL2021,181210,PENEDONO,UNIÃO DAS FREGUESIAS DE ANTAS E OUROZINHO,AF,397,245,11,4
mapa_1_resultados.xlsx,3294,AL2021,181211,PENEDONO,UNIÃO DAS FREGUESIAS DE PENEDONO E GRANJA,AF,1125,747,11,14
mapa_1_resultados.xlsx,3295,AL2021,181300,RESENDE,,CM,10137,7444,89,131
mapa_1_resultados.xlsx,3296,AL2021,181300,RESENDE,,AM,10137,7445,112,126
mapa_1_resultados.xlsx,3297,AL2021,181302,RESENDE,BARRÔ,AF,721,474,2,10
mapa_1_resultados.xlsx,3298,AL2021,181303,RESENDE,CÁRQUERE,AF,727,546,2,12
mapa_1_resultados.xlsx,3299,AL2021,181310,RESENDE,PAUS,AF,469,400,6,3
mapa_1_resultados.xlsx,3300,AL2021,181311,RESENDE,RESENDE,AF,2875,2026,28,36
mapa_1_resultados.xlsx,3301,AL2021,181312,RESENDE,SÃO CIPRIANO,AF,634,508,6,10
mapa_1_resultados.xlsx,3302,AL2021,181313,RESENDE,SÃO JOÃO DE FONTOURA,AF,703,504,3,5
mapa_1_resultados.xlsx,3303,AL2021,181314,RESENDE,SÃO MARTINHO DE MOUROS,AF,1478,915,5,29
mapa_1_resultados.xlsx,3304,AL2021,181316,RESENDE,UNIÃO DAS FREGUESIAS DE ANREADE E SÃO ROMÃO DE AREGOS,AF,1224,1005,8,7
mapa_1_resultados.xlsx,3305,AL2021,181317,RESENDE,UNIÃO DAS FREGUESIAS DE FELGUEIRAS E FEIRÃO,AF,367,313,11,9
mapa_1_resultados.xlsx,3306,AL2021,181318,RESENDE,UNIÃO DAS FREGUESIAS DE FREIGIL E MIOMÃES,AF,635,500,10,8
mapa_1_resultados.xlsx,3307,AL2021,181319,RESENDE,UNIÃO DAS FREGUESIAS DE OVADAS E PANCHORRA,AF,304,253,5,4
mapa_1_resultados.xlsx,3308,AL2021,181400,SANTA COMBA DÃO,,CM,10307,6298,205,108
mapa_1_resultados.xlsx,3309,AL2021,181400,SANTA COMBA DÃO,,AM,10307,6297,185,116
mapa_1_resultados.xlsx,3310,AL2021,181403,SANTA COMBA DÃO,PINHEIRO DE ÁZERE,AF,826,608,10,8
mapa_1_resultados.xlsx,3311,AL2021,181405,SANTA COMBA DÃO,SÃO JOANINHO,AF,993,685,22,12
mapa_1_resultados.xlsx,3312,AL2021,181406,SANTA COMBA DÃO,SÃO JOÃO DE AREIAS,AF,1774,1043,21,21
mapa_1_resultados.xlsx,3313,AL2021,181410,SANTA COMBA DÃO,UNIÃO DAS FREGUESIAS DE OVOA E VIMIEIRO,AF,1468,885,25,17
mapa_1_resultados.xlsx,3314,AL2021,181411,SANTA COMBA DÃO,UNIÃO DAS FREGUESIAS DE SANTA COMBA DÃO E COUTO DO MOSTEIRO,AF,4022,2254,83,44
mapa_1_resultados.xlsx,3315,AL2021,181412,SANTA COMBA DÃO,UNIÃO DAS FREGUESIAS DE TREIXEDO E NAGOZELA,AF,1224,821,18,9
mapa_1_resultados.xlsx,3316,AL2021,181500,SÃO JOÃO DA PESQUEIRA,,CM,6625,4581,109,102
mapa_1_resultados.xlsx,3317,AL2021,181500,SÃO JOÃO DA PESQUEIRA,,AM,6625,4582,136,106
mapa_1_resultados.xlsx,3318,AL2021,181501,SÃO JOÃO DA PESQUEIRA,CASTANHEIRO DO SUL,AF,369,286,6,6
mapa_1_resultados.xlsx,3319,AL2021,181502,SÃO JOÃO DA PESQUEIRA,ERVEDOSA DO DOURO,AF,1075,689,14,23
mapa_1_resultados.xlsx,3320,AL2021,181504,SÃO JOÃO DA PESQUEIRA,NAGOZELO DO DOURO,AF,341,258,7,8
mapa_1_resultados.xlsx,3321,AL2021,181505,SÃO JOÃO DA PESQUEIRA,PAREDES DA BEIRA,AF,513,292,43,37
mapa_1_resultados.xlsx,3322,AL2021,181507,SÃO JOÃO DA PESQUEIRA,RIODADES,AF,444,257,40,16
mapa_1_resultados.xlsx,3323,AL2021,181509,SÃO JOÃO DA PESQUEIRA,SOUTELO DO DOURO,AF,371,306,5,4
mapa_1_resultados.xlsx,3324,AL2021,181511,SÃO JOÃO DA PESQUEIRA,VALE DE FIGUEIRA,AF,364,269,2,10
mapa_1_resultados.xlsx,3325,AL2021,181512,SÃO JOÃO DA PESQUEIRA,VALONGO DOS AZEITES,AF,223,155,3,11
mapa_1_resultados.xlsx,3326,AL2021,181515,SÃO JOÃO DA PESQUEIRA,UNIÃO DAS FREGUESIAS DE SÃO JOÃO DA PESQUEIRA E VÁRZEA DE TREVÕES,AF,1978,1390,21,32
mapa_1_resultados.xlsx,3327,AL2021,181516,SÃO JOÃO DA PESQUEIRA,UNIÃO DAS FREGUESIAS DE TREVÕES E ESPINHOSA,AF,565,406,5,9
mapa_1_resultados.xlsx,3328,AL2021,181517,SÃO JOÃO DA PESQUEIRA,UNIÃO DAS FREGUESIAS DE VILAROUCO E PEREIROS,AF,382,272,4,7
mapa_1_resultados.xlsx,3329,AL2021,181600,SÃO PEDRO DO SUL,,CM,14934,10047,220,159
mapa_1_resultados.xlsx,3330,AL2021,181600,SÃO PEDRO DO SUL,,AM,14934,10044,239,187
mapa_1_resultados.xlsx,3331,AL2021,181602,SÃO PEDRO DO SUL,BORDONHOS,AF,480,386,5,7
mapa_1_resultados.xlsx,3332,AL2021,181606,SÃO PEDRO DO SUL,FIGUEIREDO DE ALVA,AF,750,523,16,14
mapa_1_resultados.xlsx,3333,AL2021,181607,SÃO PEDRO DO SUL,MANHOUCE,AF,607,371,13,3
mapa_1_resultados.xlsx,3334,AL2021,181608,SÃO PEDRO DO SUL,PINDELO DOS MILAGRES,AF,647,389,4,6
mapa_1_resultados.xlsx,3335,AL2021,181609,SÃO PEDRO DO SUL,PINHO,AF,685,491,15,14
mapa_1_resultados.xlsx,3336,AL2021,181612,SÃO PEDRO DO SUL,SÃO FÉLIX,AF,347,267,5,7
mapa_1_resultados.xlsx,3337,AL2021,181615,SÃO PEDRO DO SUL,SERRAZES,AF,905,600,7,6
mapa_1_resultados.xlsx,3338,AL2021,181616,SÃO PEDRO DO SUL,SUL,AF,889,621,14,8
mapa_1_resultados.xlsx,3339,AL2021,181617,SÃO PEDRO DO SUL,VALADARES,AF,695,515,6,8
mapa_1_resultados.xlsx,3340,AL2021,181619,SÃO PEDRO DO SUL,VILA MAIOR,AF,808,597,14,4
mapa_1_resultados.xlsx,3341,AL2021,181620,SÃO PEDRO DO SUL,UNIÃO DAS FREGUESIAS DE CARVALHAIS E CANDAL,AF,1397,980,14,31
mapa_1_resultados.xlsx,3342,AL2021,181621,SÃO PEDRO DO SUL,UNIÃO DAS FREGUESIAS DE SANTA CRUZ DA TRAPA E SÃO CRISTÓVÃO DE LAFÕES,AF,1370,889,21,21
mapa_1_resultados.xlsx,3343,AL2021,181622,SÃO PEDRO DO SUL,UNIÃO DAS FREGUESIAS DE SÃO MARTINHO DAS MOITAS E COVAS DO RIO,AF,296,230,4,2
mapa_1_resultados.xlsx,3344,AL2021,181623,SÃO PEDRO DO SUL,"UNIÃO DAS FREGUESIAS DE SÃO PEDRO DO SUL, VÁRZEA E BAIÕES",AF,5058,3186,65,46
mapa_1_resultados.xlsx,3345,AL2021,181700,SÁTÃO,,CM,12767,7607,105,137
mapa_1_resultados.xlsx,3346,AL2021,181700,SÁTÃO,,AM,12767,7607,117,123
mapa_1_resultados.xlsx,3347,AL2021,181702,SÁTÃO,AVELAL,AF,410,301,3,6
mapa_1_resultados.xlsx,3348,AL2021,181704,SÁTÃO,FERREIRA DE AVES,AF,2546,1509,18,18
mapa_1_resultados.xlsx,3349,AL2021,181706,SÁTÃO,MIOMA,AF,1277,717,4,14
mapa_1_resultados.xlsx,3350,AL2021,181707,SÁTÃO,RIO DE MOINHOS,AF,949,593,11,7
mapa_1_resultados.xlsx,3351,AL2021,181709,SÁTÃO,SÃO MIGUEL DE VILA BOA,AF,1280,911,10,20
mapa_1_resultados.xlsx,3352,AL2021,181710,SÁTÃO,SÁTÃO,AF,4044,2337,26,44
mapa_1_resultados.xlsx,3353,AL2021,181711,SÁTÃO,SILVÃ DE CIMA,AF,511,333,6,6
mapa_1_resultados.xlsx,3354,AL2021,181713,SÁTÃO,UNIÃO DAS FREGUESIAS DE ÁGUAS BOAS E FORLES,AF,281,208,2,2
mapa_1_resultados.xlsx,3355,AL2021,181714,SÁTÃO,"UNIÃO DAS FREGUESIAS DE ROMÃS, DECERMILO E VILA LONGA",AF,1469,698,58,32
mapa_1_resultados.xlsx,3356,AL2021,181800,SERNANCELHE,,CM,5266,3942,111,77
mapa_1_resultados.xlsx,3357,AL2021,181800,SERNANCELHE,,AM,5266,3942,154,75
mapa_1_resultados.xlsx,3358,AL2021,181801,SERNANCELHE,ARNAS,AF,221,136,14,6
mapa_1_resultados.xlsx,3359,AL2021,181802,SERNANCELHE,CARREGAL,AF,427,297,37,8
mapa_1_resultados.xlsx,3360,AL2021,181803,SERNANCELHE,CHOSENDO,AF,287,206,8,10
mapa_1_resultados.xlsx,3361,AL2021,181804,SERNANCELHE,CUNHA,AF,304,202,23,8
mapa_1_resultados.xlsx,3362,AL2021,181806,SERNANCELHE,FAIA,AF,155,116,22,5
mapa_1_resultados.xlsx,3363,AL2021,181810,SERNANCELHE,GRANJAL,AF,248,181,1,5
mapa_1_resultados.xlsx,3364,AL2021,181811,SERNANCELHE,LAMOSA,AF,181,143,37,21
mapa_1_resultados.xlsx,3365,AL2021,181814,SERNANCELHE,QUINTELA,AF,277,200,12,33
mapa_1_resultados.xlsx,3366,AL2021,181817,SERNANCELHE,VILA DA PONTE,AF,427,329,11,6
mapa_1_resultados.xlsx,3367,AL2021,181818,SERNANCELHE,UNIÃO DAS FREGUESIAS DE FERREIRIM E MACIEIRA,AF,547,413,19,8
mapa_1_resultados.xlsx,3368,AL2021,181819,SERNANCELHE,UNIÃO DAS FREGUESIAS DE FONTE ARCADA E ESCURQUELA,AF,329,267,9,9
mapa_1_resultados.xlsx,3369,AL2021,181820,SERNANCELHE,UNIÃO DAS FREGUESIAS DE PENSO E FREIXINHO,AF,334,241,5,1
mapa_1_resultados.xlsx,3370,AL2021,181821,SERNANCELHE,UNIÃO DAS FREGUESIAS DE SERNANCELHE E SARZEDA,AF,1529,1210,90,39
mapa_1_resultados.xlsx,3371,AL2021,181900,TABUAÇO,,CM,4826,3318,100,106
mapa_1_resultados.xlsx,3372,AL2021,181900,TABUAÇO,,AM,4826,3318,110,121
mapa_1_resultados.xlsx,3373,AL2021,181901,TABUAÇO,ADORIGO,AF,269,216,6,8
mapa_1_resultados.xlsx,3374,AL2021,181902,TABUAÇO,ARCOS,AF,150,,,
mapa_1_resultados.xlsx,3375,AL2021,181904,TABUAÇO,CHAVÃES,AF,304,202,27,7
mapa_1_resultados.xlsx,3376,AL2021,181905,TABUAÇO,DESEJOSA,AF,134,,,
mapa_1_resultados.xlsx,3377,AL2021,181906,TABUAÇO,GRANJA DO TEDO,AF,140,,,
mapa_1_resultados.xlsx,3378,AL2021,181908,TABUAÇO,LONGA,AF,225,122,10,12
mapa_1_resultados.xlsx,3379,AL2021,181913,TABUAÇO,SENDIM,AF,664,466,8,11
mapa_1_resultados.xlsx,3380,AL2021,181914,TABUAÇO,TABUAÇO,AF,1330,892,58,62
mapa_1_resultados.xlsx,3381,AL2021,181917,TABUAÇO,VALENÇA DO DOURO,AF,295,238,3,6
mapa_1_resultados.xlsx,3382,AL2021,181918,TABUAÇO,UNIÃO DAS FREGUESIAS DE BARCOS E SANTA LEOCÁDIA,AF,561,387,42,24
mapa_1_resultados.xlsx,3383,AL2021,181919,TABUAÇO,UNIÃO DAS FREGUESIAS DE PARADELA E GRANJINHA,AF,124,,,
mapa_1_resultados.xlsx,3384,AL2021,181920,TABUAÇO,UNIÃO DAS FREGUESIAS DE PINHEIROS E VALE DE FIGUEIRA,AF,239,166,30,11
mapa_1_resultados.xlsx,3385,AL2021,181921,TABUAÇO,UNIÃO DAS FREGUESIAS DE TÁVORA E PEREIRO,AF,394,268,5,8
mapa_1_resultados.xlsx,3386,AL2021,182000,TAROUCA,,CM,7159,4485,68,112
mapa_1_resultados.xlsx,3387,AL2021,182000,TAROUCA,,AM,7159,4485,82,104
mapa_1_resultados.xlsx,3388,AL2021,182004,TAROUCA,MONDIM DA BEIRA,AF,568,402,6,8
mapa_1_resultados.xlsx,3389,AL2021,182005,TAROUCA,SALZEDAS,AF,691,415,13,16
mapa_1_resultados.xlsx,3390,AL2021,182006,TAROUCA,SÃO JOÃO DE TAROUCA,AF,519,305,26,5
mapa_1_resultados.xlsx,3391,AL2021,182009,TAROUCA,VÁRZEA DA SERRA,AF,263,166,0,3
mapa_1_resultados.xlsx,3392,AL2021,182011,TAROUCA,UNIÃO DAS FREGUESIAS DE GOUVIÃES E UCANHA,AF,728,478,7,18
mapa_1_resultados.xlsx,3393,AL2021,182012,TAROUCA,UNIÃO DAS FREGUESIAS DE GRANJA NOVA E VILA CHÃ DA BEIRA,AF,447,329,6,9
mapa_1_resultados.xlsx,3394,AL2021,182013,TAROUCA,UNIÃO DAS FREGUESIAS DE TAROUCA E DÁLVARES,AF,3943,2389,52,52
mapa_1_resultados.xlsx,3395,AL2021,182100,TONDELA,,CM,24884,15778,544,236
mapa_1_resultados.xlsx,3396,AL2021,182100,TONDELA,,AM,24884,15777,582,232
mapa_1_resultados.xlsx,3397,AL2021,182102,TONDELA,CAMPO DE BESTEIROS,AF,1217,742,21,13
mapa_1_resultados.xlsx,3398,AL2021,182103,TONDELA,CANAS DE SANTA MARIA,AF,1507,883,39,24
mapa_1_resultados.xlsx,3399,AL2021,182105,TONDELA,CASTELÕES,AF,1363,766,35,17
mapa_1_resultados.xlsx,3400,AL2021,182106,TONDELA,DARDAVAZ,AF,735,502,4,4
mapa_1_resultados.xlsx,3401,AL2021,182107,TONDELA,FERREIRÓS DO DÃO,AF,386,253,0,4
mapa_1_resultados.xlsx,3402,AL2021,182108,TONDELA,GUARDÃO,AF,1094,702,17,10
mapa_1_resultados.xlsx,3403,AL2021,182109,TONDELA,LAJEOSA DO DÃO,AF,1563,887,28,16
mapa_1_resultados.xlsx,3404,AL2021,182110,TONDELA,LOBÃO DA BEIRA,AF,952,648,16,17
mapa_1_resultados.xlsx,3405,AL2021,182111,TONDELA,MOLELOS,AF,2131,1229,30,13
mapa_1_resultados.xlsx,3406,AL2021,182116,TONDELA,PARADA DE GONTA,AF,790,483,4,9
mapa_1_resultados.xlsx,3407,AL2021,182118,TONDELA,SANTIAGO DE BESTEIROS,AF,1066,753,20,7
mapa_1_resultados.xlsx,3408,AL2021,182122,TONDELA,TONDA,AF,865,606,87,8
mapa_1_resultados.xlsx,3409,AL2021,182127,TONDELA,UNIÃO DAS FREGUESIAS DE BARREIRO DE BESTEIROS E TOURIGO,AF,1228,806,24,13
mapa_1_resultados.xlsx,3410,AL2021,182128,TONDELA,UNIÃO DAS FREGUESIAS DE CAPARROSA E SILVARES,AF,826,685,5,4
mapa_1_resultados.xlsx,3411,AL2021,182129,TONDELA,UNIÃO DAS FREGUESIAS DE MOURAZ E VILA NOVA DA RAINHA,AF,1239,773,34,20
mapa_1_resultados.xlsx,3412,AL2021,182130,TONDELA,UNIÃO DAS FREGUESIAS DE SÃO JOÃO DO MONTE E MOSTEIRINHO,AF,850,565,7,10
mapa_1_resultados.xlsx,3413,AL2021,182131,TONDELA,UNIÃO DAS FREGUESIAS DE SÃO MIGUEL DO OUTEIRO E SABUGOSA,AF,1239,797,30,24
mapa_1_resultados.xlsx,3414,AL2021,182132,TONDELA,UNIÃO DAS FREGUESIAS DE TONDELA E NANDUFE,AF,4585,2861,98,49
mapa_1_resultados.xlsx,3415,AL2021,182133,TONDELA,UNIÃO DAS FREGUESIAS DE VILAR DE BESTEIROS E MOSTEIRO DE FRÁGUAS,AF,1248,906,36,18
mapa_1_resultados.xlsx,3416,AL2021,182200,VILA NOVA DE PAIVA,,CM,5971,3255,70,53
mapa_1_resultados.xlsx,3417,AL2021,182200,VILA NOVA DE PAIVA,,AM,5971,3255,84,61
mapa_1_resultados.xlsx,3418,AL2021,182203,VILA NOVA DE PAIVA,PENDILHE,AF,494,344,7,5
mapa_1_resultados.xlsx,3419,AL2021,182204,VILA NOVA DE PAIVA,QUEIRIGA,AF,1037,411,11,17
mapa_1_resultados.xlsx,3420,AL2021,182205,VILA NOVA DE PAIVA,TOURO,AF,1112,615,7,8
mapa_1_resultados.xlsx,3421,AL2021,182206,VILA NOVA DE PAIVA,VILA COVA À COELHEIRA,AF,1045,556,7,10
mapa_1_resultados.xlsx,3422,AL2021,182208,VILA NOVA DE PAIVA,"UNIÃO DAS FREGUESIAS DE VILA NOVA DE PAIVA, ALHAIS E FRÁGUAS",AF,2283,1329,26,19
mapa_1_resultados.xlsx,3423,AL2021,182300,VISEU,,CM,92444,52230,1142,617
mapa_1_resultados.xlsx,3424,AL2021,182300,VISEU,,AM,92444,52230,1356,702
mapa_1_resultados.xlsx,3425,AL2021,182301,VISEU,ABRAVESES,AF,7664,3994,136,67
mapa_1_resultados.xlsx,3426,AL2021,182304,VISEU,BODIOSA,AF,2870,1629,45,28
mapa_1_resultados.xlsx,3427,AL2021,182305,VISEU,CALDE,AF,1512,774,18,9
mapa_1_resultados.xlsx,3428,AL2021,182306,VISEU,CAMPO,AF,4651,2544,74,31
mapa_1_resultados.xlsx,3429,AL2021,182307,VISEU,CAVERNÃES,AF,1312,833,24,23
mapa_1_resultados.xlsx,3430,AL2021,182310,VISEU,COTA,AF,1133,597,9,9
mapa_1_resultados.xlsx,3431,AL2021,182315,VISEU,FRAGOSELA,AF,2339,1500,45,27
mapa_1_resultados.xlsx,3432,AL2021,182316,VISEU,LORDOSA,AF,1902,954,20,26
mapa_1_resultados.xlsx,3433,AL2021,182317,VISEU,SILGUEIROS,AF,3121,1708,29,28
mapa_1_resultados.xlsx,3434,AL2021,182318,VISEU,MUNDÃO,AF,2163,1433,53,21
mapa_1_resultados.xlsx,3435,AL2021,182319,VISEU,ORGENS,AF,3294,2094,55,30
mapa_1_resultados.xlsx,3436,AL2021,182320,VISEU,POVOLIDE,AF,1611,964,15,16
mapa_1_resultados.xlsx,3437,AL2021,182321,VISEU,RANHADOS,AF,4689,2614,91,45
mapa_1_resultados.xlsx,3438,AL2021,182322,VISEU,RIBAFEITA,AF,1211,796,12,9
mapa_1_resultados.xlsx,3439,AL2021,182323,VISEU,RIO DE LOBA,AF,8379,4630,128,69
mapa_1_resultados.xlsx,3440,AL2021,182325,VISEU,SANTOS EVOS,AF,1450,1010,5,19
mapa_1_resultados.xlsx,3441,AL2021,182327,VISEU,SÃO JOÃO DE LOUROSA,AF,4199,2457,59,43
mapa_1_resultados.xlsx,3442,AL2021,182329,VISEU,SÃO PEDRO DE FRANCE,AF,1195,767,21,8
mapa_1_resultados.xlsx,3443,AL2021,182335,VISEU,UNIÃO DAS FREGUESIAS DE BARREIROS E CEPÕES,AF,1652,920,20,17
mapa_1_resultados.xlsx,3444,AL2021,182336,VISEU,"UNIÃO DAS FREGUESIAS DE BOA ALDEIA, FARMINHÃO E TORREDEITA",AF,2287,1571,30,34
mapa_1_resultados.xlsx,3445,AL2021,182337,VISEU,COUTOS DE VISEU,AF,1448,885,19,18
mapa_1_resultados.xlsx,3446,AL2021,182338,VISEU,FREGUESIA DE FAIL E VILA CHÃ DE SÁ,AF,2440,1453,45,45
mapa_1_resultados.xlsx,3447,AL2021,182339,VISEU,REPESES E SÃO SALVADOR,AF,5337,3254,124,62
mapa_1_resultados.xlsx,3448,AL2021,182340,VISEU,SÃO CIPRIANO E VIL DE SOUTO,AF,1733,1210,39,13
mapa_1_resultados.xlsx,3449,AL2021,182341,VISEU,VISEU,AF,22852,11632,407,180
mapa_1_resultados.xlsx,3450,AL2021,182400,VOUZELA,,CM,8999,6109,155,81
mapa_1_resultados.xlsx,3451,AL2021,182400,VOUZELA,,AM,8999,6111,197,119
mapa_1_resultados.xlsx,3452,AL2021,182401,VOUZELA,ALCOFRA,AF,889,591,11,13
mapa_1_resultados.xlsx,3453,AL2021,182403,VOUZELA,CAMPIA,AF,1316,786,18,22
mapa_1_resultados.xlsx,3454,AL2021,182407,VOUZELA,FORNELO DO MONTE,AF,248,216,0,9
mapa_1_resultados.xlsx,3455,AL2021,182409,VOUZELA,QUEIRÃ,AF,1227,874,21,7
mapa_1_resultados.xlsx,3456,AL2021,182410,VOUZELA,SÃO MIGUEL DO MATO,AF,821,607,6,6
mapa_1_resultados.xlsx,3457,AL2021,182411,VOUZELA,VENTOSA,AF,650,465,6,5
mapa_1_resultados.xlsx,3458,AL2021,182413,VOUZELA,UNIÃO DAS FREGUESIAS DE CAMBRA E CARVALHAL DE VERMILHAS,AF,1238,756,30,25
mapa_1_resultados.xlsx,3459,AL2021,182414,VOUZELA,UNIÃO DAS FREGUESIAS DE FATAUNÇOS E FIGUEIREDO DAS DONAS,AF,955,673,21,10
mapa_1_resultados.xlsx,3460,AL2021,182415,VOUZELA,UNIÃO DAS FREGUESIAS DE VOUZELA E PAÇOS DE VILHARIGUES,AF,1655,1143,35,21
mapa_1_resultados.xlsx,3461,AL2021,300000,R.A. MADEIRA,,,,,,
mapa_1_resultados.xlsx,3462,AL2021,310100,CALHETA (R.A.M.),,CM,12329,7046,36,152
mapa_1_resultados.xlsx,3463,AL2021,310100,CALHETA (R.A.M.),,AM,12329,7049,54,181
mapa_1_resultados.xlsx,3464,AL2021,310101,CALHETA (R.A.M.),ARCO DA CALHETA,AF,3168,1870,19,57
mapa_1_resultados.xlsx,3465,AL2021,310102,CALHETA (R.A.M.),CALHETA (R.A.MADEIRA),AF,3458,1906,12,37
mapa_1_resultados.xlsx,3466,AL2021,310103,CALHETA (R.A.M.),ESTREITO DA CALHETA,AF,1705,1020,7,14
mapa_1_resultados.xlsx,3467,AL2021,310104,CALHETA (R.A.M.),FAJÃ DA OVELHA,AF,1705,593,2,17
mapa_1_resultados.xlsx,3468,AL2021,310105,CALHETA (R.A.M.),JARDIM DO MAR,AF,235,162,1,2
mapa_1_resultados.xlsx,3469,AL2021,310106,CALHETA (R.A.M.),PAUL DO MAR,AF,928,449,2,10
mapa_1_resultados.xlsx,3470,AL2021,310107,CALHETA (R.A.M.),PONTA DO PARGO,AF,1034,590,4,18
mapa_1_resultados.xlsx,3471,AL2021,310108,CALHETA (R.A.M.),PRAZERES,AF,794,457,3,7
mapa_1_resultados.xlsx,3472,AL2021,310200,CÂMARA DE LOBOS,,CM,32693,16340,167,322
mapa_1_resultados.xlsx,3473,AL2021,310200,CÂMARA DE LOBOS,,AM,32693,16344,155,341
mapa_1_resultados.xlsx,3474,AL2021,310201,CÂMARA DE LOBOS,CÂMARA DE LOBOS,AF,16164,7496,44,145
mapa_1_resultados.xlsx,3475,AL2021,310202,CÂMARA DE LOBOS,CURRAL DAS FREIRAS,AF,1935,1059,11,36
mapa_1_resultados.xlsx,3476,AL2021,310203,CÂMARA DE LOBOS,ESTREITO DE CÂMARA DE LOBOS,AF,9574,4959,36,151
mapa_1_resultados.xlsx,3477,AL2021,310204,CÂMARA DE LOBOS,QUINTA GRANDE,AF,1970,1146,12,23
mapa_1_resultados.xlsx,3478,AL2021,310205,CÂMARA DE LOBOS,JARDIM DA SERRA,AF,3050,1681,15,42
mapa_1_resultados.xlsx,3479,AL2021,310300,FUNCHAL,,CM,106549,57143,478,1153
mapa_1_resultados.xlsx,3480,AL2021,310300,FUNCHAL,,AM,106549,57130,493,1154
mapa_1_resultados.xlsx,3481,AL2021,310301,FUNCHAL,IMACULADO CORAÇÃO DE MARIA,AF,5840,3197,24,54
mapa_1_resultados.xlsx,3482,AL2021,310302,FUNCHAL,MONTE,AF,5827,3286,19,87
mapa_1_resultados.xlsx,3483,AL2021,310303,FUNCHAL,FUNCHAL (SANTA LUZIA),AF,5745,2997,40,62
mapa_1_resultados.xlsx,3484,AL2021,310304,FUNCHAL,FUNCHAL (SANTA MARIA MAIOR),AF,12303,6652,80,157
mapa_1_resultados.xlsx,3485,AL2021,310305,FUNCHAL,SANTO ANTÓNIO,AF,25246,13806,87,295
mapa_1_resultados.xlsx,3486,AL2021,310306,FUNCHAL,SÃO GONÇALO,AF,5916,2554,20,57
mapa_1_resultados.xlsx,3487,AL2021,310307,FUNCHAL,SÃO MARTINHO,AF,26525,13925,123,303
mapa_1_resultados.xlsx,3488,AL2021,310308,FUNCHAL,FUNCHAL (SÃO PEDRO),AF,7371,3812,36,97
mapa_1_resultados.xlsx,3489,AL2021,310309,FUNCHAL,SÃO ROQUE,AF,8445,4848,45,110
mapa_1_resultados.xlsx,3490,AL2021,310310,FUNCHAL,FUNCHAL (SÉ),AF,3331,1464,15,27
mapa_1_resultados.xlsx,3491,AL2021,310400,MACHICO,,CM,20560,11430,93,222
mapa_1_resultados.xlsx,3492,AL2021,310400,MACHICO,,AM,20560,11431,112,227
mapa_1_resultados.xlsx,3493,AL2021,310401,MACHICO,ÁGUA DE PENA,AF,2575,1467,18,48
mapa_1_resultados.xlsx,3494,AL2021,310402,MACHICO,CANIÇAL,AF,3708,2008,17,33
mapa_1_resultados.xlsx,3495,AL2021,310403,MACHICO,MACHICO,AF,10775,5738,37,109
mapa_1_resultados.xlsx,3496,AL2021,310404,MACHICO,PORTO DA CRUZ,AF,2291,1447,4,38
mapa_1_resultados.xlsx,3497,AL2021,310405,MACHICO,SANTO ANTÓNIO DA SERRA,AF,1211,769,10,23
mapa_1_resultados.xlsx,3498,AL2021,310500,PONTA DO SOL,,CM,9909,5521,21,104
mapa_1_resultados.xlsx,3499,AL2021,310500,PONTA DO SOL,,AM,9909,5521,28,109
mapa_1_resultados.xlsx,3500,AL2021,310501,PONTA DO SOL,CANHAS,AF,4342,2412,14,61
mapa_1_resultados.xlsx,3501,AL2021,310502,PONTA DO SOL,MADALENA DO MAR,AF,605,337,1,6
mapa_1_resultados.xlsx,3502,AL2021,310503,PONTA DO SOL,PONTA DO SOL,AF,4962,2772,21,45
mapa_1_resultados.xlsx,3503,AL2021,310600,PORTO MONIZ,,CM,3052,2097,22,28
mapa_1_resultados.xlsx,3504,AL2021,310600,PORTO MONIZ,,AM,3052,2097,22,38
mapa_1_resultados.xlsx,3505,AL2021,310601,PORTO MONIZ,ACHADAS DA CRUZ,AF,193,128,0,1
mapa_1_resultados.xlsx,3506,AL2021,310602,PORTO MONIZ,PORTO MONIZ,AF,1827,1249,17,26
mapa_1_resultados.xlsx,3507,AL2021,310603,PORTO MONIZ,RIBEIRA DA JANELA,AF,317,208,0,8
mapa_1_resultados.xlsx,3508,AL2021,310604,PORTO MONIZ,SEIXAL,AF,715,512,3,5
mapa_1_resultados.xlsx,3509,AL2021,310700,RIBEIRA BRAVA,,CM,14021,7430,95,218
mapa_1_resultados.xlsx,3510,AL2021,310700,RIBEIRA BRAVA,,AM,14021,7430,99,230
mapa_1_resultados.xlsx,3511,AL2021,310701,RIBEIRA BRAVA,CAMPANÁRIO,AF,4583,2528,29,82
mapa_1_resultados.xlsx,3512,AL2021,310702,RIBEIRA BRAVA,RIBEIRA BRAVA,AF,7075,3610,46,143
mapa_1_resultados.xlsx,3513,AL2021,310703,RIBEIRA BRAVA,SERRA DE ÁGUA,AF,1111,623,4,20
mapa_1_resultados.xlsx,3514,AL2021,310704,RIBEIRA BRAVA,TÁBUA,AF,1252,669,12,12
mapa_1_resultados.xlsx,3515,AL2021,310800,SANTA CRUZ,,CM,40013,22035,170,386
mapa_1_resultados.xlsx,3516,AL2021,310800,SANTA CRUZ,,AM,40013,22042,179,368
mapa_1_resultados.xlsx,3517,AL2021,310802,SANTA CRUZ,CAMACHA,AF,6348,3766,48,56
mapa_1_resultados.xlsx,3518,AL2021,310803,SANTA CRUZ,CANIÇO,AF,21582,11568,96,235
mapa_1_resultados.xlsx,3519,AL2021,310804,SANTA CRUZ,GAULA,AF,3920,2298,19,44
mapa_1_resultados.xlsx,3520,AL2021,310805,SANTA CRUZ,SANTA CRUZ,AF,7309,3797,23,71
mapa_1_resultados.xlsx,3521,AL2021,310806,SANTA CRUZ,SANTO ANTÓNIO DA SERRA,AF,854,601,3,4
mapa_1_resultados.xlsx,3522,AL2021,310900,SANTANA,,CM,7467,4679,37,85
mapa_1_resultados.xlsx,3523,AL2021,310900,SANTANA,,AM,7467,4680,37,103
mapa_1_resultados.xlsx,3524,AL2021,310901,SANTANA,ARCO DE SÃO JORGE,AF,397,266,0,8
mapa_1_resultados.xlsx,3525,AL2021,310902,SANTANA,FAIAL,AF,1589,928,4,21
mapa_1_resultados.xlsx,3526,AL2021,310903,SANTANA,SANTANA,AF,3200,1975,13,57
mapa_1_resultados.xlsx,3527,AL2021,310904,SANTANA,SÃO JORGE,AF,1420,908,7,11
mapa_1_resultados.xlsx,3528,AL2021,310905,SANTANA,SÃO ROQUE DO FAIAL,AF,606,437,2,11
mapa_1_resultados.xlsx,3529,AL2021,310906,SANTANA,ILHA,AF,255,166,2,2
mapa_1_resultados.xlsx,3530,AL2021,311000,SÃO VICENTE,,CM,5988,3323,35,104
mapa_1_resultados.xlsx,3531,AL2021,311000,SÃO VICENTE,,AM,5988,3323,42,115
mapa_1_resultados.xlsx,3532,AL2021,311001,SÃO VICENTE,BOA VENTURA,AF,1291,696,11,27
mapa_1_resultados.xlsx,3533,AL2021,311002,SÃO VICENTE,PONTA DELGADA,AF,1280,737,14,36
mapa_1_resultados.xlsx,3534,AL2021,311003,SÃO VICENTE,SÃO VICENTE,AF,3417,1889,22,56
mapa_1_resultados.xlsx,3535,AL2021,320100,PORTO SANTO,,CM,5236,3619,30,58
mapa_1_resultados.xlsx,3536,AL2021,320100,PORTO SANTO,,AM,5236,3619,33,64
mapa_1_resultados.xlsx,3537,AL2021,320101,PORTO SANTO,PORTO SANTO,AF,5236,3619,53,78
mapa_1_resultados.xlsx,3538,AL2021,400000,R.A. AÇORES,,,,,,
mapa_1_resultados.xlsx,3539,AL2021,410100,VILA DO PORTO,,CM,5397,3021,61,26
mapa_1_resultados.xlsx,3540,AL2021,410100,VILA DO PORTO,,AM,5397,3021,72,29
mapa_1_resultados.xlsx,3541,AL2021,410101,VILA DO PORTO,ALMAGREIRA,AF,577,367,16,2
mapa_1_resultados.xlsx,3542,AL2021,410102,VILA DO PORTO,SANTA BÁRBARA,AF,460,238,3,3
mapa_1_resultados.xlsx,3543,AL2021,410103,VILA DO PORTO,SANTO ESPÍRITO,AF,710,377,4,4
mapa_1_resultados.xlsx,3544,AL2021,410104,VILA DO PORTO,SÃO PEDRO,AF,717,448,15,6
mapa_1_resultados.xlsx,3545,AL2021,410105,VILA DO PORTO,VILA DO PORTO,AF,2933,1591,29,10
mapa_1_resultados.xlsx,3546,AL2021,420100,LAGOA (R.A.A),,CM,12908,6412,94,82
mapa_1_resultados.xlsx,3547,AL2021,420100,LAGOA (R.A.A),,AM,12908,6412,114,76
mapa_1_resultados.xlsx,3548,AL2021,420101,LAGOA (R.A.A),ÁGUA DE PAU,AF,2774,1421,17,21
mapa_1_resultados.xlsx,3549,AL2021,420102,LAGOA (R.A.A),CABOUCO,AF,1703,965,20,21
mapa_1_resultados.xlsx,3550,AL2021,420103,LAGOA (R.A.A),LAGOA (NOSSA SENHORA DO ROSÁRIO),AF,4847,2306,55,37
mapa_1_resultados.xlsx,3551,AL2021,420104,LAGOA (R.A.A),LAGOA (SANTA CRUZ),AF,3204,1519,21,25
mapa_1_resultados.xlsx,3552,AL2021,420105,LAGOA (R.A.A),RIBEIRA CHÃ,AF,380,201,40,5
mapa_1_resultados.xlsx,3553,AL2021,420200,NORDESTE,,CM,4753,3023,79,50
mapa_1_resultados.xlsx,3554,AL2021,420200,NORDESTE,,AM,4753,3023,95,46
mapa_1_resultados.xlsx,3555,AL2021,420201,NORDESTE,ACHADA,AF,458,277,52,14
mapa_1_resultados.xlsx,3556,AL2021,420202,NORDESTE,ACHADINHA,AF,491,349,10,2
mapa_1_resultados.xlsx,3557,AL2021,420203,NORDESTE,LOMBA DA FAZENDA,AF,876,534,90,42
mapa_1_resultados.xlsx,3558,AL2021,420204,NORDESTE,NORDESTE,AF,1192,740,25,20
mapa_1_resultados.xlsx,3559,AL2021,420206,NORDESTE,SALGA,AF,505,297,46,15
mapa_1_resultados.xlsx,3560,AL2021,420207,NORDESTE,SANTANA,AF,402,278,8,1
mapa_1_resultados.xlsx,3561,AL2021,420208,NORDESTE,ALGARVIA,AF,248,159,29,13
mapa_1_resultados.xlsx,3562,AL2021,420209,NORDESTE,SANTO ANTÓNIO DE NORDESTINHO,AF,295,205,3,3
mapa_1_resultados.xlsx,3563,AL2021,420210,NORDESTE,SÃO PEDRO DE NORDESTINHO,AF,286,184,3,4
mapa_1_resultados.xlsx,3564,AL2021,420300,PONTA DELGADA,,CM,65228,28835,646,313
mapa_1_resultados.xlsx,3565,AL2021,420300,PONTA DELGADA,,AM,65228,28837,740,322
mapa_1_resultados.xlsx,3566,AL2021,420301,PONTA DELGADA,ARRIFES,AF,6729,2792,36,45
mapa_1_resultados.xlsx,3567,AL2021,420303,PONTA DELGADA,CANDELÁRIA,AF,972,413,73,20
mapa_1_resultados.xlsx,3568,AL2021,420304,PONTA DELGADA,CAPELAS,AF,3741,1948,52,22
mapa_1_resultados.xlsx,3569,AL2021,420305,PONTA DELGADA,COVOADA,AF,1150,721,5,5
mapa_1_resultados.xlsx,3570,AL2021,420306,PONTA DELGADA,FAJÃ DE BAIXO,AF,4686,1875,59,27
mapa_1_resultados.xlsx,3571,AL2021,420307,PONTA DELGADA,FAJÃ DE CIMA,AF,3091,1281,19,14
mapa_1_resultados.xlsx,3572,AL2021,420308,PONTA DELGADA,FENAIS DA LUZ,AF,1964,964,21,14
mapa_1_resultados.xlsx,3573,AL2021,420309,PONTA DELGADA,FETEIRAS,AF,1424,879,15,18
mapa_1_resultados.xlsx,3574,AL2021,420310,PONTA DELGADA,GINETES,AF,1112,704,10,3
mapa_1_resultados.xlsx,3575,AL2021,420311,PONTA DELGADA,MOSTEIROS,AF,1050,648,2,5
mapa_1_resultados.xlsx,3576,AL2021,420312,PONTA DELGADA,PONTA DELGADA (SÃO SEBASTIÃO),AF,4259,1687,53,23
mapa_1_resultados.xlsx,3577,AL2021,420313,PONTA DELGADA,PONTA DELGADA (SÃO JOSÉ),AF,5836,2091,61,19
mapa_1_resultados.xlsx,3578,AL2021,420314,PONTA DELGADA,PONTA DELGADA (SÃO PEDRO),AF,7502,2683,101,36
mapa_1_resultados.xlsx,3579,AL2021,420315,PONTA DELGADA,RELVA,AF,2714,1094,53,15
mapa_1_resultados.xlsx,3580,AL2021,420316,PONTA DELGADA,REMÉDIOS,AF,853,586,10,8
mapa_1_resultados.xlsx,3581,AL2021,420317,PONTA DELGADA,ROSTO DO CÃO (LIVRAMENTO),AF,4154,1848,49,24
mapa_1_resultados.xlsx,3582,AL2021,420318,PONTA DELGADA,ROSTO DO CÃO (SÃO ROQUE),AF,4506,1452,72,36
mapa_1_resultados.xlsx,3583,AL2021,420319,PONTA DELGADA,SANTA BÁRBARA,AF,742,580,12,9
mapa_1_resultados.xlsx,3584,AL2021,420320,PONTA DELGADA,SANTO ANTÓNIO,AF,1653,1087,15,11
mapa_1_resultados.xlsx,3585,AL2021,420321,PONTA DELGADA,SÃO VICENTE FERREIRA,AF,2245,1159,31,8
mapa_1_resultados.xlsx,3586,AL2021,420322,PONTA DELGADA,SETE CIDADES,AF,663,503,6,2
mapa_1_resultados.xlsx,3587,AL2021,420323,PONTA DELGADA,AJUDA DA BRETANHA,AF,669,421,2,4
mapa_1_resultados.xlsx,3588,AL2021,420324,PONTA DELGADA,PILAR DA BRETANHA,AF,605,404,5,7
mapa_1_resultados.xlsx,3589,AL2021,420325,PONTA DELGADA,SANTA CLARA,AF,2908,1019,166,26
mapa_1_resultados.xlsx,3590,AL2021,420400,POVOAÇÃO,,CM,6353,3945,36,48
mapa_1_resultados.xlsx,3591,AL2021,420400,POVOAÇÃO,,AM,6353,3945,66,49
mapa_1_resultados.xlsx,3592,AL2021,420401,POVOAÇÃO,ÁGUA RETORTA,AF,430,331,2,2
mapa_1_resultados.xlsx,3593,AL2021,420402,POVOAÇÃO,FAIAL DA TERRA,AF,411,231,1,6
mapa_1_resultados.xlsx,3594,AL2021,420403,POVOAÇÃO,FURNAS,AF,1515,878,15,14
mapa_1_resultados.xlsx,3595,AL2021,420404,POVOAÇÃO,NOSSA SENHORA DOS REMÉDIOS,AF,1152,714,15,12
mapa_1_resultados.xlsx,3596,AL2021,420405,POVOAÇÃO,POVOAÇÃO,AF,2015,1997,37,20
mapa_1_resultados.xlsx,3597,AL2021,420406,POVOAÇÃO,RIBEIRA QUENTE,AF,830,535,2,12
mapa_1_resultados.xlsx,3598,AL2021,420500,RIBEIRA GRANDE,,CM,28616,15546,176,167
mapa_1_resultados.xlsx,3599,AL2021,420500,RIBEIRA GRANDE,,AM,28616,15546,265,185
mapa_1_resultados.xlsx,3600,AL2021,420501,RIBEIRA GRANDE,CALHETAS,AF,772,483,9,4
mapa_1_resultados.xlsx,3601,AL2021,420502,RIBEIRA GRANDE,FENAIS DA AJUDA,AF,924,604,12,5
mapa_1_resultados.xlsx,3602,AL2021,420503,RIBEIRA GRANDE,LOMBA DA MAIA,AF,1049,638,8,5
mapa_1_resultados.xlsx,3603,AL2021,420504,RIBEIRA GRANDE,LOMBA DE SÃO PEDRO,AF,334,247,2,3
mapa_1_resultados.xlsx,3604,AL2021,420505,RIBEIRA GRANDE,MAIA,AF,1752,1018,20,4
mapa_1_resultados.xlsx,3605,AL2021,420506,RIBEIRA GRANDE,PICO DA PEDRA,AF,2719,1296,36,13
mapa_1_resultados.xlsx,3606,AL2021,420507,RIBEIRA GRANDE,PORTO FORMOSO,AF,1119,686,9,9
mapa_1_resultados.xlsx,3607,AL2021,420508,RIBEIRA GRANDE,RABO DE PEIXE,AF,7472,3986,42,48
mapa_1_resultados.xlsx,3608,AL2021,420509,RIBEIRA GRANDE,RIBEIRA GRANDE (CONCEIÇÃO),AF,2323,1318,33,26
mapa_1_resultados.xlsx,3609,AL2021,420510,RIBEIRA GRANDE,RIBEIRA GRANDE (MATRIZ),AF,3534,1791,32,28
mapa_1_resultados.xlsx,3610,AL2021,420511,RIBEIRA GRANDE,RIBEIRA SECA,AF,2618,1277,34,24
mapa_1_resultados.xlsx,3611,AL2021,420512,RIBEIRA GRANDE,RIBEIRINHA,AF,2280,1142,21,23
mapa_1_resultados.xlsx,3612,AL2021,420513,RIBEIRA GRANDE,SANTA BÁRBARA,AF,1141,676,10,20
mapa_1_resultados.xlsx,3613,AL2021,420514,RIBEIRA GRANDE,SÃO BRÁS,AF,579,384,8,5
mapa_1_resultados.xlsx,3614,AL2021,420600,VILA FRANCA DO CAMPO,,CM,10457,5654,92,68
mapa_1_resultados.xlsx,3615,AL2021,420600,VILA FRANCA DO CAMPO,,AM,10457,5654,89,69
mapa_1_resultados.xlsx,3616,AL2021,420601,VILA FRANCA DO CAMPO,ÁGUA DE ALTO,AF,1644,846,13,10
mapa_1_resultados.xlsx,3617,AL2021,420602,VILA FRANCA DO CAMPO,PONTA GARÇA,AF,3089,1697,31,24
mapa_1_resultados.xlsx,3618,AL2021,420603,VILA FRANCA DO CAMPO,RIBEIRA DAS TAINHAS,AF,622,405,6,6
mapa_1_resultados.xlsx,3619,AL2021,420604,VILA FRANCA DO CAMPO,VILA FRANCA DO CAMPO (SÃO MIGUEL),AF,2671,1283,17,20
mapa_1_resultados.xlsx,3620,AL2021,420605,VILA FRANCA DO CAMPO,VILA FRANCA DO CAMPO (SÃO PEDRO),AF,1419,793,14,2
mapa_1_resultados.xlsx,3621,AL2021,420606,VILA FRANCA DO CAMPO,RIBEIRA SECA,AF,1012,630,7,10
mapa_1_resultados.xlsx,3622,AL2021,430100,ANGRA DO HEROÍSMO,,CM,33236,18497,460,159
mapa_1_resultados.xlsx,3623,AL2021,430100,ANGRA DO HEROÍSMO,,AM,33236,18495,520,172
mapa_1_resultados.xlsx,3624,AL2021,430101,ANGRA DO HEROÍSMO,ALTARES,AF,824,578,5,6
mapa_1_resultados.xlsx,3625,AL2021,430102,ANGRA DO HEROÍSMO,ANGRA (NOSSA SENHORA DA CONCEIÇÃO),AF,3725,1445,61,19
mapa_1_resultados.xlsx,3626,AL2021,430103,ANGRA DO HEROÍSMO,ANGRA (SANTA LUZIA),AF,2327,1090,35,11
mapa_1_resultados.xlsx,3627,AL2021,430104,ANGRA DO HEROÍSMO,ANGRA (SÃO PEDRO),AF,3339,1624,61,12
mapa_1_resultados.xlsx,3628,AL2021,430105,ANGRA DO HEROÍSMO,ANGRA (SÉ),AF,1082,564,12,7
mapa_1_resultados.xlsx,3629,AL2021,430106,ANGRA DO HEROÍSMO,CINCO RIBEIRAS,AF,661,473,8,6
mapa_1_resultados.xlsx,3630,AL2021,430107,ANGRA DO HEROÍSMO,DOZE RIBEIRAS,AF,462,315,12,4
mapa_1_resultados.xlsx,3631,AL2021,430108,ANGRA DO HEROÍSMO,FETEIRA,AF,1241,819,24,14
mapa_1_resultados.xlsx,3632,AL2021,430109,ANGRA DO HEROÍSMO,PORTO JUDEU,AF,2367,1407,15,13
mapa_1_resultados.xlsx,3633,AL2021,430110,ANGRA DO HEROÍSMO,POSTO SANTO,AF,933,603,18,1
mapa_1_resultados.xlsx,3634,AL2021,430111,ANGRA DO HEROÍSMO,RAMINHO,AF,498,319,8,3
mapa_1_resultados.xlsx,3635,AL2021,430112,ANGRA DO HEROÍSMO,RIBEIRINHA,AF,2395,1794,24,14
mapa_1_resultados.xlsx,3636,AL2021,430113,ANGRA DO HEROÍSMO,SANTA BÁRBARA,AF,1244,832,16,5
mapa_1_resultados.xlsx,3637,AL2021,430114,ANGRA DO HEROÍSMO,SÃO BARTOLOMEU DE REGATOS,AF,1795,966,25,12
mapa_1_resultados.xlsx,3638,AL2021,430115,ANGRA DO HEROÍSMO,SÃO BENTO,AF,1773,1065,33,16
mapa_1_resultados.xlsx,3639,AL2021,430116,ANGRA DO HEROÍSMO,SÃO MATEUS DA CALHETA,AF,3538,1845,40,21
mapa_1_resultados.xlsx,3640,AL2021,430117,ANGRA DO HEROÍSMO,SERRETA,AF,350,212,3,2
mapa_1_resultados.xlsx,3641,AL2021,430118,ANGRA DO HEROÍSMO,TERRA CHÃ,AF,2623,1468,30,18
mapa_1_resultados.xlsx,3642,AL2021,430119,ANGRA DO HEROÍSMO,VILA DE SÃO SEBASTIÃO,AF,2059,1077,25,14
mapa_1_resultados.xlsx,3643,AL2021,430200,VILA DA PRAIA DA VITÓRIA,,CM,19367,10644,261,99
mapa_1_resultados.xlsx,3644,AL2021,430200,VILA DA PRAIA DA VITÓRIA,,AM,19367,10636,311,84
mapa_1_resultados.xlsx,3645,AL2021,430201,VILA DA PRAIA DA VITÓRIA,AGUALVA,AF,1269,857,8,1
mapa_1_resultados.xlsx,3646,AL2021,430202,VILA DA PRAIA DA VITÓRIA,BISCOITOS,AF,1487,827,14,7
mapa_1_resultados.xlsx,3647,AL2021,430203,VILA DA PRAIA DA VITÓRIA,CABO DA PRAIA,AF,682,476,11,4
mapa_1_resultados.xlsx,3648,AL2021,430204,VILA DA PRAIA DA VITÓRIA,FONTE DO BASTARDO,AF,1098,670,18,5
mapa_1_resultados.xlsx,3649,AL2021,430205,VILA DA PRAIA DA VITÓRIA,FONTINHAS,AF,1450,901,25,7
mapa_1_resultados.xlsx,3650,AL2021,430206,VILA DA PRAIA DA VITÓRIA,LAJES,AF,3172,1708,39,22
mapa_1_resultados.xlsx,3651,AL2021,430207,VILA DA PRAIA DA VITÓRIA,PRAIA DA VITÓRIA (SANTA CRUZ),AF,6234,2811,96,33
mapa_1_resultados.xlsx,3652,AL2021,430208,VILA DA PRAIA DA VITÓRIA,QUATRO RIBEIRAS,AF,371,260,5,4
mapa_1_resultados.xlsx,3653,AL2021,430209,VILA DA PRAIA DA VITÓRIA,SÃO BRÁS,AF,980,654,7,8
mapa_1_resultados.xlsx,3654,AL2021,430210,VILA DA PRAIA DA VITÓRIA,VILA NOVA,AF,1528,842,8,6
mapa_1_resultados.xlsx,3655,AL2021,430211,VILA DA PRAIA DA VITÓRIA,PORTO MARTINS,AF,1096,638,18,6
mapa_1_resultados.xlsx,3656,AL2021,440100,SANTA CRUZ DA GRACIOSA,,CM,3922,2786,44,70
mapa_1_resultados.xlsx,3657,AL2021,440100,SANTA CRUZ DA GRACIOSA,,AM,3922,2786,65,72
mapa_1_resultados.xlsx,3658,AL2021,440101,SANTA CRUZ DA GRACIOSA,GUADALUPE (R.A.AÇORES),AF,996,701,23,23
mapa_1_resultados.xlsx,3659,AL2021,440102,SANTA CRUZ DA GRACIOSA,LUZ (R.A.AÇORES),AF,625,450,9,5
mapa_1_resultados.xlsx,3660,AL2021,440103,SANTA CRUZ DA GRACIOSA,PRAIA (SÃO MATEUS) (R.A.AÇORES),AF,703,534,7,12
mapa_1_resultados.xlsx,3661,AL2021,440104,SANTA CRUZ DA GRACIOSA,SANTA CRUZ DA GRACIOSA (R.A.AÇORES),AF,1598,1101,39,25
mapa_1_resultados.xlsx,3662,AL2021,450100,CALHETA (R.A.A.),,CM,3712,2343,64,14
mapa_1_resultados.xlsx,3663,AL2021,450100,CALHETA (R.A.A.),,AM,3712,2343,60,19
mapa_1_resultados.xlsx,3664,AL2021,450101,CALHETA (R.A.A.),CALHETA (R.A.AÇORES),AF,1312,800,16,11
mapa_1_resultados.xlsx,3665,AL2021,450102,CALHETA (R.A.A.),NORTE PEQUENO (R.A.AÇORES),AF,214,159,3,2
mapa_1_resultados.xlsx,3666,AL2021,450103,CALHETA (R.A.A.),RIBEIRA SECA (R.A.AÇORES),AF,1017,646,14,9
mapa_1_resultados.xlsx,3667,AL2021,450104,CALHETA (R.A.A.),SANTO ANTÃO (R.A.AÇORES),AF,711,422,47,2
mapa_1_resultados.xlsx,3668,AL2021,450105,CALHETA (R.A.A.),TOPO (NOSSA SENHORA DO ROSÁRIO)(R.A.AÇORES),AF,458,316,11,1
mapa_1_resultados.xlsx,3669,AL2021,450200,VELAS,,CM,4969,3131,141,57
mapa_1_resultados.xlsx,3670,AL2021,450200,VELAS,,AM,4969,3131,93,42
mapa_1_resultados.xlsx,3671,AL2021,450201,VELAS,MANADAS (SANTA BÁRBARA)(R.A.AÇORES),AF,356,258,1,2
mapa_1_resultados.xlsx,3672,AL2021,450202,VELAS,NORTE GRANDE (NEVES) (R.A.AÇORES),AF,528,338,75,6
mapa_1_resultados.xlsx,3673,AL2021,450203,VELAS,ROSAIS (R.A.AÇORES),AF,699,425,48,5
mapa_1_resultados.xlsx,3674,AL2021,450204,VELAS,SANTO AMARO (R.A.AÇORES),AF,803,483,135,12
mapa_1_resultados.xlsx,3675,AL2021,450205,VELAS,URZELINA (SÃO MATEUS) (R.A.AÇORES),AF,828,603,7,7
mapa_1_resultados.xlsx,3676,AL2021,450206,VELAS,VELAS (SÃO JORGE) (R.A.AÇORES),AF,1755,1024,13,25
mapa_1_resultados.xlsx,3677,AL2021,460100,LAJES DO PICO,,CM,4468,3177,59,45
mapa_1_resultados.xlsx,3678,AL2021,460100,LAJES DO PICO,,AM,4468,3142,81,49
mapa_1_resultados.xlsx,3679,AL2021,460101,LAJES DO PICO,CALHETA DE NESQUIM,AF,340,237,8,8
mapa_1_resultados.xlsx,3680,AL2021,460102,LAJES DO PICO,LAJES DO PICO,AF,1652,1157,20,20
mapa_1_resultados.xlsx,3681,AL2021,460103,LAJES DO PICO,PIEDADE,AF,807,575,7,7
mapa_1_resultados.xlsx,3682,AL2021,460104,LAJES DO PICO,RIBEIRAS,AF,842,583,8,9
mapa_1_resultados.xlsx,3683,AL2021,460105,LAJES DO PICO,RIBEIRINHA,AF,385,272,5,5
mapa_1_resultados.xlsx,3684,AL2021,460106,LAJES DO PICO,SÃO JOÃO,AF,442,318,6,4
mapa_1_resultados.xlsx,3685,AL2021,460200,MADALENA,,CM,5962,3881,107,19
mapa_1_resultados.xlsx,3686,AL2021,460200,MADALENA,,AM,5962,3881,128,22
mapa_1_resultados.xlsx,3687,AL2021,460201,MADALENA,BANDEIRAS,AF,646,488,6,2
mapa_1_resultados.xlsx,3688,AL2021,460202,MADALENA,CANDELÁRIA,AF,792,575,5,3
mapa_1_resultados.xlsx,3689,AL2021,460203,MADALENA,CRIAÇÃO VELHA,AF,794,549,11,3
mapa_1_resultados.xlsx,3690,AL2021,460204,MADALENA,MADALENA,AF,2576,1471,48,21
mapa_1_resultados.xlsx,3691,AL2021,460205,MADALENA,SÃO CAETANO,AF,491,320,3,0
mapa_1_resultados.xlsx,3692,AL2021,460206,MADALENA,SÃO MATEUS,AF,663,478,23,4
mapa_1_resultados.xlsx,3693,AL2021,460300,SÃO ROQUE DO PICO,,CM,3235,2268,45,31
mapa_1_resultados.xlsx,3694,AL2021,460300,SÃO ROQUE DO PICO,,AM,3235,2268,53,35
mapa_1_resultados.xlsx,3695,AL2021,460301,SÃO ROQUE DO PICO,PRAINHA,AF,542,372,5,8
mapa_1_resultados.xlsx,3696,AL2021,460302,SÃO ROQUE DO PICO,SANTA LUZIA,AF,454,327,1,1
mapa_1_resultados.xlsx,3697,AL2021,460303,SÃO ROQUE DO PICO,SANTO AMARO,AF,280,193,5,0
mapa_1_resultados.xlsx,3698,AL2021,460304,SÃO ROQUE DO PICO,SANTO ANTÓNIO,AF,708,511,12,10
mapa_1_resultados.xlsx,3699,AL2021,460305,SÃO ROQUE DO PICO,SÃO ROQUE DO PICO,AF,1251,865,21,9
mapa_1_resultados.xlsx,3700,AL2021,470100,HORTA,,CM,13044,8438,141,60
mapa_1_resultados.xlsx,3701,AL2021,470100,HORTA,,AM,13044,8438,189,56
mapa_1_resultados.xlsx,3702,AL2021,470101,HORTA,CAPELO,AF,480,346,10,5
mapa_1_resultados.xlsx,3703,AL2021,470102,HORTA,CASTELO BRANCO,AF,1122,738,28,8
mapa_1_resultados.xlsx,3704,AL2021,470103,HORTA,CEDROS,AF,770,577,17,3
mapa_1_resultados.xlsx,3705,AL2021,470104,HORTA,FETEIRA,AF,1525,995,23,8
mapa_1_resultados.xlsx,3706,AL2021,470105,HORTA,FLAMENGOS,AF,1383,954,15,8
mapa_1_resultados.xlsx,3707,AL2021,470106,HORTA,HORTA (ANGÚSTIAS),AF,2170,1235,28,8
mapa_1_resultados.xlsx,3708,AL2021,470107,HORTA,HORTA (CONCEIÇÃO),AF,1044,670,13,9
mapa_1_resultados.xlsx,3709,AL2021,470108,HORTA,HORTA (MATRIZ),AF,2257,1273,34,7
mapa_1_resultados.xlsx,3710,AL2021,470109,HORTA,PEDRO MIGUEL,AF,620,454,16,4
mapa_1_resultados.xlsx,3711,AL2021,470110,HORTA,PRAIA DO ALMOXARIFE,AF,725,522,12,1
mapa_1_resultados.xlsx,3712,AL2021,470111,HORTA,PRAIA DO NORTE,AF,220,171,0,4
mapa_1_resultados.xlsx,3713,AL2021,470112,HORTA,RIBEIRINHA,AF,380,254,8,0
mapa_1_resultados.xlsx,3714,AL2021,470113,HORTA,SALÃO,AF,348,248,6,3
mapa_1_resultados.xlsx,3715,AL2021,480100,LAJES DAS FLORES,,CM,1284,992,28,12
mapa_1_resultados.xlsx,3716,AL2021,480100,LAJES DAS FLORES,,AM,1284,992,33,16
mapa_1_resultados.xlsx,3717,AL2021,480101,LAJES DAS FLORES,FAJÃ GRANDE,AF,200,149,3,4
mapa_1_resultados.xlsx,3718,AL2021,480102,LAJES DAS FLORES,FAJÃZINHA,AF,74,,,
mapa_1_resultados.xlsx,3719,AL2021,480103,LAJES DAS FLORES,FAZENDA,AF,228,175,3,1
mapa_1_resultados.xlsx,3720,AL2021,480104,LAJES DAS FLORES,LAJEDO,AF,87,,,
mapa_1_resultados.xlsx,3721,AL2021,480105,LAJES DAS FLORES,LAJES DAS FLORES,AF,505,388,8,11
mapa_1_resultados.xlsx,3722,AL2021,480106,LAJES DAS FLORES,LOMBA,AF,169,143,2,1
mapa_1_resultados.xlsx,3723,AL2021,480107,LAJES DAS FLORES,MOSTEIRO,AF,26,,,
mapa_1_resultados.xlsx,3724,AL2021,480200,SANTA CRUZ DAS FLORES,,CM,1831,1294,23,18
mapa_1_resultados.xlsx,3725,AL2021,480200,SANTA CRUZ DAS FLORES,,AM,1831,1294,29,20
mapa_1_resultados.xlsx,3726,AL2021,480201,SANTA CRUZ DAS FLORES,CAVEIRA,AF,71,,,
mapa_1_resultados.xlsx,3727,AL2021,480202,SANTA CRUZ DAS FLORES,CEDROS,AF,108,,,
mapa_1_resultados.xlsx,3728,AL2021,480203,SANTA CRUZ DAS FLORES,PONTA DELGADA,AF,291,205,1,5
mapa_1_resultados.xlsx,3729,AL2021,480204,SANTA CRUZ DAS FLORES,SANTA CRUZ DAS FLORES,AF,1361,954,29,19
mapa_1_resultados.xlsx,3730,AL2021,490100,CORVO,,CM,346,278,5,1
mapa_1_resultados.xlsx,3731,AL2021,490100,CORVO,,AM,346,278,6,0
