mapa_1_resultados.xlsx,6,AL2021,010100,CM,B.E.,party,B.E.,,439
mapa_1_resultados.xlsx,6,AL2021,010100,CM,CDS-PP,party,CDS-PP,,2911
mapa_1_resultados.xlsx,6,AL2021,010100,CM,CH,party,CH,,835
mapa_1_resultados.xlsx,6,AL2021,010100,CM,PS,party,PS,,6587
mapa_1_resultados.xlsx,6,AL2021,010100,CM,PCP-PEV,coalition,PCP-PEV,,377
mapa_1_resultados.xlsx,6,AL2021,010100,CM,[A],coalition,PPD/PSD.MPT,JUNTOS POR ÁGUEDA,9991
mapa_1_resultados.xlsx,7,AL2021,010100,AM,B.E.,party,B.E.,,532
mapa_1_resultados.xlsx,7,AL2021,010100,AM,CDS-PP,party,CDS-PP,,3005
mapa_1_resultados.xlsx,7,AL2021,010100,AM,CH,party,CH,,859
mapa_1_resultados.xlsx,7,AL2021,010100,AM,PS,party,PS,,6968
mapa_1_resultados.xlsx,7,AL2021,010100,AM,PCP-PEV,coalition,PCP-PEV,,426
mapa_1_resultados.xlsx,7,AL2021,010100,AM,[A],coalition,PPD/PSD.MPT,JUNTOS POR ÁGUEDA,9308
mapa_1_resultados.xlsx,8,AL2021,010103,AF,B.E.,party,B.E.,,67
mapa_1_resultados.xlsx,8,AL2021,010103,AF,CDS-PP,party,CDS-PP,,450
mapa_1_resultados.xlsx,8,AL2021,010103,AF,PS,party,PS,,263
mapa_1_resultados.xlsx,8,AL2021,010103,AF,[A],coalition,PPD/PSD.MPT,JUNTOS POR ÁGUEDA,897
mapa_1_resultados.xlsx,9,AL2021,010109,AF,CDS-PP,party,CDS-PP,,292
mapa_1_resultados.xlsx,9,AL2021,010109,AF,CH,party,CH,,186
mapa_1_resultados.xlsx,9,AL2021,010109,AF,[A],coalition,PPD/PSD.MPT,JUNTOS POR ÁGUEDA,1103
mapa_1_resultados.xlsx,10,AL2021,010112,AF,B.E.,party,B.E.,,58
mapa_1_resultados.xlsx,10,AL2021,010112,AF,CDS-PP,party,CDS-PP,,225
mapa_1_resultados.xlsx,10,AL2021,010112,AF,PS,party,PS,,242
mapa_1_resultados.xlsx,10,AL2021,010112,AF,PCP-PEV,coalition,PCP-PEV,,39
mapa_1_resultados.xlsx,10,AL2021,010112,AF,[A],coalition,PPD/PSD.MPT,JUNTOS POR ÁGUEDA,852
mapa_1_resultados.xlsx,11,AL2021,010119,AF,B.E.,party,B.E.,,77
mapa_1_resultados.xlsx,11,AL2021,010119,AF,CDS-PP,party,CDS-PP,,252
mapa_1_resultados.xlsx,11,AL2021,010119,AF,PS,party,PS,,527
mapa_1_resultados.xlsx,11,AL2021,010119,AF,PCP-PEV,coalition,PCP-PEV,,66
mapa_1_resultados.xlsx,11,AL2021,010119,AF,[A],coalition,PPD/PSD.MPT,JUNTOS POR ÁGUEDA,1240
mapa_1_resultados.xlsx,12,AL2021,010121,AF,B.E.,party,B.E.,,111
mapa_1_resultados.xlsx,12,AL2021,010121,AF,CDS-PP,party,CDS-PP,,1039
mapa_1_resultados.xlsx,12,AL2021,010121,AF,CH,party,CH,,286
mapa_1_resultados.xlsx,12,AL2021,010121,AF,PS,party,PS,,1592
mapa_1_resultados.xlsx,12,AL2021,010121,AF,PCP-PEV,coalition,PCP-PEV,,128
mapa_1_resultados.xlsx,12,AL2021,010121,AF,[A],coalition,PPD/PSD.MPT,JUNTOS POR ÁGUEDA,2257
mapa_1_resultados.xlsx,13,AL2021,010122,AF,B.E.,party,B.E.,,65
mapa_1_resultados.xlsx,13,AL2021,010122,AF,CDS-PP,party,CDS-PP,,137
mapa_1_resultados.xlsx,13,AL2021,010122,AF,PS,party,PS,,549
mapa_1_resultados.xlsx,13,AL2021,010122,AF,[A],coalition,PPD/PSD.MPT,JUNTOS POR ÁGUEDA,642
mapa_1_resultados.xlsx,14,AL2021,010123,AF,CDS-PP,party,CDS-PP,,125
mapa_1_resultados.xlsx,14,AL2021,010123,AF,PS,party,PS,,446
mapa_1_resultados.xlsx,14,AL2021,010123,AF,[A],coalition,PPD/PSD.MPT,JUNTOS POR ÁGUEDA,361
mapa_1_resultados.xlsx,15,AL2021,010124,AF,B.E.,party,B.E.,,75
mapa_1_resultados.xlsx,15,AL2021,010124,AF,CDS-PP,party,CDS-PP,,265
mapa_1_resultados.xlsx,15,AL2021,010124,AF,PS,party,PS,,849
mapa_1_resultados.xlsx,15,AL2021,010124,AF,PCP-PEV,coalition,PCP-PEV,,56
mapa_1_resultados.xlsx,15,AL2021,010124,AF,[A],coalition,PPD/PSD.MPT,JUNTOS POR ÁGUEDA,1334
mapa_1_resultados.xlsx,16,AL2021,010125,AF,B.E.,party,B.E.,,39
mapa_1_resultados.xlsx,16,AL2021,010125,AF,CDS-PP,party,CDS-PP,,234
mapa_1_resultados.xlsx,16,AL2021,010125,AF,PS,party,PS,,151
mapa_1_resultados.xlsx,16,AL2021,010125,AF,PCP-PEV,coalition,PCP-PEV,,12
mapa_1_resultados.xlsx,16,AL2021,010125,AF,[A],coalition,PPD/PSD.MPT,JUNTOS POR ÁGUEDA,895
mapa_1_resultados.xlsx,17,AL2021,010126,AF,CDS-PP,party,CDS-PP,,1308
mapa_1_resultados.xlsx,17,AL2021,010126,AF,PS,party,PS,,310
mapa_1_resultados.xlsx,17,AL2021,010126,AF,PCP-PEV,coalition,PCP-PEV,,89
mapa_1_resultados.xlsx,17,AL2021,010126,AF,[A],coalition,PPD/PSD.MPT,JUNTOS POR ÁGUEDA,328
mapa_1_resultados.xlsx,18,AL2021,010127,AF,CDS-PP,party,CDS-PP,,337
mapa_1_resultados.xlsx,18,AL2021,010127,AF,[A],coalition,PPD/PSD.MPT,JUNTOS POR ÁGUEDA,198
mapa_1_resultados.xlsx,19,AL2021,010200,CM,B.E.,party,B.E.,,179
mapa_1_resultados.xlsx,19,AL2021,010200,CM,CDS-PP,party,CDS-PP,,7971
mapa_1_resultados.xlsx,19,AL2021,010200,CM,CH,party,CH,,250
mapa_1_resultados.xlsx,19,AL2021,010200,CM,PPD/PSD,party,PPD/PSD,,3238
mapa_1_resultados.xlsx,19,AL2021,010200,CM,PS,party,PS,,910
mapa_1_resultados.xlsx,19,AL2021,010200,CM,PCP-PEV,coalition,PCP-PEV,,211
mapa_1_resultados.xlsx,20,AL2021,010200,AM,B.E.,party,B.E.,,258
mapa_1_resultados.xlsx,20,AL2021,010200,AM,CDS-PP,party,CDS-PP,,7110
mapa_1_resultados.xlsx,20,AL2021,010200,AM,PPD/PSD,party,PPD/PSD,,4217
mapa_1_resultados.xlsx,20,AL2021,010200,AM,PS,party,PS,,982
mapa_1_resultados.xlsx,20,AL2021,010200,AM,PCP-PEV,coalition,PCP-PEV,,227
mapa_1_resultados.xlsx,21,AL2021,010202,AF,CDS-PP,party,CDS-PP,,736
mapa_1_resultados.xlsx,21,AL2021,010202,AF,PPD/PSD,party,PPD/PSD,,604
mapa_1_resultados.xlsx,22,AL2021,010203,AF,CDS-PP,party,CDS-PP,,269
mapa_1_resultados.xlsx,22,AL2021,010203,AF,PPD/PSD,party,PPD/PSD,,639
mapa_1_resultados.xlsx,22,AL2021,010203,AF,PS,party,PS,,169
mapa_1_resultados.xlsx,22,AL2021,010203,AF,PCP-PEV,coalition,PCP-PEV,,51
mapa_1_resultados.xlsx,23,AL2021,010204,AF,CDS-PP,party,CDS-PP,,2353
mapa_1_resultados.xlsx,23,AL2021,010204,AF,PPD/PSD,party,PPD/PSD,,497
mapa_1_resultados.xlsx,23,AL2021,010204,AF,PS,party,PS,,125
mapa_1_resultados.xlsx,23,AL2021,010204,AF,PCP-PEV,coalition,PCP-PEV,,49
mapa_1_resultados.xlsx,24,AL2021,010206,AF,CDS-PP,party,CDS-PP,,802
mapa_1_resultados.xlsx,24,AL2021,010206,AF,PPD/PSD,party,PPD/PSD,,107
mapa_1_resultados.xlsx,24,AL2021,010206,AF,PCP-PEV,coalition,PCP-PEV,,20
mapa_1_resultados.xlsx,25,AL2021,010209,AF,B.E.,party,B.E.,,114
mapa_1_resultados.xlsx,25,AL2021,010209,AF,CDS-PP,party,CDS-PP,,2561
mapa_1_resultados.xlsx,25,AL2021,010209,AF,PPD/PSD,party,PPD/PSD,,1685
mapa_1_resultados.xlsx,25,AL2021,010209,AF,PS,party,PS,,304
mapa_1_resultados.xlsx,25,AL2021,010209,AF,PCP-PEV,coalition,PCP-PEV,,112
mapa_1_resultados.xlsx,26,AL2021,010210,AF,CDS-PP,party,CDS-PP,,838
mapa_1_resultados.xlsx,26,AL2021,010210,AF,PPD/PSD,party,PPD/PSD,,634
mapa_1_resultados.xlsx,26,AL2021,010210,AF,PS,party,PS,,150
mapa_1_resultados.xlsx,27,AL2021,010300,CM,CH,party,CH,,332
mapa_1_resultados.xlsx,27,AL2021,010300,CM,IL,party,IL,,235
mapa_1_resultados.xlsx,27,AL2021,010300,CM,PPD/PSD,party,PPD/PSD,,3734
mapa_1_resultados.xlsx,27,AL2021,010300,CM,PS,party,PS,,1826
mapa_1_resultados.xlsx,27,AL2021,010300,CM,PCP-PEV,coalition,PCP-PEV,,730
mapa_1_resultados.xlsx,27,AL2021,010300,CM,[D],citizen_group,MIAP,Movimento Independente Anadia Primeiro,6231
mapa_1_resultados.xlsx,28,AL2021,010300,AM,IL,party,IL,,398
mapa_1_resultados.xlsx,28,AL2021,010300,AM,PPD/PSD,party,PPD/PSD,,3975
mapa_1_resultados.xlsx,28,AL2021,010300,AM,PS,party,PS,,1956
mapa_1_resultados.xlsx,28,AL2021,010300,AM,PCP-PEV,coalition,PCP-PEV,,815
mapa_1_resultados.xlsx,28,AL2021,010300,AM,[D],citizen_group,MIAP,Movimento Independente Anadia Primeiro,5806
mapa_1_resultados.xlsx,29,AL2021,010304,AF,PS,party,PS,,61
mapa_1_resultados.xlsx,29,AL2021,010304,AF,PCP-PEV,coalition,PCP-PEV,,35
mapa_1_resultados.xlsx,29,AL2021,010304,AF,[D],citizen_group,MIAP,Movimento Independente Anadia Primeiro,157
mapa_1_resultados.xlsx,29,AL2021,010304,AF,[E],citizen_group,+ PNT,+ PNT - Mais Pela Nossa Terra,341
mapa_1_resultados.xlsx,30,AL2021,010305,AF,PPD/PSD,party,PPD/PSD,,274
mapa_1_resultados.xlsx,30,AL2021,010305,AF,PS,party,PS,,60
mapa_1_resultados.xlsx,30,AL2021,010305,AF,[D],citizen_group,MIAP,Movimento Independente Anadia Primeiro,656
mapa_1_resultados.xlsx,31,AL2021,010307,AF,PPD/PSD,party,PPD/PSD,,490
mapa_1_resultados.xlsx,31,AL2021,010307,AF,PS,party,PS,,97
mapa_1_resultados.xlsx,31,AL2021,010307,AF,PCP-PEV,coalition,PCP-PEV,,34
mapa_1_resultados.xlsx,31,AL2021,010307,AF,[D],citizen_group,MIAP,Movimento Independente Anadia Primeiro,340
mapa_1_resultados.xlsx,31,AL2021,010307,AF,[E],citizen_group,MIMO,Movimento Independente pela Moita,190
mapa_1_resultados.xlsx,32,AL2021,010309,AF,IL,party,IL,,69
mapa_1_resultados.xlsx,32,AL2021,010309,AF,PPD/PSD,party,PPD/PSD,,586
mapa_1_resultados.xlsx,32,AL2021,010309,AF,PS,party,PS,,231
mapa_1_resultados.xlsx,32,AL2021,010309,AF,PCP-PEV,coalition,PCP-PEV,,336
mapa_1_resultados.xlsx,32,AL2021,010309,AF,[D],citizen_group,MIAP,Movimento Independente Anadia Primeiro,397
mapa_1_resultados.xlsx,33,AL2021,010310,AF,PPD/PSD,party,PPD/PSD,,261
mapa_1_resultados.xlsx,33,AL2021,010310,AF,PS,party,PS,,153
mapa_1_resultados.xlsx,33,AL2021,010310,AF,[D],citizen_group,MIAP,Movimento Independente Anadia Primeiro,574
mapa_1_resultados.xlsx,34,AL2021,010312,AF,PPD/PSD,party,PPD/PSD,,392
mapa_1_resultados.xlsx,34,AL2021,010312,AF,PS,party,PS,,174
mapa_1_resultados.xlsx,34,AL2021,010312,AF,[D],citizen_group,MIAP,Movimento Independente Anadia Primeiro,258
mapa_1_resultados.xlsx,35,AL2021,010313,AF,PPD/PSD,party,PPD/PSD,,343
mapa_1_resultados.xlsx,35,AL2021,010313,AF,PS,party,PS,,151
mapa_1_resultados.xlsx,35,AL2021,010313,AF,[D],citizen_group,MIAP,Movimento Independente Anadia Primeiro,848
mapa_1_resultados.xlsx,36,AL2021,010316,AF,PPD/PSD,party,PPD/PSD,,364
mapa_1_resultados.xlsx,36,AL2021,010316,AF,PS,party,PS,,348
mapa_1_resultados.xlsx,36,AL2021,010316,AF,PCP-PEV,coalition,PCP-PEV,,13
mapa_1_resultados.xlsx,36,AL2021,010316,AF,[D],citizen_group,MIAP,Movimento Independente Anadia Primeiro,638
mapa_1_resultados.xlsx,37,AL2021,010317,AF,PPD/PSD,party,PPD/PSD,,695
mapa_1_resultados.xlsx,37,AL2021,010317,AF,PS,party,PS,,354
mapa_1_resultados.xlsx,37,AL2021,010317,AF,PCP-PEV,coalition,PCP-PEV,,244
mapa_1_resultados.xlsx,37,AL2021,010317,AF,[D],citizen_group,MIAP,Movimento Independente Anadia Primeiro,1401
mapa_1_resultados.xlsx,38,AL2021,010318,AF,PPD/PSD,party,PPD/PSD,,547
mapa_1_resultados.xlsx,38,AL2021,010318,AF,PS,party,PS,,234
mapa_1_resultados.xlsx,38,AL2021,010318,AF,PCP-PEV,coalition,PCP-PEV,,57
mapa_1_resultados.xlsx,38,AL2021,010318,AF,[D],citizen_group,MIAP,Movimento Independente Anadia Primeiro,636
mapa_1_resultados.xlsx,39,AL2021,010400,CM,CH,party,CH,,197
mapa_1_resultados.xlsx,39,AL2021,010400,CM,E,party,E,,128
mapa_1_resultados.xlsx,39,AL2021,010400,CM,PS,party,PS,,6772
mapa_1_resultados.xlsx,39,AL2021,010400,CM,PCP-PEV,coalition,PCP-PEV,,378
mapa_1_resultados.xlsx,39,AL2021,010400,CM,[A],coalition,PPD/PSD.CDS-PP.PPM.IL,AGORA OS AROUQUENSES,5485
mapa_1_resultados.xlsx,40,AL2021,010400,AM,E,party,E,,212
mapa_1_resultados.xlsx,40,AL2021,010400,AM,PS,party,PS,,6338
mapa_1_resultados.xlsx,40,AL2021,010400,AM,PCP-PEV,coalition,PCP-PEV,,469
mapa_1_resultados.xlsx,40,AL2021,010400,AM,[A],coalition,PPD/PSD.CDS-PP.PPM.IL,AGORA OS AROUQUENSES,6296
mapa_1_resultados.xlsx,41,AL2021,010402,AF,PS,party,PS,,355
mapa_1_resultados.xlsx,41,AL2021,010402,AF,PCP-PEV,coalition,PCP-PEV,,15
mapa_1_resultados.xlsx,41,AL2021,010402,AF,[A],coalition,PPD/PSD.CDS-PP.PPM.IL,AGORA OS AROUQUENSES,265
mapa_1_resultados.xlsx,42,AL2021,010407,AF,PS,party,PS,,348
mapa_1_resultados.xlsx,42,AL2021,010407,AF,[A],coalition,PPD/PSD.CDS-PP.PPM.IL,AGORA OS AROUQUENSES,566
mapa_1_resultados.xlsx,43,AL2021,010409,AF,PS,party,PS,,928
mapa_1_resultados.xlsx,43,AL2021,010409,AF,[A],coalition,PPD/PSD.CDS-PP.PPM.IL,AGORA OS AROUQUENSES,378
mapa_1_resultados.xlsx,44,AL2021,010411,AF,PS,party,PS,,256
mapa_1_resultados.xlsx,44,AL2021,010411,AF,[A],coalition,PPD/PSD.CDS-PP.PPM.IL,AGORA OS AROUQUENSES,539
mapa_1_resultados.xlsx,45,AL2021,010413,AF,[A],coalition,PPD/PSD.CDS-PP.PPM.IL,AGORA OS AROUQUENSES,74
mapa_1_resultados.xlsx,45,AL2021,010413,AF,[D],citizen_group,LIM,Lista Independente de Mansores,656
mapa_1_resultados.xlsx,46,AL2021,010414,AF,PS,party,PS,,336
mapa_1_resultados.xlsx,46,AL2021,010414,AF,[A],coalition,PPD/PSD.CDS-PP.PPM.IL,AGORA OS AROUQUENSES,155
mapa_1_resultados.xlsx,46,AL2021,010414,AF,[D],citizen_group,M,Mudança,296
mapa_1_resultados.xlsx,47,AL2021,010415,AF,PCP-PEV,coalition,PCP-PEV,,52
mapa_1_resultados.xlsx,47,AL2021,010415,AF,[A],coalition,PPD/PSD.CDS-PP.PPM.IL,AGORA OS AROUQUENSES,599
mapa_1_resultados.xlsx,47,AL2021,010415,AF,[D],citizen_group,UNIR,União Independente por Rossas,319
mapa_1_resultados.xlsx,48,AL2021,010416,AF,PS,party,PS,,565
mapa_1_resultados.xlsx,48,AL2021,010416,AF,PCP-PEV,coalition,PCP-PEV,,36
mapa_1_resultados.xlsx,48,AL2021,010416,AF,[A],coalition,PPD/PSD.CDS-PP.PPM.IL,AGORA OS AROUQUENSES,786
mapa_1_resultados.xlsx,49,AL2021,010417,AF,PS,party,PS,,200
mapa_1_resultados.xlsx,49,AL2021,010417,AF,[A],coalition,PPD/PSD.CDS-PP.PPM.IL,AGORA OS AROUQUENSES,253
mapa_1_resultados.xlsx,50,AL2021,010418,AF,PS,party,PS,,394
mapa_1_resultados.xlsx,50,AL2021,010418,AF,[A],coalition,PPD/PSD.CDS-PP.PPM.IL,AGORA OS AROUQUENSES,321
mapa_1_resultados.xlsx,51,AL2021,010419,AF,PS,party,PS,,135
mapa_1_resultados.xlsx,51,AL2021,010419,AF,[A],coalition,PPD/PSD.CDS-PP.PPM.IL,AGORA OS AROUQUENSES,450
mapa_1_resultados.xlsx,52,AL2021,010420,AF,PS,party,PS,,105
mapa_1_resultados.xlsx,52,AL2021,010420,AF,[A],coalition,PPD/PSD.CDS-PP.PPM.IL,AGORA OS AROUQUENSES,227
mapa_1_resultados.xlsx,53,AL2021,010421,AF,PS,party,PS,,1088
mapa_1_resultados.xlsx,53,AL2021,010421,AF,PCP-PEV,coalition,PCP-PEV,,137
mapa_1_resultados.xlsx,53,AL2021,010421,AF,[A],coalition,PPD/PSD.CDS-PP.PPM.IL,AGORA OS AROUQUENSES,1476
mapa_1_resultados.xlsx,54,AL2021,010422,AF,PS,party,PS,,116
mapa_1_resultados.xlsx,54,AL2021,010422,AF,[A],coalition,PPD/PSD.CDS-PP.PPM.IL,AGORA OS AROUQUENSES,40
mapa_1_resultados.xlsx,55,AL2021,010423,AF,[A],coalition,PPD/PSD.CDS-PP.PPM.IL,AGORA OS AROUQUENSES,375
mapa_1_resultados.xlsx,55,AL2021,010423,AF,[D],citizen_group,JPU,Juntos pela União,403
mapa_1_resultados.xlsx,56,AL2021,010424,AF,[A],coalition,PPD/PSD.CDS-PP.PPM.IL,AGORA OS AROUQUENSES,98
mapa_1_resultados.xlsx,57,AL2021,010500,CM,B.E.,party,B.E.,,2191
mapa_1_resultados.xlsx,57,AL2021,010500,CM,CH,party,CH,,1383
mapa_1_resultados.xlsx,57,AL2021,010500,CM,IL,party,IL,,790
mapa_1_resultados.xlsx,57,AL2021,010500,CM,NC,party,NC,,358
mapa_1_resultados.xlsx,57,AL2021,010500,CM,PCTP/MRPP,party,PCTP/MRPP,,83
mapa_1_resultados.xlsx,57,AL2021,010500,CM,PCP-PEV,coalition,PCP-PEV,,1153
mapa_1_resultados.xlsx,57,AL2021,010500,CM,[A],coalition,PPD/PSD.CDS-PP.PPM,ALIANÇA COM AVEIRO,17550
mapa_1_resultados.xlsx,57,AL2021,010500,CM,[B],coalition,PS-PAN,VIVA AVEIRO,8901
mapa_1_resultados.xlsx,58,AL2021,010500,AM,B.E.,party,B.E.,,2883
mapa_1_resultados.xlsx,58,AL2021,010500,AM,CH,party,CH,,1609
mapa_1_resultados.xlsx,58,AL2021,010500,AM,IL,party,IL,,1025
mapa_1_resultados.xlsx,58,AL2021,010500,AM,PCP-PEV,coalition,PCP-PEV,,1355
mapa_1_resultados.xlsx,58,AL2021,010500,AM,[A],coalition,PPD/PSD.CDS-PP.PPM,ALIANÇA COM AVEIRO,16271
mapa_1_resultados.xlsx,58,AL2021,010500,AM,[B],coalition,PS-PAN,VIVA AVEIRO,9184
mapa_1_resultados.xlsx,59,AL2021,010501,AF,B.E.,party,B.E.,,175
mapa_1_resultados.xlsx,59,AL2021,010501,AF,CH,party,CH,,138
mapa_1_resultados.xlsx,59,AL2021,010501,AF,PCP-PEV,coalition,PCP-PEV,,81
mapa_1_resultados.xlsx,59,AL2021,010501,AF,[A],coalition,PPD/PSD.CDS-PP.PPM,ALIANÇA COM AVEIRO,1841
mapa_1_resultados.xlsx,59,AL2021,010501,AF,[B],coalition,PS-PAN,VIVA AVEIRO,711
mapa_1_resultados.xlsx,59,AL2021,010501,AF,[D],citizen_group,SA,Sentir Aradas,761
mapa_1_resultados.xlsx,60,AL2021,010502,AF,B.E.,party,B.E.,,190
mapa_1_resultados.xlsx,60,AL2021,010502,AF,PCP-PEV,coalition,PCP-PEV,,110
mapa_1_resultados.xlsx,60,AL2021,010502,AF,[A],coalition,PPD/PSD.CDS-PP.PPM,ALIANÇA COM AVEIRO,1960
mapa_1_resultados.xlsx,60,AL2021,010502,AF,[B],coalition,PS-PAN,VIVA AVEIRO,626
mapa_1_resultados.xlsx,61,AL2021,010505,AF,B.E.,party,B.E.,,404
mapa_1_resultados.xlsx,61,AL2021,010505,AF,CH,party,CH,,271
mapa_1_resultados.xlsx,61,AL2021,010505,AF,PCP-PEV,coalition,PCP-PEV,,244
mapa_1_resultados.xlsx,61,AL2021,010505,AF,[A],coalition,PPD/PSD.CDS-PP.PPM,ALIANÇA COM AVEIRO,2285
mapa_1_resultados.xlsx,61,AL2021,010505,AF,[B],coalition,PS-PAN,VIVA AVEIRO,1755
mapa_1_resultados.xlsx,62,AL2021,010508,AF,B.E.,party,B.E.,,207
mapa_1_resultados.xlsx,62,AL2021,010508,AF,PCP-PEV,coalition,PCP-PEV,,50
mapa_1_resultados.xlsx,62,AL2021,010508,AF,[A],coalition,PPD/PSD.CDS-PP.PPM,ALIANÇA COM AVEIRO,1270
mapa_1_resultados.xlsx,62,AL2021,010508,AF,[B],coalition,PS-PAN,VIVA AVEIRO,371
mapa_1_resultados.xlsx,63,AL2021,010510,AF,B.E.,party,B.E.,,188
mapa_1_resultados.xlsx,63,AL2021,010510,AF,PCP-PEV,coalition,PCP-PEV,,57
mapa_1_resultados.xlsx,63,AL2021,010510,AF,[A],coalition,PPD/PSD.CDS-PP.PPM,ALIANÇA COM AVEIRO,1321
mapa_1_resultados.xlsx,63,AL2021,010510,AF,[D],citizen_group,SB MM,São Bernardo Mais e Melhor,715
mapa_1_resultados.xlsx,64,AL2021,010511,AF,CH,party,CH,,1
mapa_1_resultados.xlsx,64,AL2021,010511,AF,PCP-PEV,coalition,PCP-PEV,,102
mapa_1_resultados.xlsx,64,AL2021,010511,AF,[A],coalition,PPD/PSD.CDS-PP.PPM,ALIANÇA COM AVEIRO,211
mapa_1_resultados.xlsx,64,AL2021,010511,AF,[B],coalition,PS-PAN,VIVA AVEIRO,240
mapa_1_resultados.xlsx,65,AL2021,010513,AF,B.E.,party,B.E.,,274
mapa_1_resultados.xlsx,65,AL2021,010513,AF,PCP-PEV,coalition,PCP-PEV,,113
mapa_1_resultados.xlsx,65,AL2021,010513,AF,[A],coalition,PPD/PSD.CDS-PP.PPM,ALIANÇA COM AVEIRO,1792
mapa_1_resultados.xlsx,65,AL2021,010513,AF,[B],coalition,PS-PAN,VIVA AVEIRO,954
mapa_1_resultados.xlsx,66,AL2021,010515,AF,B.E.,party,B.E.,,141
mapa_1_resultados.xlsx,66,AL2021,010515,AF,PCP-PEV,coalition,PCP-PEV,,72
mapa_1_resultados.xlsx,66,AL2021,010515,AF,[A],coalition,PPD/PSD.CDS-PP.PPM,ALIANÇA COM AVEIRO,1192
mapa_1_resultados.xlsx,66,AL2021,010515,AF,[B],coalition,PS-PAN,VIVA AVEIRO,1140
mapa_1_resultados.xlsx,67,AL2021,010516,AF,B.E.,party,B.E.,,126
mapa_1_resultados.xlsx,67,AL2021,010516,AF,PCP-PEV,coalition,PCP-PEV,,33
mapa_1_resultados.xlsx,67,AL2021,010516,AF,[A],coalition,PPD/PSD.CDS-PP.PPM,ALIANÇA COM AVEIRO,1258
mapa_1_resultados.xlsx,67,AL2021,010516,AF,[B],coalition,PS-PAN,VIVA AVEIRO,516
mapa_1_resultados.xlsx,68,AL2021,010517,AF,B.E.,party,B.E.,,786
mapa_1_resultados.xlsx,68,AL2021,010517,AF,CH,party,CH,,331
mapa_1_resultados.xlsx,68,AL2021,010517,AF,IL,party,IL,,408
mapa_1_resultados.xlsx,68,AL2021,010517,AF,PCP-PEV,coalition,PCP-PEV,,505
mapa_1_resultados.xlsx,68,AL2021,010517,AF,[A],coalition,PPD/PSD.CDS-PP.PPM,ALIANÇA COM AVEIRO,3581
mapa_1_resultados.xlsx,68,AL2021,010517,AF,[B],coalition,PS-PAN,VIVA AVEIRO,2561
mapa_1_resultados.xlsx,69,AL2021,010600,CM,CDS-PP,party,CDS-PP,,43
mapa_1_resultados.xlsx,69,AL2021,010600,CM,PPD/PSD,party,PPD/PSD,,4375
mapa_1_resultados.xlsx,69,AL2021,010600,CM,PS,party,PS,,3417
mapa_1_resultados.xlsx,69,AL2021,010600,CM,PCP-PEV,coalition,PCP-PEV,,92
mapa_1_resultados.xlsx,69,AL2021,010600,CM,[D],citizen_group,MPM,Mudar para Melhor,1544
mapa_1_resultados.xlsx,69,AL2021,010600,CM,[E],citizen_group,UCPT,Um Concelho para Todos,1164
mapa_1_resultados.xlsx,70,AL2021,010600,AM,PPD/PSD,party,PPD/PSD,,4054
mapa_1_resultados.xlsx,70,AL2021,010600,AM,PS,party,PS,,3645
mapa_1_resultados.xlsx,70,AL2021,010600,AM,PCP-PEV,coalition,PCP-PEV,,148
mapa_1_resultados.xlsx,70,AL2021,010600,AM,[D],citizen_group,MPM,Mudar para Melhor,1588
mapa_1_resultados.xlsx,70,AL2021,010600,AM,[E],citizen_group,UCPT,Um Concelho para Todos,1168
mapa_1_resultados.xlsx,71,AL2021,010602,AF,PPD/PSD,party,PPD/PSD,,391
mapa_1_resultados.xlsx,71,AL2021,010602,AF,PS,party,PS,,262
mapa_1_resultados.xlsx,71,AL2021,010602,AF,[D],citizen_group,MPM,Mudar para Melhor,111
mapa_1_resultados.xlsx,71,AL2021,010602,AF,[E],citizen_group,UCPT,Um Concelho para Todos,133
mapa_1_resultados.xlsx,72,AL2021,010606,AF,PPD/PSD,party,PPD/PSD,,179
mapa_1_resultados.xlsx,72,AL2021,010606,AF,PS,party,PS,,203
mapa_1_resultados.xlsx,72,AL2021,010606,AF,[D],citizen_group,MPM,Mudar para Melhor,368
mapa_1_resultados.xlsx,72,AL2021,010606,AF,[E],citizen_group,UCPT,Um Concelho para Todos,102
mapa_1_resultados.xlsx,73,AL2021,010607,AF,PPD/PSD,party,PPD/PSD,,424
mapa_1_resultados.xlsx,73,AL2021,010607,AF,PS,party,PS,,1058
mapa_1_resultados.xlsx,73,AL2021,010607,AF,[D],citizen_group,MPM,Mudar para Melhor,38
mapa_1_resultados.xlsx,73,AL2021,010607,AF,[E],citizen_group,UCPT,Um Concelho para Todos,83
mapa_1_resultados.xlsx,74,AL2021,010608,AF,PPD/PSD,party,PPD/PSD,,911
mapa_1_resultados.xlsx,74,AL2021,010608,AF,PS,party,PS,,350
mapa_1_resultados.xlsx,74,AL2021,010608,AF,[D],citizen_group,MPM,Mudar para Melhor,15
mapa_1_resultados.xlsx,74,AL2021,010608,AF,[E],citizen_group,UCPT,Um Concelho para Todos,70
mapa_1_resultados.xlsx,75,AL2021,010610,AF,PPD/PSD,party,PPD/PSD,,869
mapa_1_resultados.xlsx,75,AL2021,010610,AF,PS,party,PS,,963
mapa_1_resultados.xlsx,75,AL2021,010610,AF,PCP-PEV,coalition,PCP-PEV,,52
mapa_1_resultados.xlsx,75,AL2021,010610,AF,[D],citizen_group,MPM,Mudar para Melhor,413
mapa_1_resultados.xlsx,75,AL2021,010610,AF,[E],citizen_group,UCPT,Um Concelho para Todos,432
mapa_1_resultados.xlsx,76,AL2021,010611,AF,PPD/PSD,party,PPD/PSD,,1421
mapa_1_resultados.xlsx,76,AL2021,010611,AF,PS,party,PS,,1087
mapa_1_resultados.xlsx,76,AL2021,010611,AF,[D],citizen_group,MPM,Mudar para Melhor,271
mapa_1_resultados.xlsx,76,AL2021,010611,AF,[E],citizen_group,UCPT,Um Concelho para Todos,401
mapa_1_resultados.xlsx,77,AL2021,010700,CM,B.E.,party,B.E.,,607
mapa_1_resultados.xlsx,77,AL2021,010700,CM,CDS-PP,party,CDS-PP,,352
mapa_1_resultados.xlsx,77,AL2021,010700,CM,CH,party,CH,,406
mapa_1_resultados.xlsx,77,AL2021,010700,CM,NC,party,NC,,264
mapa_1_resultados.xlsx,77,AL2021,010700,CM,PAN,party,PAN,,362
mapa_1_resultados.xlsx,77,AL2021,010700,CM,PPD/PSD,party,PPD/PSD,,6193
mapa_1_resultados.xlsx,77,AL2021,010700,CM,PS,party,PS,,6616
mapa_1_resultados.xlsx,77,AL2021,010700,CM,PCP-PEV,coalition,PCP-PEV,,796
mapa_1_resultados.xlsx,78,AL2021,010700,AM,B.E.,party,B.E.,,719
mapa_1_resultados.xlsx,78,AL2021,010700,AM,CDS-PP,party,CDS-PP,,454
mapa_1_resultados.xlsx,78,AL2021,010700,AM,CH,party,CH,,477
mapa_1_resultados.xlsx,78,AL2021,010700,AM,NC,party,NC,,350
mapa_1_resultados.xlsx,78,AL2021,010700,AM,PAN,party,PAN,,515
mapa_1_resultados.xlsx,78,AL2021,010700,AM,PPD/PSD,party,PPD/PSD,,5797
mapa_1_resultados.xlsx,78,AL2021,010700,AM,PS,party,PS,,6314
mapa_1_resultados.xlsx,78,AL2021,010700,AM,PCP-PEV,coalition,PCP-PEV,,948
mapa_1_resultados.xlsx,79,AL2021,010702,AF,B.E.,party,B.E.,,276
mapa_1_resultados.xlsx,79,AL2021,010702,AF,CDS-PP,party,CDS-PP,,230
mapa_1_resultados.xlsx,79,AL2021,010702,AF,CH,party,CH,,171
mapa_1_resultados.xlsx,79,AL2021,010702,AF,NC,party,NC,,250
mapa_1_resultados.xlsx,79,AL2021,010702,AF,PPD/PSD,party,PPD/PSD,,2294
mapa_1_resultados.xlsx,79,AL2021,010702,AF,PS,party,PS,,1589
mapa_1_resultados.xlsx,79,AL2021,010702,AF,PCP-PEV,coalition,PCP-PEV,,338
mapa_1_resultados.xlsx,80,AL2021,010704,AF,B.E.,party,B.E.,,66
mapa_1_resultados.xlsx,80,AL2021,010704,AF,PPD/PSD,party,PPD/PSD,,443
mapa_1_resultados.xlsx,80,AL2021,010704,AF,PCP-PEV,coalition,PCP-PEV,,104
mapa_1_resultados.xlsx,80,AL2021,010704,AF,[D],citizen_group,IP,Independentes de Paramos - IP,1062
mapa_1_resultados.xlsx,81,AL2021,010705,AF,B.E.,party,B.E.,,126
mapa_1_resultados.xlsx,81,AL2021,010705,AF,NC,party,NC,,81
mapa_1_resultados.xlsx,81,AL2021,010705,AF,PPD/PSD,party,PPD/PSD,,1236
mapa_1_resultados.xlsx,81,AL2021,010705,AF,PS,party,PS,,1511
mapa_1_resultados.xlsx,81,AL2021,010705,AF,PCP-PEV,coalition,PCP-PEV,,182
mapa_1_resultados.xlsx,82,AL2021,010706,AF,B.E.,party,B.E.,,235
mapa_1_resultados.xlsx,82,AL2021,010706,AF,CH,party,CH,,155
mapa_1_resultados.xlsx,82,AL2021,010706,AF,NC,party,NC,,127
mapa_1_resultados.xlsx,82,AL2021,010706,AF,PPD/PSD,party,PPD/PSD,,2137
mapa_1_resultados.xlsx,82,AL2021,010706,AF,PS,party,PS,,2656
mapa_1_resultados.xlsx,82,AL2021,010706,AF,PCP-PEV,coalition,PCP-PEV,,339
mapa_1_resultados.xlsx,83,AL2021,010800,CM,CH,party,CH,,429
mapa_1_resultados.xlsx,83,AL2021,010800,CM,PS,party,PS,,3846
mapa_1_resultados.xlsx,83,AL2021,010800,CM,PCP-PEV,coalition,PCP-PEV,,628
mapa_1_resultados.xlsx,83,AL2021,010800,CM,[A],coalition,PPD/PSD.CDS-PP,SEMPRE MAIS!,6014
mapa_1_resultados.xlsx,84,AL2021,010800,AM,PS,party,PS,,4067
mapa_1_resultados.xlsx,84,AL2021,010800,AM,PCP-PEV,coalition,PCP-PEV,,868
mapa_1_resultados.xlsx,84,AL2021,010800,AM,[A],coalition,PPD/PSD.CDS-PP,SEMPRE MAIS!,5887
mapa_1_resultados.xlsx,85,AL2021,010801,AF,PS,party,PS,,1351
mapa_1_resultados.xlsx,85,AL2021,010801,AF,PCP-PEV,coalition,PCP-PEV,,104
mapa_1_resultados.xlsx,85,AL2021,010801,AF,[A],coalition,PPD/PSD.CDS-PP,SEMPRE MAIS!,970
mapa_1_resultados.xlsx,86,AL2021,010805,AF,PS,party,PS,,302
mapa_1_resultados.xlsx,86,AL2021,010805,AF,PCP-PEV,coalition,PCP-PEV,,247
mapa_1_resultados.xlsx,86,AL2021,010805,AF,[A],coalition,PPD/PSD.CDS-PP,SEMPRE MAIS!,1052
mapa_1_resultados.xlsx,87,AL2021,010806,AF,PS,party,PS,,1253
mapa_1_resultados.xlsx,87,AL2021,010806,AF,PCP-PEV,coalition,PCP-PEV,,30
mapa_1_resultados.xlsx,87,AL2021,010806,AF,[A],coalition,PPD/PSD.CDS-PP,SEMPRE MAIS!,398
mapa_1_resultados.xlsx,88,AL2021,010808,AF,PS,party,PS,,1250
mapa_1_resultados.xlsx,88,AL2021,010808,AF,PCP-PEV,coalition,PCP-PEV,,362
mapa_1_resultados.xlsx,88,AL2021,010808,AF,[A],coalition,PPD/PSD.CDS-PP,SEMPRE MAIS!,2266
mapa_1_resultados.xlsx,89,AL2021,010809,AF,PS,party,PS,,439
mapa_1_resultados.xlsx,89,AL2021,010809,AF,PCP-PEV,coalition,PCP-PEV,,133
mapa_1_resultados.xlsx,89,AL2021,010809,AF,[A],coalition,PPD/PSD.CDS-PP,SEMPRE MAIS!,710
mapa_1_resultados.xlsx,90,AL2021,010900,CM,B.E.,party,B.E.,,2596
mapa_1_resultados.xlsx,90,AL2021,010900,CM,CDS-PP,party,CDS-PP,,2275
mapa_1_resultados.xlsx,90,AL2021,010900,CM,CH,party,CH,,1979
mapa_1_resultados.xlsx,90,AL2021,010900,CM,IL,party,IL,,1899
mapa_1_resultados.xlsx,90,AL2021,010900,CM,PAN,party,PAN,,1029
mapa_1_resultados.xlsx,90,AL2021,010900,CM,PPD/PSD,party,PPD/PSD,,34177
mapa_1_resultados.xlsx,90,AL2021,010900,CM,PS,party,PS,,21028
mapa_1_resultados.xlsx,90,AL2021,010900,CM,PCP-PEV,coalition,PCP-PEV,,1628
mapa_1_resultados.xlsx,91,AL2021,010900,AM,B.E.,party,B.E.,,2952
mapa_1_resultados.xlsx,91,AL2021,010900,AM,CDS-PP,party,CDS-PP,,2646
mapa_1_resultados.xlsx,91,AL2021,010900,AM,CH,party,CH,,2167
mapa_1_resultados.xlsx,91,AL2021,010900,AM,IL,party,IL,,2421
mapa_1_resultados.xlsx,91,AL2021,010900,AM,PAN,party,PAN,,1301
mapa_1_resultados.xlsx,91,AL2021,010900,AM,PPD/PSD,party,PPD/PSD,,30905
mapa_1_resultados.xlsx,91,AL2021,010900,AM,PS,party,PS,,22102
mapa_1_resultados.xlsx,91,AL2021,010900,AM,PCP-PEV,coalition,PCP-PEV,,1864
mapa_1_resultados.xlsx,92,AL2021,010901,AF,B.E.,party,B.E.,,76
mapa_1_resultados.xlsx,92,AL2021,010901,AF,CDS-PP,party,CDS-PP,,210
mapa_1_resultados.xlsx,92,AL2021,010901,AF,CH,party,CH,,145
mapa_1_resultados.xlsx,92,AL2021,010901,AF,IL,party,IL,,450
mapa_1_resultados.xlsx,92,AL2021,010901,AF,PPD/PSD,party,PPD/PSD,,1878
mapa_1_resultados.xlsx,92,AL2021,010901,AF,PS,party,PS,,1596
mapa_1_resultados.xlsx,92,AL2021,010901,AF,PCP-PEV,coalition,PCP-PEV,,59
mapa_1_resultados.xlsx,93,AL2021,010902,AF,B.E.,party,B.E.,,116
mapa_1_resultados.xlsx,93,AL2021,010902,AF,CDS-PP,party,CDS-PP,,464
mapa_1_resultados.xlsx,93,AL2021,010902,AF,PPD/PSD,party,PPD/PSD,,1230
mapa_1_resultados.xlsx,93,AL2021,010902,AF,PS,party,PS,,594
mapa_1_resultados.xlsx,93,AL2021,010902,AF,PCP-PEV,coalition,PCP-PEV,,79
mapa_1_resultados.xlsx,94,AL2021,010904,AF,B.E.,party,B.E.,,49
mapa_1_resultados.xlsx,94,AL2021,010904,AF,CDS-PP,party,CDS-PP,,76
mapa_1_resultados.xlsx,94,AL2021,010904,AF,PPD/PSD,party,PPD/PSD,,856
mapa_1_resultados.xlsx,94,AL2021,010904,AF,PS,party,PS,,756
mapa_1_resultados.xlsx,95,AL2021,010907,AF,B.E.,party,B.E.,,245
mapa_1_resultados.xlsx,95,AL2021,010907,AF,CDS-PP,party,CDS-PP,,142
mapa_1_resultados.xlsx,95,AL2021,010907,AF,PPD/PSD,party,PPD/PSD,,1309
mapa_1_resultados.xlsx,95,AL2021,010907,AF,PS,party,PS,,1249
mapa_1_resultados.xlsx,95,AL2021,010907,AF,PCP-PEV,coalition,PCP-PEV,,511
mapa_1_resultados.xlsx,96,AL2021,010908,AF,B.E.,party,B.E.,,51
mapa_1_resultados.xlsx,96,AL2021,010908,AF,CDS-PP,party,CDS-PP,,78
mapa_1_resultados.xlsx,96,AL2021,010908,AF,PPD/PSD,party,PPD/PSD,,956
mapa_1_resultados.xlsx,96,AL2021,010908,AF,PS,party,PS,,469
mapa_1_resultados.xlsx,96,AL2021,010908,AF,PCP-PEV,coalition,PCP-PEV,,125
mapa_1_resultados.xlsx,97,AL2021,010913,AF,B.E.,party,B.E.,,126
mapa_1_resultados.xlsx,97,AL2021,010913,AF,CDS-PP,party,CDS-PP,,86
mapa_1_resultados.xlsx,97,AL2021,010913,AF,IL,party,IL,,147
mapa_1_resultados.xlsx,97,AL2021,010913,AF,PPD/PSD,party,PPD/PSD,,2088
mapa_1_resultados.xlsx,97,AL2021,010913,AF,PS,party,PS,,1669
mapa_1_resultados.xlsx,97,AL2021,010913,AF,PCP-PEV,coalition,PCP-PEV,,47
mapa_1_resultados.xlsx,98,AL2021,010914,AF,CDS-PP,party,CDS-PP,,42
mapa_1_resultados.xlsx,98,AL2021,010914,AF,PPD/PSD,party,PPD/PSD,,674
mapa_1_resultados.xlsx,98,AL2021,010914,AF,PCP-PEV,coalition,PCP-PEV,,50
mapa_1_resultados.xlsx,98,AL2021,010914,AF,[D],citizen_group,MM,Mais Milheirós,1142
mapa_1_resultados.xlsx,99,AL2021,010916,AF,B.E.,party,B.E.,,187
mapa_1_resultados.xlsx,99,AL2021,010916,AF,CDS-PP,party,CDS-PP,,108
mapa_1_resultados.xlsx,99,AL2021,010916,AF,CH,party,CH,,105
mapa_1_resultados.xlsx,99,AL2021,010916,AF,PPD/PSD,party,PPD/PSD,,1711
mapa_1_resultados.xlsx,99,AL2021,010916,AF,PS,party,PS,,1394
mapa_1_resultados.xlsx,99,AL2021,010916,AF,PCP-PEV,coalition,PCP-PEV,,85
mapa_1_resultados.xlsx,100,AL2021,010917,AF,B.E.,party,B.E.,,108
mapa_1_resultados.xlsx,100,AL2021,010917,AF,PS,party,PS,,1586
mapa_1_resultados.xlsx,100,AL2021,010917,AF,PCP-PEV,coalition,PCP-PEV,,53
mapa_1_resultados.xlsx,100,AL2021,010917,AF,[A],coalition,PPD/PSD.CDS-PP,NOGUEIRA COM VIDA,1208
mapa_1_resultados.xlsx,101,AL2021,010918,AF,B.E.,party,B.E.,,103
mapa_1_resultados.xlsx,101,AL2021,010918,AF,CDS-PP,party,CDS-PP,,49
mapa_1_resultados.xlsx,101,AL2021,010918,AF,PPD/PSD,party,PPD/PSD,,1163
mapa_1_resultados.xlsx,101,AL2021,010918,AF,PS,party,PS,,362
mapa_1_resultados.xlsx,101,AL2021,010918,AF,PCP-PEV,coalition,PCP-PEV,,220
mapa_1_resultados.xlsx,102,AL2021,010919,AF,B.E.,party,B.E.,,106
mapa_1_resultados.xlsx,102,AL2021,010919,AF,CDS-PP,party,CDS-PP,,293
mapa_1_resultados.xlsx,102,AL2021,010919,AF,CH,party,CH,,84
mapa_1_resultados.xlsx,102,AL2021,010919,AF,PPD/PSD,party,PPD/PSD,,1119
mapa_1_resultados.xlsx,102,AL2021,010919,AF,PS,party,PS,,881
mapa_1_resultados.xlsx,102,AL2021,010919,AF,PCP-PEV,coalition,PCP-PEV,,59
mapa_1_resultados.xlsx,103,AL2021,010921,AF,B.E.,party,B.E.,,94
mapa_1_resultados.xlsx,103,AL2021,010921,AF,CDS-PP,party,CDS-PP,,78
mapa_1_resultados.xlsx,103,AL2021,010921,AF,PPD/PSD,party,PPD/PSD,,1701
mapa_1_resultados.xlsx,103,AL2021,010921,AF,PS,party,PS,,575
mapa_1_resultados.xlsx,103,AL2021,010921,AF,PCP-PEV,coalition,PCP-PEV,,36
mapa_1_resultados.xlsx,104,AL2021,010922,AF,B.E.,party,B.E.,,35
mapa_1_resultados.xlsx,104,AL2021,010922,AF,CDS-PP,party,CDS-PP,,179
mapa_1_resultados.xlsx,104,AL2021,010922,AF,PPD/PSD,party,PPD/PSD,,861
mapa_1_resultados.xlsx,104,AL2021,010922,AF,PS,party,PS,,391
mapa_1_resultados.xlsx,105,AL2021,010924,AF,B.E.,party,B.E.,,38
mapa_1_resultados.xlsx,105,AL2021,010924,AF,PPD/PSD,party,PPD/PSD,,520
mapa_1_resultados.xlsx,105,AL2021,010924,AF,PS,party,PS,,1275
mapa_1_resultados.xlsx,105,AL2021,010924,AF,PCP-PEV,coalition,PCP-PEV,,66
mapa_1_resultados.xlsx,106,AL2021,010925,AF,B.E.,party,B.E.,,112
mapa_1_resultados.xlsx,106,AL2021,010925,AF,CDS-PP,party,CDS-PP,,359
mapa_1_resultados.xlsx,106,AL2021,010925,AF,IL,party,IL,,162
mapa_1_resultados.xlsx,106,AL2021,010925,AF,PPD/PSD,party,PPD/PSD,,1227
mapa_1_resultados.xlsx,106,AL2021,010925,AF,PS,party,PS,,713
mapa_1_resultados.xlsx,106,AL2021,010925,AF,PCP-PEV,coalition,PCP-PEV,,63
mapa_1_resultados.xlsx,107,AL2021,010926,AF,B.E.,party,B.E.,,177
mapa_1_resultados.xlsx,107,AL2021,010926,AF,CDS-PP,party,CDS-PP,,218
mapa_1_resultados.xlsx,107,AL2021,010926,AF,CH,party,CH,,95
mapa_1_resultados.xlsx,107,AL2021,010926,AF,PPD/PSD,party,PPD/PSD,,3158
mapa_1_resultados.xlsx,107,AL2021,010926,AF,PS,party,PS,,1386
mapa_1_resultados.xlsx,107,AL2021,010926,AF,PCP-PEV,coalition,PCP-PEV,,97
mapa_1_resultados.xlsx,108,AL2021,010932,AF,B.E.,party,B.E.,,28
mapa_1_resultados.xlsx,108,AL2021,010932,AF,CDS-PP,party,CDS-PP,,41
mapa_1_resultados.xlsx,108,AL2021,010932,AF,PPD/PSD,party,PPD/PSD,,1055
mapa_1_resultados.xlsx,108,AL2021,010932,AF,PS,party,PS,,914
mapa_1_resultados.xlsx,108,AL2021,010932,AF,PCP-PEV,coalition,PCP-PEV,,47
mapa_1_resultados.xlsx,109,AL2021,010933,AF,B.E.,party,B.E.,,216
mapa_1_resultados.xlsx,109,AL2021,010933,AF,CDS-PP,party,CDS-PP,,692
mapa_1_resultados.xlsx,109,AL2021,010933,AF,CH,party,CH,,178
mapa_1_resultados.xlsx,109,AL2021,010933,AF,PPD/PSD,party,PPD/PSD,,1569
mapa_1_resultados.xlsx,109,AL2021,010933,AF,PS,party,PS,,858
mapa_1_resultados.xlsx,109,AL2021,010933,AF,PCP-PEV,coalition,PCP-PEV,,97
mapa_1_resultados.xlsx,110,AL2021,010934,AF,B.E.,party,B.E.,,133
mapa_1_resultados.xlsx,110,AL2021,010934,AF,CDS-PP,party,CDS-PP,,202
mapa_1_resultados.xlsx,110,AL2021,010934,AF,PPD/PSD,party,PPD/PSD,,2123
mapa_1_resultados.xlsx,110,AL2021,010934,AF,PS,party,PS,,2345
mapa_1_resultados.xlsx,110,AL2021,010934,AF,PCP-PEV,coalition,PCP-PEV,,67
mapa_1_resultados.xlsx,111,AL2021,010935,AF,B.E.,party,B.E.,,387
mapa_1_resultados.xlsx,111,AL2021,010935,AF,CDS-PP,party,CDS-PP,,162
mapa_1_resultados.xlsx,111,AL2021,010935,AF,CH,party,CH,,257
mapa_1_resultados.xlsx,111,AL2021,010935,AF,IL,party,IL,,727
mapa_1_resultados.xlsx,111,AL2021,010935,AF,PPD/PSD,party,PPD/PSD,,4802
mapa_1_resultados.xlsx,111,AL2021,010935,AF,PS,party,PS,,2474
mapa_1_resultados.xlsx,111,AL2021,010935,AF,PCP-PEV,coalition,PCP-PEV,,256
mapa_1_resultados.xlsx,112,AL2021,010936,AF,B.E.,party,B.E.,,126
mapa_1_resultados.xlsx,112,AL2021,010936,AF,CDS-PP,party,CDS-PP,,232
mapa_1_resultados.xlsx,112,AL2021,010936,AF,PPD/PSD,party,PPD/PSD,,1156
mapa_1_resultados.xlsx,112,AL2021,010936,AF,PS,party,PS,,1477
mapa_1_resultados.xlsx,112,AL2021,010936,AF,PCP-PEV,coalition,PCP-PEV,,54
mapa_1_resultados.xlsx,113,AL2021,011000,CM,B.E.,party,B.E.,,379
mapa_1_resultados.xlsx,113,AL2021,011000,CM,CDS-PP,party,CDS-PP,,257
mapa_1_resultados.xlsx,113,AL2021,011000,CM,CH,party,CH,,722
mapa_1_resultados.xlsx,113,AL2021,011000,CM,PPD/PSD,party,PPD/PSD,,5171
mapa_1_resultados.xlsx,113,AL2021,011000,CM,PS,party,PS,,3400
mapa_1_resultados.xlsx,113,AL2021,011000,CM,PCP-PEV,coalition,PCP-PEV,,257
mapa_1_resultados.xlsx,113,AL2021,011000,CM,[D],citizen_group,UPF,Unir Para Fazer,5471
mapa_1_resultados.xlsx,114,AL2021,011000,AM,B.E.,party,B.E.,,449
mapa_1_resultados.xlsx,114,AL2021,011000,AM,CDS-PP,party,CDS-PP,,332
mapa_1_resultados.xlsx,114,AL2021,011000,AM,CH,party,CH,,824
mapa_1_resultados.xlsx,114,AL2021,011000,AM,PPD/PSD,party,PPD/PSD,,4984
mapa_1_resultados.xlsx,114,AL2021,011000,AM,PS,party,PS,,3775
mapa_1_resultados.xlsx,114,AL2021,011000,AM,PCP-PEV,coalition,PCP-PEV,,320
mapa_1_resultados.xlsx,114,AL2021,011000,AM,[D],citizen_group,UPF,Unir Para Fazer,4870
mapa_1_resultados.xlsx,115,AL2021,011005,AF,B.E.,party,B.E.,,56
mapa_1_resultados.xlsx,115,AL2021,011005,AF,CH,party,CH,,160
mapa_1_resultados.xlsx,115,AL2021,011005,AF,PPD/PSD,party,PPD/PSD,,866
mapa_1_resultados.xlsx,115,AL2021,011005,AF,PS,party,PS,,777
mapa_1_resultados.xlsx,115,AL2021,011005,AF,PCP-PEV,coalition,PCP-PEV,,24
mapa_1_resultados.xlsx,115,AL2021,011005,AF,[D],citizen_group,UPF,Unir Para Fazer,319
mapa_1_resultados.xlsx,116,AL2021,011006,AF,CH,party,CH,,392
mapa_1_resultados.xlsx,116,AL2021,011006,AF,PPD/PSD,party,PPD/PSD,,2369
mapa_1_resultados.xlsx,116,AL2021,011006,AF,PS,party,PS,,1503
mapa_1_resultados.xlsx,116,AL2021,011006,AF,PCP-PEV,coalition,PCP-PEV,,147
mapa_1_resultados.xlsx,116,AL2021,011006,AF,[D],citizen_group,UPF,Unir Para Fazer,1168
mapa_1_resultados.xlsx,117,AL2021,011007,AF,PPD/PSD,party,PPD/PSD,,506
mapa_1_resultados.xlsx,117,AL2021,011007,AF,PS,party,PS,,294
mapa_1_resultados.xlsx,117,AL2021,011007,AF,PCP-PEV,coalition,PCP-PEV,,14
mapa_1_resultados.xlsx,117,AL2021,011007,AF,[D],citizen_group,UPF,Unir Para Fazer,84
mapa_1_resultados.xlsx,118,AL2021,011008,AF,B.E.,party,B.E.,,187
mapa_1_resultados.xlsx,118,AL2021,011008,AF,PPD/PSD,party,PPD/PSD,,1744
mapa_1_resultados.xlsx,118,AL2021,011008,AF,PS,party,PS,,1424
mapa_1_resultados.xlsx,118,AL2021,011008,AF,PCP-PEV,coalition,PCP-PEV,,153
mapa_1_resultados.xlsx,118,AL2021,011008,AF,[D],citizen_group,UPF,Unir Para Fazer,3387
mapa_1_resultados.xlsx,119,AL2021,011100,CM,B.E.,party,B.E.,,296
mapa_1_resultados.xlsx,119,AL2021,011100,CM,CH,party,CH,,151
mapa_1_resultados.xlsx,119,AL2021,011100,CM,PS,party,PS,,2824
mapa_1_resultados.xlsx,119,AL2021,011100,CM,PCP-PEV,coalition,PCP-PEV,,408
mapa_1_resultados.xlsx,119,AL2021,011100,CM,[A],coalition,PPD/PSD.CDS-PP.IL.MPT.PPM.,JUNTOS PELO CONCELHO DA MEALHADA,1835
mapa_1_resultados.xlsx,119,AL2021,011100,CM,[D],citizen_group,MMMI,Mais e Melhor - Movimento Independente,3615
mapa_1_resultados.xlsx,120,AL2021,011100,AM,B.E.,party,B.E.,,360
mapa_1_resultados.xlsx,120,AL2021,011100,AM,PS,party,PS,,2833
mapa_1_resultados.xlsx,120,AL2021,011100,AM,PCP-PEV,coalition,PCP-PEV,,463
mapa_1_resultados.xlsx,120,AL2021,011100,AM,[A],coalition,PPD/PSD.CDS-PP.IL.MPT.PPM.,JUNTOS PELO CONCELHO DA MEALHADA,1894
mapa_1_resultados.xlsx,120,AL2021,011100,AM,[D],citizen_group,MMMI,Mais e Melhor - Movimento Independente,3563
mapa_1_resultados.xlsx,121,AL2021,011102,AF,PS,party,PS,,431
mapa_1_resultados.xlsx,121,AL2021,011102,AF,PCP-PEV,coalition,PCP-PEV,,55
mapa_1_resultados.xlsx,121,AL2021,011102,AF,[A],coalition,PPD/PSD.CDS-PP.IL.MPT.PPM.,JUNTOS PELO CONCELHO DA MEALHADA,197
mapa_1_resultados.xlsx,121,AL2021,011102,AF,[D],citizen_group,MMMI,Mais e Melhor - Movimento Independente,274
mapa_1_resultados.xlsx,122,AL2021,011103,AF,B.E.,party,B.E.,,30
mapa_1_resultados.xlsx,122,AL2021,011103,AF,PS,party,PS,,459
mapa_1_resultados.xlsx,122,AL2021,011103,AF,PCP-PEV,coalition,PCP-PEV,,44
mapa_1_resultados.xlsx,122,AL2021,011103,AF,[A],coalition,PPD/PSD.CDS-PP.IL.MPT.PPM.,JUNTOS PELO CONCELHO DA MEALHADA,172
mapa_1_resultados.xlsx,122,AL2021,011103,AF,[D],citizen_group,MMMI,Mais e Melhor - Movimento Independente,773
mapa_1_resultados.xlsx,123,AL2021,011104,AF,B.E.,party,B.E.,,42
mapa_1_resultados.xlsx,123,AL2021,011104,AF,PS,party,PS,,644
mapa_1_resultados.xlsx,123,AL2021,011104,AF,PCP-PEV,coalition,PCP-PEV,,80
mapa_1_resultados.xlsx,123,AL2021,011104,AF,[A],coalition,PPD/PSD.CDS-PP.IL.MPT.PPM.,JUNTOS PELO CONCELHO DA MEALHADA,160
mapa_1_resultados.xlsx,123,AL2021,011104,AF,[D],citizen_group,MMMI,Mais e Melhor - Movimento Independente,363
mapa_1_resultados.xlsx,124,AL2021,011106,AF,B.E.,party,B.E.,,79
mapa_1_resultados.xlsx,124,AL2021,011106,AF,PS,party,PS,,416
mapa_1_resultados.xlsx,124,AL2021,011106,AF,PCP-PEV,coalition,PCP-PEV,,178
mapa_1_resultados.xlsx,124,AL2021,011106,AF,[A],coalition,PPD/PSD.CDS-PP.IL.MPT.PPM.,JUNTOS PELO CONCELHO DA MEALHADA,415
mapa_1_resultados.xlsx,124,AL2021,011106,AF,[D],citizen_group,MMMI,Mais e Melhor - Movimento Independente,561
mapa_1_resultados.xlsx,125,AL2021,011107,AF,B.E.,party,B.E.,,36
mapa_1_resultados.xlsx,125,AL2021,011107,AF,PS,party,PS,,386
mapa_1_resultados.xlsx,125,AL2021,011107,AF,PCP-PEV,coalition,PCP-PEV,,61
mapa_1_resultados.xlsx,125,AL2021,011107,AF,[A],coalition,PPD/PSD.CDS-PP.IL.MPT.PPM.,JUNTOS PELO CONCELHO DA MEALHADA,193
mapa_1_resultados.xlsx,125,AL2021,011107,AF,[D],citizen_group,MMMI,Mais e Melhor - Movimento Independente,219
mapa_1_resultados.xlsx,126,AL2021,011109,AF,B.E.,party,B.E.,,109
mapa_1_resultados.xlsx,126,AL2021,011109,AF,PS,party,PS,,935
mapa_1_resultados.xlsx,126,AL2021,011109,AF,PCP-PEV,coalition,PCP-PEV,,89
mapa_1_resultados.xlsx,126,AL2021,011109,AF,[A],coalition,PPD/PSD.CDS-PP.IL.MPT.PPM.,JUNTOS PELO CONCELHO DA MEALHADA,706
mapa_1_resultados.xlsx,126,AL2021,011109,AF,[D],citizen_group,MMMI,Mais e Melhor - Movimento Independente,1039
mapa_1_resultados.xlsx,127,AL2021,011200,CM,CDS-PP,party,CDS-PP,,228
mapa_1_resultados.xlsx,127,AL2021,011200,CM,CH,party,CH,,94
mapa_1_resultados.xlsx,127,AL2021,011200,CM,PPD/PSD,party,PPD/PSD,,3334
mapa_1_resultados.xlsx,127,AL2021,011200,CM,PS,party,PS,,749
mapa_1_resultados.xlsx,127,AL2021,011200,CM,PCP-PEV,coalition,PCP-PEV,,108
mapa_1_resultados.xlsx,128,AL2021,011200,AM,CDS-PP,party,CDS-PP,,330
mapa_1_resultados.xlsx,128,AL2021,011200,AM,PPD/PSD,party,PPD/PSD,,3055
mapa_1_resultados.xlsx,128,AL2021,011200,AM,PS,party,PS,,994
mapa_1_resultados.xlsx,128,AL2021,011200,AM,PCP-PEV,coalition,PCP-PEV,,121
mapa_1_resultados.xlsx,129,AL2021,011201,AF,CDS-PP,party,CDS-PP,,44
mapa_1_resultados.xlsx,129,AL2021,011201,AF,PPD/PSD,party,PPD/PSD,,779
mapa_1_resultados.xlsx,129,AL2021,011201,AF,PS,party,PS,,290
mapa_1_resultados.xlsx,129,AL2021,011201,AF,PCP-PEV,coalition,PCP-PEV,,34
mapa_1_resultados.xlsx,130,AL2021,011202,AF,PPD/PSD,party,PPD/PSD,,612
mapa_1_resultados.xlsx,130,AL2021,011202,AF,PS,party,PS,,113
mapa_1_resultados.xlsx,131,AL2021,011203,AF,CDS-PP,party,CDS-PP,,43
mapa_1_resultados.xlsx,131,AL2021,011203,AF,PPD/PSD,party,PPD/PSD,,975
mapa_1_resultados.xlsx,131,AL2021,011203,AF,PS,party,PS,,222
mapa_1_resultados.xlsx,131,AL2021,011203,AF,PCP-PEV,coalition,PCP-PEV,,29
mapa_1_resultados.xlsx,132,AL2021,011204,AF,CDS-PP,party,CDS-PP,,445
mapa_1_resultados.xlsx,132,AL2021,011204,AF,PPD/PSD,party,PPD/PSD,,492
mapa_1_resultados.xlsx,132,AL2021,011204,AF,PS,party,PS,,381
mapa_1_resultados.xlsx,132,AL2021,011204,AF,PCP-PEV,coalition,PCP-PEV,,35
mapa_1_resultados.xlsx,133,AL2021,011300,CM,B.E.,party,B.E.,,857
mapa_1_resultados.xlsx,133,AL2021,011300,CM,CH,party,CH,,1011
mapa_1_resultados.xlsx,133,AL2021,011300,CM,PS,party,PS,,17749
mapa_1_resultados.xlsx,133,AL2021,011300,CM,PCP-PEV,coalition,PCP-PEV,,483
mapa_1_resultados.xlsx,133,AL2021,011300,CM,[A],coalition,PPD/PSD.CDS-PP,PELAS PESSOAS,10813
mapa_1_resultados.xlsx,134,AL2021,011300,AM,B.E.,party,B.E.,,1138
mapa_1_resultados.xlsx,134,AL2021,011300,AM,CH,party,CH,,1151
mapa_1_resultados.xlsx,134,AL2021,011300,AM,PS,party,PS,,16414
mapa_1_resultados.xlsx,134,AL2021,011300,AM,PCP-PEV,coalition,PCP-PEV,,610
mapa_1_resultados.xlsx,134,AL2021,011300,AM,[A],coalition,PPD/PSD.CDS-PP,PELAS PESSOAS,11443
mapa_1_resultados.xlsx,135,AL2021,011301,AF,CH,party,CH,,104
mapa_1_resultados.xlsx,135,AL2021,011301,AF,PS,party,PS,,958
mapa_1_resultados.xlsx,135,AL2021,011301,AF,[A],coalition,PPD/PSD.CDS-PP,PELAS PESSOAS,798
mapa_1_resultados.xlsx,136,AL2021,011302,AF,B.E.,party,B.E.,,189
mapa_1_resultados.xlsx,136,AL2021,011302,AF,PCP-PEV,coalition,PCP-PEV,,179
mapa_1_resultados.xlsx,136,AL2021,011302,AF,[D],citizen_group,IC,IC - Independentes Por Cesar,1011
mapa_1_resultados.xlsx,137,AL2021,011303,AF,PS,party,PS,,1165
mapa_1_resultados.xlsx,137,AL2021,011303,AF,PCP-PEV,coalition,PCP-PEV,,234
mapa_1_resultados.xlsx,138,AL2021,011304,AF,PS,party,PS,,515
mapa_1_resultados.xlsx,138,AL2021,011304,AF,[A],coalition,PPD/PSD.CDS-PP,PELAS PESSOAS,1272
mapa_1_resultados.xlsx,139,AL2021,011305,AF,PS,party,PS,,508
mapa_1_resultados.xlsx,139,AL2021,011305,AF,PCP-PEV,coalition,PCP-PEV,,35
mapa_1_resultados.xlsx,139,AL2021,011305,AF,[A],coalition,PPD/PSD.CDS-PP,PELAS PESSOAS,529
mapa_1_resultados.xlsx,140,AL2021,011310,AF,PS,party,PS,,554
mapa_1_resultados.xlsx,140,AL2021,011310,AF,[A],coalition,PPD/PSD.CDS-PP,PELAS PESSOAS,587
mapa_1_resultados.xlsx,141,AL2021,011315,AF,PS,party,PS,,952
mapa_1_resultados.xlsx,142,AL2021,011318,AF,PS,party,PS,,1351
mapa_1_resultados.xlsx,142,AL2021,011318,AF,PCP-PEV,coalition,PCP-PEV,,55
mapa_1_resultados.xlsx,142,AL2021,011318,AF,[A],coalition,PPD/PSD.CDS-PP,PELAS PESSOAS,1119
mapa_1_resultados.xlsx,143,AL2021,011319,AF,B.E.,party,B.E.,,129
mapa_1_resultados.xlsx,143,AL2021,011319,AF,CH,party,CH,,114
mapa_1_resultados.xlsx,143,AL2021,011319,AF,PS,party,PS,,2687
mapa_1_resultados.xlsx,143,AL2021,011319,AF,PCP-PEV,coalition,PCP-PEV,,84
mapa_1_resultados.xlsx,143,AL2021,011319,AF,[A],coalition,PPD/PSD.CDS-PP,PELAS PESSOAS,1324
mapa_1_resultados.xlsx,144,AL2021,011320,AF,PS,party,PS,,1452
mapa_1_resultados.xlsx,144,AL2021,011320,AF,PCP-PEV,coalition,PCP-PEV,,61
mapa_1_resultados.xlsx,144,AL2021,011320,AF,[A],coalition,PPD/PSD.CDS-PP,PELAS PESSOAS,1082
mapa_1_resultados.xlsx,145,AL2021,011321,AF,B.E.,party,B.E.,,319
mapa_1_resultados.xlsx,145,AL2021,011321,AF,CH,party,CH,,289
mapa_1_resultados.xlsx,145,AL2021,011321,AF,PS,party,PS,,4156
mapa_1_resultados.xlsx,145,AL2021,011321,AF,PCP-PEV,coalition,PCP-PEV,,141
mapa_1_resultados.xlsx,145,AL2021,011321,AF,[A],coalition,PPD/PSD.CDS-PP,PELAS PESSOAS,3778
mapa_1_resultados.xlsx,146,AL2021,011322,AF,B.E.,party,B.E.,,222
mapa_1_resultados.xlsx,146,AL2021,011322,AF,CH,party,CH,,265
mapa_1_resultados.xlsx,146,AL2021,011322,AF,PCP-PEV,coalition,PCP-PEV,,146
mapa_1_resultados.xlsx,146,AL2021,011322,AF,[D],citizen_group,JPNU,JPNU - Juntos Pela Nossa União,2080
mapa_1_resultados.xlsx,147,AL2021,011400,CM,CDS-PP,party,CDS-PP,,4984
mapa_1_resultados.xlsx,147,AL2021,011400,CM,CH,party,CH,,532
mapa_1_resultados.xlsx,147,AL2021,011400,CM,PPD/PSD,party,PPD/PSD,,3882
mapa_1_resultados.xlsx,147,AL2021,011400,CM,PS,party,PS,,915
mapa_1_resultados.xlsx,147,AL2021,011400,CM,PCP-PEV,coalition,PCP-PEV,,118
mapa_1_resultados.xlsx,148,AL2021,011400,AM,CDS-PP,party,CDS-PP,,4377
mapa_1_resultados.xlsx,148,AL2021,011400,AM,CH,party,CH,,603
mapa_1_resultados.xlsx,148,AL2021,011400,AM,PPD/PSD,party,PPD/PSD,,3985
mapa_1_resultados.xlsx,148,AL2021,011400,AM,PS,party,PS,,1292
mapa_1_resultados.xlsx,148,AL2021,011400,AM,PCP-PEV,coalition,PCP-PEV,,149
mapa_1_resultados.xlsx,149,AL2021,011403,AF,CDS-PP,party,CDS-PP,,822
mapa_1_resultados.xlsx,149,AL2021,011403,AF,CH,party,CH,,265
mapa_1_resultados.xlsx,149,AL2021,011403,AF,PPD/PSD,party,PPD/PSD,,1735
mapa_1_resultados.xlsx,149,AL2021,011403,AF,PS,party,PS,,373
mapa_1_resultados.xlsx,149,AL2021,011403,AF,PCP-PEV,coalition,PCP-PEV,,45
mapa_1_resultados.xlsx,150,AL2021,011404,AF,CDS-PP,party,CDS-PP,,738
mapa_1_resultados.xlsx,150,AL2021,011404,AF,CH,party,CH,,113
mapa_1_resultados.xlsx,150,AL2021,011404,AF,PPD/PSD,party,PPD/PSD,,1675
mapa_1_resultados.xlsx,150,AL2021,011404,AF,PS,party,PS,,228
mapa_1_resultados.xlsx,151,AL2021,011405,AF,CDS-PP,party,CDS-PP,,358
mapa_1_resultados.xlsx,151,AL2021,011405,AF,CH,party,CH,,49
mapa_1_resultados.xlsx,151,AL2021,011405,AF,PPD/PSD,party,PPD/PSD,,865
mapa_1_resultados.xlsx,151,AL2021,011405,AF,PS,party,PS,,85
mapa_1_resultados.xlsx,152,AL2021,011407,AF,CDS-PP,party,CDS-PP,,1506
mapa_1_resultados.xlsx,152,AL2021,011407,AF,CH,party,CH,,109
mapa_1_resultados.xlsx,152,AL2021,011407,AF,PPD/PSD,party,PPD/PSD,,783
mapa_1_resultados.xlsx,152,AL2021,011407,AF,PS,party,PS,,579
mapa_1_resultados.xlsx,152,AL2021,011407,AF,PCP-PEV,coalition,PCP-PEV,,101
mapa_1_resultados.xlsx,153,AL2021,011500,CM,B.E.,party,B.E.,,830
mapa_1_resultados.xlsx,153,AL2021,011500,CM,CDS-PP,party,CDS-PP,,1458
mapa_1_resultados.xlsx,153,AL2021,011500,CM,CH,party,CH,,465
mapa_1_resultados.xlsx,153,AL2021,011500,CM,PPD/PSD,party,PPD/PSD,,15431
mapa_1_resultados.xlsx,153,AL2021,011500,CM,PS,party,PS,,4692
mapa_1_resultados.xlsx,153,AL2021,011500,CM,PCP-PEV,coalition,PCP-PEV,,729
mapa_1_resultados.xlsx,153,AL2021,011500,CM,[A],coalition,NC/PPM,Movimento 2030,2054
mapa_1_resultados.xlsx,154,AL2021,011500,AM,B.E.,party,B.E.,,1117
mapa_1_resultados.xlsx,154,AL2021,011500,AM,CDS-PP,party,CDS-PP,,1634
mapa_1_resultados.xlsx,154,AL2021,011500,AM,CH,party,CH,,549
mapa_1_resultados.xlsx,154,AL2021,011500,AM,PPD/PSD,party,PPD/PSD,,13033
mapa_1_resultados.xlsx,154,AL2021,011500,AM,PS,party,PS,,5979
mapa_1_resultados.xlsx,154,AL2021,011500,AM,PCP-PEV,coalition,PCP-PEV,,955
mapa_1_resultados.xlsx,154,AL2021,011500,AM,[A],coalition,NC/PPM,Movimento 2030,2168
mapa_1_resultados.xlsx,155,AL2021,011502,AF,PPD/PSD,party,PPD/PSD,,1164
mapa_1_resultados.xlsx,155,AL2021,011502,AF,PS,party,PS,,603
mapa_1_resultados.xlsx,155,AL2021,011502,AF,PCP-PEV,coalition,PCP-PEV,,46
mapa_1_resultados.xlsx,155,AL2021,011502,AF,[A],coalition,NC/PPM,Movimento 2030,164
mapa_1_resultados.xlsx,156,AL2021,011503,AF,CDS-PP,party,CDS-PP,,256
mapa_1_resultados.xlsx,156,AL2021,011503,AF,PPD/PSD,party,PPD/PSD,,3054
mapa_1_resultados.xlsx,156,AL2021,011503,AF,PS,party,PS,,1662
mapa_1_resultados.xlsx,156,AL2021,011503,AF,PCP-PEV,coalition,PCP-PEV,,162
mapa_1_resultados.xlsx,156,AL2021,011503,AF,[A],coalition,NC/PPM,Movimento 2030,738
mapa_1_resultados.xlsx,157,AL2021,011504,AF,CDS-PP,party,CDS-PP,,158
mapa_1_resultados.xlsx,157,AL2021,011504,AF,PPD/PSD,party,PPD/PSD,,1113
mapa_1_resultados.xlsx,157,AL2021,011504,AF,PS,party,PS,,371
mapa_1_resultados.xlsx,157,AL2021,011504,AF,PCP-PEV,coalition,PCP-PEV,,66
mapa_1_resultados.xlsx,157,AL2021,011504,AF,[A],coalition,NC/PPM,Movimento 2030,50
mapa_1_resultados.xlsx,158,AL2021,011507,AF,CDS-PP,party,CDS-PP,,150
mapa_1_resultados.xlsx,158,AL2021,011507,AF,PPD/PSD,party,PPD/PSD,,1075
mapa_1_resultados.xlsx,158,AL2021,011507,AF,PS,party,PS,,1310
mapa_1_resultados.xlsx,158,AL2021,011507,AF,PCP-PEV,coalition,PCP-PEV,,56
mapa_1_resultados.xlsx,158,AL2021,011507,AF,[A],coalition,NC/PPM,Movimento 2030,354
mapa_1_resultados.xlsx,159,AL2021,011509,AF,B.E.,party,B.E.,,629
mapa_1_resultados.xlsx,159,AL2021,011509,AF,CDS-PP,party,CDS-PP,,922
mapa_1_resultados.xlsx,159,AL2021,011509,AF,CH,party,CH,,293
mapa_1_resultados.xlsx,159,AL2021,011509,AF,PPD/PSD,party,PPD/PSD,,4535
mapa_1_resultados.xlsx,159,AL2021,011509,AF,PS,party,PS,,5054
mapa_1_resultados.xlsx,159,AL2021,011509,AF,PCP-PEV,coalition,PCP-PEV,,546
mapa_1_resultados.xlsx,159,AL2021,011509,AF,[A],coalition,NC/PPM,Movimento 2030,922
mapa_1_resultados.xlsx,160,AL2021,011600,CM,B.E.,party,B.E.,,375
mapa_1_resultados.xlsx,160,AL2021,011600,CM,CH,party,CH,,274
mapa_1_resultados.xlsx,160,AL2021,011600,CM,NC,party,NC,,102
mapa_1_resultados.xlsx,160,AL2021,011600,CM,PS,party,PS,,5012
mapa_1_resultados.xlsx,160,AL2021,011600,CM,PCP-PEV,coalition,PCP-PEV,,445
mapa_1_resultados.xlsx,160,AL2021,011600,CM,[A],coalition,PPD/PSD.CDS-PP.IL,A MELHOR CIDADE DO PAÍS,3121
mapa_1_resultados.xlsx,161,AL2021,011600,AM,B.E.,party,B.E.,,597
mapa_1_resultados.xlsx,161,AL2021,011600,AM,PS,party,PS,,4668
mapa_1_resultados.xlsx,161,AL2021,011600,AM,PCP-PEV,coalition,PCP-PEV,,623
mapa_1_resultados.xlsx,161,AL2021,011600,AM,[A],coalition,PPD/PSD.CDS-PP.IL,A MELHOR CIDADE DO PAÍS,3331
mapa_1_resultados.xlsx,162,AL2021,011601,AF,B.E.,party,B.E.,,568
mapa_1_resultados.xlsx,162,AL2021,011601,AF,PS,party,PS,,4587
mapa_1_resultados.xlsx,162,AL2021,011601,AF,PCP-PEV,coalition,PCP-PEV,,536
mapa_1_resultados.xlsx,162,AL2021,011601,AF,[A],coalition,PPD/PSD.CDS-PP.IL,A MELHOR CIDADE DO PAÍS,3524
mapa_1_resultados.xlsx,163,AL2021,011700,CM,CDS-PP,party,CDS-PP,,1683
mapa_1_resultados.xlsx,163,AL2021,011700,CM,PPD/PSD,party,PPD/PSD,,3225
mapa_1_resultados.xlsx,163,AL2021,011700,CM,PS,party,PS,,2083
mapa_1_resultados.xlsx,163,AL2021,011700,CM,PCP-PEV,coalition,PCP-PEV,,120
mapa_1_resultados.xlsx,164,AL2021,011700,AM,CDS-PP,party,CDS-PP,,1927
mapa_1_resultados.xlsx,164,AL2021,011700,AM,PPD/PSD,party,PPD/PSD,,3077
mapa_1_resultados.xlsx,164,AL2021,011700,AM,PS,party,PS,,1957
mapa_1_resultados.xlsx,164,AL2021,011700,AM,PCP-PEV,coalition,PCP-PEV,,153
mapa_1_resultados.xlsx,165,AL2021,011702,AF,PPD/PSD,party,PPD/PSD,,177
mapa_1_resultados.xlsx,165,AL2021,011702,AF,[D],citizen_group,II - U.O.I.,Um Olhar Independente,367
mapa_1_resultados.xlsx,166,AL2021,011704,AF,CDS-PP,party,CDS-PP,,148
mapa_1_resultados.xlsx,166,AL2021,011704,AF,PPD/PSD,party,PPD/PSD,,647
mapa_1_resultados.xlsx,166,AL2021,011704,AF,PS,party,PS,,309
mapa_1_resultados.xlsx,167,AL2021,011705,AF,CDS-PP,party,CDS-PP,,87
mapa_1_resultados.xlsx,167,AL2021,011705,AF,PPD/PSD,party,PPD/PSD,,475
mapa_1_resultados.xlsx,167,AL2021,011705,AF,PS,party,PS,,450
mapa_1_resultados.xlsx,168,AL2021,011706,AF,CDS-PP,party,CDS-PP,,391
mapa_1_resultados.xlsx,168,AL2021,011706,AF,PPD/PSD,party,PPD/PSD,,824
mapa_1_resultados.xlsx,168,AL2021,011706,AF,PS,party,PS,,304
mapa_1_resultados.xlsx,169,AL2021,011708,AF,CDS-PP,party,CDS-PP,,568
mapa_1_resultados.xlsx,169,AL2021,011708,AF,PPD/PSD,party,PPD/PSD,,150
mapa_1_resultados.xlsx,169,AL2021,011708,AF,PS,party,PS,,86
mapa_1_resultados.xlsx,169,AL2021,011708,AF,PCP-PEV,coalition,PCP-PEV,,9
mapa_1_resultados.xlsx,170,AL2021,011710,AF,CDS-PP,party,CDS-PP,,89
mapa_1_resultados.xlsx,170,AL2021,011710,AF,PPD/PSD,party,PPD/PSD,,294
mapa_1_resultados.xlsx,170,AL2021,011710,AF,PS,party,PS,,491
mapa_1_resultados.xlsx,170,AL2021,011710,AF,PCP-PEV,coalition,PCP-PEV,,26
mapa_1_resultados.xlsx,171,AL2021,011711,AF,CDS-PP,party,CDS-PP,,318
mapa_1_resultados.xlsx,171,AL2021,011711,AF,PPD/PSD,party,PPD/PSD,,549
mapa_1_resultados.xlsx,171,AL2021,011711,AF,PS,party,PS,,322
mapa_1_resultados.xlsx,171,AL2021,011711,AF,PCP-PEV,coalition,PCP-PEV,,32
mapa_1_resultados.xlsx,172,AL2021,011800,CM,CDS-PP,party,CDS-PP,,2271
mapa_1_resultados.xlsx,172,AL2021,011800,CM,CH,party,CH,,632
mapa_1_resultados.xlsx,172,AL2021,011800,CM,PPD/PSD,party,PPD/PSD,,7088
mapa_1_resultados.xlsx,172,AL2021,011800,CM,PS,party,PS,,1021
mapa_1_resultados.xlsx,172,AL2021,011800,CM,PCP-PEV,coalition,PCP-PEV,,145
mapa_1_resultados.xlsx,173,AL2021,011800,AM,CDS-PP,party,CDS-PP,,2439
mapa_1_resultados.xlsx,173,AL2021,011800,AM,CH,party,CH,,644
mapa_1_resultados.xlsx,173,AL2021,011800,AM,PPD/PSD,party,PPD/PSD,,6575
mapa_1_resultados.xlsx,173,AL2021,011800,AM,PS,party,PS,,1347
mapa_1_resultados.xlsx,173,AL2021,011800,AM,PCP-PEV,coalition,PCP-PEV,,147
mapa_1_resultados.xlsx,174,AL2021,011801,AF,CDS-PP,party,CDS-PP,,606
mapa_1_resultados.xlsx,174,AL2021,011801,AF,CH,party,CH,,33
mapa_1_resultados.xlsx,174,AL2021,011801,AF,PPD/PSD,party,PPD/PSD,,540
mapa_1_resultados.xlsx,175,AL2021,011804,AF,CDS-PP,party,CDS-PP,,218
mapa_1_resultados.xlsx,175,AL2021,011804,AF,PPD/PSD,party,PPD/PSD,,967
mapa_1_resultados.xlsx,176,AL2021,011805,AF,CDS-PP,party,CDS-PP,,435
mapa_1_resultados.xlsx,176,AL2021,011805,AF,PPD/PSD,party,PPD/PSD,,352
mapa_1_resultados.xlsx,176,AL2021,011805,AF,PS,party,PS,,108
mapa_1_resultados.xlsx,177,AL2021,011807,AF,CDS-PP,party,CDS-PP,,551
mapa_1_resultados.xlsx,177,AL2021,011807,AF,PPD/PSD,party,PPD/PSD,,757
mapa_1_resultados.xlsx,178,AL2021,011810,AF,CDS-PP,party,CDS-PP,,369
mapa_1_resultados.xlsx,178,AL2021,011810,AF,CH,party,CH,,53
mapa_1_resultados.xlsx,178,AL2021,011810,AF,PPD/PSD,party,PPD/PSD,,603
mapa_1_resultados.xlsx,179,AL2021,011812,AF,CDS-PP,party,CDS-PP,,403
mapa_1_resultados.xlsx,179,AL2021,011812,AF,PPD/PSD,party,PPD/PSD,,788
mapa_1_resultados.xlsx,180,AL2021,011813,AF,CDS-PP,party,CDS-PP,,298
mapa_1_resultados.xlsx,180,AL2021,011813,AF,CH,party,CH,,66
mapa_1_resultados.xlsx,180,AL2021,011813,AF,PPD/PSD,party,PPD/PSD,,1097
mapa_1_resultados.xlsx,180,AL2021,011813,AF,PCP-PEV,coalition,PCP-PEV,,14
mapa_1_resultados.xlsx,181,AL2021,011814,AF,CDS-PP,party,CDS-PP,,520
mapa_1_resultados.xlsx,181,AL2021,011814,AF,CH,party,CH,,188
mapa_1_resultados.xlsx,181,AL2021,011814,AF,PPD/PSD,party,PPD/PSD,,1547
mapa_1_resultados.xlsx,181,AL2021,011814,AF,PS,party,PS,,541
mapa_1_resultados.xlsx,181,AL2021,011814,AF,PCP-PEV,coalition,PCP-PEV,,62
mapa_1_resultados.xlsx,182,AL2021,011900,CM,B.E.,party,B.E.,,187
mapa_1_resultados.xlsx,182,AL2021,011900,CM,CDS-PP,party,CDS-PP,,7519
mapa_1_resultados.xlsx,182,AL2021,011900,CM,CH,party,CH,,165
mapa_1_resultados.xlsx,182,AL2021,011900,CM,PPD/PSD,party,PPD/PSD,,1815
mapa_1_resultados.xlsx,182,AL2021,011900,CM,PS,party,PS,,2542
mapa_1_resultados.xlsx,182,AL2021,011900,CM,PCP-PEV,coalition,PCP-PEV,,160
mapa_1_resultados.xlsx,183,AL2021,011900,AM,B.E.,party,B.E.,,320
mapa_1_resultados.xlsx,183,AL2021,011900,AM,CDS-PP,party,CDS-PP,,7307
mapa_1_resultados.xlsx,183,AL2021,011900,AM,PPD/PSD,party,PPD/PSD,,2116
mapa_1_resultados.xlsx,183,AL2021,011900,AM,PS,party,PS,,2388
mapa_1_resultados.xlsx,183,AL2021,011900,AM,PCP-PEV,coalition,PCP-PEV,,194
mapa_1_resultados.xlsx,184,AL2021,011901,AF,CDS-PP,party,CDS-PP,,532
mapa_1_resultados.xlsx,184,AL2021,011901,AF,[D],citizen_group,UPA,Unidos por Arões,233
mapa_1_resultados.xlsx,185,AL2021,011902,AF,B.E.,party,B.E.,,103
mapa_1_resultados.xlsx,185,AL2021,011902,AF,CDS-PP,party,CDS-PP,,2670
mapa_1_resultados.xlsx,185,AL2021,011902,AF,PPD/PSD,party,PPD/PSD,,642
mapa_1_resultados.xlsx,185,AL2021,011902,AF,PS,party,PS,,373
mapa_1_resultados.xlsx,185,AL2021,011902,AF,PCP-PEV,coalition,PCP-PEV,,43
mapa_1_resultados.xlsx,186,AL2021,011903,AF,CDS-PP,party,CDS-PP,,398
mapa_1_resultados.xlsx,186,AL2021,011903,AF,PPD/PSD,party,PPD/PSD,,325
mapa_1_resultados.xlsx,186,AL2021,011903,AF,PS,party,PS,,78
mapa_1_resultados.xlsx,187,AL2021,011905,AF,CDS-PP,party,CDS-PP,,344
mapa_1_resultados.xlsx,187,AL2021,011905,AF,[D],citizen_group,MAJ,Movimento dos Amigos de Junqueira,274
mapa_1_resultados.xlsx,188,AL2021,011906,AF,B.E.,party,B.E.,,100
mapa_1_resultados.xlsx,188,AL2021,011906,AF,CDS-PP,party,CDS-PP,,842
mapa_1_resultados.xlsx,188,AL2021,011906,AF,PPD/PSD,party,PPD/PSD,,475
mapa_1_resultados.xlsx,188,AL2021,011906,AF,PS,party,PS,,1014
mapa_1_resultados.xlsx,189,AL2021,011907,AF,CDS-PP,party,CDS-PP,,604
mapa_1_resultados.xlsx,189,AL2021,011907,AF,PPD/PSD,party,PPD/PSD,,337
mapa_1_resultados.xlsx,190,AL2021,011910,AF,CDS-PP,party,CDS-PP,,1478
mapa_1_resultados.xlsx,190,AL2021,011910,AF,PPD/PSD,party,PPD/PSD,,627
mapa_1_resultados.xlsx,190,AL2021,011910,AF,PS,party,PS,,685
mapa_1_resultados.xlsx,190,AL2021,011910,AF,PCP-PEV,coalition,PCP-PEV,,81
mapa_1_resultados.xlsx,192,AL2021,020100,CM,CH,party,CH,,83
mapa_1_resultados.xlsx,192,AL2021,020100,CM,PS,party,PS,,2592
mapa_1_resultados.xlsx,192,AL2021,020100,CM,PCP-PEV,coalition,PCP-PEV,,2503
mapa_1_resultados.xlsx,192,AL2021,020100,CM,[A],coalition,PPD/PSD.CDS-PP.PPM.A,"POR ALJUSTREL, COM AMOR",147
mapa_1_resultados.xlsx,193,AL2021,020100,AM,PS,party,PS,,2697
mapa_1_resultados.xlsx,193,AL2021,020100,AM,PCP-PEV,coalition,PCP-PEV,,2388
mapa_1_resultados.xlsx,193,AL2021,020100,AM,[A],coalition,PPD/PSD.CDS-PP.PPM.A,"POR ALJUSTREL, COM AMOR",197
mapa_1_resultados.xlsx,194,AL2021,020102,AF,PS,party,PS,,301
mapa_1_resultados.xlsx,194,AL2021,020102,AF,PCP-PEV,coalition,PCP-PEV,,279
mapa_1_resultados.xlsx,195,AL2021,020103,AF,PS,party,PS,,222
mapa_1_resultados.xlsx,195,AL2021,020103,AF,PCP-PEV,coalition,PCP-PEV,,292
mapa_1_resultados.xlsx,195,AL2021,020103,AF,[A],coalition,PPD/PSD.CDS-PP.PPM.A,"POR ALJUSTREL, COM AMOR",25
mapa_1_resultados.xlsx,196,AL2021,020104,AF,PS,party,PS,,516
mapa_1_resultados.xlsx,196,AL2021,020104,AF,PCP-PEV,coalition,PCP-PEV,,282
mapa_1_resultados.xlsx,196,AL2021,020104,AF,[A],coalition,PPD/PSD.CDS-PP.PPM.A,"POR ALJUSTREL, COM AMOR",27
mapa_1_resultados.xlsx,197,AL2021,020106,AF,PS,party,PS,,1668
mapa_1_resultados.xlsx,197,AL2021,020106,AF,PCP-PEV,coalition,PCP-PEV,,1570
mapa_1_resultados.xlsx,197,AL2021,020106,AF,[A],coalition,PPD/PSD.CDS-PP.PPM.A,"POR ALJUSTREL, COM AMOR",118
mapa_1_resultados.xlsx,198,AL2021,020200,CM,B.E.,party,B.E.,,118
mapa_1_resultados.xlsx,198,AL2021,020200,CM,PPD/PSD,party,PPD/PSD,,939
mapa_1_resultados.xlsx,198,AL2021,020200,CM,PS,party,PS,,3159
mapa_1_resultados.xlsx,198,AL2021,020200,CM,PCP-PEV,coalition,PCP-PEV,,73
mapa_1_resultados.xlsx,199,AL2021,020200,AM,B.E.,party,B.E.,,166
mapa_1_resultados.xlsx,199,AL2021,020200,AM,PPD/PSD,party,PPD/PSD,,1011
mapa_1_resultados.xlsx,199,AL2021,020200,AM,PS,party,PS,,3029
mapa_1_resultados.xlsx,199,AL2021,020200,AM,PCP-PEV,coalition,PCP-PEV,,78
mapa_1_resultados.xlsx,200,AL2021,020203,AF,PPD/PSD,party,PPD/PSD,,128
mapa_1_resultados.xlsx,200,AL2021,020203,AF,PS,party,PS,,239
mapa_1_resultados.xlsx,200,AL2021,020203,AF,PCP-PEV,coalition,PCP-PEV,,11
mapa_1_resultados.xlsx,201,AL2021,020205,AF,PPD/PSD,party,PPD/PSD,,102
mapa_1_resultados.xlsx,201,AL2021,020205,AF,PS,party,PS,,257
mapa_1_resultados.xlsx,201,AL2021,020205,AF,PCP-PEV,coalition,PCP-PEV,,14
mapa_1_resultados.xlsx,202,AL2021,020206,AF,PPD/PSD,party,PPD/PSD,,101
mapa_1_resultados.xlsx,202,AL2021,020206,AF,PS,party,PS,,196
mapa_1_resultados.xlsx,202,AL2021,020206,AF,PCP-PEV,coalition,PCP-PEV,,3
mapa_1_resultados.xlsx,203,AL2021,020208,AF,PPD/PSD,party,PPD/PSD,,73
mapa_1_resultados.xlsx,203,AL2021,020208,AF,PS,party,PS,,257
mapa_1_resultados.xlsx,203,AL2021,020208,AF,PCP-PEV,coalition,PCP-PEV,,15
mapa_1_resultados.xlsx,204,AL2021,020209,AF,B.E.,party,B.E.,,84
mapa_1_resultados.xlsx,204,AL2021,020209,AF,PPD/PSD,party,PPD/PSD,,741
mapa_1_resultados.xlsx,204,AL2021,020209,AF,PS,party,PS,,1506
mapa_1_resultados.xlsx,204,AL2021,020209,AF,PCP-PEV,coalition,PCP-PEV,,30
mapa_1_resultados.xlsx,205,AL2021,020210,AF,PPD/PSD,party,PPD/PSD,,127
mapa_1_resultados.xlsx,205,AL2021,020210,AF,PS,party,PS,,382
mapa_1_resultados.xlsx,205,AL2021,020210,AF,PCP-PEV,coalition,PCP-PEV,,21
mapa_1_resultados.xlsx,206,AL2021,020300,CM,PS,party,PS,,658
mapa_1_resultados.xlsx,206,AL2021,020300,CM,PCP-PEV,coalition,PCP-PEV,,454
mapa_1_resultados.xlsx,206,AL2021,020300,CM,[A],coalition,PPD/PSD.CDS-PP.A,"UMA EQUIPA, UM NOVO RUMO",156
mapa_1_resultados.xlsx,207,AL2021,020300,AM,PS,party,PS,,637
mapa_1_resultados.xlsx,207,AL2021,020300,AM,PCP-PEV,coalition,PCP-PEV,,454
mapa_1_resultados.xlsx,207,AL2021,020300,AM,[A],coalition,PPD/PSD.CDS-PP.A,"UMA EQUIPA, UM NOVO RUMO",169
mapa_1_resultados.xlsx,208,AL2021,020301,AF,PS,party,PS,,203
mapa_1_resultados.xlsx,208,AL2021,020301,AF,PCP-PEV,coalition,PCP-PEV,,407
mapa_1_resultados.xlsx,208,AL2021,020301,AF,[A],coalition,PPD/PSD.CDS-PP.A,"UMA EQUIPA, UM NOVO RUMO",56
mapa_1_resultados.xlsx,209,AL2021,020302,AF,PS,party,PS,,387
mapa_1_resultados.xlsx,209,AL2021,020302,AF,PCP-PEV,coalition,PCP-PEV,,124
mapa_1_resultados.xlsx,209,AL2021,020302,AF,[A],coalition,PPD/PSD.CDS-PP.A,"UMA EQUIPA, UM NOVO RUMO",89
mapa_1_resultados.xlsx,210,AL2021,020400,CM,PS,party,PS,,348
mapa_1_resultados.xlsx,210,AL2021,020400,CM,PCP-PEV,coalition,PCP-PEV,,465
mapa_1_resultados.xlsx,210,AL2021,020400,CM,[A],coalition,PPD/PSD.CDS-PP,TEMPOS DE MUDANÇA,155
mapa_1_resultados.xlsx,211,AL2021,020400,AM,PS,party,PS,,352
mapa_1_resultados.xlsx,211,AL2021,020400,AM,PCP-PEV,coalition,PCP-PEV,,430
mapa_1_resultados.xlsx,211,AL2021,020400,AM,[A],coalition,PPD/PSD.CDS-PP,TEMPOS DE MUDANÇA,176
mapa_1_resultados.xlsx,212,AL2021,020401,AF,PS,party,PS,,392
mapa_1_resultados.xlsx,212,AL2021,020401,AF,PCP-PEV,coalition,PCP-PEV,,438
mapa_1_resultados.xlsx,212,AL2021,020401,AF,[A],coalition,PPD/PSD.CDS-PP,TEMPOS DE MUDANÇA,133
mapa_1_resultados.xlsx,213,AL2021,020500,CM,B.E.,party,B.E.,,274
mapa_1_resultados.xlsx,213,AL2021,020500,CM,CH,party,CH,,880
mapa_1_resultados.xlsx,213,AL2021,020500,CM,PS,party,PS,,6336
mapa_1_resultados.xlsx,213,AL2021,020500,CM,PCP-PEV,coalition,PCP-PEV,,5317
mapa_1_resultados.xlsx,213,AL2021,020500,CM,[A],coalition,PPD/PSD.CDS-PP.PPM.IL.A,CONSIGO BEJA CONSEGUE,3000
mapa_1_resultados.xlsx,214,AL2021,020500,AM,B.E.,party,B.E.,,398
mapa_1_resultados.xlsx,214,AL2021,020500,AM,CH,party,CH,,0
mapa_1_resultados.xlsx,214,AL2021,020500,AM,PS,party,PS,,6123
mapa_1_resultados.xlsx,214,AL2021,020500,AM,PCP-PEV,coalition,PCP-PEV,,5343
mapa_1_resultados.xlsx,214,AL2021,020500,AM,[A],coalition,PPD/PSD.CDS-PP.PPM.IL.A,CONSIGO BEJA CONSEGUE,2850
mapa_1_resultados.xlsx,215,AL2021,020502,AF,PS,party,PS,,185
mapa_1_resultados.xlsx,215,AL2021,020502,AF,PCP-PEV,coalition,PCP-PEV,,295
mapa_1_resultados.xlsx,216,AL2021,020503,AF,PS,party,PS,,438
mapa_1_resultados.xlsx,216,AL2021,020503,AF,PCP-PEV,coalition,PCP-PEV,,184
mapa_1_resultados.xlsx,217,AL2021,020504,AF,PS,party,PS,,271
mapa_1_resultados.xlsx,217,AL2021,020504,AF,PCP-PEV,coalition,PCP-PEV,,387
mapa_1_resultados.xlsx,218,AL2021,020506,AF,B.E.,party,B.E.,,18
mapa_1_resultados.xlsx,218,AL2021,020506,AF,PS,party,PS,,249
mapa_1_resultados.xlsx,218,AL2021,020506,AF,PCP-PEV,coalition,PCP-PEV,,447
mapa_1_resultados.xlsx,219,AL2021,020510,AF,PS,party,PS,,141
mapa_1_resultados.xlsx,219,AL2021,020510,AF,PCP-PEV,coalition,PCP-PEV,,229
mapa_1_resultados.xlsx,220,AL2021,020516,AF,PS,party,PS,,189
mapa_1_resultados.xlsx,220,AL2021,020516,AF,PCP-PEV,coalition,PCP-PEV,,30
mapa_1_resultados.xlsx,220,AL2021,020516,AF,[D],citizen_group,[D],,0
mapa_1_resultados.xlsx,221,AL2021,020519,AF,PS,party,PS,,273
mapa_1_resultados.xlsx,221,AL2021,020519,AF,PCP-PEV,coalition,PCP-PEV,,215
mapa_1_resultados.xlsx,222,AL2021,020520,AF,B.E.,party,B.E.,,110
mapa_1_resultados.xlsx,222,AL2021,020520,AF,CH,party,CH,,0
mapa_1_resultados.xlsx,222,AL2021,020520,AF,PS,party,PS,,1728
mapa_1_resultados.xlsx,222,AL2021,020520,AF,PCP-PEV,coalition,PCP-PEV,,1357
mapa_1_resultados.xlsx,222,AL2021,020520,AF,[A],coalition,PPD/PSD.CDS-PP.PPM.IL.A,CONSIGO BEJA CONSEGUE,953
mapa_1_resultados.xlsx,223,AL2021,020521,AF,B.E.,party,B.E.,,167
mapa_1_resultados.xlsx,223,AL2021,020521,AF,CH,party,CH,,0
mapa_1_resultados.xlsx,223,AL2021,020521,AF,PS,party,PS,,2012
mapa_1_resultados.xlsx,223,AL2021,020521,AF,PCP-PEV,coalition,PCP-PEV,,2014
mapa_1_resultados.xlsx,223,AL2021,020521,AF,[A],coalition,PPD/PSD.CDS-PP.PPM.IL.A,CONSIGO BEJA CONSEGUE,1561
mapa_1_resultados.xlsx,224,AL2021,020522,AF,PS,party,PS,,428
mapa_1_resultados.xlsx,224,AL2021,020522,AF,PCP-PEV,coalition,PCP-PEV,,294
mapa_1_resultados.xlsx,225,AL2021,020523,AF,B.E.,party,B.E.,,17
mapa_1_resultados.xlsx,225,AL2021,020523,AF,PS,party,PS,,267
mapa_1_resultados.xlsx,225,AL2021,020523,AF,PCP-PEV,coalition,PCP-PEV,,238
mapa_1_resultados.xlsx,226,AL2021,020524,AF,PS,party,PS,,192
mapa_1_resultados.xlsx,226,AL2021,020524,AF,PCP-PEV,coalition,PCP-PEV,,103
mapa_1_resultados.xlsx,227,AL2021,020600,CM,B.E.,party,B.E.,,54
mapa_1_resultados.xlsx,227,AL2021,020600,CM,CDS-PP,party,CDS-PP,,69
mapa_1_resultados.xlsx,227,AL2021,020600,CM,PS,party,PS,,2309
mapa_1_resultados.xlsx,227,AL2021,020600,CM,PCP-PEV,coalition,PCP-PEV,,1411
mapa_1_resultados.xlsx,228,AL2021,020600,AM,B.E.,party,B.E.,,113
mapa_1_resultados.xlsx,228,AL2021,020600,AM,PS,party,PS,,2127
mapa_1_resultados.xlsx,228,AL2021,020600,AM,PCP-PEV,coalition,PCP-PEV,,1567
mapa_1_resultados.xlsx,229,AL2021,020603,AF,PS,party,PS,,96
mapa_1_resultados.xlsx,229,AL2021,020603,AF,PCP-PEV,coalition,PCP-PEV,,240
mapa_1_resultados.xlsx,230,AL2021,020604,AF,PS,party,PS,,240
mapa_1_resultados.xlsx,230,AL2021,020604,AF,PCP-PEV,coalition,PCP-PEV,,246
mapa_1_resultados.xlsx,231,AL2021,020605,AF,PS,party,PS,,124
mapa_1_resultados.xlsx,231,AL2021,020605,AF,PCP-PEV,coalition,PCP-PEV,,93
mapa_1_resultados.xlsx,232,AL2021,020606,AF,PS,party,PS,,1684
mapa_1_resultados.xlsx,232,AL2021,020606,AF,PCP-PEV,coalition,PCP-PEV,,1088
mapa_1_resultados.xlsx,233,AL2021,020700,CM,PS,party,PS,,1008
mapa_1_resultados.xlsx,233,AL2021,020700,CM,PCP-PEV,coalition,PCP-PEV,,1517
mapa_1_resultados.xlsx,233,AL2021,020700,CM,[A],coalition,PPD/PSD.CDS-PP.PPM,"CONSIGO, CUBA CONSEGUE",58
mapa_1_resultados.xlsx,234,AL2021,020700,AM,PS,party,PS,,1034
mapa_1_resultados.xlsx,234,AL2021,020700,AM,PCP-PEV,coalition,PCP-PEV,,1475
mapa_1_resultados.xlsx,234,AL2021,020700,AM,[A],coalition,PPD/PSD.CDS-PP.PPM,"CONSIGO, CUBA CONSEGUE",84
mapa_1_resultados.xlsx,235,AL2021,020701,AF,PS,party,PS,,714
mapa_1_resultados.xlsx,235,AL2021,020701,AF,PCP-PEV,coalition,PCP-PEV,,977
mapa_1_resultados.xlsx,235,AL2021,020701,AF,[A],coalition,PPD/PSD.CDS-PP.PPM,"CONSIGO, CUBA CONSEGUE",47
mapa_1_resultados.xlsx,236,AL2021,020702,AF,PS,party,PS,,115
mapa_1_resultados.xlsx,236,AL2021,020702,AF,PCP-PEV,coalition,PCP-PEV,,252
mapa_1_resultados.xlsx,237,AL2021,020703,AF,PS,party,PS,,83
mapa_1_resultados.xlsx,237,AL2021,020703,AF,PCP-PEV,coalition,PCP-PEV,,141
mapa_1_resultados.xlsx,238,AL2021,020704,AF,PCP-PEV,coalition,PCP-PEV,,140
mapa_1_resultados.xlsx,239,AL2021,020800,CM,B.E.,party,B.E.,,309
mapa_1_resultados.xlsx,239,AL2021,020800,CM,CH,party,CH,,306
mapa_1_resultados.xlsx,239,AL2021,020800,CM,PS,party,PS,,1678
mapa_1_resultados.xlsx,239,AL2021,020800,CM,PCP-PEV,coalition,PCP-PEV,,1054
mapa_1_resultados.xlsx,239,AL2021,020800,CM,[A],coalition,PPD/PSD.CDS-PP,JUNTOS POR FERREIRA DO ALENTEJO,129
mapa_1_resultados.xlsx,240,AL2021,020800,AM,B.E.,party,B.E.,,333
mapa_1_resultados.xlsx,240,AL2021,020800,AM,CH,party,CH,,293
mapa_1_resultados.xlsx,240,AL2021,020800,AM,PS,party,PS,,1656
mapa_1_resultados.xlsx,240,AL2021,020800,AM,PCP-PEV,coalition,PCP-PEV,,1034
mapa_1_resultados.xlsx,240,AL2021,020800,AM,[A],coalition,PPD/PSD.CDS-PP,JUNTOS POR FERREIRA DO ALENTEJO,137
mapa_1_resultados.xlsx,241,AL2021,020803,AF,PS,party,PS,,461
mapa_1_resultados.xlsx,241,AL2021,020803,AF,PCP-PEV,coalition,PCP-PEV,,350
mapa_1_resultados.xlsx,242,AL2021,020804,AF,PS,party,PS,,174
mapa_1_resultados.xlsx,242,AL2021,020804,AF,PCP-PEV,coalition,PCP-PEV,,36
mapa_1_resultados.xlsx,243,AL2021,020807,AF,B.E.,party,B.E.,,88
mapa_1_resultados.xlsx,243,AL2021,020807,AF,PS,party,PS,,316
mapa_1_resultados.xlsx,243,AL2021,020807,AF,PCP-PEV,coalition,PCP-PEV,,114
mapa_1_resultados.xlsx,244,AL2021,020808,AF,CH,party,CH,,220
mapa_1_resultados.xlsx,244,AL2021,020808,AF,PS,party,PS,,984
mapa_1_resultados.xlsx,244,AL2021,020808,AF,PCP-PEV,coalition,PCP-PEV,,703
mapa_1_resultados.xlsx,245,AL2021,020900,CM,CH,party,CH,,51
mapa_1_resultados.xlsx,245,AL2021,020900,CM,PS,party,PS,,2449
mapa_1_resultados.xlsx,245,AL2021,020900,CM,PCP-PEV,coalition,PCP-PEV,,1127
mapa_1_resultados.xlsx,245,AL2021,020900,CM,[A],coalition,NC/RIR,UNIDOS POR MÉRTOLA E PELAS PESSOAS,380
mapa_1_resultados.xlsx,245,AL2021,020900,CM,[D],citizen_group,MCDM,Movimento Cidadãos a Direito por Mértola,102
mapa_1_resultados.xlsx,246,AL2021,020900,AM,PS,party,PS,,2362
mapa_1_resultados.xlsx,246,AL2021,020900,AM,PCP-PEV,coalition,PCP-PEV,,1418
mapa_1_resultados.xlsx,246,AL2021,020900,AM,[D],citizen_group,MCDM,Movimento Cidadãos a Direito por Mértola,215
mapa_1_resultados.xlsx,247,AL2021,020901,AF,PS,party,PS,,315
mapa_1_resultados.xlsx,247,AL2021,020901,AF,PCP-PEV,coalition,PCP-PEV,,122
mapa_1_resultados.xlsx,248,AL2021,020902,AF,PS,party,PS,,327
mapa_1_resultados.xlsx,248,AL2021,020902,AF,PCP-PEV,coalition,PCP-PEV,,175
mapa_1_resultados.xlsx,249,AL2021,020903,AF,PS,party,PS,,136
mapa_1_resultados.xlsx,249,AL2021,020903,AF,PCP-PEV,coalition,PCP-PEV,,96
mapa_1_resultados.xlsx,250,AL2021,020904,AF,PCP-PEV,coalition,PCP-PEV,,863
mapa_1_resultados.xlsx,251,AL2021,020905,AF,PS,party,PS,,318
mapa_1_resultados.xlsx,251,AL2021,020905,AF,PCP-PEV,coalition,PCP-PEV,,126
mapa_1_resultados.xlsx,252,AL2021,020906,AF,PS,party,PS,,155
mapa_1_resultados.xlsx,252,AL2021,020906,AF,PCP-PEV,coalition,PCP-PEV,,170
mapa_1_resultados.xlsx,253,AL2021,020910,AF,PS,party,PS,,351
mapa_1_resultados.xlsx,253,AL2021,020910,AF,PCP-PEV,coalition,PCP-PEV,,144
mapa_1_resultados.xlsx,254,AL2021,021000,CM,CH,party,CH,,1001
mapa_1_resultados.xlsx,254,AL2021,021000,CM,PS,party,PS,,2813
mapa_1_resultados.xlsx,254,AL2021,021000,CM,PCP-PEV,coalition,PCP-PEV,,2719
mapa_1_resultados.xlsx,254,AL2021,021000,CM,[A],coalition,PPD/PSD.CDS-PP.A,"CONSIGO, MOURA CONSEGUE",262
mapa_1_resultados.xlsx,255,AL2021,021000,AM,CH,party,CH,,1767
mapa_1_resultados.xlsx,255,AL2021,021000,AM,PS,party,PS,,2440
mapa_1_resultados.xlsx,255,AL2021,021000,AM,PCP-PEV,coalition,PCP-PEV,,2322
mapa_1_resultados.xlsx,255,AL2021,021000,AM,[A],coalition,PPD/PSD.CDS-PP.A,"CONSIGO, MOURA CONSEGUE",256
mapa_1_resultados.xlsx,256,AL2021,021001,AF,PCP-PEV,coalition,PCP-PEV,,529
mapa_1_resultados.xlsx,256,AL2021,021001,AF,[A],coalition,PPD/PSD.CDS-PP.A,"CONSIGO, MOURA CONSEGUE",36
mapa_1_resultados.xlsx,256,AL2021,021001,AF,[D],citizen_group,ATUA,ATUAmareleja,532
mapa_1_resultados.xlsx,257,AL2021,021002,AF,CH,party,CH,,124
mapa_1_resultados.xlsx,257,AL2021,021002,AF,PS,party,PS,,215
mapa_1_resultados.xlsx,257,AL2021,021002,AF,PCP-PEV,coalition,PCP-PEV,,90
mapa_1_resultados.xlsx,258,AL2021,021008,AF,PS,party,PS,,183
mapa_1_resultados.xlsx,258,AL2021,021008,AF,PCP-PEV,coalition,PCP-PEV,,302
mapa_1_resultados.xlsx,259,AL2021,021009,AF,PS,party,PS,,1782
mapa_1_resultados.xlsx,259,AL2021,021009,AF,PCP-PEV,coalition,PCP-PEV,,1422
mapa_1_resultados.xlsx,259,AL2021,021009,AF,[A],coalition,PPD/PSD.CDS-PP.A,"CONSIGO, MOURA CONSEGUE",695
mapa_1_resultados.xlsx,260,AL2021,021010,AF,CH,party,CH,,125
mapa_1_resultados.xlsx,260,AL2021,021010,AF,PS,party,PS,,385
mapa_1_resultados.xlsx,260,AL2021,021010,AF,PCP-PEV,coalition,PCP-PEV,,318
mapa_1_resultados.xlsx,261,AL2021,021100,CM,B.E.,party,B.E.,,790
mapa_1_resultados.xlsx,261,AL2021,021100,CM,CH,party,CH,,427
mapa_1_resultados.xlsx,261,AL2021,021100,CM,IL,party,IL,,536
mapa_1_resultados.xlsx,261,AL2021,021100,CM,PS,party,PS,,5580
mapa_1_resultados.xlsx,261,AL2021,021100,CM,PCP-PEV,coalition,PCP-PEV,,3277
mapa_1_resultados.xlsx,261,AL2021,021100,CM,[A],coalition,PPD/PSD.CDS-PP,JUNTOS PARA CUMPRIR ODEMIRA,756
mapa_1_resultados.xlsx,262,AL2021,021100,AM,B.E.,party,B.E.,,912
mapa_1_resultados.xlsx,262,AL2021,021100,AM,IL,party,IL,,730
mapa_1_resultados.xlsx,262,AL2021,021100,AM,PS,party,PS,,5485
mapa_1_resultados.xlsx,262,AL2021,021100,AM,PCP-PEV,coalition,PCP-PEV,,3141
mapa_1_resultados.xlsx,262,AL2021,021100,AM,[A],coalition,PPD/PSD.CDS-PP,JUNTOS PARA CUMPRIR ODEMIRA,1029
mapa_1_resultados.xlsx,263,AL2021,021102,AF,B.E.,party,B.E.,,24
mapa_1_resultados.xlsx,263,AL2021,021102,AF,PS,party,PS,,189
mapa_1_resultados.xlsx,263,AL2021,021102,AF,PCP-PEV,coalition,PCP-PEV,,286
mapa_1_resultados.xlsx,264,AL2021,021103,AF,PS,party,PS,,272
mapa_1_resultados.xlsx,264,AL2021,021103,AF,PCP-PEV,coalition,PCP-PEV,,140
mapa_1_resultados.xlsx,265,AL2021,021106,AF,B.E.,party,B.E.,,62
mapa_1_resultados.xlsx,265,AL2021,021106,AF,PS,party,PS,,371
mapa_1_resultados.xlsx,265,AL2021,021106,AF,PCP-PEV,coalition,PCP-PEV,,481
mapa_1_resultados.xlsx,265,AL2021,021106,AF,[A],coalition,PPD/PSD.CDS-PP,JUNTOS PARA CUMPRIR ODEMIRA,94
mapa_1_resultados.xlsx,266,AL2021,021107,AF,PS,party,PS,,373
mapa_1_resultados.xlsx,266,AL2021,021107,AF,PCP-PEV,coalition,PCP-PEV,,63
mapa_1_resultados.xlsx,267,AL2021,021111,AF,B.E.,party,B.E.,,322
mapa_1_resultados.xlsx,267,AL2021,021111,AF,CH,party,CH,,106
mapa_1_resultados.xlsx,267,AL2021,021111,AF,PS,party,PS,,976
mapa_1_resultados.xlsx,267,AL2021,021111,AF,PCP-PEV,coalition,PCP-PEV,,194
mapa_1_resultados.xlsx,267,AL2021,021111,AF,[A],coalition,PPD/PSD.CDS-PP,JUNTOS PARA CUMPRIR ODEMIRA,298
mapa_1_resultados.xlsx,267,AL2021,021111,AF,[D],citizen_group,PNF,Pela Nossa Freguesia,283
mapa_1_resultados.xlsx,268,AL2021,021115,AF,PS,party,PS,,42
mapa_1_resultados.xlsx,268,AL2021,021115,AF,PCP-PEV,coalition,PCP-PEV,,188
mapa_1_resultados.xlsx,269,AL2021,021116,AF,PS,party,PS,,684
mapa_1_resultados.xlsx,269,AL2021,021116,AF,PCP-PEV,coalition,PCP-PEV,,157
mapa_1_resultados.xlsx,270,AL2021,021117,AF,IL,party,IL,,163
mapa_1_resultados.xlsx,270,AL2021,021117,AF,PS,party,PS,,274
mapa_1_resultados.xlsx,270,AL2021,021117,AF,PCP-PEV,coalition,PCP-PEV,,68
mapa_1_resultados.xlsx,270,AL2021,021117,AF,[A],coalition,PPD/PSD.CDS-PP,JUNTOS PARA CUMPRIR ODEMIRA,37
mapa_1_resultados.xlsx,271,AL2021,021118,AF,B.E.,party,B.E.,,48
mapa_1_resultados.xlsx,271,AL2021,021118,AF,IL,party,IL,,88
mapa_1_resultados.xlsx,271,AL2021,021118,AF,PS,party,PS,,314
mapa_1_resultados.xlsx,271,AL2021,021118,AF,PCP-PEV,coalition,PCP-PEV,,82
mapa_1_resultados.xlsx,272,AL2021,021119,AF,PS,party,PS,,301
mapa_1_resultados.xlsx,272,AL2021,021119,AF,PCP-PEV,coalition,PCP-PEV,,59
mapa_1_resultados.xlsx,273,AL2021,021120,AF,B.E.,party,B.E.,,63
mapa_1_resultados.xlsx,273,AL2021,021120,AF,PS,party,PS,,388
mapa_1_resultados.xlsx,273,AL2021,021120,AF,PCP-PEV,coalition,PCP-PEV,,913
mapa_1_resultados.xlsx,273,AL2021,021120,AF,[A],coalition,PPD/PSD.CDS-PP,JUNTOS PARA CUMPRIR ODEMIRA,111
mapa_1_resultados.xlsx,274,AL2021,021121,AF,B.E.,party,B.E.,,124
mapa_1_resultados.xlsx,274,AL2021,021121,AF,PS,party,PS,,1569
mapa_1_resultados.xlsx,274,AL2021,021121,AF,PCP-PEV,coalition,PCP-PEV,,505
mapa_1_resultados.xlsx,274,AL2021,021121,AF,[A],coalition,PPD/PSD.CDS-PP,JUNTOS PARA CUMPRIR ODEMIRA,170
mapa_1_resultados.xlsx,275,AL2021,021122,AF,PS,party,PS,,341
mapa_1_resultados.xlsx,275,AL2021,021122,AF,PCP-PEV,coalition,PCP-PEV,,166
mapa_1_resultados.xlsx,276,AL2021,021200,CM,CH,party,CH,,105
mapa_1_resultados.xlsx,276,AL2021,021200,CM,PPD/PSD,party,PPD/PSD,,1177
mapa_1_resultados.xlsx,276,AL2021,021200,CM,PS,party,PS,,1738
mapa_1_resultados.xlsx,276,AL2021,021200,CM,PCP-PEV,coalition,PCP-PEV,,149
mapa_1_resultados.xlsx,277,AL2021,021200,AM,CH,party,CH,,119
mapa_1_resultados.xlsx,277,AL2021,021200,AM,PPD/PSD,party,PPD/PSD,,1107
mapa_1_resultados.xlsx,277,AL2021,021200,AM,PS,party,PS,,1730
mapa_1_resultados.xlsx,277,AL2021,021200,AM,PCP-PEV,coalition,PCP-PEV,,192
mapa_1_resultados.xlsx,278,AL2021,021203,AF,CH,party,CH,,61
mapa_1_resultados.xlsx,278,AL2021,021203,AF,PPD/PSD,party,PPD/PSD,,606
mapa_1_resultados.xlsx,278,AL2021,021203,AF,PS,party,PS,,1064
mapa_1_resultados.xlsx,278,AL2021,021203,AF,PCP-PEV,coalition,PCP-PEV,,65
mapa_1_resultados.xlsx,279,AL2021,021206,AF,PPD/PSD,party,PPD/PSD,,134
mapa_1_resultados.xlsx,279,AL2021,021206,AF,PS,party,PS,,290
mapa_1_resultados.xlsx,279,AL2021,021206,AF,PCP-PEV,coalition,PCP-PEV,,6
mapa_1_resultados.xlsx,280,AL2021,021207,AF,CH,party,CH,,39
mapa_1_resultados.xlsx,280,AL2021,021207,AF,PPD/PSD,party,PPD/PSD,,148
mapa_1_resultados.xlsx,280,AL2021,021207,AF,PS,party,PS,,298
mapa_1_resultados.xlsx,280,AL2021,021207,AF,PCP-PEV,coalition,PCP-PEV,,68
mapa_1_resultados.xlsx,281,AL2021,021208,AF,PPD/PSD,party,PPD/PSD,,103
mapa_1_resultados.xlsx,281,AL2021,021208,AF,PS,party,PS,,207
mapa_1_resultados.xlsx,281,AL2021,021208,AF,PCP-PEV,coalition,PCP-PEV,,58
mapa_1_resultados.xlsx,282,AL2021,021300,CM,B.E.,party,B.E.,,170
mapa_1_resultados.xlsx,282,AL2021,021300,CM,CH,party,CH,,1064
mapa_1_resultados.xlsx,282,AL2021,021300,CM,PS,party,PS,,2201
mapa_1_resultados.xlsx,282,AL2021,021300,CM,PCP-PEV,coalition,PCP-PEV,,3057
mapa_1_resultados.xlsx,282,AL2021,021300,CM,[A],coalition,PPD/PSD.CDS-PP,CONSIGO SERPA CONSEGUE,320
mapa_1_resultados.xlsx,283,AL2021,021300,AM,B.E.,party,B.E.,,202
mapa_1_resultados.xlsx,283,AL2021,021300,AM,CH,party,CH,,1060
mapa_1_resultados.xlsx,283,AL2021,021300,AM,PS,party,PS,,2217
mapa_1_resultados.xlsx,283,AL2021,021300,AM,PCP-PEV,coalition,PCP-PEV,,3017
mapa_1_resultados.xlsx,283,AL2021,021300,AM,[A],coalition,PPD/PSD.CDS-PP,CONSIGO SERPA CONSEGUE,365
mapa_1_resultados.xlsx,284,AL2021,021302,AF,CH,party,CH,,52
mapa_1_resultados.xlsx,284,AL2021,021302,AF,PS,party,PS,,185
mapa_1_resultados.xlsx,284,AL2021,021302,AF,PCP-PEV,coalition,PCP-PEV,,251
mapa_1_resultados.xlsx,284,AL2021,021302,AF,[A],coalition,PPD/PSD.CDS-PP,CONSIGO SERPA CONSEGUE,23
mapa_1_resultados.xlsx,285,AL2021,021303,AF,CH,party,CH,,187
mapa_1_resultados.xlsx,285,AL2021,021303,AF,PS,party,PS,,210
mapa_1_resultados.xlsx,285,AL2021,021303,AF,PCP-PEV,coalition,PCP-PEV,,814
mapa_1_resultados.xlsx,286,AL2021,021307,AF,PS,party,PS,,445
mapa_1_resultados.xlsx,286,AL2021,021307,AF,PCP-PEV,coalition,PCP-PEV,,340
mapa_1_resultados.xlsx,287,AL2021,021308,AF,B.E.,party,B.E.,,109
mapa_1_resultados.xlsx,287,AL2021,021308,AF,CH,party,CH,,448
mapa_1_resultados.xlsx,287,AL2021,021308,AF,PS,party,PS,,1001
mapa_1_resultados.xlsx,287,AL2021,021308,AF,PCP-PEV,coalition,PCP-PEV,,867
mapa_1_resultados.xlsx,287,AL2021,021308,AF,[A],coalition,PPD/PSD.CDS-PP,CONSIGO SERPA CONSEGUE,163
mapa_1_resultados.xlsx,288,AL2021,021309,AF,CH,party,CH,,194
mapa_1_resultados.xlsx,288,AL2021,021309,AF,PS,party,PS,,491
mapa_1_resultados.xlsx,288,AL2021,021309,AF,PCP-PEV,coalition,PCP-PEV,,951
mapa_1_resultados.xlsx,288,AL2021,021309,AF,[A],coalition,PPD/PSD.CDS-PP,CONSIGO SERPA CONSEGUE,139
mapa_1_resultados.xlsx,289,AL2021,021400,CM,PS,party,PS,,740
mapa_1_resultados.xlsx,289,AL2021,021400,CM,PCP-PEV,coalition,PCP-PEV,,1545
mapa_1_resultados.xlsx,289,AL2021,021400,CM,[D],citizen_group,MC,Grupo de Cidadãos Eleitores Mais Cidadãos,772
mapa_1_resultados.xlsx,290,AL2021,021400,AM,PS,party,PS,,817
mapa_1_resultados.xlsx,290,AL2021,021400,AM,PCP-PEV,coalition,PCP-PEV,,1365
mapa_1_resultados.xlsx,290,AL2021,021400,AM,[D],citizen_group,MC,Grupo de Cidadãos Eleitores Mais Cidadãos,777
mapa_1_resultados.xlsx,291,AL2021,021401,AF,PS,party,PS,,167
mapa_1_resultados.xlsx,291,AL2021,021401,AF,PCP-PEV,coalition,PCP-PEV,,377
mapa_1_resultados.xlsx,291,AL2021,021401,AF,[D],citizen_group,MC,Grupo de Cidadãos Eleitores Mais Cidadãos,44
mapa_1_resultados.xlsx,292,AL2021,021402,AF,PS,party,PS,,92
mapa_1_resultados.xlsx,292,AL2021,021402,AF,PCP-PEV,coalition,PCP-PEV,,174
mapa_1_resultados.xlsx,292,AL2021,021402,AF,[D],citizen_group,MC,Grupo de Cidadãos Eleitores Mais Cidadãos,169
mapa_1_resultados.xlsx,293,AL2021,021403,AF,PS,party,PS,,452
mapa_1_resultados.xlsx,293,AL2021,021403,AF,PCP-PEV,coalition,PCP-PEV,,684
mapa_1_resultados.xlsx,293,AL2021,021403,AF,[D],citizen_group,MC,Grupo de Cidadãos Eleitores Mais Cidadãos,379
mapa_1_resultados.xlsx,294,AL2021,021404,AF,PS,party,PS,,215
mapa_1_resultados.xlsx,294,AL2021,021404,AF,PCP-PEV,coalition,PCP-PEV,,188
mapa_1_resultados.xlsx,294,AL2021,021404,AF,[D],citizen_group,MC,Grupo de Cidadãos Eleitores Mais Cidadãos,107
mapa_1_resultados.xlsx,296,AL2021,030100,CM,CH,party,CH,,902
mapa_1_resultados.xlsx,296,AL2021,030100,CM,PS,party,PS,,3603
mapa_1_resultados.xlsx,296,AL2021,030100,CM,PCP-PEV,coalition,PCP-PEV,,307
mapa_1_resultados.xlsx,296,AL2021,030100,CM,[A],coalition,PPD/PSD.CDS-PP,JUNTOS POR AMARES,5793
mapa_1_resultados.xlsx,297,AL2021,030100,AM,CH,party,CH,,1021
mapa_1_resultados.xlsx,297,AL2021,030100,AM,PS,party,PS,,3484
mapa_1_resultados.xlsx,297,AL2021,030100,AM,PCP-PEV,coalition,PCP-PEV,,411
mapa_1_resultados.xlsx,297,AL2021,030100,AM,[A],coalition,PPD/PSD.CDS-PP,JUNTOS POR AMARES,5626
mapa_1_resultados.xlsx,298,AL2021,030102,AF,[A],coalition,PPD/PSD.CDS-PP,JUNTOS POR AMARES,340
mapa_1_resultados.xlsx,299,AL2021,030104,AF,[D],citizen_group,BSV-S,"Bico, S. Vicente-Sempre",415
mapa_1_resultados.xlsx,300,AL2021,030105,AF,PS,party,PS,,264
mapa_1_resultados.xlsx,300,AL2021,030105,AF,PCP-PEV,coalition,PCP-PEV,,18
mapa_1_resultados.xlsx,300,AL2021,030105,AF,[D],citizen_group,PC,Por Caires,280
mapa_1_resultados.xlsx,301,AL2021,030107,AF,PS,party,PS,,131
mapa_1_resultados.xlsx,301,AL2021,030107,AF,[A],coalition,PPD/PSD.CDS-PP,JUNTOS POR AMARES,322
mapa_1_resultados.xlsx,302,AL2021,030108,AF,[D],citizen_group,CDF,Dornelas com Futuro,275
mapa_1_resultados.xlsx,303,AL2021,030111,AF,[D],citizen_group,MIJPF,Movimento Independente Juntos por Fiscal,277
mapa_1_resultados.xlsx,304,AL2021,030112,AF,[A],coalition,PPD/PSD.CDS-PP,JUNTOS POR AMARES,259
mapa_1_resultados.xlsx,305,AL2021,030113,AF,PS,party,PS,,362
mapa_1_resultados.xlsx,305,AL2021,030113,AF,PCP-PEV,coalition,PCP-PEV,,64
mapa_1_resultados.xlsx,305,AL2021,030113,AF,[A],coalition,PPD/PSD.CDS-PP,JUNTOS POR AMARES,517
mapa_1_resultados.xlsx,305,AL2021,030113,AF,[D],citizen_group,Lago 1º,Alberto Paz Lago em Primeiro,83
mapa_1_resultados.xlsx,306,AL2021,030118,AF,[A],coalition,PPD/PSD.CDS-PP,JUNTOS POR AMARES,326
mapa_1_resultados.xlsx,306,AL2021,030118,AF,[D],citizen_group,RNT,Rendufe a Nossa Terra,342
mapa_1_resultados.xlsx,307,AL2021,030119,AF,[D],citizen_group,PB,Por Bouro,328
mapa_1_resultados.xlsx,308,AL2021,030120,AF,[A],coalition,PPD/PSD.CDS-PP,JUNTOS POR AMARES,232
mapa_1_resultados.xlsx,309,AL2021,030125,AF,PS,party,PS,,680
mapa_1_resultados.xlsx,309,AL2021,030125,AF,PCP-PEV,coalition,PCP-PEV,,59
mapa_1_resultados.xlsx,309,AL2021,030125,AF,[A],coalition,PPD/PSD.CDS-PP,JUNTOS POR AMARES,855
mapa_1_resultados.xlsx,310,AL2021,030126,AF,PS,party,PS,,220
mapa_1_resultados.xlsx,310,AL2021,030126,AF,[D],citizen_group,JPCSP,Juntos por Caldelas Sequeiros Paranhos,488
mapa_1_resultados.xlsx,311,AL2021,030127,AF,PCP-PEV,coalition,PCP-PEV,,424
mapa_1_resultados.xlsx,311,AL2021,030127,AF,[D],citizen_group,FPB,"Unidos por Ferreiros, Prozelo e Besteiros",1683
mapa_1_resultados.xlsx,312,AL2021,030128,AF,[D],citizen_group,JPTP,Junto por Torre Portela,266
mapa_1_resultados.xlsx,313,AL2021,030129,AF,[D],citizen_group,VSPS,"Juntos por Vilela, Seramil e Paredes Secas",280
mapa_1_resultados.xlsx,314,AL2021,030200,CM,B.E.,party,B.E.,,1685
mapa_1_resultados.xlsx,314,AL2021,030200,CM,CH,party,CH,,2779
mapa_1_resultados.xlsx,314,AL2021,030200,CM,MAS,party,MAS,,511
mapa_1_resultados.xlsx,314,AL2021,030200,CM,PS,party,PS,,27635
mapa_1_resultados.xlsx,314,AL2021,030200,CM,PCP-PEV,coalition,PCP-PEV,,1243
mapa_1_resultados.xlsx,314,AL2021,030200,CM,[A],coalition,PPD/PSD.CDS-PP,BARCELOS MAIS FUTURO,33754
mapa_1_resultados.xlsx,314,AL2021,030200,CM,[D],citizen_group,TB,TODOS BARCELOS,3325
mapa_1_resultados.xlsx,315,AL2021,030200,AM,B.E.,party,B.E.,,2346
mapa_1_resultados.xlsx,315,AL2021,030200,AM,CH,party,CH,,3285
mapa_1_resultados.xlsx,315,AL2021,030200,AM,MAS,party,MAS,,579
mapa_1_resultados.xlsx,315,AL2021,030200,AM,PS,party,PS,,26434
mapa_1_resultados.xlsx,315,AL2021,030200,AM,PCP-PEV,coalition,PCP-PEV,,1484
mapa_1_resultados.xlsx,315,AL2021,030200,AM,[A],coalition,PPD/PSD.CDS-PP,BARCELOS MAIS FUTURO,33215
mapa_1_resultados.xlsx,315,AL2021,030200,AM,[D],citizen_group,TB,TODOS BARCELOS,3273
mapa_1_resultados.xlsx,316,AL2021,030201,AF,PS,party,PS,,398
mapa_1_resultados.xlsx,316,AL2021,030201,AF,[A],coalition,PPD/PSD.CDS-PP,BARCELOS MAIS FUTURO,910
mapa_1_resultados.xlsx,317,AL2021,030202,AF,PS,party,PS,,410
mapa_1_resultados.xlsx,317,AL2021,030202,AF,[A],coalition,PPD/PSD.CDS-PP,BARCELOS MAIS FUTURO,90
mapa_1_resultados.xlsx,318,AL2021,030203,AF,PS,party,PS,,288
mapa_1_resultados.xlsx,318,AL2021,030203,AF,[A],coalition,PPD/PSD.CDS-PP,BARCELOS MAIS FUTURO,226
mapa_1_resultados.xlsx,319,AL2021,030205,AF,CH,party,CH,,4
mapa_1_resultados.xlsx,319,AL2021,030205,AF,PS,party,PS,,398
mapa_1_resultados.xlsx,319,AL2021,030205,AF,[A],coalition,PPD/PSD.CDS-PP,BARCELOS MAIS FUTURO,298
mapa_1_resultados.xlsx,320,AL2021,030206,AF,PS,party,PS,,363
mapa_1_resultados.xlsx,321,AL2021,030208,AF,PS,party,PS,,938
mapa_1_resultados.xlsx,321,AL2021,030208,AF,PCP-PEV,coalition,PCP-PEV,,15
mapa_1_resultados.xlsx,321,AL2021,030208,AF,[A],coalition,PPD/PSD.CDS-PP,BARCELOS MAIS FUTURO,483
mapa_1_resultados.xlsx,322,AL2021,030209,AF,B.E.,party,B.E.,,443
mapa_1_resultados.xlsx,322,AL2021,030209,AF,CH,party,CH,,267
mapa_1_resultados.xlsx,322,AL2021,030209,AF,PS,party,PS,,3023
mapa_1_resultados.xlsx,322,AL2021,030209,AF,PCP-PEV,coalition,PCP-PEV,,264
mapa_1_resultados.xlsx,322,AL2021,030209,AF,[A],coalition,PPD/PSD.CDS-PP,BARCELOS MAIS FUTURO,1901
mapa_1_resultados.xlsx,323,AL2021,030210,AF,PS,party,PS,,256
mapa_1_resultados.xlsx,323,AL2021,030210,AF,[A],coalition,PPD/PSD.CDS-PP,BARCELOS MAIS FUTURO,345
mapa_1_resultados.xlsx,324,AL2021,030212,AF,PS,party,PS,,105
mapa_1_resultados.xlsx,324,AL2021,030212,AF,[A],coalition,PPD/PSD.CDS-PP,BARCELOS MAIS FUTURO,433
mapa_1_resultados.xlsx,325,AL2021,030213,AF,PS,party,PS,,734
mapa_1_resultados.xlsx,325,AL2021,030213,AF,PCP-PEV,coalition,PCP-PEV,,50
mapa_1_resultados.xlsx,325,AL2021,030213,AF,[A],coalition,PPD/PSD.CDS-PP,BARCELOS MAIS FUTURO,326
mapa_1_resultados.xlsx,326,AL2021,030215,AF,CH,party,CH,,53
mapa_1_resultados.xlsx,326,AL2021,030215,AF,PS,party,PS,,558
mapa_1_resultados.xlsx,326,AL2021,030215,AF,[A],coalition,PPD/PSD.CDS-PP,BARCELOS MAIS FUTURO,487
mapa_1_resultados.xlsx,327,AL2021,030216,AF,PS,party,PS,,510
mapa_1_resultados.xlsx,327,AL2021,030216,AF,PCP-PEV,coalition,PCP-PEV,,55
mapa_1_resultados.xlsx,327,AL2021,030216,AF,[A],coalition,PPD/PSD.CDS-PP,BARCELOS MAIS FUTURO,268
mapa_1_resultados.xlsx,328,AL2021,030218,AF,CH,party,CH,,29
mapa_1_resultados.xlsx,328,AL2021,030218,AF,PS,party,PS,,564
mapa_1_resultados.xlsx,328,AL2021,030218,AF,PCP-PEV,coalition,PCP-PEV,,95
mapa_1_resultados.xlsx,328,AL2021,030218,AF,[A],coalition,PPD/PSD.CDS-PP,BARCELOS MAIS FUTURO,187
mapa_1_resultados.xlsx,328,AL2021,030218,AF,[D],citizen_group,PPC21,Pedro Pereira Carapeços 21,535
mapa_1_resultados.xlsx,329,AL2021,030220,AF,PS,party,PS,,617
mapa_1_resultados.xlsx,329,AL2021,030220,AF,[A],coalition,PPD/PSD.CDS-PP,BARCELOS MAIS FUTURO,221
mapa_1_resultados.xlsx,330,AL2021,030221,AF,PS,party,PS,,118
mapa_1_resultados.xlsx,330,AL2021,030221,AF,[A],coalition,PPD/PSD.CDS-PP,BARCELOS MAIS FUTURO,347
mapa_1_resultados.xlsx,331,AL2021,030224,AF,CH,party,CH,,6
mapa_1_resultados.xlsx,331,AL2021,030224,AF,PS,party,PS,,251
mapa_1_resultados.xlsx,331,AL2021,030224,AF,[A],coalition,PPD/PSD.CDS-PP,BARCELOS MAIS FUTURO,282
mapa_1_resultados.xlsx,332,AL2021,030228,AF,[A],coalition,PPD/PSD.CDS-PP,BARCELOS MAIS FUTURO,619
mapa_1_resultados.xlsx,332,AL2021,030228,AF,[D],citizen_group,JPC,Juntos Por Cristelo,572
mapa_1_resultados.xlsx,333,AL2021,030234,AF,[A],coalition,PPD/PSD.CDS-PP,BARCELOS MAIS FUTURO,260
mapa_1_resultados.xlsx,333,AL2021,030234,AF,[D],citizen_group,IUF,Independentes Unidos por Fornelos,285
mapa_1_resultados.xlsx,334,AL2021,030235,AF,PS,party,PS,,826
mapa_1_resultados.xlsx,334,AL2021,030235,AF,[A],coalition,PPD/PSD.CDS-PP,BARCELOS MAIS FUTURO,453
mapa_1_resultados.xlsx,335,AL2021,030237,AF,PS,party,PS,,500
mapa_1_resultados.xlsx,335,AL2021,030237,AF,PCP-PEV,coalition,PCP-PEV,,12
mapa_1_resultados.xlsx,335,AL2021,030237,AF,[A],coalition,PPD/PSD.CDS-PP,BARCELOS MAIS FUTURO,461
mapa_1_resultados.xlsx,336,AL2021,030242,AF,CH,party,CH,,32
mapa_1_resultados.xlsx,336,AL2021,030242,AF,PS,party,PS,,484
mapa_1_resultados.xlsx,336,AL2021,030242,AF,[A],coalition,PPD/PSD.CDS-PP,BARCELOS MAIS FUTURO,295
mapa_1_resultados.xlsx,337,AL2021,030243,AF,CH,party,CH,,33
mapa_1_resultados.xlsx,337,AL2021,030243,AF,PS,party,PS,,614
mapa_1_resultados.xlsx,337,AL2021,030243,AF,[A],coalition,PPD/PSD.CDS-PP,BARCELOS MAIS FUTURO,938
mapa_1_resultados.xlsx,338,AL2021,030244,AF,CH,party,CH,,81
mapa_1_resultados.xlsx,338,AL2021,030244,AF,[A],coalition,PPD/PSD.CDS-PP,BARCELOS MAIS FUTURO,1028
mapa_1_resultados.xlsx,339,AL2021,030245,AF,PS,party,PS,,498
mapa_1_resultados.xlsx,339,AL2021,030245,AF,PCP-PEV,coalition,PCP-PEV,,30
mapa_1_resultados.xlsx,339,AL2021,030245,AF,[A],coalition,PPD/PSD.CDS-PP,BARCELOS MAIS FUTURO,558
mapa_1_resultados.xlsx,340,AL2021,030247,AF,PCP-PEV,coalition,PCP-PEV,,40
mapa_1_resultados.xlsx,340,AL2021,030247,AF,[A],coalition,PPD/PSD.CDS-PP,BARCELOS MAIS FUTURO,428
mapa_1_resultados.xlsx,340,AL2021,030247,AF,[D],citizen_group,M.A.,Martim Activo,870
mapa_1_resultados.xlsx,341,AL2021,030252,AF,PS,party,PS,,169
mapa_1_resultados.xlsx,341,AL2021,030252,AF,PCP-PEV,coalition,PCP-PEV,,13
mapa_1_resultados.xlsx,341,AL2021,030252,AF,[A],coalition,PPD/PSD.CDS-PP,BARCELOS MAIS FUTURO,483
mapa_1_resultados.xlsx,342,AL2021,030254,AF,PS,party,PS,,159
mapa_1_resultados.xlsx,342,AL2021,030254,AF,[A],coalition,PPD/PSD.CDS-PP,BARCELOS MAIS FUTURO,480
mapa_1_resultados.xlsx,343,AL2021,030255,AF,PS,party,PS,,383
mapa_1_resultados.xlsx,343,AL2021,030255,AF,[A],coalition,PPD/PSD.CDS-PP,BARCELOS MAIS FUTURO,357
mapa_1_resultados.xlsx,344,AL2021,030256,AF,CH,party,CH,,12
mapa_1_resultados.xlsx,344,AL2021,030256,AF,PS,party,PS,,156
mapa_1_resultados.xlsx,344,AL2021,030256,AF,[A],coalition,PPD/PSD.CDS-PP,BARCELOS MAIS FUTURO,266
mapa_1_resultados.xlsx,345,AL2021,030257,AF,PS,party,PS,,298
mapa_1_resultados.xlsx,345,AL2021,030257,AF,[A],coalition,PPD/PSD.CDS-PP,BARCELOS MAIS FUTURO,256
mapa_1_resultados.xlsx,346,AL2021,030259,AF,PS,party,PS,,572
mapa_1_resultados.xlsx,346,AL2021,030259,AF,PCP-PEV,coalition,PCP-PEV,,9
mapa_1_resultados.xlsx,346,AL2021,030259,AF,[A],coalition,PPD/PSD.CDS-PP,BARCELOS MAIS FUTURO,245
mapa_1_resultados.xlsx,347,AL2021,030260,AF,PS,party,PS,,432
mapa_1_resultados.xlsx,347,AL2021,030260,AF,[A],coalition,PPD/PSD.CDS-PP,BARCELOS MAIS FUTURO,650
mapa_1_resultados.xlsx,348,AL2021,030261,AF,PS,party,PS,,867
mapa_1_resultados.xlsx,348,AL2021,030261,AF,PCP-PEV,coalition,PCP-PEV,,53
mapa_1_resultados.xlsx,348,AL2021,030261,AF,[A],coalition,PPD/PSD.CDS-PP,BARCELOS MAIS FUTURO,389
mapa_1_resultados.xlsx,349,AL2021,030263,AF,PS,party,PS,,438
mapa_1_resultados.xlsx,349,AL2021,030263,AF,[A],coalition,PPD/PSD.CDS-PP,BARCELOS MAIS FUTURO,452
mapa_1_resultados.xlsx,350,AL2021,030264,AF,PS,party,PS,,856
mapa_1_resultados.xlsx,350,AL2021,030264,AF,PCP-PEV,coalition,PCP-PEV,,14
mapa_1_resultados.xlsx,350,AL2021,030264,AF,[A],coalition,PPD/PSD.CDS-PP,BARCELOS MAIS FUTURO,456
mapa_1_resultados.xlsx,351,AL2021,030265,AF,PS,party,PS,,546
mapa_1_resultados.xlsx,351,AL2021,030265,AF,[A],coalition,PPD/PSD.CDS-PP,BARCELOS MAIS FUTURO,403
mapa_1_resultados.xlsx,352,AL2021,030268,AF,PS,party,PS,,359
mapa_1_resultados.xlsx,352,AL2021,030268,AF,PCP-PEV,coalition,PCP-PEV,,29
mapa_1_resultados.xlsx,352,AL2021,030268,AF,[A],coalition,PPD/PSD.CDS-PP,BARCELOS MAIS FUTURO,1445
mapa_1_resultados.xlsx,353,AL2021,030272,AF,PS,party,PS,,346
mapa_1_resultados.xlsx,353,AL2021,030272,AF,[A],coalition,PPD/PSD.CDS-PP,BARCELOS MAIS FUTURO,796
mapa_1_resultados.xlsx,354,AL2021,030277,AF,B.E.,party,B.E.,,65
mapa_1_resultados.xlsx,354,AL2021,030277,AF,CH,party,CH,,36
mapa_1_resultados.xlsx,354,AL2021,030277,AF,PS,party,PS,,677
mapa_1_resultados.xlsx,354,AL2021,030277,AF,PCP-PEV,coalition,PCP-PEV,,29
mapa_1_resultados.xlsx,354,AL2021,030277,AF,[A],coalition,PPD/PSD.CDS-PP,BARCELOS MAIS FUTURO,911
mapa_1_resultados.xlsx,355,AL2021,030279,AF,PS,party,PS,,301
mapa_1_resultados.xlsx,355,AL2021,030279,AF,[A],coalition,PPD/PSD.CDS-PP,BARCELOS MAIS FUTURO,362
mapa_1_resultados.xlsx,356,AL2021,030282,AF,PS,party,PS,,630
mapa_1_resultados.xlsx,356,AL2021,030282,AF,[A],coalition,PPD/PSD.CDS-PP,BARCELOS MAIS FUTURO,322
mapa_1_resultados.xlsx,357,AL2021,030283,AF,PS,party,PS,,780
mapa_1_resultados.xlsx,357,AL2021,030283,AF,[A],coalition,PPD/PSD.CDS-PP,BARCELOS MAIS FUTURO,310
mapa_1_resultados.xlsx,358,AL2021,030287,AF,CH,party,CH,,29
mapa_1_resultados.xlsx,358,AL2021,030287,AF,[A],coalition,PPD/PSD.CDS-PP,BARCELOS MAIS FUTURO,204
mapa_1_resultados.xlsx,358,AL2021,030287,AF,[D],citizen_group,VSP,Vila Seca Primeiro,457
mapa_1_resultados.xlsx,359,AL2021,030290,AF,PS,party,PS,,288
mapa_1_resultados.xlsx,359,AL2021,030290,AF,[A],coalition,PPD/PSD.CDS-PP,BARCELOS MAIS FUTURO,540
mapa_1_resultados.xlsx,360,AL2021,030291,AF,B.E.,party,B.E.,,53
mapa_1_resultados.xlsx,360,AL2021,030291,AF,CH,party,CH,,28
mapa_1_resultados.xlsx,360,AL2021,030291,AF,PS,party,PS,,411
mapa_1_resultados.xlsx,360,AL2021,030291,AF,[A],coalition,PPD/PSD.CDS-PP,BARCELOS MAIS FUTURO,433
mapa_1_resultados.xlsx,361,AL2021,030292,AF,PCP-PEV,coalition,PCP-PEV,,21
mapa_1_resultados.xlsx,361,AL2021,030292,AF,[A],coalition,PPD/PSD.CDS-PP,BARCELOS MAIS FUTURO,438
mapa_1_resultados.xlsx,361,AL2021,030292,AF,[D],citizen_group,UAVE,União de Areias de Vilar e Encourados,667
mapa_1_resultados.xlsx,362,AL2021,030293,AF,B.E.,party,B.E.,,283
mapa_1_resultados.xlsx,362,AL2021,030293,AF,CH,party,CH,,190
mapa_1_resultados.xlsx,362,AL2021,030293,AF,PS,party,PS,,2141
mapa_1_resultados.xlsx,362,AL2021,030293,AF,PCP-PEV,coalition,PCP-PEV,,218
mapa_1_resultados.xlsx,362,AL2021,030293,AF,[A],coalition,PPD/PSD.CDS-PP,BARCELOS MAIS FUTURO,1715
mapa_1_resultados.xlsx,362,AL2021,030293,AF,[D],citizen_group,TB,TODOS BARCELOS,1437
mapa_1_resultados.xlsx,363,AL2021,030294,AF,CH,party,CH,,46
mapa_1_resultados.xlsx,363,AL2021,030294,AF,PS,party,PS,,299
mapa_1_resultados.xlsx,363,AL2021,030294,AF,PCP-PEV,coalition,PCP-PEV,,13
mapa_1_resultados.xlsx,363,AL2021,030294,AF,[A],coalition,PPD/PSD.CDS-PP,BARCELOS MAIS FUTURO,618
mapa_1_resultados.xlsx,364,AL2021,030295,AF,PCP-PEV,coalition,PCP-PEV,,142
mapa_1_resultados.xlsx,364,AL2021,030295,AF,[D],citizen_group,U.P.F.,União Para o Futuro,914
mapa_1_resultados.xlsx,365,AL2021,030296,AF,PS,party,PS,,175
mapa_1_resultados.xlsx,365,AL2021,030296,AF,[A],coalition,PPD/PSD.CDS-PP,BARCELOS MAIS FUTURO,994
mapa_1_resultados.xlsx,365,AL2021,030296,AF,[D],citizen_group,M5,Cinco em Movimento,530
mapa_1_resultados.xlsx,366,AL2021,030297,AF,CH,party,CH,,76
mapa_1_resultados.xlsx,366,AL2021,030297,AF,PS,party,PS,,641
mapa_1_resultados.xlsx,367,AL2021,030298,AF,PS,party,PS,,581
mapa_1_resultados.xlsx,368,AL2021,030299,AF,PS,party,PS,,355
mapa_1_resultados.xlsx,368,AL2021,030299,AF,[A],coalition,PPD/PSD.CDS-PP,BARCELOS MAIS FUTURO,579
mapa_1_resultados.xlsx,377,AL2021,030300,CM,B.E.,party,B.E.,,3963
mapa_1_resultados.xlsx,377,AL2021,030300,CM,CH,party,CH,,4402
mapa_1_resultados.xlsx,377,AL2021,030300,CM,IL,party,IL,,2761
mapa_1_resultados.xlsx,377,AL2021,030300,CM,L,party,L,,570
mapa_1_resultados.xlsx,377,AL2021,030300,CM,PAN,party,PAN,,2583
mapa_1_resultados.xlsx,377,AL2021,030300,CM,PS,party,PS,,29043
mapa_1_resultados.xlsx,377,AL2021,030300,CM,PCP-PEV,coalition,PCP-PEV,,6361
mapa_1_resultados.xlsx,377,AL2021,030300,CM,[A],coalition,PPD/PSD.CDS-PP.PPM.A,JUNTOS POR BRAGA,40625
mapa_1_resultados.xlsx,378,AL2021,030300,AM,B.E.,party,B.E.,,4984
mapa_1_resultados.xlsx,378,AL2021,030300,AM,CH,party,CH,,4827
mapa_1_resultados.xlsx,378,AL2021,030300,AM,IL,party,IL,,3040
mapa_1_resultados.xlsx,378,AL2021,030300,AM,L,party,L,,696
mapa_1_resultados.xlsx,378,AL2021,030300,AM,PAN,party,PAN,,3351
mapa_1_resultados.xlsx,378,AL2021,030300,AM,PS,party,PS,,28992
mapa_1_resultados.xlsx,378,AL2021,030300,AM,PCP-PEV,coalition,PCP-PEV,,6976
mapa_1_resultados.xlsx,378,AL2021,030300,AM,[A],coalition,PPD/PSD.CDS-PP.PPM.A,JUNTOS POR BRAGA,37197
mapa_1_resultados.xlsx,379,AL2021,030301,AF,B.E.,party,B.E.,,43
mapa_1_resultados.xlsx,379,AL2021,030301,AF,PS,party,PS,,1028
mapa_1_resultados.xlsx,379,AL2021,030301,AF,PCP-PEV,coalition,PCP-PEV,,80
mapa_1_resultados.xlsx,379,AL2021,030301,AF,[A],coalition,PPD/PSD.CDS-PP.PPM.A,JUNTOS POR BRAGA,808
mapa_1_resultados.xlsx,380,AL2021,030312,AF,PS,party,PS,,476
mapa_1_resultados.xlsx,380,AL2021,030312,AF,PCP-PEV,coalition,PCP-PEV,,23
mapa_1_resultados.xlsx,380,AL2021,030312,AF,[A],coalition,PPD/PSD.CDS-PP.PPM.A,JUNTOS POR BRAGA,244
mapa_1_resultados.xlsx,381,AL2021,030313,AF,PS,party,PS,,315
mapa_1_resultados.xlsx,381,AL2021,030313,AF,PCP-PEV,coalition,PCP-PEV,,44
mapa_1_resultados.xlsx,381,AL2021,030313,AF,[D],citizen_group,ME,ME-Mais Esporões,698
mapa_1_resultados.xlsx,382,AL2021,030315,AF,PS,party,PS,,271
mapa_1_resultados.xlsx,382,AL2021,030315,AF,PCP-PEV,coalition,PCP-PEV,,24
mapa_1_resultados.xlsx,382,AL2021,030315,AF,[A],coalition,PPD/PSD.CDS-PP.PPM.A,JUNTOS POR BRAGA,471
mapa_1_resultados.xlsx,383,AL2021,030319,AF,B.E.,party,B.E.,,123
mapa_1_resultados.xlsx,383,AL2021,030319,AF,PS,party,PS,,1550
mapa_1_resultados.xlsx,383,AL2021,030319,AF,PCP-PEV,coalition,PCP-PEV,,218
mapa_1_resultados.xlsx,383,AL2021,030319,AF,[A],coalition,PPD/PSD.CDS-PP.PPM.A,JUNTOS POR BRAGA,1187
mapa_1_resultados.xlsx,384,AL2021,030322,AF,PS,party,PS,,385
mapa_1_resultados.xlsx,384,AL2021,030322,AF,PCP-PEV,coalition,PCP-PEV,,13
mapa_1_resultados.xlsx,384,AL2021,030322,AF,[A],coalition,PPD/PSD.CDS-PP.PPM.A,JUNTOS POR BRAGA,142
mapa_1_resultados.xlsx,385,AL2021,030325,AF,PS,party,PS,,643
mapa_1_resultados.xlsx,385,AL2021,030325,AF,PCP-PEV,coalition,PCP-PEV,,76
mapa_1_resultados.xlsx,385,AL2021,030325,AF,[A],coalition,PPD/PSD.CDS-PP.PPM.A,JUNTOS POR BRAGA,580
mapa_1_resultados.xlsx,385,AL2021,030325,AF,[D],citizen_group,TNT,TIBÃES NOSSA TERRA,161
mapa_1_resultados.xlsx,386,AL2021,030330,AF,PS,party,PS,,565
mapa_1_resultados.xlsx,386,AL2021,030330,AF,PCP-PEV,coalition,PCP-PEV,,119
mapa_1_resultados.xlsx,386,AL2021,030330,AF,[A],coalition,PPD/PSD.CDS-PP.PPM.A,JUNTOS POR BRAGA,355
mapa_1_resultados.xlsx,387,AL2021,030331,AF,B.E.,party,B.E.,,180
mapa_1_resultados.xlsx,387,AL2021,030331,AF,PS,party,PS,,1080
mapa_1_resultados.xlsx,387,AL2021,030331,AF,PCP-PEV,coalition,PCP-PEV,,131
mapa_1_resultados.xlsx,387,AL2021,030331,AF,[A],coalition,PPD/PSD.CDS-PP.PPM.A,JUNTOS POR BRAGA,1324
mapa_1_resultados.xlsx,388,AL2021,030334,AF,PS,party,PS,,239
mapa_1_resultados.xlsx,388,AL2021,030334,AF,PCP-PEV,coalition,PCP-PEV,,25
mapa_1_resultados.xlsx,388,AL2021,030334,AF,[A],coalition,PPD/PSD.CDS-PP.PPM.A,JUNTOS POR BRAGA,412
mapa_1_resultados.xlsx,388,AL2021,030334,AF,[D],citizen_group,M.I.P.,Movimento Independente de Pedralva,47
mapa_1_resultados.xlsx,389,AL2021,030336,AF,PS,party,PS,,94
mapa_1_resultados.xlsx,389,AL2021,030336,AF,PCP-PEV,coalition,PCP-PEV,,22
mapa_1_resultados.xlsx,389,AL2021,030336,AF,[D],citizen_group,MCS21,Movimento Carlos Sá 2021,276
mapa_1_resultados.xlsx,389,AL2021,030336,AF,[E],citizen_group,MIAP,Movimento Independente Afirmar Priscos,466
mapa_1_resultados.xlsx,390,AL2021,030338,AF,PCP-PEV,coalition,PCP-PEV,,155
mapa_1_resultados.xlsx,390,AL2021,030338,AF,[A],coalition,PPD/PSD.CDS-PP.PPM.A,JUNTOS POR BRAGA,474
mapa_1_resultados.xlsx,391,AL2021,030349,AF,B.E.,party,B.E.,,276
mapa_1_resultados.xlsx,391,AL2021,030349,AF,CH,party,CH,,249
mapa_1_resultados.xlsx,391,AL2021,030349,AF,PS,party,PS,,1625
mapa_1_resultados.xlsx,391,AL2021,030349,AF,PCP-PEV,coalition,PCP-PEV,,385
mapa_1_resultados.xlsx,391,AL2021,030349,AF,[A],coalition,PPD/PSD.CDS-PP.PPM.A,JUNTOS POR BRAGA,2023
mapa_1_resultados.xlsx,391,AL2021,030349,AF,[D],citizen_group,JM21,JOSÉ MACEDO 2021,1044
mapa_1_resultados.xlsx,392,AL2021,030351,AF,B.E.,party,B.E.,,548
mapa_1_resultados.xlsx,392,AL2021,030351,AF,CH,party,CH,,419
mapa_1_resultados.xlsx,392,AL2021,030351,AF,PS,party,PS,,2085
mapa_1_resultados.xlsx,392,AL2021,030351,AF,PCP-PEV,coalition,PCP-PEV,,649
mapa_1_resultados.xlsx,392,AL2021,030351,AF,[A],coalition,PPD/PSD.CDS-PP.PPM.A,JUNTOS POR BRAGA,3099
mapa_1_resultados.xlsx,392,AL2021,030351,AF,[D],citizen_group,RS21,Ricardo Silva 2021,4407
mapa_1_resultados.xlsx,393,AL2021,030354,AF,PS,party,PS,,698
mapa_1_resultados.xlsx,393,AL2021,030354,AF,PCP-PEV,coalition,PCP-PEV,,56
mapa_1_resultados.xlsx,393,AL2021,030354,AF,[A],coalition,PPD/PSD.CDS-PP.PPM.A,JUNTOS POR BRAGA,304
mapa_1_resultados.xlsx,394,AL2021,030355,AF,PS,party,PS,,213
mapa_1_resultados.xlsx,394,AL2021,030355,AF,PCP-PEV,coalition,PCP-PEV,,29
mapa_1_resultados.xlsx,394,AL2021,030355,AF,[A],coalition,PPD/PSD.CDS-PP.PPM.A,JUNTOS POR BRAGA,557
mapa_1_resultados.xlsx,395,AL2021,030356,AF,PS,party,PS,,306
mapa_1_resultados.xlsx,395,AL2021,030356,AF,PCP-PEV,coalition,PCP-PEV,,21
mapa_1_resultados.xlsx,395,AL2021,030356,AF,[A],coalition,PPD/PSD.CDS-PP.PPM.A,JUNTOS POR BRAGA,413
mapa_1_resultados.xlsx,396,AL2021,030357,AF,PCP-PEV,coalition,PCP-PEV,,31
mapa_1_resultados.xlsx,396,AL2021,030357,AF,[D],citizen_group,JPT,Juntos por Tebosa,271
mapa_1_resultados.xlsx,396,AL2021,030357,AF,[E],citizen_group,MIT,MOVIMENTO INDEPENDENTE POR TEBOSA,455
mapa_1_resultados.xlsx,397,AL2021,030363,AF,PS,party,PS,,474
mapa_1_resultados.xlsx,397,AL2021,030363,AF,PCP-PEV,coalition,PCP-PEV,,17
mapa_1_resultados.xlsx,397,AL2021,030363,AF,[D],citizen_group,LIPAC,Lista Independente por Arentim e Cunha,529
mapa_1_resultados.xlsx,398,AL2021,030364,AF,B.E.,party,B.E.,,443
mapa_1_resultados.xlsx,398,AL2021,030364,AF,CH,party,CH,,305
mapa_1_resultados.xlsx,398,AL2021,030364,AF,PS,party,PS,,1425
mapa_1_resultados.xlsx,398,AL2021,030364,AF,PCP-PEV,coalition,PCP-PEV,,496
mapa_1_resultados.xlsx,398,AL2021,030364,AF,[A],coalition,PPD/PSD.CDS-PP.PPM.A,JUNTOS POR BRAGA,1985
mapa_1_resultados.xlsx,398,AL2021,030364,AF,[D],citizen_group,SMSC,"Servir Maximinos, Sé e Cividade",1463
mapa_1_resultados.xlsx,399,AL2021,030365,AF,B.E.,party,B.E.,,540
mapa_1_resultados.xlsx,399,AL2021,030365,AF,PS,party,PS,,2146
mapa_1_resultados.xlsx,399,AL2021,030365,AF,PCP-PEV,coalition,PCP-PEV,,540
mapa_1_resultados.xlsx,399,AL2021,030365,AF,[A],coalition,PPD/PSD.CDS-PP.PPM.A,JUNTOS POR BRAGA,2534
mapa_1_resultados.xlsx,400,AL2021,030366,AF,PS,party,PS,,859
mapa_1_resultados.xlsx,400,AL2021,030366,AF,PCP-PEV,coalition,PCP-PEV,,53
mapa_1_resultados.xlsx,400,AL2021,030366,AF,[A],coalition,PPD/PSD.CDS-PP.PPM.A,JUNTOS POR BRAGA,476
mapa_1_resultados.xlsx,401,AL2021,030367,AF,PS,party,PS,,1605
mapa_1_resultados.xlsx,401,AL2021,030367,AF,PCP-PEV,coalition,PCP-PEV,,245
mapa_1_resultados.xlsx,401,AL2021,030367,AF,[A],coalition,PPD/PSD.CDS-PP.PPM.A,JUNTOS POR BRAGA,1648
mapa_1_resultados.xlsx,402,AL2021,030368,AF,PS,party,PS,,293
mapa_1_resultados.xlsx,402,AL2021,030368,AF,PCP-PEV,coalition,PCP-PEV,,11
mapa_1_resultados.xlsx,402,AL2021,030368,AF,[A],coalition,PPD/PSD.CDS-PP.PPM.A,JUNTOS POR BRAGA,560
mapa_1_resultados.xlsx,403,AL2021,030369,AF,PS,party,PS,,390
mapa_1_resultados.xlsx,403,AL2021,030369,AF,PCP-PEV,coalition,PCP-PEV,,32
mapa_1_resultados.xlsx,403,AL2021,030369,AF,[A],coalition,PPD/PSD.CDS-PP.PPM.A,JUNTOS POR BRAGA,717
mapa_1_resultados.xlsx,404,AL2021,030370,AF,PS,party,PS,,1026
mapa_1_resultados.xlsx,404,AL2021,030370,AF,PCP-PEV,coalition,PCP-PEV,,108
mapa_1_resultados.xlsx,404,AL2021,030370,AF,[A],coalition,PPD/PSD.CDS-PP.PPM.A,JUNTOS POR BRAGA,1181
mapa_1_resultados.xlsx,405,AL2021,030371,AF,B.E.,party,B.E.,,284
mapa_1_resultados.xlsx,405,AL2021,030371,AF,PS,party,PS,,1986
mapa_1_resultados.xlsx,405,AL2021,030371,AF,PCP-PEV,coalition,PCP-PEV,,264
mapa_1_resultados.xlsx,405,AL2021,030371,AF,[A],coalition,PPD/PSD.CDS-PP.PPM.A,JUNTOS POR BRAGA,1896
mapa_1_resultados.xlsx,406,AL2021,030372,AF,PS,party,PS,,306
mapa_1_resultados.xlsx,406,AL2021,030372,AF,PCP-PEV,coalition,PCP-PEV,,13
mapa_1_resultados.xlsx,406,AL2021,030372,AF,[A],coalition,PPD/PSD.CDS-PP.PPM.A,JUNTOS POR BRAGA,401
mapa_1_resultados.xlsx,407,AL2021,030373,AF,CH,party,CH,,211
mapa_1_resultados.xlsx,407,AL2021,030373,AF,PS,party,PS,,1472
mapa_1_resultados.xlsx,407,AL2021,030373,AF,PCP-PEV,coalition,PCP-PEV,,215
mapa_1_resultados.xlsx,407,AL2021,030373,AF,[A],coalition,PPD/PSD.CDS-PP.PPM.A,JUNTOS POR BRAGA,1257
mapa_1_resultados.xlsx,407,AL2021,030373,AF,[D],citizen_group,ALA,ALA- Abraçar Lomar e Arcos,379
mapa_1_resultados.xlsx,408,AL2021,030374,AF,PS,party,PS,,837
mapa_1_resultados.xlsx,408,AL2021,030374,AF,PCP-PEV,coalition,PCP-PEV,,999
mapa_1_resultados.xlsx,408,AL2021,030374,AF,[A],coalition,PPD/PSD.CDS-PP.PPM.A,JUNTOS POR BRAGA,654
mapa_1_resultados.xlsx,409,AL2021,030375,AF,B.E.,party,B.E.,,168
mapa_1_resultados.xlsx,409,AL2021,030375,AF,PS,party,PS,,714
mapa_1_resultados.xlsx,409,AL2021,030375,AF,PCP-PEV,coalition,PCP-PEV,,164
mapa_1_resultados.xlsx,409,AL2021,030375,AF,[A],coalition,PPD/PSD.CDS-PP.PPM.A,JUNTOS POR BRAGA,1240
mapa_1_resultados.xlsx,410,AL2021,030376,AF,PS,party,PS,,255
mapa_1_resultados.xlsx,410,AL2021,030376,AF,PCP-PEV,coalition,PCP-PEV,,40
mapa_1_resultados.xlsx,410,AL2021,030376,AF,[A],coalition,PPD/PSD.CDS-PP.PPM.A,JUNTOS POR BRAGA,474
mapa_1_resultados.xlsx,411,AL2021,030377,AF,B.E.,party,B.E.,,512
mapa_1_resultados.xlsx,411,AL2021,030377,AF,CH,party,CH,,345
mapa_1_resultados.xlsx,411,AL2021,030377,AF,IL,party,IL,,476
mapa_1_resultados.xlsx,411,AL2021,030377,AF,PS,party,PS,,2728
mapa_1_resultados.xlsx,411,AL2021,030377,AF,PCP-PEV,coalition,PCP-PEV,,489
mapa_1_resultados.xlsx,411,AL2021,030377,AF,[A],coalition,PPD/PSD.CDS-PP.PPM.A,JUNTOS POR BRAGA,2687
mapa_1_resultados.xlsx,412,AL2021,030378,AF,PS,party,PS,,845
mapa_1_resultados.xlsx,412,AL2021,030378,AF,PCP-PEV,coalition,PCP-PEV,,319
mapa_1_resultados.xlsx,412,AL2021,030378,AF,[D],citizen_group,LICAU,Lista Independente Continuar a União,1306
mapa_1_resultados.xlsx,413,AL2021,030379,AF,B.E.,party,B.E.,,256
mapa_1_resultados.xlsx,413,AL2021,030379,AF,CH,party,CH,,357
mapa_1_resultados.xlsx,413,AL2021,030379,AF,IL,party,IL,,307
mapa_1_resultados.xlsx,413,AL2021,030379,AF,PS,party,PS,,2945
mapa_1_resultados.xlsx,413,AL2021,030379,AF,PCP-PEV,coalition,PCP-PEV,,566
mapa_1_resultados.xlsx,413,AL2021,030379,AF,[A],coalition,PPD/PSD.CDS-PP.PPM.A,JUNTOS POR BRAGA,1505
mapa_1_resultados.xlsx,414,AL2021,030380,AF,PS,party,PS,,213
mapa_1_resultados.xlsx,414,AL2021,030380,AF,PCP-PEV,coalition,PCP-PEV,,43
mapa_1_resultados.xlsx,414,AL2021,030380,AF,[A],coalition,PPD/PSD.CDS-PP.PPM.A,JUNTOS POR BRAGA,290
mapa_1_resultados.xlsx,415,AL2021,030381,AF,PS,party,PS,,340
mapa_1_resultados.xlsx,415,AL2021,030381,AF,PCP-PEV,coalition,PCP-PEV,,29
mapa_1_resultados.xlsx,415,AL2021,030381,AF,[A],coalition,PPD/PSD.CDS-PP.PPM.A,JUNTOS POR BRAGA,661
mapa_1_resultados.xlsx,416,AL2021,030400,CM,CH,party,CH,,87
mapa_1_resultados.xlsx,416,AL2021,030400,CM,PS,party,PS,,4714
mapa_1_resultados.xlsx,416,AL2021,030400,CM,PCP-PEV,coalition,PCP-PEV,,83
mapa_1_resultados.xlsx,416,AL2021,030400,CM,[A],coalition,PPD/PSD.CDS-PP,FAZER DIFERENTE,3060
mapa_1_resultados.xlsx,416,AL2021,030400,CM,[D],citizen_group,IPC,Independentes por cabeceiras,2973
mapa_1_resultados.xlsx,417,AL2021,030400,AM,CH,party,CH,,131
mapa_1_resultados.xlsx,417,AL2021,030400,AM,PS,party,PS,,4713
mapa_1_resultados.xlsx,417,AL2021,030400,AM,PCP-PEV,coalition,PCP-PEV,,79
mapa_1_resultados.xlsx,417,AL2021,030400,AM,[A],coalition,PPD/PSD.CDS-PP,FAZER DIFERENTE,3252
mapa_1_resultados.xlsx,417,AL2021,030400,AM,[D],citizen_group,IPC,Independentes por cabeceiras,2750
mapa_1_resultados.xlsx,418,AL2021,030401,AF,PS,party,PS,,270
mapa_1_resultados.xlsx,418,AL2021,030401,AF,PCP-PEV,coalition,PCP-PEV,,6
mapa_1_resultados.xlsx,418,AL2021,030401,AF,[A],coalition,PPD/PSD.CDS-PP,FAZER DIFERENTE,98
mapa_1_resultados.xlsx,418,AL2021,030401,AF,[D],citizen_group,IPC,Independentes por cabeceiras,48
mapa_1_resultados.xlsx,419,AL2021,030404,AF,PS,party,PS,,170
mapa_1_resultados.xlsx,419,AL2021,030404,AF,PCP-PEV,coalition,PCP-PEV,,7
mapa_1_resultados.xlsx,419,AL2021,030404,AF,[A],coalition,PPD/PSD.CDS-PP,FAZER DIFERENTE,441
mapa_1_resultados.xlsx,420,AL2021,030405,AF,PS,party,PS,,219
mapa_1_resultados.xlsx,420,AL2021,030405,AF,PCP-PEV,coalition,PCP-PEV,,0
mapa_1_resultados.xlsx,420,AL2021,030405,AF,[A],coalition,PPD/PSD.CDS-PP,FAZER DIFERENTE,24
mapa_1_resultados.xlsx,420,AL2021,030405,AF,[D],citizen_group,IPC,Independentes por cabeceiras,168
mapa_1_resultados.xlsx,421,AL2021,030406,AF,PS,party,PS,,302
mapa_1_resultados.xlsx,421,AL2021,030406,AF,PCP-PEV,coalition,PCP-PEV,,0
mapa_1_resultados.xlsx,421,AL2021,030406,AF,[A],coalition,PPD/PSD.CDS-PP,FAZER DIFERENTE,89
mapa_1_resultados.xlsx,421,AL2021,030406,AF,[D],citizen_group,IPC,Independentes por cabeceiras,94
mapa_1_resultados.xlsx,422,AL2021,030407,AF,PS,party,PS,,178
mapa_1_resultados.xlsx,422,AL2021,030407,AF,PCP-PEV,coalition,PCP-PEV,,4
mapa_1_resultados.xlsx,422,AL2021,030407,AF,[A],coalition,PPD/PSD.CDS-PP,FAZER DIFERENTE,99
mapa_1_resultados.xlsx,422,AL2021,030407,AF,[D],citizen_group,IPC,Independentes por cabeceiras,534
mapa_1_resultados.xlsx,423,AL2021,030408,AF,PS,party,PS,,225
mapa_1_resultados.xlsx,423,AL2021,030408,AF,PCP-PEV,coalition,PCP-PEV,,5
mapa_1_resultados.xlsx,423,AL2021,030408,AF,[D],citizen_group,IPC,Independentes por cabeceiras,181
mapa_1_resultados.xlsx,424,AL2021,030413,AF,PS,party,PS,,88
mapa_1_resultados.xlsx,424,AL2021,030413,AF,PCP-PEV,coalition,PCP-PEV,,2
mapa_1_resultados.xlsx,424,AL2021,030413,AF,[A],coalition,PPD/PSD.CDS-PP,FAZER DIFERENTE,72
mapa_1_resultados.xlsx,424,AL2021,030413,AF,[D],citizen_group,IPC,Independentes por cabeceiras,356
mapa_1_resultados.xlsx,425,AL2021,030415,AF,PS,party,PS,,168
mapa_1_resultados.xlsx,425,AL2021,030415,AF,PCP-PEV,coalition,PCP-PEV,,9
mapa_1_resultados.xlsx,425,AL2021,030415,AF,[D],citizen_group,MR,GRUPO DE CIDADÃOS ELEITORES MAIS RIODOURO,480
mapa_1_resultados.xlsx,426,AL2021,030418,AF,PCP-PEV,coalition,PCP-PEV,,9
mapa_1_resultados.xlsx,426,AL2021,030418,AF,[D],citizen_group,Apjv,Alvite e Passos juntos venceremos,179
mapa_1_resultados.xlsx,426,AL2021,030418,AF,[E],citizen_group,MAP,Mais Alvite e Passos,574
mapa_1_resultados.xlsx,427,AL2021,030419,AF,PS,party,PS,,648
mapa_1_resultados.xlsx,427,AL2021,030419,AF,PCP-PEV,coalition,PCP-PEV,,6
mapa_1_resultados.xlsx,427,AL2021,030419,AF,[A],coalition,PPD/PSD.CDS-PP,FAZER DIFERENTE,360
mapa_1_resultados.xlsx,427,AL2021,030419,AF,[D],citizen_group,ipc,Independentes por cabeceiras,283
mapa_1_resultados.xlsx,428,AL2021,030420,AF,PCP-PEV,coalition,PCP-PEV,,40
mapa_1_resultados.xlsx,428,AL2021,030420,AF,[D],citizen_group,UPGV,UNIDOS POR GONDIÃES E VILAR,214
mapa_1_resultados.xlsx,429,AL2021,030421,AF,PS,party,PS,,1858
mapa_1_resultados.xlsx,429,AL2021,030421,AF,PCP-PEV,coalition,PCP-PEV,,42
mapa_1_resultados.xlsx,429,AL2021,030421,AF,[A],coalition,PPD/PSD.CDS-PP,FAZER DIFERENTE,1372
mapa_1_resultados.xlsx,429,AL2021,030421,AF,[D],citizen_group,IPC,Independentes por cabeceiras,960
mapa_1_resultados.xlsx,430,AL2021,030500,CM,CDS-PP,party,CDS-PP,,150
mapa_1_resultados.xlsx,430,AL2021,030500,CM,CH,party,CH,,101
mapa_1_resultados.xlsx,430,AL2021,030500,CM,PPD/PSD,party,PPD/PSD,,5509
mapa_1_resultados.xlsx,430,AL2021,030500,CM,PS,party,PS,,4657
mapa_1_resultados.xlsx,430,AL2021,030500,CM,PCP-PEV,coalition,PCP-PEV,,117
mapa_1_resultados.xlsx,430,AL2021,030500,CM,[D],citizen_group,CIC,Cidadãos Independentes Por Celorico,1496
mapa_1_resultados.xlsx,431,AL2021,030500,AM,CDS-PP,party,CDS-PP,,257
mapa_1_resultados.xlsx,431,AL2021,030500,AM,CH,party,CH,,150
mapa_1_resultados.xlsx,431,AL2021,030500,AM,PPD/PSD,party,PPD/PSD,,4723
mapa_1_resultados.xlsx,431,AL2021,030500,AM,PS,party,PS,,4819
mapa_1_resultados.xlsx,431,AL2021,030500,AM,PCP-PEV,coalition,PCP-PEV,,172
mapa_1_resultados.xlsx,431,AL2021,030500,AM,[D],citizen_group,CIC,Cidadãos Independentes Por Celorico,1761
mapa_1_resultados.xlsx,432,AL2021,030501,AF,PPD/PSD,party,PPD/PSD,,480
mapa_1_resultados.xlsx,432,AL2021,030501,AF,PS,party,PS,,213
mapa_1_resultados.xlsx,432,AL2021,030501,AF,[D],citizen_group,CIC,Cidadãos Independentes Por Celorico,82
mapa_1_resultados.xlsx,433,AL2021,030502,AF,PPD/PSD,party,PPD/PSD,,254
mapa_1_resultados.xlsx,433,AL2021,030502,AF,PS,party,PS,,490
mapa_1_resultados.xlsx,433,AL2021,030502,AF,[D],citizen_group,CIC,Cidadãos Independentes Por Celorico,243
mapa_1_resultados.xlsx,434,AL2021,030503,AF,PPD/PSD,party,PPD/PSD,,495
mapa_1_resultados.xlsx,434,AL2021,030503,AF,PS,party,PS,,169
mapa_1_resultados.xlsx,434,AL2021,030503,AF,[D],citizen_group,CIC,Cidadãos Independentes Por Celorico,109
mapa_1_resultados.xlsx,435,AL2021,030508,AF,PS,party,PS,,102
mapa_1_resultados.xlsx,435,AL2021,030508,AF,[D],citizen_group,CIC,Cidadãos Independentes Por Celorico,27
mapa_1_resultados.xlsx,435,AL2021,030508,AF,[E],citizen_group,SCCFP,Servir Codeçoso Com Fernando Pinheiro,151
mapa_1_resultados.xlsx,436,AL2021,030510,AF,PPD/PSD,party,PPD/PSD,,484
mapa_1_resultados.xlsx,436,AL2021,030510,AF,PS,party,PS,,158
mapa_1_resultados.xlsx,436,AL2021,030510,AF,[D],citizen_group,CIC,Cidadãos Independentes Por Celorico,126
mapa_1_resultados.xlsx,437,AL2021,030515,AF,PPD/PSD,party,PPD/PSD,,182
mapa_1_resultados.xlsx,437,AL2021,030515,AF,PS,party,PS,,252
mapa_1_resultados.xlsx,438,AL2021,030517,AF,PPD/PSD,party,PPD/PSD,,360
mapa_1_resultados.xlsx,438,AL2021,030517,AF,PS,party,PS,,177
mapa_1_resultados.xlsx,438,AL2021,030517,AF,[D],citizen_group,Rego 2021,Rego 2021 Movimento Independente,191
mapa_1_resultados.xlsx,439,AL2021,030518,AF,PPD/PSD,party,PPD/PSD,,399
mapa_1_resultados.xlsx,439,AL2021,030518,AF,PS,party,PS,,191
mapa_1_resultados.xlsx,440,AL2021,030520,AF,PPD/PSD,party,PPD/PSD,,572
mapa_1_resultados.xlsx,440,AL2021,030520,AF,PS,party,PS,,304
mapa_1_resultados.xlsx,440,AL2021,030520,AF,[D],citizen_group,CIC,Cidadãos Independentes Por Celorico,45
mapa_1_resultados.xlsx,441,AL2021,030521,AF,PPD/PSD,party,PPD/PSD,,344
mapa_1_resultados.xlsx,441,AL2021,030521,AF,PS,party,PS,,80
mapa_1_resultados.xlsx,441,AL2021,030521,AF,[D],citizen_group,CIC,Cidadãos Independentes Por Celorico,36
mapa_1_resultados.xlsx,442,AL2021,030523,AF,PPD/PSD,party,PPD/PSD,,860
mapa_1_resultados.xlsx,442,AL2021,030523,AF,PS,party,PS,,1082
mapa_1_resultados.xlsx,442,AL2021,030523,AF,[D],citizen_group,CIC,Cidadãos Independentes Por Celorico,315
mapa_1_resultados.xlsx,443,AL2021,030524,AF,PPD/PSD,party,PPD/PSD,,146
mapa_1_resultados.xlsx,443,AL2021,030524,AF,PS,party,PS,,248
mapa_1_resultados.xlsx,444,AL2021,030525,AF,PPD/PSD,party,PPD/PSD,,500
mapa_1_resultados.xlsx,444,AL2021,030525,AF,PS,party,PS,,242
mapa_1_resultados.xlsx,444,AL2021,030525,AF,[D],citizen_group,CIC,Cidadãos Independentes Por Celorico,49
mapa_1_resultados.xlsx,445,AL2021,030526,AF,PPD/PSD,party,PPD/PSD,,398
mapa_1_resultados.xlsx,445,AL2021,030526,AF,PS,party,PS,,84
mapa_1_resultados.xlsx,445,AL2021,030526,AF,[D],citizen_group,CIC,Cidadãos Independentes Por Celorico,101
mapa_1_resultados.xlsx,446,AL2021,030527,AF,PPD/PSD,party,PPD/PSD,,688
mapa_1_resultados.xlsx,446,AL2021,030527,AF,PS,party,PS,,416
mapa_1_resultados.xlsx,446,AL2021,030527,AF,[D],citizen_group,CIC,Cidadãos Independentes Por Celorico,124
mapa_1_resultados.xlsx,447,AL2021,030600,CM,CDS-PP,party,CDS-PP,,1867
mapa_1_resultados.xlsx,447,AL2021,030600,CM,CH,party,CH,,743
mapa_1_resultados.xlsx,447,AL2021,030600,CM,PPD/PSD,party,PPD/PSD,,11499
mapa_1_resultados.xlsx,447,AL2021,030600,CM,PS,party,PS,,3753
mapa_1_resultados.xlsx,447,AL2021,030600,CM,PCP-PEV,coalition,PCP-PEV,,674
mapa_1_resultados.xlsx,448,AL2021,030600,AM,B.E.,party,B.E.,,479
mapa_1_resultados.xlsx,448,AL2021,030600,AM,CDS-PP,party,CDS-PP,,1935
mapa_1_resultados.xlsx,448,AL2021,030600,AM,CH,party,CH,,803
mapa_1_resultados.xlsx,448,AL2021,030600,AM,PPD/PSD,party,PPD/PSD,,10406
mapa_1_resultados.xlsx,448,AL2021,030600,AM,PS,party,PS,,4135
mapa_1_resultados.xlsx,448,AL2021,030600,AM,PCP-PEV,coalition,PCP-PEV,,782
mapa_1_resultados.xlsx,449,AL2021,030601,AF,PPD/PSD,party,PPD/PSD,,888
mapa_1_resultados.xlsx,449,AL2021,030601,AF,PS,party,PS,,235
mapa_1_resultados.xlsx,450,AL2021,030608,AF,PPD/PSD,party,PPD/PSD,,960
mapa_1_resultados.xlsx,450,AL2021,030608,AF,[D],citizen_group,LIF,LISTA INDEPENDENTE DE FORJÃES,664
mapa_1_resultados.xlsx,451,AL2021,030610,AF,CDS-PP,party,CDS-PP,,203
mapa_1_resultados.xlsx,451,AL2021,030610,AF,PS,party,PS,,168
mapa_1_resultados.xlsx,451,AL2021,030610,AF,[D],citizen_group,GdC,GEMESES DOS CIDADÃOS,303
mapa_1_resultados.xlsx,452,AL2021,030615,AF,[D],citizen_group,LIV,LISTA INDEPENDENTE DE VILA CHÃ,517
mapa_1_resultados.xlsx,453,AL2021,030616,AF,CDS-PP,party,CDS-PP,,224
mapa_1_resultados.xlsx,453,AL2021,030616,AF,CH,party,CH,,98
mapa_1_resultados.xlsx,453,AL2021,030616,AF,PPD/PSD,party,PPD/PSD,,1821
mapa_1_resultados.xlsx,453,AL2021,030616,AF,PS,party,PS,,575
mapa_1_resultados.xlsx,453,AL2021,030616,AF,PCP-PEV,coalition,PCP-PEV,,95
mapa_1_resultados.xlsx,453,AL2021,030616,AF,[D],citizen_group,LIPAF,LISTA INDEPENDENTE POR APÚLIA E FÃO,1371
mapa_1_resultados.xlsx,454,AL2021,030617,AF,CH,party,CH,,45
mapa_1_resultados.xlsx,454,AL2021,030617,AF,PPD/PSD,party,PPD/PSD,,748
mapa_1_resultados.xlsx,454,AL2021,030617,AF,PS,party,PS,,392
mapa_1_resultados.xlsx,454,AL2021,030617,AF,PCP-PEV,coalition,PCP-PEV,,75
mapa_1_resultados.xlsx,454,AL2021,030617,AF,[D],citizen_group,PNT,PRIMEIRO A NOSSA TERRA,340
mapa_1_resultados.xlsx,455,AL2021,030618,AF,CDS-PP,party,CDS-PP,,621
mapa_1_resultados.xlsx,455,AL2021,030618,AF,CH,party,CH,,217
mapa_1_resultados.xlsx,455,AL2021,030618,AF,PPD/PSD,party,PPD/PSD,,3119
mapa_1_resultados.xlsx,455,AL2021,030618,AF,PS,party,PS,,1677
mapa_1_resultados.xlsx,455,AL2021,030618,AF,PCP-PEV,coalition,PCP-PEV,,285
mapa_1_resultados.xlsx,456,AL2021,030619,AF,CDS-PP,party,CDS-PP,,457
mapa_1_resultados.xlsx,456,AL2021,030619,AF,PPD/PSD,party,PPD/PSD,,477
mapa_1_resultados.xlsx,456,AL2021,030619,AF,PS,party,PS,,300
mapa_1_resultados.xlsx,457,AL2021,030620,AF,CH,party,CH,,79
mapa_1_resultados.xlsx,457,AL2021,030620,AF,PPD/PSD,party,PPD/PSD,,981
mapa_1_resultados.xlsx,457,AL2021,030620,AF,[D],citizen_group,UPC,UNIDOS POR PALMEIRA E CURVOS,692
mapa_1_resultados.xlsx,458,AL2021,030700,CM,CDS-PP,party,CDS-PP,,991
mapa_1_resultados.xlsx,458,AL2021,030700,CM,CH,party,CH,,1237
mapa_1_resultados.xlsx,458,AL2021,030700,CM,NC,party,NC,,1473
mapa_1_resultados.xlsx,458,AL2021,030700,CM,PPD/PSD,party,PPD/PSD,,7475
mapa_1_resultados.xlsx,458,AL2021,030700,CM,PS,party,PS,,16270
mapa_1_resultados.xlsx,458,AL2021,030700,CM,PCP-PEV,coalition,PCP-PEV,,1188
mapa_1_resultados.xlsx,459,AL2021,030700,AM,CH,party,CH,,1031
mapa_1_resultados.xlsx,459,AL2021,030700,AM,NC,party,NC,,919
mapa_1_resultados.xlsx,459,AL2021,030700,AM,PPD/PSD,party,PPD/PSD,,6258
mapa_1_resultados.xlsx,459,AL2021,030700,AM,PS,party,PS,,12040
mapa_1_resultados.xlsx,459,AL2021,030700,AM,PCP-PEV,coalition,PCP-PEV,,1150
mapa_1_resultados.xlsx,459,AL2021,030700,AM,[D],citizen_group,FS,JOSÉ RIBEIRO POR FAFE SEMPRE,7337
mapa_1_resultados.xlsx,460,AL2021,030705,AF,PPD/PSD,party,PPD/PSD,,200
mapa_1_resultados.xlsx,460,AL2021,030705,AF,PS,party,PS,,229
mapa_1_resultados.xlsx,460,AL2021,030705,AF,PCP-PEV,coalition,PCP-PEV,,23
mapa_1_resultados.xlsx,461,AL2021,030708,AF,PPD/PSD,party,PPD/PSD,,176
mapa_1_resultados.xlsx,461,AL2021,030708,AF,PCP-PEV,coalition,PCP-PEV,,70
mapa_1_resultados.xlsx,461,AL2021,030708,AF,[D],citizen_group,IPE,INDEPENDENTES POR ESTORÃOS,699
mapa_1_resultados.xlsx,462,AL2021,030709,AF,CH,party,CH,,339
mapa_1_resultados.xlsx,462,AL2021,030709,AF,PPD/PSD,party,PPD/PSD,,2131
mapa_1_resultados.xlsx,462,AL2021,030709,AF,PS,party,PS,,4703
mapa_1_resultados.xlsx,462,AL2021,030709,AF,PCP-PEV,coalition,PCP-PEV,,517
mapa_1_resultados.xlsx,463,AL2021,030712,AF,PPD/PSD,party,PPD/PSD,,319
mapa_1_resultados.xlsx,463,AL2021,030712,AF,PS,party,PS,,489
mapa_1_resultados.xlsx,463,AL2021,030712,AF,PCP-PEV,coalition,PCP-PEV,,43
mapa_1_resultados.xlsx,464,AL2021,030714,AF,PPD/PSD,party,PPD/PSD,,668
mapa_1_resultados.xlsx,464,AL2021,030714,AF,PS,party,PS,,758
mapa_1_resultados.xlsx,464,AL2021,030714,AF,PCP-PEV,coalition,PCP-PEV,,14
mapa_1_resultados.xlsx,465,AL2021,030716,AF,CH,party,CH,,104
mapa_1_resultados.xlsx,465,AL2021,030716,AF,PCP-PEV,coalition,PCP-PEV,,64
mapa_1_resultados.xlsx,465,AL2021,030716,AF,[D],citizen_group,LIM,LISTA INDEPENDENTE POR MEDELO,565
mapa_1_resultados.xlsx,466,AL2021,030719,AF,PS,party,PS,,596
mapa_1_resultados.xlsx,467,AL2021,030722,AF,PS,party,PS,,544
mapa_1_resultados.xlsx,467,AL2021,030722,AF,PCP-PEV,coalition,PCP-PEV,,35
mapa_1_resultados.xlsx,467,AL2021,030722,AF,[D],citizen_group,LIQ,LISTA INDEPENDENTE POR QUINCHÃES,774
mapa_1_resultados.xlsx,468,AL2021,030723,AF,PPD/PSD,party,PPD/PSD,,517
mapa_1_resultados.xlsx,468,AL2021,030723,AF,PS,party,PS,,632
mapa_1_resultados.xlsx,468,AL2021,030723,AF,PCP-PEV,coalition,PCP-PEV,,10
mapa_1_resultados.xlsx,469,AL2021,030724,AF,CH,party,CH,,76
mapa_1_resultados.xlsx,469,AL2021,030724,AF,PS,party,PS,,374
mapa_1_resultados.xlsx,470,AL2021,030725,AF,PCP-PEV,coalition,PCP-PEV,,38
mapa_1_resultados.xlsx,470,AL2021,030725,AF,[D],citizen_group,LIR,LISTA INDEPENDENTE POR RIBEIROS,283
mapa_1_resultados.xlsx,471,AL2021,030726,AF,PS,party,PS,,643
mapa_1_resultados.xlsx,472,AL2021,030728,AF,PCP-PEV,coalition,PCP-PEV,,9
mapa_1_resultados.xlsx,472,AL2021,030728,AF,[D],citizen_group,LIUSG,LISTA INDEPENDENTE UNIDOS POR S. GENS,805
mapa_1_resultados.xlsx,472,AL2021,030728,AF,[E],citizen_group,PSG,POR SÃO GENS LISTA INDEPENDENTE,318
mapa_1_resultados.xlsx,473,AL2021,030729,AF,PPD/PSD,party,PPD/PSD,,246
mapa_1_resultados.xlsx,473,AL2021,030729,AF,PS,party,PS,,621
mapa_1_resultados.xlsx,474,AL2021,030730,AF,PPD/PSD,party,PPD/PSD,,861
mapa_1_resultados.xlsx,474,AL2021,030730,AF,PS,party,PS,,963
mapa_1_resultados.xlsx,474,AL2021,030730,AF,PCP-PEV,coalition,PCP-PEV,,70
mapa_1_resultados.xlsx,475,AL2021,030733,AF,CDS-PP,party,CDS-PP,,29
mapa_1_resultados.xlsx,475,AL2021,030733,AF,PPD/PSD,party,PPD/PSD,,430
mapa_1_resultados.xlsx,475,AL2021,030733,AF,PS,party,PS,,388
mapa_1_resultados.xlsx,475,AL2021,030733,AF,PCP-PEV,coalition,PCP-PEV,,43
mapa_1_resultados.xlsx,476,AL2021,030736,AF,PPD/PSD,party,PPD/PSD,,151
mapa_1_resultados.xlsx,476,AL2021,030736,AF,PS,party,PS,,276
mapa_1_resultados.xlsx,476,AL2021,030736,AF,PCP-PEV,coalition,PCP-PEV,,9
mapa_1_resultados.xlsx,477,AL2021,030737,AF,CH,party,CH,,46
mapa_1_resultados.xlsx,477,AL2021,030737,AF,PPD/PSD,party,PPD/PSD,,97
mapa_1_resultados.xlsx,477,AL2021,030737,AF,PS,party,PS,,344
mapa_1_resultados.xlsx,477,AL2021,030737,AF,[D],citizen_group,U.P.A.F.G.P.,UNIDOS POR ABOIM FELGUEIRAS GONTIM PEDRAIDO,54
mapa_1_resultados.xlsx,478,AL2021,030738,AF,PPD/PSD,party,PPD/PSD,,275
mapa_1_resultados.xlsx,478,AL2021,030738,AF,PS,party,PS,,472
mapa_1_resultados.xlsx,479,AL2021,030739,AF,PPD/PSD,party,PPD/PSD,,69
mapa_1_resultados.xlsx,479,AL2021,030739,AF,PS,party,PS,,515
mapa_1_resultados.xlsx,479,AL2021,030739,AF,PCP-PEV,coalition,PCP-PEV,,73
mapa_1_resultados.xlsx,479,AL2021,030739,AF,[D],citizen_group,LIASSC,LISTA INDEPENDENTE ANTIME SILVARES SÃO CLEMENTE,741
mapa_1_resultados.xlsx,480,AL2021,030740,AF,PPD/PSD,party,PPD/PSD,,201
mapa_1_resultados.xlsx,480,AL2021,030740,AF,PS,party,PS,,487
mapa_1_resultados.xlsx,481,AL2021,030741,AF,PPD/PSD,party,PPD/PSD,,170
mapa_1_resultados.xlsx,481,AL2021,030741,AF,PCP-PEV,coalition,PCP-PEV,,167
mapa_1_resultados.xlsx,481,AL2021,030741,AF,[D],citizen_group,LICEFA,LISTA INDEPENDENTE DE CEPÃES E FAREJA,707
mapa_1_resultados.xlsx,481,AL2021,030741,AF,[E],citizen_group,MI,MOVIMENTO INDEPENDENTE,187
mapa_1_resultados.xlsx,482,AL2021,030742,AF,CDS-PP,party,CDS-PP,,18
mapa_1_resultados.xlsx,482,AL2021,030742,AF,PPD/PSD,party,PPD/PSD,,130
mapa_1_resultados.xlsx,482,AL2021,030742,AF,PS,party,PS,,206
mapa_1_resultados.xlsx,482,AL2021,030742,AF,PCP-PEV,coalition,PCP-PEV,,54
mapa_1_resultados.xlsx,482,AL2021,030742,AF,[D],citizen_group,MM,ANIBAL LOPES - MAIS E MELHOR,104
mapa_1_resultados.xlsx,483,AL2021,030743,AF,PPD/PSD,party,PPD/PSD,,142
mapa_1_resultados.xlsx,483,AL2021,030743,AF,PS,party,PS,,334
mapa_1_resultados.xlsx,484,AL2021,030744,AF,PPD/PSD,party,PPD/PSD,,403
mapa_1_resultados.xlsx,484,AL2021,030744,AF,PS,party,PS,,614
mapa_1_resultados.xlsx,484,AL2021,030744,AF,PCP-PEV,coalition,PCP-PEV,,23
mapa_1_resultados.xlsx,484,AL2021,030744,AF,[D],citizen_group,MRVC,POR MOREIRA DO REI VARZEA COVA,82
mapa_1_resultados.xlsx,484,AL2021,030744,AF,[E],citizen_group,MVCS,MOREIRA VARZEA COVA SEMPRE,68
mapa_1_resultados.xlsx,485,AL2021,030800,CM,B.E.,party,B.E.,,2256
mapa_1_resultados.xlsx,485,AL2021,030800,CM,CH,party,CH,,2977
mapa_1_resultados.xlsx,485,AL2021,030800,CM,IL,party,IL,,1620
mapa_1_resultados.xlsx,485,AL2021,030800,CM,PAN,party,PAN,,1151
mapa_1_resultados.xlsx,485,AL2021,030800,CM,PS,party,PS,,43690
mapa_1_resultados.xlsx,485,AL2021,030800,CM,PCP-PEV,coalition,PCP-PEV,,5028
mapa_1_resultados.xlsx,485,AL2021,030800,CM,[A],coalition,PPD/PSD.CDS-PP,JUNTOS POR GUIMARÃES,31073
mapa_1_resultados.xlsx,486,AL2021,030800,AM,B.E.,party,B.E.,,2712
mapa_1_resultados.xlsx,486,AL2021,030800,AM,CH,party,CH,,3280
mapa_1_resultados.xlsx,486,AL2021,030800,AM,IL,party,IL,,1907
mapa_1_resultados.xlsx,486,AL2021,030800,AM,PAN,party,PAN,,1530
mapa_1_resultados.xlsx,486,AL2021,030800,AM,PS,party,PS,,41908
mapa_1_resultados.xlsx,486,AL2021,030800,AM,PCP-PEV,coalition,PCP-PEV,,5540
mapa_1_resultados.xlsx,486,AL2021,030800,AM,[A],coalition,PPD/PSD.CDS-PP,JUNTOS POR GUIMARÃES,30594
mapa_1_resultados.xlsx,487,AL2021,030801,AF,PS,party,PS,,307
mapa_1_resultados.xlsx,487,AL2021,030801,AF,PCP-PEV,coalition,PCP-PEV,,29
mapa_1_resultados.xlsx,487,AL2021,030801,AF,[A],coalition,PPD/PSD.CDS-PP,JUNTOS POR GUIMARÃES,466
mapa_1_resultados.xlsx,488,AL2021,030804,AF,B.E.,party,B.E.,,210
mapa_1_resultados.xlsx,488,AL2021,030804,AF,CH,party,CH,,221
mapa_1_resultados.xlsx,488,AL2021,030804,AF,PS,party,PS,,1878
mapa_1_resultados.xlsx,488,AL2021,030804,AF,PCP-PEV,coalition,PCP-PEV,,397
mapa_1_resultados.xlsx,488,AL2021,030804,AF,[A],coalition,PPD/PSD.CDS-PP,JUNTOS POR GUIMARÃES,1331
mapa_1_resultados.xlsx,489,AL2021,030806,AF,PS,party,PS,,578
mapa_1_resultados.xlsx,489,AL2021,030806,AF,PCP-PEV,coalition,PCP-PEV,,25
mapa_1_resultados.xlsx,489,AL2021,030806,AF,[A],coalition,PPD/PSD.CDS-PP,JUNTOS POR GUIMARÃES,329
mapa_1_resultados.xlsx,490,AL2021,030807,AF,PS,party,PS,,1386
mapa_1_resultados.xlsx,490,AL2021,030807,AF,PCP-PEV,coalition,PCP-PEV,,364
mapa_1_resultados.xlsx,490,AL2021,030807,AF,[A],coalition,PPD/PSD.CDS-PP,JUNTOS POR GUIMARÃES,1031
mapa_1_resultados.xlsx,491,AL2021,030808,AF,B.E.,party,B.E.,,91
mapa_1_resultados.xlsx,491,AL2021,030808,AF,CH,party,CH,,88
mapa_1_resultados.xlsx,491,AL2021,030808,AF,PS,party,PS,,1914
mapa_1_resultados.xlsx,491,AL2021,030808,AF,PCP-PEV,coalition,PCP-PEV,,129
mapa_1_resultados.xlsx,491,AL2021,030808,AF,[A],coalition,PPD/PSD.CDS-PP,JUNTOS POR GUIMARÃES,1417
mapa_1_resultados.xlsx,492,AL2021,030812,AF,B.E.,party,B.E.,,96
mapa_1_resultados.xlsx,492,AL2021,030812,AF,PS,party,PS,,971
mapa_1_resultados.xlsx,492,AL2021,030812,AF,PCP-PEV,coalition,PCP-PEV,,147
mapa_1_resultados.xlsx,492,AL2021,030812,AF,[A],coalition,PPD/PSD.CDS-PP,JUNTOS POR GUIMARÃES,1220
mapa_1_resultados.xlsx,493,AL2021,030813,AF,CH,party,CH,,258
mapa_1_resultados.xlsx,493,AL2021,030813,AF,PS,party,PS,,1781
mapa_1_resultados.xlsx,493,AL2021,030813,AF,PCP-PEV,coalition,PCP-PEV,,496
mapa_1_resultados.xlsx,493,AL2021,030813,AF,[A],coalition,PPD/PSD.CDS-PP,JUNTOS POR GUIMARÃES,2145
mapa_1_resultados.xlsx,494,AL2021,030815,AF,PS,party,PS,,1445
mapa_1_resultados.xlsx,494,AL2021,030815,AF,PCP-PEV,coalition,PCP-PEV,,243
mapa_1_resultados.xlsx,494,AL2021,030815,AF,[A],coalition,PPD/PSD.CDS-PP,JUNTOS POR GUIMARÃES,983
mapa_1_resultados.xlsx,495,AL2021,030820,AF,PS,party,PS,,458
mapa_1_resultados.xlsx,495,AL2021,030820,AF,PCP-PEV,coalition,PCP-PEV,,11
mapa_1_resultados.xlsx,495,AL2021,030820,AF,[A],coalition,PPD/PSD.CDS-PP,JUNTOS POR GUIMARÃES,171
mapa_1_resultados.xlsx,496,AL2021,030821,AF,PS,party,PS,,576
mapa_1_resultados.xlsx,496,AL2021,030821,AF,PCP-PEV,coalition,PCP-PEV,,360
mapa_1_resultados.xlsx,496,AL2021,030821,AF,[A],coalition,PPD/PSD.CDS-PP,JUNTOS POR GUIMARÃES,332
mapa_1_resultados.xlsx,496,AL2021,030821,AF,[D],citizen_group,GF,Gondar com Futuro,216
mapa_1_resultados.xlsx,497,AL2021,030823,AF,PS,party,PS,,981
mapa_1_resultados.xlsx,497,AL2021,030823,AF,PCP-PEV,coalition,PCP-PEV,,47
mapa_1_resultados.xlsx,497,AL2021,030823,AF,[A],coalition,PPD/PSD.CDS-PP,JUNTOS POR GUIMARÃES,378
mapa_1_resultados.xlsx,498,AL2021,030824,AF,PS,party,PS,,548
mapa_1_resultados.xlsx,498,AL2021,030824,AF,PCP-PEV,coalition,PCP-PEV,,19
mapa_1_resultados.xlsx,498,AL2021,030824,AF,[A],coalition,PPD/PSD.CDS-PP,JUNTOS POR GUIMARÃES,544
mapa_1_resultados.xlsx,499,AL2021,030827,AF,PS,party,PS,,512
mapa_1_resultados.xlsx,499,AL2021,030827,AF,PCP-PEV,coalition,PCP-PEV,,48
mapa_1_resultados.xlsx,499,AL2021,030827,AF,[A],coalition,PPD/PSD.CDS-PP,JUNTOS POR GUIMARÃES,275
mapa_1_resultados.xlsx,500,AL2021,030828,AF,PS,party,PS,,1107
mapa_1_resultados.xlsx,500,AL2021,030828,AF,PCP-PEV,coalition,PCP-PEV,,116
mapa_1_resultados.xlsx,500,AL2021,030828,AF,[A],coalition,PPD/PSD.CDS-PP,JUNTOS POR GUIMARÃES,921
mapa_1_resultados.xlsx,501,AL2021,030830,AF,B.E.,party,B.E.,,76
mapa_1_resultados.xlsx,501,AL2021,030830,AF,PS,party,PS,,1409
mapa_1_resultados.xlsx,501,AL2021,030830,AF,PCP-PEV,coalition,PCP-PEV,,63
mapa_1_resultados.xlsx,501,AL2021,030830,AF,[A],coalition,PPD/PSD.CDS-PP,JUNTOS POR GUIMARÃES,1061
mapa_1_resultados.xlsx,502,AL2021,030831,AF,PS,party,PS,,1681
mapa_1_resultados.xlsx,502,AL2021,030831,AF,PCP-PEV,coalition,PCP-PEV,,342
mapa_1_resultados.xlsx,502,AL2021,030831,AF,[A],coalition,PPD/PSD.CDS-PP,JUNTOS POR GUIMARÃES,442
mapa_1_resultados.xlsx,503,AL2021,030832,AF,PS,party,PS,,1061
mapa_1_resultados.xlsx,503,AL2021,030832,AF,PCP-PEV,coalition,PCP-PEV,,118
mapa_1_resultados.xlsx,503,AL2021,030832,AF,[A],coalition,PPD/PSD.CDS-PP,JUNTOS POR GUIMARÃES,308
mapa_1_resultados.xlsx,504,AL2021,030835,AF,PS,party,PS,,417
mapa_1_resultados.xlsx,504,AL2021,030835,AF,PCP-PEV,coalition,PCP-PEV,,43
mapa_1_resultados.xlsx,504,AL2021,030835,AF,[A],coalition,PPD/PSD.CDS-PP,JUNTOS POR GUIMARÃES,248
mapa_1_resultados.xlsx,505,AL2021,030836,AF,PS,party,PS,,450
mapa_1_resultados.xlsx,505,AL2021,030836,AF,PCP-PEV,coalition,PCP-PEV,,30
mapa_1_resultados.xlsx,505,AL2021,030836,AF,[A],coalition,PPD/PSD.CDS-PP,JUNTOS POR GUIMARÃES,200
mapa_1_resultados.xlsx,506,AL2021,030837,AF,PS,party,PS,,1433
mapa_1_resultados.xlsx,506,AL2021,030837,AF,PCP-PEV,coalition,PCP-PEV,,84
mapa_1_resultados.xlsx,506,AL2021,030837,AF,[A],coalition,PPD/PSD.CDS-PP,JUNTOS POR GUIMARÃES,501
mapa_1_resultados.xlsx,507,AL2021,030838,AF,PS,party,PS,,2689
mapa_1_resultados.xlsx,507,AL2021,030838,AF,PCP-PEV,coalition,PCP-PEV,,270
mapa_1_resultados.xlsx,507,AL2021,030838,AF,[A],coalition,PPD/PSD.CDS-PP,JUNTOS POR GUIMARÃES,489
mapa_1_resultados.xlsx,508,AL2021,030840,AF,CH,party,CH,,100
mapa_1_resultados.xlsx,508,AL2021,030840,AF,PS,party,PS,,1439
mapa_1_resultados.xlsx,508,AL2021,030840,AF,PCP-PEV,coalition,PCP-PEV,,96
mapa_1_resultados.xlsx,508,AL2021,030840,AF,[A],coalition,PPD/PSD.CDS-PP,JUNTOS POR GUIMARÃES,1004
mapa_1_resultados.xlsx,509,AL2021,030842,AF,PS,party,PS,,338
mapa_1_resultados.xlsx,509,AL2021,030842,AF,PCP-PEV,coalition,PCP-PEV,,38
mapa_1_resultados.xlsx,509,AL2021,030842,AF,[A],coalition,PPD/PSD.CDS-PP,JUNTOS POR GUIMARÃES,454
mapa_1_resultados.xlsx,510,AL2021,030850,AF,PS,party,PS,,835
mapa_1_resultados.xlsx,510,AL2021,030850,AF,PCP-PEV,coalition,PCP-PEV,,51
mapa_1_resultados.xlsx,510,AL2021,030850,AF,[A],coalition,PPD/PSD.CDS-PP,JUNTOS POR GUIMARÃES,453
mapa_1_resultados.xlsx,511,AL2021,030854,AF,PS,party,PS,,1094
mapa_1_resultados.xlsx,511,AL2021,030854,AF,PCP-PEV,coalition,PCP-PEV,,567
mapa_1_resultados.xlsx,511,AL2021,030854,AF,[A],coalition,PPD/PSD.CDS-PP,JUNTOS POR GUIMARÃES,1410
mapa_1_resultados.xlsx,512,AL2021,030857,AF,PS,party,PS,,489
mapa_1_resultados.xlsx,512,AL2021,030857,AF,PCP-PEV,coalition,PCP-PEV,,175
mapa_1_resultados.xlsx,512,AL2021,030857,AF,[A],coalition,PPD/PSD.CDS-PP,JUNTOS POR GUIMARÃES,178
mapa_1_resultados.xlsx,513,AL2021,030858,AF,PS,party,PS,,674
mapa_1_resultados.xlsx,513,AL2021,030858,AF,PCP-PEV,coalition,PCP-PEV,,88
mapa_1_resultados.xlsx,513,AL2021,030858,AF,[A],coalition,PPD/PSD.CDS-PP,JUNTOS POR GUIMARÃES,514
mapa_1_resultados.xlsx,514,AL2021,030865,AF,PS,party,PS,,627
mapa_1_resultados.xlsx,514,AL2021,030865,AF,PCP-PEV,coalition,PCP-PEV,,57
mapa_1_resultados.xlsx,514,AL2021,030865,AF,[A],coalition,PPD/PSD.CDS-PP,JUNTOS POR GUIMARÃES,1449
mapa_1_resultados.xlsx,515,AL2021,030866,AF,PS,party,PS,,1270
mapa_1_resultados.xlsx,515,AL2021,030866,AF,PCP-PEV,coalition,PCP-PEV,,192
mapa_1_resultados.xlsx,515,AL2021,030866,AF,[D],citizen_group,MCS,Movimento Cívico por Serzedelo,540
mapa_1_resultados.xlsx,516,AL2021,030868,AF,PS,party,PS,,952
mapa_1_resultados.xlsx,516,AL2021,030868,AF,PCP-PEV,coalition,PCP-PEV,,40
mapa_1_resultados.xlsx,516,AL2021,030868,AF,[A],coalition,PPD/PSD.CDS-PP,JUNTOS POR GUIMARÃES,384
mapa_1_resultados.xlsx,517,AL2021,030871,AF,PS,party,PS,,1610
mapa_1_resultados.xlsx,517,AL2021,030871,AF,PCP-PEV,coalition,PCP-PEV,,124
mapa_1_resultados.xlsx,517,AL2021,030871,AF,[A],coalition,PPD/PSD.CDS-PP,JUNTOS POR GUIMARÃES,1225
mapa_1_resultados.xlsx,518,AL2021,030875,AF,PS,party,PS,,752
mapa_1_resultados.xlsx,518,AL2021,030875,AF,PCP-PEV,coalition,PCP-PEV,,34
mapa_1_resultados.xlsx,518,AL2021,030875,AF,[A],coalition,PPD/PSD.CDS-PP,JUNTOS POR GUIMARÃES,936
mapa_1_resultados.xlsx,519,AL2021,030876,AF,PS,party,PS,,393
mapa_1_resultados.xlsx,519,AL2021,030876,AF,PCP-PEV,coalition,PCP-PEV,,131
mapa_1_resultados.xlsx,519,AL2021,030876,AF,[A],coalition,PPD/PSD.CDS-PP,JUNTOS POR GUIMARÃES,942
mapa_1_resultados.xlsx,519,AL2021,030876,AF,[D],citizen_group,MIPAV,Movimento Independente por Airão e Vermil,776
mapa_1_resultados.xlsx,520,AL2021,030877,AF,PS,party,PS,,286
mapa_1_resultados.xlsx,520,AL2021,030877,AF,PCP-PEV,coalition,PCP-PEV,,6
mapa_1_resultados.xlsx,520,AL2021,030877,AF,[A],coalition,PPD/PSD.CDS-PP,JUNTOS POR GUIMARÃES,182
mapa_1_resultados.xlsx,521,AL2021,030878,AF,PS,party,PS,,1021
mapa_1_resultados.xlsx,521,AL2021,030878,AF,PCP-PEV,coalition,PCP-PEV,,43
mapa_1_resultados.xlsx,521,AL2021,030878,AF,[A],coalition,PPD/PSD.CDS-PP,JUNTOS POR GUIMARÃES,391
mapa_1_resultados.xlsx,522,AL2021,030879,AF,PS,party,PS,,815
mapa_1_resultados.xlsx,522,AL2021,030879,AF,PCP-PEV,coalition,PCP-PEV,,25
mapa_1_resultados.xlsx,522,AL2021,030879,AF,[A],coalition,PPD/PSD.CDS-PP,JUNTOS POR GUIMARÃES,434
mapa_1_resultados.xlsx,523,AL2021,030880,AF,PS,party,PS,,370
mapa_1_resultados.xlsx,523,AL2021,030880,AF,PCP-PEV,coalition,PCP-PEV,,33
mapa_1_resultados.xlsx,523,AL2021,030880,AF,[A],coalition,PPD/PSD.CDS-PP,JUNTOS POR GUIMARÃES,667
mapa_1_resultados.xlsx,524,AL2021,030881,AF,PS,party,PS,,918
mapa_1_resultados.xlsx,524,AL2021,030881,AF,PCP-PEV,coalition,PCP-PEV,,147
mapa_1_resultados.xlsx,524,AL2021,030881,AF,[A],coalition,PPD/PSD.CDS-PP,JUNTOS POR GUIMARÃES,905
mapa_1_resultados.xlsx,525,AL2021,030882,AF,PS,party,PS,,1163
mapa_1_resultados.xlsx,525,AL2021,030882,AF,PCP-PEV,coalition,PCP-PEV,,123
mapa_1_resultados.xlsx,525,AL2021,030882,AF,[A],coalition,PPD/PSD.CDS-PP,JUNTOS POR GUIMARÃES,183
mapa_1_resultados.xlsx,526,AL2021,030883,AF,CH,party,CH,,22
mapa_1_resultados.xlsx,526,AL2021,030883,AF,PS,party,PS,,690
mapa_1_resultados.xlsx,526,AL2021,030883,AF,PCP-PEV,coalition,PCP-PEV,,10
mapa_1_resultados.xlsx,526,AL2021,030883,AF,[A],coalition,PPD/PSD.CDS-PP,JUNTOS POR GUIMARÃES,261
mapa_1_resultados.xlsx,527,AL2021,030884,AF,PS,party,PS,,1116
mapa_1_resultados.xlsx,527,AL2021,030884,AF,R.I.R.,party,R.I.R.,,250
mapa_1_resultados.xlsx,527,AL2021,030884,AF,PCP-PEV,coalition,PCP-PEV,,371
mapa_1_resultados.xlsx,527,AL2021,030884,AF,[A],coalition,PPD/PSD.CDS-PP,JUNTOS POR GUIMARÃES,1827
mapa_1_resultados.xlsx,528,AL2021,030885,AF,PS,party,PS,,748
mapa_1_resultados.xlsx,528,AL2021,030885,AF,PCP-PEV,coalition,PCP-PEV,,19
mapa_1_resultados.xlsx,528,AL2021,030885,AF,[A],coalition,PPD/PSD.CDS-PP,JUNTOS POR GUIMARÃES,315
mapa_1_resultados.xlsx,528,AL2021,030885,AF,[D],citizen_group,PAPSC,Por Amor a Prazins Santo Tirso e Corvite,119
mapa_1_resultados.xlsx,529,AL2021,030886,AF,PS,party,PS,,628
mapa_1_resultados.xlsx,529,AL2021,030886,AF,PCP-PEV,coalition,PCP-PEV,,26
mapa_1_resultados.xlsx,529,AL2021,030886,AF,[A],coalition,PPD/PSD.CDS-PP,JUNTOS POR GUIMARÃES,255
mapa_1_resultados.xlsx,530,AL2021,030887,AF,PS,party,PS,,961
mapa_1_resultados.xlsx,530,AL2021,030887,AF,PCP-PEV,coalition,PCP-PEV,,42
mapa_1_resultados.xlsx,530,AL2021,030887,AF,[A],coalition,PPD/PSD.CDS-PP,JUNTOS POR GUIMARÃES,1166
mapa_1_resultados.xlsx,531,AL2021,030888,AF,B.E.,party,B.E.,,19
mapa_1_resultados.xlsx,531,AL2021,030888,AF,CH,party,CH,,21
mapa_1_resultados.xlsx,531,AL2021,030888,AF,PS,party,PS,,384
mapa_1_resultados.xlsx,531,AL2021,030888,AF,PCP-PEV,coalition,PCP-PEV,,29
mapa_1_resultados.xlsx,531,AL2021,030888,AF,[A],coalition,PPD/PSD.CDS-PP,JUNTOS POR GUIMARÃES,938
mapa_1_resultados.xlsx,532,AL2021,030889,AF,PS,party,PS,,919
mapa_1_resultados.xlsx,532,AL2021,030889,AF,PCP-PEV,coalition,PCP-PEV,,41
mapa_1_resultados.xlsx,532,AL2021,030889,AF,[A],coalition,PPD/PSD.CDS-PP,JUNTOS POR GUIMARÃES,346
mapa_1_resultados.xlsx,533,AL2021,030890,AF,PS,party,PS,,728
mapa_1_resultados.xlsx,533,AL2021,030890,AF,PCP-PEV,coalition,PCP-PEV,,21
mapa_1_resultados.xlsx,533,AL2021,030890,AF,[A],coalition,PPD/PSD.CDS-PP,JUNTOS POR GUIMARÃES,590
mapa_1_resultados.xlsx,534,AL2021,030891,AF,PS,party,PS,,823
mapa_1_resultados.xlsx,534,AL2021,030891,AF,PCP-PEV,coalition,PCP-PEV,,61
mapa_1_resultados.xlsx,534,AL2021,030891,AF,[A],coalition,PPD/PSD.CDS-PP,JUNTOS POR GUIMARÃES,737
mapa_1_resultados.xlsx,535,AL2021,030900,CM,B.E.,party,B.E.,,90
mapa_1_resultados.xlsx,535,AL2021,030900,CM,CDS-PP,party,CDS-PP,,194
mapa_1_resultados.xlsx,535,AL2021,030900,CM,CH,party,CH,,123
mapa_1_resultados.xlsx,535,AL2021,030900,CM,NC,party,NC,,32
mapa_1_resultados.xlsx,535,AL2021,030900,CM,PPD/PSD,party,PPD/PSD,,7174
mapa_1_resultados.xlsx,535,AL2021,030900,CM,PS,party,PS,,7419
mapa_1_resultados.xlsx,535,AL2021,030900,CM,PCP-PEV,coalition,PCP-PEV,,69
mapa_1_resultados.xlsx,536,AL2021,030900,AM,B.E.,party,B.E.,,159
mapa_1_resultados.xlsx,536,AL2021,030900,AM,CDS-PP,party,CDS-PP,,676
mapa_1_resultados.xlsx,536,AL2021,030900,AM,CH,party,CH,,196
mapa_1_resultados.xlsx,536,AL2021,030900,AM,NC,party,NC,,60
mapa_1_resultados.xlsx,536,AL2021,030900,AM,PPD/PSD,party,PPD/PSD,,6910
mapa_1_resultados.xlsx,536,AL2021,030900,AM,PS,party,PS,,6951
mapa_1_resultados.xlsx,536,AL2021,030900,AM,PCP-PEV,coalition,PCP-PEV,,123
mapa_1_resultados.xlsx,537,AL2021,030906,AF,PS,party,PS,,139
mapa_1_resultados.xlsx,537,AL2021,030906,AF,PCP-PEV,coalition,PCP-PEV,,5
mapa_1_resultados.xlsx,537,AL2021,030906,AF,[D],citizen_group,RIC,Renovação e Inovação de Covelas,186
mapa_1_resultados.xlsx,538,AL2021,030908,AF,PS,party,PS,,128
mapa_1_resultados.xlsx,538,AL2021,030908,AF,[D],citizen_group,LIFE,LIFE,143
mapa_1_resultados.xlsx,539,AL2021,030912,AF,PPD/PSD,party,PPD/PSD,,93
mapa_1_resultados.xlsx,539,AL2021,030912,AF,PS,party,PS,,308
mapa_1_resultados.xlsx,540,AL2021,030913,AF,PPD/PSD,party,PPD/PSD,,250
mapa_1_resultados.xlsx,540,AL2021,030913,AF,PS,party,PS,,522
mapa_1_resultados.xlsx,540,AL2021,030913,AF,PCP-PEV,coalition,PCP-PEV,,4
mapa_1_resultados.xlsx,541,AL2021,030914,AF,PPD/PSD,party,PPD/PSD,,148
mapa_1_resultados.xlsx,541,AL2021,030914,AF,PS,party,PS,,266
mapa_1_resultados.xlsx,542,AL2021,030915,AF,PPD/PSD,party,PPD/PSD,,280
mapa_1_resultados.xlsx,542,AL2021,030915,AF,PS,party,PS,,176
mapa_1_resultados.xlsx,543,AL2021,030917,AF,PPD/PSD,party,PPD/PSD,,401
mapa_1_resultados.xlsx,544,AL2021,030919,AF,CDS-PP,party,CDS-PP,,171
mapa_1_resultados.xlsx,544,AL2021,030919,AF,NC,party,NC,,27
mapa_1_resultados.xlsx,544,AL2021,030919,AF,PPD/PSD,party,PPD/PSD,,1797
mapa_1_resultados.xlsx,544,AL2021,030919,AF,PS,party,PS,,1356
mapa_1_resultados.xlsx,544,AL2021,030919,AF,PCP-PEV,coalition,PCP-PEV,,26
mapa_1_resultados.xlsx,545,AL2021,030921,AF,PPD/PSD,party,PPD/PSD,,287
mapa_1_resultados.xlsx,545,AL2021,030921,AF,PS,party,PS,,189
mapa_1_resultados.xlsx,545,AL2021,030921,AF,PCP-PEV,coalition,PCP-PEV,,5
mapa_1_resultados.xlsx,546,AL2021,030922,AF,PPD/PSD,party,PPD/PSD,,382
mapa_1_resultados.xlsx,546,AL2021,030922,AF,PS,party,PS,,206
mapa_1_resultados.xlsx,547,AL2021,030923,AF,PPD/PSD,party,PPD/PSD,,87
mapa_1_resultados.xlsx,547,AL2021,030923,AF,PS,party,PS,,221
mapa_1_resultados.xlsx,548,AL2021,030924,AF,PPD/PSD,party,PPD/PSD,,321
mapa_1_resultados.xlsx,548,AL2021,030924,AF,PS,party,PS,,160
mapa_1_resultados.xlsx,549,AL2021,030925,AF,PPD/PSD,party,PPD/PSD,,310
mapa_1_resultados.xlsx,549,AL2021,030925,AF,PS,party,PS,,224
mapa_1_resultados.xlsx,550,AL2021,030926,AF,PS,party,PS,,743
mapa_1_resultados.xlsx,550,AL2021,030926,AF,[D],citizen_group,Taíde.,"Taíde. - União, Tradição e Coração",380
mapa_1_resultados.xlsx,551,AL2021,030927,AF,PPD/PSD,party,PPD/PSD,,268
mapa_1_resultados.xlsx,551,AL2021,030927,AF,PS,party,PS,,188
mapa_1_resultados.xlsx,552,AL2021,030929,AF,PPD/PSD,party,PPD/PSD,,332
mapa_1_resultados.xlsx,552,AL2021,030929,AF,PS,party,PS,,106
mapa_1_resultados.xlsx,553,AL2021,030930,AF,PPD/PSD,party,PPD/PSD,,110
mapa_1_resultados.xlsx,553,AL2021,030930,AF,PS,party,PS,,314
mapa_1_resultados.xlsx,554,AL2021,030931,AF,PPD/PSD,party,PPD/PSD,,324
mapa_1_resultados.xlsx,554,AL2021,030931,AF,PS,party,PS,,231
mapa_1_resultados.xlsx,555,AL2021,030932,AF,PS,party,PS,,569
mapa_1_resultados.xlsx,555,AL2021,030932,AF,PCP-PEV,coalition,PCP-PEV,,8
mapa_1_resultados.xlsx,555,AL2021,030932,AF,[D],citizen_group,Amor à Terra,"Amor à terra, por Campos e Louredo",543
mapa_1_resultados.xlsx,556,AL2021,030933,AF,PPD/PSD,party,PPD/PSD,,261
mapa_1_resultados.xlsx,556,AL2021,030933,AF,PS,party,PS,,156
mapa_1_resultados.xlsx,557,AL2021,030934,AF,PPD/PSD,party,PPD/PSD,,481
mapa_1_resultados.xlsx,557,AL2021,030934,AF,PS,party,PS,,660
mapa_1_resultados.xlsx,558,AL2021,030935,AF,PPD/PSD,party,PPD/PSD,,400
mapa_1_resultados.xlsx,558,AL2021,030935,AF,PS,party,PS,,99
mapa_1_resultados.xlsx,559,AL2021,031000,CM,CH,party,CH,,212
mapa_1_resultados.xlsx,559,AL2021,031000,CM,PPD/PSD,party,PPD/PSD,,3493
mapa_1_resultados.xlsx,559,AL2021,031000,CM,PS,party,PS,,595
mapa_1_resultados.xlsx,559,AL2021,031000,CM,PCP-PEV,coalition,PCP-PEV,,110
mapa_1_resultados.xlsx,560,AL2021,031000,AM,CH,party,CH,,267
mapa_1_resultados.xlsx,560,AL2021,031000,AM,PPD/PSD,party,PPD/PSD,,3210
mapa_1_resultados.xlsx,560,AL2021,031000,AM,PS,party,PS,,715
mapa_1_resultados.xlsx,560,AL2021,031000,AM,PCP-PEV,coalition,PCP-PEV,,187
mapa_1_resultados.xlsx,561,AL2021,031001,AF,PPD/PSD,party,PPD/PSD,,189
mapa_1_resultados.xlsx,562,AL2021,031003,AF,PPD/PSD,party,PPD/PSD,,107
mapa_1_resultados.xlsx,563,AL2021,031004,AF,PPD/PSD,party,PPD/PSD,,194
mapa_1_resultados.xlsx,564,AL2021,031008,AF,CDS-PP,party,CDS-PP,,66
mapa_1_resultados.xlsx,564,AL2021,031008,AF,PPD/PSD,party,PPD/PSD,,141
mapa_1_resultados.xlsx,565,AL2021,031009,AF,PPD/PSD,party,PPD/PSD,,162
mapa_1_resultados.xlsx,566,AL2021,031010,AF,PPD/PSD,party,PPD/PSD,,397
mapa_1_resultados.xlsx,568,AL2021,031013,AF,PPD/PSD,party,PPD/PSD,,389
mapa_1_resultados.xlsx,568,AL2021,031013,AF,[D],citizen_group,RCEP,Rio Caldo Em Primeiro,195
mapa_1_resultados.xlsx,569,AL2021,031014,AF,PPD/PSD,party,PPD/PSD,,221
mapa_1_resultados.xlsx,570,AL2021,031015,AF,PPD/PSD,party,PPD/PSD,,126
mapa_1_resultados.xlsx,570,AL2021,031015,AF,PCP-PEV,coalition,PCP-PEV,,102
mapa_1_resultados.xlsx,570,AL2021,031015,AF,[D],citizen_group,V.M.M.,Valdozende Merece Mais,201
mapa_1_resultados.xlsx,571,AL2021,031017,AF,CH,party,CH,,30
mapa_1_resultados.xlsx,571,AL2021,031017,AF,PPD/PSD,party,PPD/PSD,,458
mapa_1_resultados.xlsx,571,AL2021,031017,AF,PS,party,PS,,143
mapa_1_resultados.xlsx,571,AL2021,031017,AF,PCP-PEV,coalition,PCP-PEV,,96
mapa_1_resultados.xlsx,572,AL2021,031018,AF,PPD/PSD,party,PPD/PSD,,238
mapa_1_resultados.xlsx,573,AL2021,031019,AF,PPD/PSD,party,PPD/PSD,,260
mapa_1_resultados.xlsx,574,AL2021,031020,AF,PPD/PSD,party,PPD/PSD,,168
mapa_1_resultados.xlsx,575,AL2021,031100,CM,CDS-PP,party,CDS-PP,,277
mapa_1_resultados.xlsx,575,AL2021,031100,CM,CH,party,CH,,90
mapa_1_resultados.xlsx,575,AL2021,031100,CM,PPD/PSD,party,PPD/PSD,,5190
mapa_1_resultados.xlsx,575,AL2021,031100,CM,PS,party,PS,,3175
mapa_1_resultados.xlsx,575,AL2021,031100,CM,PCP-PEV,coalition,PCP-PEV,,81
mapa_1_resultados.xlsx,576,AL2021,031100,AM,B.E.,party,B.E.,,197
mapa_1_resultados.xlsx,576,AL2021,031100,AM,CDS-PP,party,CDS-PP,,300
mapa_1_resultados.xlsx,576,AL2021,031100,AM,CH,party,CH,,137
mapa_1_resultados.xlsx,576,AL2021,031100,AM,PPD/PSD,party,PPD/PSD,,4949
mapa_1_resultados.xlsx,576,AL2021,031100,AM,PS,party,PS,,3077
mapa_1_resultados.xlsx,576,AL2021,031100,AM,PCP-PEV,coalition,PCP-PEV,,114
mapa_1_resultados.xlsx,577,AL2021,031105,AF,PPD/PSD,party,PPD/PSD,,348
mapa_1_resultados.xlsx,577,AL2021,031105,AF,PS,party,PS,,156
mapa_1_resultados.xlsx,578,AL2021,031107,AF,PPD/PSD,party,PPD/PSD,,283
mapa_1_resultados.xlsx,578,AL2021,031107,AF,PS,party,PS,,216
mapa_1_resultados.xlsx,579,AL2021,031108,AF,[D],citizen_group,MGI,Movimento Guilhofrei Independente,477
mapa_1_resultados.xlsx,580,AL2021,031109,AF,PPD/PSD,party,PPD/PSD,,192
mapa_1_resultados.xlsx,580,AL2021,031109,AF,[D],citizen_group,TSL,Todos Somos Louredo,82
mapa_1_resultados.xlsx,581,AL2021,031110,AF,PPD/PSD,party,PPD/PSD,,314
mapa_1_resultados.xlsx,581,AL2021,031110,AF,PS,party,PS,,170
mapa_1_resultados.xlsx,582,AL2021,031111,AF,PS,party,PS,,174
mapa_1_resultados.xlsx,582,AL2021,031111,AF,[D],citizen_group,UPP,Unidos por Parada,135
mapa_1_resultados.xlsx,583,AL2021,031112,AF,PPD/PSD,party,PPD/PSD,,204
mapa_1_resultados.xlsx,583,AL2021,031112,AF,PS,party,PS,,87
mapa_1_resultados.xlsx,584,AL2021,031113,AF,PPD/PSD,party,PPD/PSD,,767
mapa_1_resultados.xlsx,584,AL2021,031113,AF,PS,party,PS,,299
mapa_1_resultados.xlsx,585,AL2021,031115,AF,PPD/PSD,party,PPD/PSD,,105
mapa_1_resultados.xlsx,585,AL2021,031115,AF,PS,party,PS,,150
mapa_1_resultados.xlsx,586,AL2021,031118,AF,PPD/PSD,party,PPD/PSD,,403
mapa_1_resultados.xlsx,586,AL2021,031118,AF,PS,party,PS,,220
mapa_1_resultados.xlsx,587,AL2021,031120,AF,PPD/PSD,party,PPD/PSD,,997
mapa_1_resultados.xlsx,587,AL2021,031120,AF,PS,party,PS,,599
mapa_1_resultados.xlsx,587,AL2021,031120,AF,PCP-PEV,coalition,PCP-PEV,,26
mapa_1_resultados.xlsx,588,AL2021,031122,AF,PS,party,PS,,70
mapa_1_resultados.xlsx,588,AL2021,031122,AF,[D],citizen_group,PAS,Por Anissó e Soutelo,215
mapa_1_resultados.xlsx,589,AL2021,031123,AF,PPD/PSD,party,PPD/PSD,,314
mapa_1_resultados.xlsx,589,AL2021,031123,AF,PS,party,PS,,134
mapa_1_resultados.xlsx,590,AL2021,031124,AF,PPD/PSD,party,PPD/PSD,,321
mapa_1_resultados.xlsx,590,AL2021,031124,AF,PS,party,PS,,123
mapa_1_resultados.xlsx,591,AL2021,031125,AF,PPD/PSD,party,PPD/PSD,,329
mapa_1_resultados.xlsx,591,AL2021,031125,AF,PS,party,PS,,261
mapa_1_resultados.xlsx,592,AL2021,031126,AF,PPD/PSD,party,PPD/PSD,,280
mapa_1_resultados.xlsx,592,AL2021,031126,AF,PS,party,PS,,152
mapa_1_resultados.xlsx,593,AL2021,031200,CM,B.E.,party,B.E.,,1426
mapa_1_resultados.xlsx,593,AL2021,031200,CM,CH,party,CH,,2158
mapa_1_resultados.xlsx,593,AL2021,031200,CM,IL,party,IL,,1762
mapa_1_resultados.xlsx,593,AL2021,031200,CM,PAN,party,PAN,,1221
mapa_1_resultados.xlsx,593,AL2021,031200,CM,PS,party,PS,,24392
mapa_1_resultados.xlsx,593,AL2021,031200,CM,PCP-PEV,coalition,PCP-PEV,,1844
mapa_1_resultados.xlsx,593,AL2021,031200,CM,[A],coalition,PPD/PSD.CDS-PP,"MAIS AÇÃO, MAIS FAMALICÃO",40127
mapa_1_resultados.xlsx,594,AL2021,031200,AM,B.E.,party,B.E.,,1686
mapa_1_resultados.xlsx,594,AL2021,031200,AM,CH,party,CH,,2514
mapa_1_resultados.xlsx,594,AL2021,031200,AM,IL,party,IL,,1871
mapa_1_resultados.xlsx,594,AL2021,031200,AM,PAN,party,PAN,,1604
mapa_1_resultados.xlsx,594,AL2021,031200,AM,PS,party,PS,,24461
mapa_1_resultados.xlsx,594,AL2021,031200,AM,PCP-PEV,coalition,PCP-PEV,,2286
mapa_1_resultados.xlsx,594,AL2021,031200,AM,[A],coalition,PPD/PSD.CDS-PP,"MAIS AÇÃO, MAIS FAMALICÃO",38294
mapa_1_resultados.xlsx,595,AL2021,031204,AF,PS,party,PS,,498
mapa_1_resultados.xlsx,595,AL2021,031204,AF,PCP-PEV,coalition,PCP-PEV,,63
mapa_1_resultados.xlsx,595,AL2021,031204,AF,[A],coalition,PPD/PSD.CDS-PP,"MAIS AÇÃO, MAIS FAMALICÃO",1137
mapa_1_resultados.xlsx,596,AL2021,031206,AF,PS,party,PS,,444
mapa_1_resultados.xlsx,596,AL2021,031206,AF,PCP-PEV,coalition,PCP-PEV,,44
mapa_1_resultados.xlsx,596,AL2021,031206,AF,[A],coalition,PPD/PSD.CDS-PP,"MAIS AÇÃO, MAIS FAMALICÃO",855
mapa_1_resultados.xlsx,597,AL2021,031210,AF,PS,party,PS,,207
mapa_1_resultados.xlsx,597,AL2021,031210,AF,PCP-PEV,coalition,PCP-PEV,,16
mapa_1_resultados.xlsx,597,AL2021,031210,AF,[D],citizen_group,FSPC,"Francisco Sá, Por Castelões",915
mapa_1_resultados.xlsx,598,AL2021,031212,AF,PS,party,PS,,406
mapa_1_resultados.xlsx,598,AL2021,031212,AF,PCP-PEV,coalition,PCP-PEV,,20
mapa_1_resultados.xlsx,598,AL2021,031212,AF,[A],coalition,PPD/PSD.CDS-PP,"MAIS AÇÃO, MAIS FAMALICÃO",623
mapa_1_resultados.xlsx,599,AL2021,031213,AF,PS,party,PS,,494
mapa_1_resultados.xlsx,599,AL2021,031213,AF,PCP-PEV,coalition,PCP-PEV,,45
mapa_1_resultados.xlsx,599,AL2021,031213,AF,[D],citizen_group,MIPD,Movimento Independente Por Delães,902
mapa_1_resultados.xlsx,599,AL2021,031213,AF,[E],citizen_group,UPD,Unidos Por Delães,739
mapa_1_resultados.xlsx,600,AL2021,031215,AF,CH,party,CH,,117
mapa_1_resultados.xlsx,600,AL2021,031215,AF,PS,party,PS,,1055
mapa_1_resultados.xlsx,600,AL2021,031215,AF,PCP-PEV,coalition,PCP-PEV,,15
mapa_1_resultados.xlsx,600,AL2021,031215,AF,[A],coalition,PPD/PSD.CDS-PP,"MAIS AÇÃO, MAIS FAMALICÃO",1251
mapa_1_resultados.xlsx,601,AL2021,031216,AF,CH,party,CH,,102
mapa_1_resultados.xlsx,601,AL2021,031216,AF,PS,party,PS,,558
mapa_1_resultados.xlsx,601,AL2021,031216,AF,PCP-PEV,coalition,PCP-PEV,,65
mapa_1_resultados.xlsx,601,AL2021,031216,AF,[D],citizen_group,MPG,Movimento Por Gavião,1217
mapa_1_resultados.xlsx,602,AL2021,031219,AF,B.E.,party,B.E.,,143
mapa_1_resultados.xlsx,602,AL2021,031219,AF,PS,party,PS,,1117
mapa_1_resultados.xlsx,602,AL2021,031219,AF,PCP-PEV,coalition,PCP-PEV,,169
mapa_1_resultados.xlsx,602,AL2021,031219,AF,[D],citizen_group,STJOANE,Somos Todos Joane,2842
mapa_1_resultados.xlsx,603,AL2021,031221,AF,PS,party,PS,,664
mapa_1_resultados.xlsx,603,AL2021,031221,AF,PCP-PEV,coalition,PCP-PEV,,56
mapa_1_resultados.xlsx,603,AL2021,031221,AF,[D],citizen_group,MIPL,Movimento Independente Por Landim,761
mapa_1_resultados.xlsx,604,AL2021,031223,AF,PS,party,PS,,892
mapa_1_resultados.xlsx,604,AL2021,031223,AF,PCP-PEV,coalition,PCP-PEV,,31
mapa_1_resultados.xlsx,604,AL2021,031223,AF,[A],coalition,PPD/PSD.CDS-PP,"MAIS AÇÃO, MAIS FAMALICÃO",572
mapa_1_resultados.xlsx,605,AL2021,031224,AF,PS,party,PS,,486
mapa_1_resultados.xlsx,605,AL2021,031224,AF,PCP-PEV,coalition,PCP-PEV,,66
mapa_1_resultados.xlsx,605,AL2021,031224,AF,[A],coalition,PPD/PSD.CDS-PP,"MAIS AÇÃO, MAIS FAMALICÃO",1595
mapa_1_resultados.xlsx,606,AL2021,031225,AF,PS,party,PS,,449
mapa_1_resultados.xlsx,606,AL2021,031225,AF,PCP-PEV,coalition,PCP-PEV,,50
mapa_1_resultados.xlsx,606,AL2021,031225,AF,[D],citizen_group,MPM,Movimento Por Mogege,723
mapa_1_resultados.xlsx,607,AL2021,031227,AF,PS,party,PS,,711
mapa_1_resultados.xlsx,607,AL2021,031227,AF,PCP-PEV,coalition,PCP-PEV,,36
mapa_1_resultados.xlsx,607,AL2021,031227,AF,[A],coalition,PPD/PSD.CDS-PP,"MAIS AÇÃO, MAIS FAMALICÃO",1135
mapa_1_resultados.xlsx,608,AL2021,031230,AF,PS,party,PS,,325
mapa_1_resultados.xlsx,608,AL2021,031230,AF,PCP-PEV,coalition,PCP-PEV,,62
mapa_1_resultados.xlsx,608,AL2021,031230,AF,[A],coalition,PPD/PSD.CDS-PP,"MAIS AÇÃO, MAIS FAMALICÃO",762
mapa_1_resultados.xlsx,609,AL2021,031232,AF,CH,party,CH,,83
mapa_1_resultados.xlsx,609,AL2021,031232,AF,PS,party,PS,,403
mapa_1_resultados.xlsx,609,AL2021,031232,AF,PCP-PEV,coalition,PCP-PEV,,56
mapa_1_resultados.xlsx,609,AL2021,031232,AF,[A],coalition,PPD/PSD.CDS-PP,"MAIS AÇÃO, MAIS FAMALICÃO",725
mapa_1_resultados.xlsx,610,AL2021,031233,AF,PS,party,PS,,516
mapa_1_resultados.xlsx,610,AL2021,031233,AF,PCP-PEV,coalition,PCP-PEV,,50
mapa_1_resultados.xlsx,610,AL2021,031233,AF,[A],coalition,PPD/PSD.CDS-PP,"MAIS AÇÃO, MAIS FAMALICÃO",1084
mapa_1_resultados.xlsx,611,AL2021,031234,AF,PS,party,PS,,890
mapa_1_resultados.xlsx,611,AL2021,031234,AF,PCP-PEV,coalition,PCP-PEV,,151
mapa_1_resultados.xlsx,611,AL2021,031234,AF,[A],coalition,PPD/PSD.CDS-PP,"MAIS AÇÃO, MAIS FAMALICÃO",860
mapa_1_resultados.xlsx,612,AL2021,031235,AF,CH,party,CH,,126
mapa_1_resultados.xlsx,612,AL2021,031235,AF,PS,party,PS,,753
mapa_1_resultados.xlsx,612,AL2021,031235,AF,PCP-PEV,coalition,PCP-PEV,,47
mapa_1_resultados.xlsx,612,AL2021,031235,AF,[A],coalition,PPD/PSD.CDS-PP,"MAIS AÇÃO, MAIS FAMALICÃO",2276
mapa_1_resultados.xlsx,612,AL2021,031235,AF,[D],citizen_group,JUNTOS,Juntos Por Ribeirão,1891
mapa_1_resultados.xlsx,613,AL2021,031239,AF,PS,party,PS,,526
mapa_1_resultados.xlsx,613,AL2021,031239,AF,PCP-PEV,coalition,PCP-PEV,,94
mapa_1_resultados.xlsx,613,AL2021,031239,AF,[A],coalition,PPD/PSD.CDS-PP,"MAIS AÇÃO, MAIS FAMALICÃO",1307
mapa_1_resultados.xlsx,614,AL2021,031241,AF,PS,party,PS,,477
mapa_1_resultados.xlsx,614,AL2021,031241,AF,PCP-PEV,coalition,PCP-PEV,,31
mapa_1_resultados.xlsx,614,AL2021,031241,AF,[A],coalition,PPD/PSD.CDS-PP,"MAIS AÇÃO, MAIS FAMALICÃO",625
mapa_1_resultados.xlsx,615,AL2021,031242,AF,B.E.,party,B.E.,,52
mapa_1_resultados.xlsx,615,AL2021,031242,AF,PS,party,PS,,384
mapa_1_resultados.xlsx,615,AL2021,031242,AF,PCP-PEV,coalition,PCP-PEV,,193
mapa_1_resultados.xlsx,615,AL2021,031242,AF,[D],citizen_group,CPSM,Cidadãos Por São Mateus,666
mapa_1_resultados.xlsx,616,AL2021,031247,AF,PS,party,PS,,977
mapa_1_resultados.xlsx,616,AL2021,031247,AF,PCP-PEV,coalition,PCP-PEV,,48
mapa_1_resultados.xlsx,616,AL2021,031247,AF,[A],coalition,PPD/PSD.CDS-PP,"MAIS AÇÃO, MAIS FAMALICÃO",755
mapa_1_resultados.xlsx,617,AL2021,031249,AF,PS,party,PS,,349
mapa_1_resultados.xlsx,617,AL2021,031249,AF,PCP-PEV,coalition,PCP-PEV,,12
mapa_1_resultados.xlsx,617,AL2021,031249,AF,[A],coalition,PPD/PSD.CDS-PP,"MAIS AÇÃO, MAIS FAMALICÃO",516
mapa_1_resultados.xlsx,618,AL2021,031250,AF,IL,party,IL,,308
mapa_1_resultados.xlsx,618,AL2021,031250,AF,PS,party,PS,,1292
mapa_1_resultados.xlsx,618,AL2021,031250,AF,PCP-PEV,coalition,PCP-PEV,,142
mapa_1_resultados.xlsx,618,AL2021,031250,AF,[A],coalition,PPD/PSD.CDS-PP,"MAIS AÇÃO, MAIS FAMALICÃO",1955
mapa_1_resultados.xlsx,619,AL2021,031251,AF,PS,party,PS,,609
mapa_1_resultados.xlsx,619,AL2021,031251,AF,PCP-PEV,coalition,PCP-PEV,,110
mapa_1_resultados.xlsx,619,AL2021,031251,AF,[D],citizen_group,UPASES,"Unidos Por Arnoso, Santa Eulália e Sezures",1494
mapa_1_resultados.xlsx,620,AL2021,031252,AF,PS,party,PS,,429
mapa_1_resultados.xlsx,620,AL2021,031252,AF,PCP-PEV,coalition,PCP-PEV,,32
mapa_1_resultados.xlsx,620,AL2021,031252,AF,[A],coalition,PPD/PSD.CDS-PP,"MAIS AÇÃO, MAIS FAMALICÃO",1078
mapa_1_resultados.xlsx,621,AL2021,031253,AF,PS,party,PS,,634
mapa_1_resultados.xlsx,621,AL2021,031253,AF,PCP-PEV,coalition,PCP-PEV,,45
mapa_1_resultados.xlsx,621,AL2021,031253,AF,[A],coalition,PPD/PSD.CDS-PP,"MAIS AÇÃO, MAIS FAMALICÃO",814
mapa_1_resultados.xlsx,622,AL2021,031254,AF,PS,party,PS,,744
mapa_1_resultados.xlsx,622,AL2021,031254,AF,PCP-PEV,coalition,PCP-PEV,,37
mapa_1_resultados.xlsx,622,AL2021,031254,AF,[A],coalition,PPD/PSD.CDS-PP,"MAIS AÇÃO, MAIS FAMALICÃO",1111
mapa_1_resultados.xlsx,623,AL2021,031255,AF,PS,party,PS,,833
mapa_1_resultados.xlsx,623,AL2021,031255,AF,PCP-PEV,coalition,PCP-PEV,,39
mapa_1_resultados.xlsx,623,AL2021,031255,AF,[A],coalition,PPD/PSD.CDS-PP,"MAIS AÇÃO, MAIS FAMALICÃO",1625
mapa_1_resultados.xlsx,624,AL2021,031256,AF,PS,party,PS,,590
mapa_1_resultados.xlsx,624,AL2021,031256,AF,PCP-PEV,coalition,PCP-PEV,,39
mapa_1_resultados.xlsx,624,AL2021,031256,AF,[A],coalition,PPD/PSD.CDS-PP,"MAIS AÇÃO, MAIS FAMALICÃO",1257
mapa_1_resultados.xlsx,625,AL2021,031257,AF,PS,party,PS,,563
mapa_1_resultados.xlsx,625,AL2021,031257,AF,PCP-PEV,coalition,PCP-PEV,,237
mapa_1_resultados.xlsx,625,AL2021,031257,AF,[D],citizen_group,PRNMI,Por Ruivães e Novais Movimento Independente,933
mapa_1_resultados.xlsx,626,AL2021,031258,AF,PS,party,PS,,370
mapa_1_resultados.xlsx,626,AL2021,031258,AF,PCP-PEV,coalition,PCP-PEV,,10
mapa_1_resultados.xlsx,626,AL2021,031258,AF,[A],coalition,PPD/PSD.CDS-PP,"MAIS AÇÃO, MAIS FAMALICÃO",628
mapa_1_resultados.xlsx,627,AL2021,031259,AF,PS,party,PS,,1328
mapa_1_resultados.xlsx,627,AL2021,031259,AF,PCP-PEV,coalition,PCP-PEV,,131
mapa_1_resultados.xlsx,627,AL2021,031259,AF,[A],coalition,PPD/PSD.CDS-PP,"MAIS AÇÃO, MAIS FAMALICÃO",1537
mapa_1_resultados.xlsx,628,AL2021,031260,AF,B.E.,party,B.E.,,309
mapa_1_resultados.xlsx,628,AL2021,031260,AF,CH,party,CH,,470
mapa_1_resultados.xlsx,628,AL2021,031260,AF,IL,party,IL,,422
mapa_1_resultados.xlsx,628,AL2021,031260,AF,PS,party,PS,,3075
mapa_1_resultados.xlsx,628,AL2021,031260,AF,PCP-PEV,coalition,PCP-PEV,,348
mapa_1_resultados.xlsx,628,AL2021,031260,AF,[A],coalition,PPD/PSD.CDS-PP,"MAIS AÇÃO, MAIS FAMALICÃO",4803
mapa_1_resultados.xlsx,629,AL2021,031300,CM,B.E.,party,B.E.,,712
mapa_1_resultados.xlsx,629,AL2021,031300,CM,CDS-PP,party,CDS-PP,,997
mapa_1_resultados.xlsx,629,AL2021,031300,CM,CH,party,CH,,3193
mapa_1_resultados.xlsx,629,AL2021,031300,CM,PPD/PSD,party,PPD/PSD,,14454
mapa_1_resultados.xlsx,629,AL2021,031300,CM,PS,party,PS,,5445
mapa_1_resultados.xlsx,629,AL2021,031300,CM,PCP-PEV,coalition,PCP-PEV,,562
mapa_1_resultados.xlsx,630,AL2021,031300,AM,B.E.,party,B.E.,,794
mapa_1_resultados.xlsx,630,AL2021,031300,AM,CDS-PP,party,CDS-PP,,1203
mapa_1_resultados.xlsx,630,AL2021,031300,AM,CH,party,CH,,3048
mapa_1_resultados.xlsx,630,AL2021,031300,AM,PPD/PSD,party,PPD/PSD,,13760
mapa_1_resultados.xlsx,630,AL2021,031300,AM,PS,party,PS,,5930
mapa_1_resultados.xlsx,630,AL2021,031300,AM,PCP-PEV,coalition,PCP-PEV,,554
mapa_1_resultados.xlsx,631,AL2021,031304,AF,CH,party,CH,,7
mapa_1_resultados.xlsx,631,AL2021,031304,AF,PPD/PSD,party,PPD/PSD,,146
mapa_1_resultados.xlsx,631,AL2021,031304,AF,[D],citizen_group,ACF,Atiães Com Futuro,220
mapa_1_resultados.xlsx,632,AL2021,031308,AF,PPD/PSD,party,PPD/PSD,,659
mapa_1_resultados.xlsx,632,AL2021,031308,AF,PS,party,PS,,512
mapa_1_resultados.xlsx,633,AL2021,031309,AF,PPD/PSD,party,PPD/PSD,,730
mapa_1_resultados.xlsx,634,AL2021,031311,AF,PPD/PSD,party,PPD/PSD,,289
mapa_1_resultados.xlsx,635,AL2021,031313,AF,PPD/PSD,party,PPD/PSD,,246
mapa_1_resultados.xlsx,636,AL2021,031316,AF,PPD/PSD,party,PPD/PSD,,511
mapa_1_resultados.xlsx,637,AL2021,031317,AF,PPD/PSD,party,PPD/PSD,,225
mapa_1_resultados.xlsx,638,AL2021,031323,AF,PPD/PSD,party,PPD/PSD,,832
mapa_1_resultados.xlsx,638,AL2021,031323,AF,PS,party,PS,,621
mapa_1_resultados.xlsx,638,AL2021,031323,AF,PCP-PEV,coalition,PCP-PEV,,73
mapa_1_resultados.xlsx,639,AL2021,031324,AF,PPD/PSD,party,PPD/PSD,,316
mapa_1_resultados.xlsx,640,AL2021,031325,AF,[D],citizen_group,MIL,Movimento Independente Pela Loureira,538
mapa_1_resultados.xlsx,641,AL2021,031328,AF,PPD/PSD,party,PPD/PSD,,650
mapa_1_resultados.xlsx,642,AL2021,031330,AF,PPD/PSD,party,PPD/PSD,,367
mapa_1_resultados.xlsx,642,AL2021,031330,AF,[D],citizen_group,JPO,Juntos Por Oleiros,374
mapa_1_resultados.xlsx,643,AL2021,031331,AF,PPD/PSD,party,PPD/PSD,,181
mapa_1_resultados.xlsx,643,AL2021,031331,AF,[D],citizen_group,T.P.G.,Trabalhar Por Parada de Gatim,322
mapa_1_resultados.xlsx,644,AL2021,031335,AF,PPD/PSD,party,PPD/PSD,,189
mapa_1_resultados.xlsx,644,AL2021,031335,AF,PS,party,PS,,184
mapa_1_resultados.xlsx,645,AL2021,031337,AF,PPD/PSD,party,PPD/PSD,,222
mapa_1_resultados.xlsx,646,AL2021,031340,AF,PPD/PSD,party,PPD/PSD,,223
mapa_1_resultados.xlsx,647,AL2021,031342,AF,PPD/PSD,party,PPD/PSD,,1410
mapa_1_resultados.xlsx,647,AL2021,031342,AF,PS,party,PS,,681
mapa_1_resultados.xlsx,647,AL2021,031342,AF,PCP-PEV,coalition,PCP-PEV,,125
mapa_1_resultados.xlsx,648,AL2021,031350,AF,CH,party,CH,,36
mapa_1_resultados.xlsx,648,AL2021,031350,AF,PPD/PSD,party,PPD/PSD,,254
mapa_1_resultados.xlsx,648,AL2021,031350,AF,[D],citizen_group,ISM,Independentes Por Prado São Miguel,130
mapa_1_resultados.xlsx,649,AL2021,031352,AF,PCP-PEV,coalition,PCP-PEV,,39
mapa_1_resultados.xlsx,649,AL2021,031352,AF,[D],citizen_group,VPS,Juntos Por Soutelo,999
mapa_1_resultados.xlsx,649,AL2021,031352,AF,[E],citizen_group,V.A.S.,Vamos Abraçar Soutelo,300
mapa_1_resultados.xlsx,650,AL2021,031354,AF,PPD/PSD,party,PPD/PSD,,847
mapa_1_resultados.xlsx,651,AL2021,031355,AF,CH,party,CH,,31
mapa_1_resultados.xlsx,651,AL2021,031355,AF,PPD/PSD,party,PPD/PSD,,292
mapa_1_resultados.xlsx,652,AL2021,031359,AF,PPD/PSD,party,PPD/PSD,,229
mapa_1_resultados.xlsx,652,AL2021,031359,AF,[D],citizen_group,U.A.N.G.,Unidos Por Aboim da Nóbrega e Gondomar,360
mapa_1_resultados.xlsx,653,AL2021,031360,AF,CH,party,CH,,204
mapa_1_resultados.xlsx,653,AL2021,031360,AF,PPD/PSD,party,PPD/PSD,,1004
mapa_1_resultados.xlsx,653,AL2021,031360,AF,PCP-PEV,coalition,PCP-PEV,,33
mapa_1_resultados.xlsx,653,AL2021,031360,AF,[D],citizen_group,AFR,A Força da Ribeira,825
mapa_1_resultados.xlsx,654,AL2021,031361,AF,CH,party,CH,,158
mapa_1_resultados.xlsx,654,AL2021,031361,AF,PPD/PSD,party,PPD/PSD,,348
mapa_1_resultados.xlsx,655,AL2021,031362,AF,PPD/PSD,party,PPD/PSD,,347
mapa_1_resultados.xlsx,657,AL2021,031364,AF,PPD/PSD,party,PPD/PSD,,429
mapa_1_resultados.xlsx,658,AL2021,031365,AF,PPD/PSD,party,PPD/PSD,,277
mapa_1_resultados.xlsx,659,AL2021,031366,AF,PPD/PSD,party,PPD/PSD,,532
mapa_1_resultados.xlsx,659,AL2021,031366,AF,PS,party,PS,,333
mapa_1_resultados.xlsx,660,AL2021,031367,AF,CDS-PP,party,CDS-PP,,241
mapa_1_resultados.xlsx,660,AL2021,031367,AF,PPD/PSD,party,PPD/PSD,,594
mapa_1_resultados.xlsx,661,AL2021,031368,AF,PPD/PSD,party,PPD/PSD,,298
mapa_1_resultados.xlsx,662,AL2021,031369,AF,PPD/PSD,party,PPD/PSD,,726
mapa_1_resultados.xlsx,663,AL2021,031370,AF,PPD/PSD,party,PPD/PSD,,1651
mapa_1_resultados.xlsx,663,AL2021,031370,AF,PS,party,PS,,1183
mapa_1_resultados.xlsx,663,AL2021,031370,AF,PCP-PEV,coalition,PCP-PEV,,99
mapa_1_resultados.xlsx,664,AL2021,031400,CM,B.E.,party,B.E.,,228
mapa_1_resultados.xlsx,664,AL2021,031400,CM,CH,party,CH,,249
mapa_1_resultados.xlsx,664,AL2021,031400,CM,PS,party,PS,,10228
mapa_1_resultados.xlsx,664,AL2021,031400,CM,PCP-PEV,coalition,PCP-PEV,,234
mapa_1_resultados.xlsx,664,AL2021,031400,CM,[A],coalition,PPD/PSD.CDS-PP,VIZELA É PARA TODOS,2453
mapa_1_resultados.xlsx,665,AL2021,031400,AM,B.E.,party,B.E.,,349
mapa_1_resultados.xlsx,665,AL2021,031400,AM,CH,party,CH,,295
mapa_1_resultados.xlsx,665,AL2021,031400,AM,PS,party,PS,,9512
mapa_1_resultados.xlsx,665,AL2021,031400,AM,PCP-PEV,coalition,PCP-PEV,,295
mapa_1_resultados.xlsx,665,AL2021,031400,AM,[A],coalition,PPD/PSD.CDS-PP,VIZELA É PARA TODOS,2888
mapa_1_resultados.xlsx,666,AL2021,031401,AF,B.E.,party,B.E.,,76
mapa_1_resultados.xlsx,666,AL2021,031401,AF,PS,party,PS,,1893
mapa_1_resultados.xlsx,666,AL2021,031401,AF,PCP-PEV,coalition,PCP-PEV,,45
mapa_1_resultados.xlsx,666,AL2021,031401,AF,[A],coalition,PPD/PSD.CDS-PP,VIZELA É PARA TODOS,840
mapa_1_resultados.xlsx,667,AL2021,031404,AF,PS,party,PS,,612
mapa_1_resultados.xlsx,667,AL2021,031404,AF,PCP-PEV,coalition,PCP-PEV,,37
mapa_1_resultados.xlsx,667,AL2021,031404,AF,[A],coalition,PPD/PSD.CDS-PP,VIZELA É PARA TODOS,476
mapa_1_resultados.xlsx,668,AL2021,031406,AF,PS,party,PS,,537
mapa_1_resultados.xlsx,668,AL2021,031406,AF,PCP-PEV,coalition,PCP-PEV,,22
mapa_1_resultados.xlsx,668,AL2021,031406,AF,[A],coalition,PPD/PSD.CDS-PP,VIZELA É PARA TODOS,967
mapa_1_resultados.xlsx,669,AL2021,031408,AF,B.E.,party,B.E.,,180
mapa_1_resultados.xlsx,669,AL2021,031408,AF,PS,party,PS,,4420
mapa_1_resultados.xlsx,669,AL2021,031408,AF,PCP-PEV,coalition,PCP-PEV,,179
mapa_1_resultados.xlsx,669,AL2021,031408,AF,[A],coalition,PPD/PSD.CDS-PP,VIZELA É PARA TODOS,1106
mapa_1_resultados.xlsx,670,AL2021,031409,AF,PS,party,PS,,1643
mapa_1_resultados.xlsx,670,AL2021,031409,AF,PCP-PEV,coalition,PCP-PEV,,57
mapa_1_resultados.xlsx,670,AL2021,031409,AF,[A],coalition,PPD/PSD.CDS-PP,VIZELA É PARA TODOS,239
mapa_1_resultados.xlsx,672,AL2021,040100,CM,PS,party,PS,,2026
mapa_1_resultados.xlsx,672,AL2021,040100,CM,PCP-PEV,coalition,PCP-PEV,,48
mapa_1_resultados.xlsx,672,AL2021,040100,CM,[A],coalition,PPD/PSD.CDS-PP,ACREDITAR EM ALFÂNDEGA DA FÉ,1682
mapa_1_resultados.xlsx,673,AL2021,040100,AM,PS,party,PS,,1987
mapa_1_resultados.xlsx,673,AL2021,040100,AM,PCP-PEV,coalition,PCP-PEV,,63
mapa_1_resultados.xlsx,673,AL2021,040100,AM,[A],coalition,PPD/PSD.CDS-PP,ACREDITAR EM ALFÂNDEGA DA FÉ,1683
mapa_1_resultados.xlsx,674,AL2021,040102,AF,PS,party,PS,,678
mapa_1_resultados.xlsx,674,AL2021,040102,AF,PCP-PEV,coalition,PCP-PEV,,17
mapa_1_resultados.xlsx,674,AL2021,040102,AF,[A],coalition,PPD/PSD.CDS-PP,ACREDITAR EM ALFÂNDEGA DA FÉ,642
mapa_1_resultados.xlsx,675,AL2021,040103,AF,PS,party,PS,,83
mapa_1_resultados.xlsx,675,AL2021,040103,AF,[A],coalition,PPD/PSD.CDS-PP,ACREDITAR EM ALFÂNDEGA DA FÉ,67
mapa_1_resultados.xlsx,676,AL2021,040111,AF,PS,party,PS,,116
mapa_1_resultados.xlsx,676,AL2021,040111,AF,[D],citizen_group,SCVNHS,Sambade-Covelas-Vila Nova Hoje e Sempre,230
mapa_1_resultados.xlsx,677,AL2021,040118,AF,[A],coalition,PPD/PSD.CDS-PP,ACREDITAR EM ALFÂNDEGA DA FÉ,75
mapa_1_resultados.xlsx,677,AL2021,040118,AF,[D],citizen_group,TPVC,TODOS POR VILARCHÃO,99
mapa_1_resultados.xlsx,678,AL2021,040119,AF,PS,party,PS,,123
mapa_1_resultados.xlsx,678,AL2021,040119,AF,[A],coalition,PPD/PSD.CDS-PP,ACREDITAR EM ALFÂNDEGA DA FÉ,109
mapa_1_resultados.xlsx,679,AL2021,040120,AF,PS,party,PS,,75
mapa_1_resultados.xlsx,679,AL2021,040120,AF,[A],coalition,PPD/PSD.CDS-PP,ACREDITAR EM ALFÂNDEGA DA FÉ,93
mapa_1_resultados.xlsx,680,AL2021,040121,AF,PS,party,PS,,172
mapa_1_resultados.xlsx,680,AL2021,040121,AF,[A],coalition,PPD/PSD.CDS-PP,ACREDITAR EM ALFÂNDEGA DA FÉ,96
mapa_1_resultados.xlsx,681,AL2021,040122,AF,PS,party,PS,,128
mapa_1_resultados.xlsx,681,AL2021,040122,AF,[A],coalition,PPD/PSD.CDS-PP,ACREDITAR EM ALFÂNDEGA DA FÉ,138
mapa_1_resultados.xlsx,682,AL2021,040123,AF,PS,party,PS,,138
mapa_1_resultados.xlsx,682,AL2021,040123,AF,[A],coalition,PPD/PSD.CDS-PP,ACREDITAR EM ALFÂNDEGA DA FÉ,88
mapa_1_resultados.xlsx,683,AL2021,040124,AF,PS,party,PS,,172
mapa_1_resultados.xlsx,683,AL2021,040124,AF,[A],coalition,PPD/PSD.CDS-PP,ACREDITAR EM ALFÂNDEGA DA FÉ,84
mapa_1_resultados.xlsx,684,AL2021,040125,AF,PS,party,PS,,86
mapa_1_resultados.xlsx,684,AL2021,040125,AF,[A],coalition,PPD/PSD.CDS-PP,ACREDITAR EM ALFÂNDEGA DA FÉ,82
mapa_1_resultados.xlsx,685,AL2021,040126,AF,PS,party,PS,,81
mapa_1_resultados.xlsx,685,AL2021,040126,AF,[A],coalition,PPD/PSD.CDS-PP,ACREDITAR EM ALFÂNDEGA DA FÉ,65
mapa_1_resultados.xlsx,686,AL2021,040200,CM,B.E.,party,B.E.,,240
mapa_1_resultados.xlsx,686,AL2021,040200,CM,CDS-PP,party,CDS-PP,,256
mapa_1_resultados.xlsx,686,AL2021,040200,CM,CH,party,CH,,1060
mapa_1_resultados.xlsx,686,AL2021,040200,CM,PPD/PSD,party,PPD/PSD,,10291
mapa_1_resultados.xlsx,686,AL2021,040200,CM,PS,party,PS,,4838
mapa_1_resultados.xlsx,686,AL2021,040200,CM,PCP-PEV,coalition,PCP-PEV,,399
mapa_1_resultados.xlsx,687,AL2021,040200,AM,B.E.,party,B.E.,,302
mapa_1_resultados.xlsx,687,AL2021,040200,AM,CDS-PP,party,CDS-PP,,325
mapa_1_resultados.xlsx,687,AL2021,040200,AM,CH,party,CH,,1280
mapa_1_resultados.xlsx,687,AL2021,040200,AM,PPD/PSD,party,PPD/PSD,,9671
mapa_1_resultados.xlsx,687,AL2021,040200,AM,PS,party,PS,,4937
mapa_1_resultados.xlsx,687,AL2021,040200,AM,PCP-PEV,coalition,PCP-PEV,,523
mapa_1_resultados.xlsx,688,AL2021,040201,AF,PPD/PSD,party,PPD/PSD,,117
mapa_1_resultados.xlsx,688,AL2021,040201,AF,PS,party,PS,,26
mapa_1_resultados.xlsx,689,AL2021,040203,AF,PPD/PSD,party,PPD/PSD,,109
mapa_1_resultados.xlsx,690,AL2021,040204,AF,PPD/PSD,party,PPD/PSD,,233
mapa_1_resultados.xlsx,690,AL2021,040204,AF,PS,party,PS,,82
mapa_1_resultados.xlsx,691,AL2021,040206,AF,PPD/PSD,party,PPD/PSD,,117
mapa_1_resultados.xlsx,691,AL2021,040206,AF,PS,party,PS,,41
mapa_1_resultados.xlsx,692,AL2021,040209,AF,PPD/PSD,party,PPD/PSD,,125
mapa_1_resultados.xlsx,692,AL2021,040209,AF,PS,party,PS,,95
mapa_1_resultados.xlsx,693,AL2021,040210,AF,PPD/PSD,party,PPD/PSD,,127
mapa_1_resultados.xlsx,693,AL2021,040210,AF,PS,party,PS,,102
mapa_1_resultados.xlsx,694,AL2021,040212,AF,PPD/PSD,party,PPD/PSD,,225
mapa_1_resultados.xlsx,694,AL2021,040212,AF,PS,party,PS,,78
mapa_1_resultados.xlsx,695,AL2021,040213,AF,PPD/PSD,party,PPD/PSD,,127
mapa_1_resultados.xlsx,695,AL2021,040213,AF,PS,party,PS,,67
mapa_1_resultados.xlsx,696,AL2021,040215,AF,PPD/PSD,party,PPD/PSD,,93
mapa_1_resultados.xlsx,696,AL2021,040215,AF,PS,party,PS,,83
mapa_1_resultados.xlsx,697,AL2021,040216,AF,PPD/PSD,party,PPD/PSD,,153
mapa_1_resultados.xlsx,697,AL2021,040216,AF,PS,party,PS,,113
mapa_1_resultados.xlsx,698,AL2021,040217,AF,PPD/PSD,party,PPD/PSD,,88
mapa_1_resultados.xlsx,698,AL2021,040217,AF,PS,party,PS,,27
mapa_1_resultados.xlsx,699,AL2021,040218,AF,PPD/PSD,party,PPD/PSD,,170
mapa_1_resultados.xlsx,699,AL2021,040218,AF,PS,party,PS,,100
mapa_1_resultados.xlsx,700,AL2021,040219,AF,PPD/PSD,party,PPD/PSD,,149
mapa_1_resultados.xlsx,701,AL2021,040221,AF,PPD/PSD,party,PPD/PSD,,75
mapa_1_resultados.xlsx,701,AL2021,040221,AF,PS,party,PS,,55
mapa_1_resultados.xlsx,702,AL2021,040224,AF,PPD/PSD,party,PPD/PSD,,105
mapa_1_resultados.xlsx,702,AL2021,040224,AF,PS,party,PS,,27
mapa_1_resultados.xlsx,703,AL2021,040225,AF,PPD/PSD,party,PPD/PSD,,225
mapa_1_resultados.xlsx,703,AL2021,040225,AF,PS,party,PS,,76
mapa_1_resultados.xlsx,704,AL2021,040226,AF,PPD/PSD,party,PPD/PSD,,103
mapa_1_resultados.xlsx,704,AL2021,040226,AF,PS,party,PS,,68
mapa_1_resultados.xlsx,705,AL2021,040229,AF,PPD/PSD,party,PPD/PSD,,145
mapa_1_resultados.xlsx,705,AL2021,040229,AF,PS,party,PS,,43
mapa_1_resultados.xlsx,706,AL2021,040230,AF,PPD/PSD,party,PPD/PSD,,158
mapa_1_resultados.xlsx,706,AL2021,040230,AF,PS,party,PS,,32
mapa_1_resultados.xlsx,707,AL2021,040232,AF,PPD/PSD,party,PPD/PSD,,82
mapa_1_resultados.xlsx,707,AL2021,040232,AF,PS,party,PS,,69
mapa_1_resultados.xlsx,708,AL2021,040233,AF,PPD/PSD,party,PPD/PSD,,87
mapa_1_resultados.xlsx,708,AL2021,040233,AF,PS,party,PS,,37
mapa_1_resultados.xlsx,709,AL2021,040234,AF,PPD/PSD,party,PPD/PSD,,70
mapa_1_resultados.xlsx,709,AL2021,040234,AF,PS,party,PS,,54
mapa_1_resultados.xlsx,709,AL2021,040234,AF,PCP-PEV,coalition,PCP-PEV,,20
mapa_1_resultados.xlsx,710,AL2021,040236,AF,PPD/PSD,party,PPD/PSD,,233
mapa_1_resultados.xlsx,710,AL2021,040236,AF,PS,party,PS,,188
mapa_1_resultados.xlsx,711,AL2021,040239,AF,PPD/PSD,party,PPD/PSD,,154
mapa_1_resultados.xlsx,711,AL2021,040239,AF,PS,party,PS,,49
mapa_1_resultados.xlsx,712,AL2021,040240,AF,PPD/PSD,party,PPD/PSD,,385
mapa_1_resultados.xlsx,712,AL2021,040240,AF,PS,party,PS,,234
mapa_1_resultados.xlsx,713,AL2021,040241,AF,PPD/PSD,party,PPD/PSD,,123
mapa_1_resultados.xlsx,713,AL2021,040241,AF,PS,party,PS,,70
mapa_1_resultados.xlsx,714,AL2021,040244,AF,PPD/PSD,party,PPD/PSD,,162
mapa_1_resultados.xlsx,714,AL2021,040244,AF,PS,party,PS,,64
mapa_1_resultados.xlsx,715,AL2021,040246,AF,PPD/PSD,party,PPD/PSD,,115
mapa_1_resultados.xlsx,716,AL2021,040247,AF,PPD/PSD,party,PPD/PSD,,104
mapa_1_resultados.xlsx,717,AL2021,040248,AF,PPD/PSD,party,PPD/PSD,,137
mapa_1_resultados.xlsx,717,AL2021,040248,AF,PS,party,PS,,57
mapa_1_resultados.xlsx,718,AL2021,040249,AF,PPD/PSD,party,PPD/PSD,,90
mapa_1_resultados.xlsx,719,AL2021,040250,AF,PPD/PSD,party,PPD/PSD,,156
mapa_1_resultados.xlsx,719,AL2021,040250,AF,PS,party,PS,,44
mapa_1_resultados.xlsx,720,AL2021,040251,AF,PPD/PSD,party,PPD/PSD,,127
mapa_1_resultados.xlsx,720,AL2021,040251,AF,PS,party,PS,,78
mapa_1_resultados.xlsx,721,AL2021,040252,AF,PPD/PSD,party,PPD/PSD,,345
mapa_1_resultados.xlsx,721,AL2021,040252,AF,PS,party,PS,,194
mapa_1_resultados.xlsx,722,AL2021,040253,AF,PPD/PSD,party,PPD/PSD,,282
mapa_1_resultados.xlsx,722,AL2021,040253,AF,PS,party,PS,,210
mapa_1_resultados.xlsx,723,AL2021,040254,AF,PPD/PSD,party,PPD/PSD,,88
mapa_1_resultados.xlsx,723,AL2021,040254,AF,PS,party,PS,,52
mapa_1_resultados.xlsx,724,AL2021,040255,AF,PPD/PSD,party,PPD/PSD,,157
mapa_1_resultados.xlsx,724,AL2021,040255,AF,PS,party,PS,,94
mapa_1_resultados.xlsx,725,AL2021,040256,AF,PPD/PSD,party,PPD/PSD,,159
mapa_1_resultados.xlsx,726,AL2021,040257,AF,CH,party,CH,,1010
mapa_1_resultados.xlsx,726,AL2021,040257,AF,PPD/PSD,party,PPD/PSD,,4763
mapa_1_resultados.xlsx,726,AL2021,040257,AF,PS,party,PS,,2522
mapa_1_resultados.xlsx,726,AL2021,040257,AF,PCP-PEV,coalition,PCP-PEV,,324
mapa_1_resultados.xlsx,727,AL2021,040300,CM,PPD/PSD,party,PPD/PSD,,2325
mapa_1_resultados.xlsx,727,AL2021,040300,CM,PS,party,PS,,205
mapa_1_resultados.xlsx,727,AL2021,040300,CM,PCP-PEV,coalition,PCP-PEV,,48
mapa_1_resultados.xlsx,727,AL2021,040300,CM,[D],citizen_group,U.C.,Unidos Por Carrazeda,1109
mapa_1_resultados.xlsx,728,AL2021,040300,AM,PPD/PSD,party,PPD/PSD,,2305
mapa_1_resultados.xlsx,728,AL2021,040300,AM,PCP-PEV,coalition,PCP-PEV,,90
mapa_1_resultados.xlsx,728,AL2021,040300,AM,[D],citizen_group,U.C.,Unidos Por Carrazeda,1253
mapa_1_resultados.xlsx,729,AL2021,040304,AF,PPD/PSD,party,PPD/PSD,,579
mapa_1_resultados.xlsx,729,AL2021,040304,AF,PCP-PEV,coalition,PCP-PEV,,47
mapa_1_resultados.xlsx,729,AL2021,040304,AF,[D],citizen_group,U.C.,Unidos Por Carrazeda,365
mapa_1_resultados.xlsx,730,AL2021,040306,AF,PPD/PSD,party,PPD/PSD,,111
mapa_1_resultados.xlsx,731,AL2021,040308,AF,PPD/PSD,party,PPD/PSD,,203
mapa_1_resultados.xlsx,731,AL2021,040308,AF,[D],citizen_group,U.C.,Unidos Por Carrazeda,67
mapa_1_resultados.xlsx,732,AL2021,040309,AF,PPD/PSD,party,PPD/PSD,,159
mapa_1_resultados.xlsx,733,AL2021,040311,AF,PPD/PSD,party,PPD/PSD,,82
mapa_1_resultados.xlsx,733,AL2021,040311,AF,[D],citizen_group,U.C.,Unidos Por Carrazeda,63
mapa_1_resultados.xlsx,734,AL2021,040312,AF,PS,party,PS,,94
mapa_1_resultados.xlsx,735,AL2021,040313,AF,PPD/PSD,party,PPD/PSD,,103
mapa_1_resultados.xlsx,735,AL2021,040313,AF,[D],citizen_group,U.C.,Unidos Por Carrazeda,67
mapa_1_resultados.xlsx,736,AL2021,040314,AF,PPD/PSD,party,PPD/PSD,,134
mapa_1_resultados.xlsx,736,AL2021,040314,AF,[D],citizen_group,U.C.,Unidos Por Carrazeda,34
mapa_1_resultados.xlsx,737,AL2021,040316,AF,PPD/PSD,party,PPD/PSD,,71
mapa_1_resultados.xlsx,737,AL2021,040316,AF,PS,party,PS,,113
mapa_1_resultados.xlsx,738,AL2021,040318,AF,PPD/PSD,party,PPD/PSD,,203
mapa_1_resultados.xlsx,739,AL2021,040320,AF,PPD/PSD,party,PPD/PSD,,204
mapa_1_resultados.xlsx,739,AL2021,040320,AF,[D],citizen_group,U.C.,Unidos Por Carrazeda,82
mapa_1_resultados.xlsx,740,AL2021,040321,AF,PPD/PSD,party,PPD/PSD,,137
mapa_1_resultados.xlsx,740,AL2021,040321,AF,[D],citizen_group,U.C.,Unidos Por Carrazeda,133
mapa_1_resultados.xlsx,741,AL2021,040322,AF,PPD/PSD,party,PPD/PSD,,252
mapa_1_resultados.xlsx,742,AL2021,040323,AF,PPD/PSD,party,PPD/PSD,,107
mapa_1_resultados.xlsx,742,AL2021,040323,AF,[D],citizen_group,U.C.,Unidos Por Carrazeda,149
mapa_1_resultados.xlsx,743,AL2021,040400,CM,PPD/PSD,party,PPD/PSD,,819
mapa_1_resultados.xlsx,743,AL2021,040400,CM,PS,party,PS,,1580
mapa_1_resultados.xlsx,743,AL2021,040400,CM,PCP-PEV,coalition,PCP-PEV,,24
mapa_1_resultados.xlsx,744,AL2021,040400,AM,PPD/PSD,party,PPD/PSD,,799
mapa_1_resultados.xlsx,744,AL2021,040400,AM,PS,party,PS,,1577
mapa_1_resultados.xlsx,744,AL2021,040400,AM,PCP-PEV,coalition,PCP-PEV,,28
mapa_1_resultados.xlsx,745,AL2021,040404,AF,PPD/PSD,party,PPD/PSD,,137
mapa_1_resultados.xlsx,745,AL2021,040404,AF,PS,party,PS,,109
mapa_1_resultados.xlsx,746,AL2021,040406,AF,PPD/PSD,party,PPD/PSD,,50
mapa_1_resultados.xlsx,746,AL2021,040406,AF,PS,party,PS,,249
mapa_1_resultados.xlsx,747,AL2021,040407,AF,PPD/PSD,party,PPD/PSD,,507
mapa_1_resultados.xlsx,747,AL2021,040407,AF,PS,party,PS,,985
mapa_1_resultados.xlsx,747,AL2021,040407,AF,PCP-PEV,coalition,PCP-PEV,,18
mapa_1_resultados.xlsx,748,AL2021,040408,AF,PPD/PSD,party,PPD/PSD,,166
mapa_1_resultados.xlsx,748,AL2021,040408,AF,PS,party,PS,,193
mapa_1_resultados.xlsx,749,AL2021,040500,CM,CH,party,CH,,126
mapa_1_resultados.xlsx,749,AL2021,040500,CM,PS,party,PS,,5074
mapa_1_resultados.xlsx,749,AL2021,040500,CM,PCP-PEV,coalition,PCP-PEV,,109
mapa_1_resultados.xlsx,749,AL2021,040500,CM,[A],coalition,PPD/PSD.CDS-PP,"UM NOVO RUMO, UM NOVO CAMINHO",4199
mapa_1_resultados.xlsx,749,AL2021,040500,CM,[D],citizen_group,UPM,Unidos Por Macedo,597
mapa_1_resultados.xlsx,750,AL2021,040500,AM,B.E.,party,B.E.,,112
mapa_1_resultados.xlsx,750,AL2021,040500,AM,CH,party,CH,,171
mapa_1_resultados.xlsx,750,AL2021,040500,AM,PS,party,PS,,4614
mapa_1_resultados.xlsx,750,AL2021,040500,AM,PCP-PEV,coalition,PCP-PEV,,190
mapa_1_resultados.xlsx,750,AL2021,040500,AM,[A],coalition,PPD/PSD.CDS-PP,"UM NOVO RUMO, UM NOVO CAMINHO",4340
mapa_1_resultados.xlsx,750,AL2021,040500,AM,[D],citizen_group,UPM,Unidos Por Macedo,662
mapa_1_resultados.xlsx,751,AL2021,040502,AF,PS,party,PS,,153
mapa_1_resultados.xlsx,751,AL2021,040502,AF,[A],coalition,PPD/PSD.CDS-PP,"UM NOVO RUMO, UM NOVO CAMINHO",160
mapa_1_resultados.xlsx,752,AL2021,040503,AF,PS,party,PS,,142
mapa_1_resultados.xlsx,752,AL2021,040503,AF,[A],coalition,PPD/PSD.CDS-PP,"UM NOVO RUMO, UM NOVO CAMINHO",75
mapa_1_resultados.xlsx,753,AL2021,040507,AF,PS,party,PS,,80
mapa_1_resultados.xlsx,753,AL2021,040507,AF,[A],coalition,PPD/PSD.CDS-PP,"UM NOVO RUMO, UM NOVO CAMINHO",95
mapa_1_resultados.xlsx,754,AL2021,040509,AF,PS,party,PS,,71
mapa_1_resultados.xlsx,754,AL2021,040509,AF,[A],coalition,PPD/PSD.CDS-PP,"UM NOVO RUMO, UM NOVO CAMINHO",117
mapa_1_resultados.xlsx,755,AL2021,040510,AF,PS,party,PS,,117
mapa_1_resultados.xlsx,755,AL2021,040510,AF,PCP-PEV,coalition,PCP-PEV,,17
mapa_1_resultados.xlsx,755,AL2021,040510,AF,[A],coalition,PPD/PSD.CDS-PP,"UM NOVO RUMO, UM NOVO CAMINHO",59
mapa_1_resultados.xlsx,756,AL2021,040511,AF,PS,party,PS,,57
mapa_1_resultados.xlsx,756,AL2021,040511,AF,[A],coalition,PPD/PSD.CDS-PP,"UM NOVO RUMO, UM NOVO CAMINHO",82
mapa_1_resultados.xlsx,757,AL2021,040514,AF,PS,party,PS,,174
mapa_1_resultados.xlsx,757,AL2021,040514,AF,[A],coalition,PPD/PSD.CDS-PP,"UM NOVO RUMO, UM NOVO CAMINHO",75
mapa_1_resultados.xlsx,758,AL2021,040515,AF,PS,party,PS,,139
mapa_1_resultados.xlsx,758,AL2021,040515,AF,[A],coalition,PPD/PSD.CDS-PP,"UM NOVO RUMO, UM NOVO CAMINHO",120
mapa_1_resultados.xlsx,759,AL2021,040516,AF,CH,party,CH,,21
mapa_1_resultados.xlsx,759,AL2021,040516,AF,PS,party,PS,,108
mapa_1_resultados.xlsx,759,AL2021,040516,AF,[A],coalition,PPD/PSD.CDS-PP,"UM NOVO RUMO, UM NOVO CAMINHO",89
mapa_1_resultados.xlsx,760,AL2021,040517,AF,PS,party,PS,,134
mapa_1_resultados.xlsx,760,AL2021,040517,AF,[A],coalition,PPD/PSD.CDS-PP,"UM NOVO RUMO, UM NOVO CAMINHO",141
mapa_1_resultados.xlsx,761,AL2021,040518,AF,[D],citizen_group,TPL,Todos Por Lamas,116
mapa_1_resultados.xlsx,762,AL2021,040519,AF,PS,party,PS,,131
mapa_1_resultados.xlsx,762,AL2021,040519,AF,[A],coalition,PPD/PSD.CDS-PP,"UM NOVO RUMO, UM NOVO CAMINHO",76
mapa_1_resultados.xlsx,763,AL2021,040520,AF,PS,party,PS,,1402
mapa_1_resultados.xlsx,763,AL2021,040520,AF,PCP-PEV,coalition,PCP-PEV,,127
mapa_1_resultados.xlsx,763,AL2021,040520,AF,[A],coalition,PPD/PSD.CDS-PP,"UM NOVO RUMO, UM NOVO CAMINHO",1814
mapa_1_resultados.xlsx,764,AL2021,040521,AF,PS,party,PS,,248
mapa_1_resultados.xlsx,764,AL2021,040521,AF,[A],coalition,PPD/PSD.CDS-PP,"UM NOVO RUMO, UM NOVO CAMINHO",65
mapa_1_resultados.xlsx,765,AL2021,040523,AF,PS,party,PS,,95
mapa_1_resultados.xlsx,765,AL2021,040523,AF,[A],coalition,PPD/PSD.CDS-PP,"UM NOVO RUMO, UM NOVO CAMINHO",63
mapa_1_resultados.xlsx,766,AL2021,040524,AF,PS,party,PS,,90
mapa_1_resultados.xlsx,766,AL2021,040524,AF,[A],coalition,PPD/PSD.CDS-PP,"UM NOVO RUMO, UM NOVO CAMINHO",64
mapa_1_resultados.xlsx,767,AL2021,040526,AF,PS,party,PS,,151
mapa_1_resultados.xlsx,767,AL2021,040526,AF,[A],coalition,PPD/PSD.CDS-PP,"UM NOVO RUMO, UM NOVO CAMINHO",73
mapa_1_resultados.xlsx,768,AL2021,040528,AF,PS,party,PS,,128
mapa_1_resultados.xlsx,768,AL2021,040528,AF,[A],coalition,PPD/PSD.CDS-PP,"UM NOVO RUMO, UM NOVO CAMINHO",47
mapa_1_resultados.xlsx,769,AL2021,040530,AF,PS,party,PS,,142
mapa_1_resultados.xlsx,769,AL2021,040530,AF,[A],coalition,PPD/PSD.CDS-PP,"UM NOVO RUMO, UM NOVO CAMINHO",102
mapa_1_resultados.xlsx,770,AL2021,040532,AF,PS,party,PS,,42
mapa_1_resultados.xlsx,770,AL2021,040532,AF,[A],coalition,PPD/PSD.CDS-PP,"UM NOVO RUMO, UM NOVO CAMINHO",77
mapa_1_resultados.xlsx,771,AL2021,040533,AF,PS,party,PS,,82
mapa_1_resultados.xlsx,771,AL2021,040533,AF,[A],coalition,PPD/PSD.CDS-PP,"UM NOVO RUMO, UM NOVO CAMINHO",107
mapa_1_resultados.xlsx,772,AL2021,040534,AF,PS,party,PS,,126
mapa_1_resultados.xlsx,772,AL2021,040534,AF,[A],coalition,PPD/PSD.CDS-PP,"UM NOVO RUMO, UM NOVO CAMINHO",221
mapa_1_resultados.xlsx,773,AL2021,040536,AF,PS,party,PS,,96
mapa_1_resultados.xlsx,773,AL2021,040536,AF,[A],coalition,PPD/PSD.CDS-PP,"UM NOVO RUMO, UM NOVO CAMINHO",67
mapa_1_resultados.xlsx,774,AL2021,040538,AF,PS,party,PS,,72
mapa_1_resultados.xlsx,774,AL2021,040538,AF,[A],coalition,PPD/PSD.CDS-PP,"UM NOVO RUMO, UM NOVO CAMINHO",73
mapa_1_resultados.xlsx,775,AL2021,040539,AF,PS,party,PS,,160
mapa_1_resultados.xlsx,775,AL2021,040539,AF,PCP-PEV,coalition,PCP-PEV,,2
mapa_1_resultados.xlsx,775,AL2021,040539,AF,[A],coalition,PPD/PSD.CDS-PP,"UM NOVO RUMO, UM NOVO CAMINHO",184
mapa_1_resultados.xlsx,776,AL2021,040540,AF,PS,party,PS,,175
mapa_1_resultados.xlsx,776,AL2021,040540,AF,[A],coalition,PPD/PSD.CDS-PP,"UM NOVO RUMO, UM NOVO CAMINHO",130
mapa_1_resultados.xlsx,777,AL2021,040541,AF,PS,party,PS,,115
mapa_1_resultados.xlsx,777,AL2021,040541,AF,[A],coalition,PPD/PSD.CDS-PP,"UM NOVO RUMO, UM NOVO CAMINHO",177
mapa_1_resultados.xlsx,778,AL2021,040542,AF,PS,party,PS,,145
mapa_1_resultados.xlsx,778,AL2021,040542,AF,[A],coalition,PPD/PSD.CDS-PP,"UM NOVO RUMO, UM NOVO CAMINHO",233
mapa_1_resultados.xlsx,779,AL2021,040543,AF,PS,party,PS,,161
mapa_1_resultados.xlsx,779,AL2021,040543,AF,[A],coalition,PPD/PSD.CDS-PP,"UM NOVO RUMO, UM NOVO CAMINHO",125
mapa_1_resultados.xlsx,780,AL2021,040544,AF,PS,party,PS,,155
mapa_1_resultados.xlsx,780,AL2021,040544,AF,[A],coalition,PPD/PSD.CDS-PP,"UM NOVO RUMO, UM NOVO CAMINHO",108
mapa_1_resultados.xlsx,781,AL2021,040600,CM,CH,party,CH,,27
mapa_1_resultados.xlsx,781,AL2021,040600,CM,PS,party,PS,,2196
mapa_1_resultados.xlsx,781,AL2021,040600,CM,PCP-PEV,coalition,PCP-PEV,,47
mapa_1_resultados.xlsx,781,AL2021,040600,CM,[A],coalition,PPD/PSD.CDS-PP,TEMPO DE ACREDITAR,2892
mapa_1_resultados.xlsx,782,AL2021,040600,AM,CH,party,CH,,42
mapa_1_resultados.xlsx,782,AL2021,040600,AM,PS,party,PS,,2248
mapa_1_resultados.xlsx,782,AL2021,040600,AM,PCP-PEV,coalition,PCP-PEV,,59
mapa_1_resultados.xlsx,782,AL2021,040600,AM,[A],coalition,PPD/PSD.CDS-PP,TEMPO DE ACREDITAR,2781
mapa_1_resultados.xlsx,783,AL2021,040604,AF,PS,party,PS,,238
mapa_1_resultados.xlsx,783,AL2021,040604,AF,[A],coalition,PPD/PSD.CDS-PP,TEMPO DE ACREDITAR,143
mapa_1_resultados.xlsx,784,AL2021,040605,AF,PS,party,PS,,93
mapa_1_resultados.xlsx,784,AL2021,040605,AF,[A],coalition,PPD/PSD.CDS-PP,TEMPO DE ACREDITAR,58
mapa_1_resultados.xlsx,785,AL2021,040607,AF,PS,party,PS,,86
mapa_1_resultados.xlsx,785,AL2021,040607,AF,[A],coalition,PPD/PSD.CDS-PP,TEMPO DE ACREDITAR,199
mapa_1_resultados.xlsx,786,AL2021,040608,AF,PS,party,PS,,649
mapa_1_resultados.xlsx,786,AL2021,040608,AF,PCP-PEV,coalition,PCP-PEV,,20
mapa_1_resultados.xlsx,786,AL2021,040608,AF,[A],coalition,PPD/PSD.CDS-PP,TEMPO DE ACREDITAR,666
mapa_1_resultados.xlsx,787,AL2021,040609,AF,PS,party,PS,,191
mapa_1_resultados.xlsx,787,AL2021,040609,AF,[A],coalition,PPD/PSD.CDS-PP,TEMPO DE ACREDITAR,163
mapa_1_resultados.xlsx,788,AL2021,040611,AF,PS,party,PS,,64
mapa_1_resultados.xlsx,788,AL2021,040611,AF,[A],coalition,PPD/PSD.CDS-PP,TEMPO DE ACREDITAR,148
mapa_1_resultados.xlsx,789,AL2021,040612,AF,PS,party,PS,,89
mapa_1_resultados.xlsx,789,AL2021,040612,AF,[A],coalition,PPD/PSD.CDS-PP,TEMPO DE ACREDITAR,66
mapa_1_resultados.xlsx,790,AL2021,040613,AF,PS,party,PS,,150
mapa_1_resultados.xlsx,790,AL2021,040613,AF,[A],coalition,PPD/PSD.CDS-PP,TEMPO DE ACREDITAR,120
mapa_1_resultados.xlsx,791,AL2021,040616,AF,PS,party,PS,,120
mapa_1_resultados.xlsx,791,AL2021,040616,AF,[A],coalition,PPD/PSD.CDS-PP,TEMPO DE ACREDITAR,129
mapa_1_resultados.xlsx,792,AL2021,040618,AF,PS,party,PS,,91
mapa_1_resultados.xlsx,792,AL2021,040618,AF,[A],coalition,PPD/PSD.CDS-PP,TEMPO DE ACREDITAR,82
mapa_1_resultados.xlsx,793,AL2021,040619,AF,PS,party,PS,,118
mapa_1_resultados.xlsx,793,AL2021,040619,AF,[A],coalition,PPD/PSD.CDS-PP,TEMPO DE ACREDITAR,124
mapa_1_resultados.xlsx,794,AL2021,040620,AF,PS,party,PS,,421
mapa_1_resultados.xlsx,794,AL2021,040620,AF,[A],coalition,PPD/PSD.CDS-PP,TEMPO DE ACREDITAR,570
mapa_1_resultados.xlsx,795,AL2021,040621,AF,PS,party,PS,,116
mapa_1_resultados.xlsx,795,AL2021,040621,AF,[A],coalition,PPD/PSD.CDS-PP,TEMPO DE ACREDITAR,204
mapa_1_resultados.xlsx,796,AL2021,040700,CM,CDS-PP,party,CDS-PP,,1126
mapa_1_resultados.xlsx,796,AL2021,040700,CM,CH,party,CH,,341
mapa_1_resultados.xlsx,796,AL2021,040700,CM,PPD/PSD,party,PPD/PSD,,4636
mapa_1_resultados.xlsx,796,AL2021,040700,CM,PS,party,PS,,7381
mapa_1_resultados.xlsx,796,AL2021,040700,CM,PCP-PEV,coalition,PCP-PEV,,260
mapa_1_resultados.xlsx,797,AL2021,040700,AM,CDS-PP,party,CDS-PP,,1929
mapa_1_resultados.xlsx,797,AL2021,040700,AM,PPD/PSD,party,PPD/PSD,,4669
mapa_1_resultados.xlsx,797,AL2021,040700,AM,PS,party,PS,,6555
mapa_1_resultados.xlsx,797,AL2021,040700,AM,PCP-PEV,coalition,PCP-PEV,,528
mapa_1_resultados.xlsx,798,AL2021,040701,AF,CDS-PP,party,CDS-PP,,32
mapa_1_resultados.xlsx,798,AL2021,040701,AF,[D],citizen_group,MI-JPNF,Movimento Independente Juntos Pela Nossa Freguesia,193
mapa_1_resultados.xlsx,799,AL2021,040702,AF,PPD/PSD,party,PPD/PSD,,65
mapa_1_resultados.xlsx,799,AL2021,040702,AF,PS,party,PS,,93
mapa_1_resultados.xlsx,800,AL2021,040703,AF,PPD/PSD,party,PPD/PSD,,70
mapa_1_resultados.xlsx,800,AL2021,040703,AF,PS,party,PS,,154
mapa_1_resultados.xlsx,801,AL2021,040704,AF,CDS-PP,party,CDS-PP,,8
mapa_1_resultados.xlsx,801,AL2021,040704,AF,PPD/PSD,party,PPD/PSD,,62
mapa_1_resultados.xlsx,801,AL2021,040704,AF,PS,party,PS,,105
mapa_1_resultados.xlsx,802,AL2021,040708,AF,PPD/PSD,party,PPD/PSD,,65
mapa_1_resultados.xlsx,802,AL2021,040708,AF,PS,party,PS,,102
mapa_1_resultados.xlsx,803,AL2021,040709,AF,PS,party,PS,,164
mapa_1_resultados.xlsx,804,AL2021,040710,AF,PPD/PSD,party,PPD/PSD,,67
mapa_1_resultados.xlsx,804,AL2021,040710,AF,PS,party,PS,,77
mapa_1_resultados.xlsx,805,AL2021,040711,AF,CDS-PP,party,CDS-PP,,51
mapa_1_resultados.xlsx,805,AL2021,040711,AF,PPD/PSD,party,PPD/PSD,,510
mapa_1_resultados.xlsx,805,AL2021,040711,AF,PS,party,PS,,152
mapa_1_resultados.xlsx,805,AL2021,040711,AF,PCP-PEV,coalition,PCP-PEV,,17
mapa_1_resultados.xlsx,806,AL2021,040712,AF,CDS-PP,party,CDS-PP,,71
mapa_1_resultados.xlsx,806,AL2021,040712,AF,PPD/PSD,party,PPD/PSD,,40
mapa_1_resultados.xlsx,806,AL2021,040712,AF,PS,party,PS,,106
mapa_1_resultados.xlsx,807,AL2021,040713,AF,CDS-PP,party,CDS-PP,,55
mapa_1_resultados.xlsx,807,AL2021,040713,AF,PS,party,PS,,79
mapa_1_resultados.xlsx,808,AL2021,040714,AF,PPD/PSD,party,PPD/PSD,,72
mapa_1_resultados.xlsx,808,AL2021,040714,AF,PS,party,PS,,102
mapa_1_resultados.xlsx,809,AL2021,040716,AF,[D],citizen_group,MIPNP,Movimento Independente o Povo é o Nosso Partido,414
mapa_1_resultados.xlsx,810,AL2021,040718,AF,PPD/PSD,party,PPD/PSD,,130
mapa_1_resultados.xlsx,810,AL2021,040718,AF,PS,party,PS,,181
mapa_1_resultados.xlsx,811,AL2021,040720,AF,CDS-PP,party,CDS-PP,,102
mapa_1_resultados.xlsx,811,AL2021,040720,AF,PPD/PSD,party,PPD/PSD,,101
mapa_1_resultados.xlsx,811,AL2021,040720,AF,PS,party,PS,,136
mapa_1_resultados.xlsx,812,AL2021,040721,AF,CDS-PP,party,CDS-PP,,1100
mapa_1_resultados.xlsx,812,AL2021,040721,AF,CH,party,CH,,193
mapa_1_resultados.xlsx,812,AL2021,040721,AF,PPD/PSD,party,PPD/PSD,,2026
mapa_1_resultados.xlsx,812,AL2021,040721,AF,PS,party,PS,,2393
mapa_1_resultados.xlsx,812,AL2021,040721,AF,PCP-PEV,coalition,PCP-PEV,,194
mapa_1_resultados.xlsx,813,AL2021,040722,AF,PS,party,PS,,176
mapa_1_resultados.xlsx,814,AL2021,040724,AF,CDS-PP,party,CDS-PP,,118
mapa_1_resultados.xlsx,814,AL2021,040724,AF,[D],citizen_group,PMF,Passos Mais à Frente - Movimento Independente,159
mapa_1_resultados.xlsx,815,AL2021,040727,AF,PPD/PSD,party,PPD/PSD,,148
mapa_1_resultados.xlsx,815,AL2021,040727,AF,PS,party,PS,,86
mapa_1_resultados.xlsx,816,AL2021,040728,AF,PPD/PSD,party,PPD/PSD,,83
mapa_1_resultados.xlsx,816,AL2021,040728,AF,PS,party,PS,,77
mapa_1_resultados.xlsx,817,AL2021,040729,AF,CDS-PP,party,CDS-PP,,21
mapa_1_resultados.xlsx,817,AL2021,040729,AF,PPD/PSD,party,PPD/PSD,,201
mapa_1_resultados.xlsx,817,AL2021,040729,AF,PS,party,PS,,160
mapa_1_resultados.xlsx,818,AL2021,040730,AF,PPD/PSD,party,PPD/PSD,,217
mapa_1_resultados.xlsx,818,AL2021,040730,AF,PS,party,PS,,460
mapa_1_resultados.xlsx,819,AL2021,040731,AF,CDS-PP,party,CDS-PP,,40
mapa_1_resultados.xlsx,819,AL2021,040731,AF,PPD/PSD,party,PPD/PSD,,27
mapa_1_resultados.xlsx,819,AL2021,040731,AF,PS,party,PS,,82
mapa_1_resultados.xlsx,819,AL2021,040731,AF,[D],citizen_group,RVA,Renovar Vale de Asnes,20
mapa_1_resultados.xlsx,820,AL2021,040732,AF,CDS-PP,party,CDS-PP,,12
mapa_1_resultados.xlsx,820,AL2021,040732,AF,PPD/PSD,party,PPD/PSD,,88
mapa_1_resultados.xlsx,820,AL2021,040732,AF,PS,party,PS,,125
mapa_1_resultados.xlsx,821,AL2021,040733,AF,PPD/PSD,party,PPD/PSD,,61
mapa_1_resultados.xlsx,821,AL2021,040733,AF,PS,party,PS,,194
mapa_1_resultados.xlsx,821,AL2021,040733,AF,PCP-PEV,coalition,PCP-PEV,,3
mapa_1_resultados.xlsx,822,AL2021,040734,AF,PS,party,PS,,145
mapa_1_resultados.xlsx,823,AL2021,040738,AF,PPD/PSD,party,PPD/PSD,,204
mapa_1_resultados.xlsx,823,AL2021,040738,AF,PS,party,PS,,197
mapa_1_resultados.xlsx,824,AL2021,040739,AF,PPD/PSD,party,PPD/PSD,,201
mapa_1_resultados.xlsx,824,AL2021,040739,AF,PS,party,PS,,136
mapa_1_resultados.xlsx,825,AL2021,040740,AF,CDS-PP,party,CDS-PP,,77
mapa_1_resultados.xlsx,825,AL2021,040740,AF,[D],citizen_group,MJPP,Movimento Independente Juntos Pelo Povo,215
mapa_1_resultados.xlsx,826,AL2021,040741,AF,PPD/PSD,party,PPD/PSD,,97
mapa_1_resultados.xlsx,826,AL2021,040741,AF,PS,party,PS,,95
mapa_1_resultados.xlsx,827,AL2021,040742,AF,PPD/PSD,party,PPD/PSD,,48
mapa_1_resultados.xlsx,827,AL2021,040742,AF,PS,party,PS,,70
mapa_1_resultados.xlsx,828,AL2021,040800,CM,CDS-PP,party,CDS-PP,,47
mapa_1_resultados.xlsx,828,AL2021,040800,CM,PPD/PSD,party,PPD/PSD,,3365
mapa_1_resultados.xlsx,828,AL2021,040800,CM,PS,party,PS,,3204
mapa_1_resultados.xlsx,828,AL2021,040800,CM,PCP-PEV,coalition,PCP-PEV,,38
mapa_1_resultados.xlsx,829,AL2021,040800,AM,CDS-PP,party,CDS-PP,,61
mapa_1_resultados.xlsx,829,AL2021,040800,AM,PPD/PSD,party,PPD/PSD,,3336
mapa_1_resultados.xlsx,829,AL2021,040800,AM,PS,party,PS,,3159
mapa_1_resultados.xlsx,829,AL2021,040800,AM,PCP-PEV,coalition,PCP-PEV,,56
mapa_1_resultados.xlsx,830,AL2021,040801,AF,PPD/PSD,party,PPD/PSD,,146
mapa_1_resultados.xlsx,830,AL2021,040801,AF,PS,party,PS,,56
mapa_1_resultados.xlsx,831,AL2021,040802,AF,PPD/PSD,party,PPD/PSD,,211
mapa_1_resultados.xlsx,831,AL2021,040802,AF,PS,party,PS,,207
mapa_1_resultados.xlsx,832,AL2021,040803,AF,PPD/PSD,party,PPD/PSD,,81
mapa_1_resultados.xlsx,832,AL2021,040803,AF,PS,party,PS,,51
mapa_1_resultados.xlsx,833,AL2021,040804,AF,PPD/PSD,party,PPD/PSD,,134
mapa_1_resultados.xlsx,834,AL2021,040807,AF,PPD/PSD,party,PPD/PSD,,147
mapa_1_resultados.xlsx,834,AL2021,040807,AF,PS,party,PS,,191
mapa_1_resultados.xlsx,835,AL2021,040808,AF,PPD/PSD,party,PPD/PSD,,118
mapa_1_resultados.xlsx,835,AL2021,040808,AF,PS,party,PS,,157
mapa_1_resultados.xlsx,836,AL2021,040809,AF,PPD/PSD,party,PPD/PSD,,78
mapa_1_resultados.xlsx,836,AL2021,040809,AF,PS,party,PS,,138
mapa_1_resultados.xlsx,837,AL2021,040811,AF,PPD/PSD,party,PPD/PSD,,47
mapa_1_resultados.xlsx,837,AL2021,040811,AF,PS,party,PS,,94
mapa_1_resultados.xlsx,838,AL2021,040812,AF,PPD/PSD,party,PPD/PSD,,144
mapa_1_resultados.xlsx,838,AL2021,040812,AF,PS,party,PS,,113
mapa_1_resultados.xlsx,839,AL2021,040813,AF,PPD/PSD,party,PPD/PSD,,142
mapa_1_resultados.xlsx,839,AL2021,040813,AF,PS,party,PS,,48
mapa_1_resultados.xlsx,840,AL2021,040815,AF,PPD/PSD,party,PPD/PSD,,85
mapa_1_resultados.xlsx,841,AL2021,040817,AF,PPD/PSD,party,PPD/PSD,,115
mapa_1_resultados.xlsx,841,AL2021,040817,AF,PS,party,PS,,119
mapa_1_resultados.xlsx,842,AL2021,040819,AF,PPD/PSD,party,PPD/PSD,,94
mapa_1_resultados.xlsx,842,AL2021,040819,AF,PS,party,PS,,118
mapa_1_resultados.xlsx,843,AL2021,040820,AF,PPD/PSD,party,PPD/PSD,,56
mapa_1_resultados.xlsx,843,AL2021,040820,AF,PS,party,PS,,63
mapa_1_resultados.xlsx,844,AL2021,040821,AF,PPD/PSD,party,PPD/PSD,,133
mapa_1_resultados.xlsx,844,AL2021,040821,AF,PS,party,PS,,132
mapa_1_resultados.xlsx,846,AL2021,040826,AF,PPD/PSD,party,PPD/PSD,,132
mapa_1_resultados.xlsx,846,AL2021,040826,AF,PS,party,PS,,40
mapa_1_resultados.xlsx,847,AL2021,040829,AF,PPD/PSD,party,PPD/PSD,,111
mapa_1_resultados.xlsx,847,AL2021,040829,AF,PS,party,PS,,81
mapa_1_resultados.xlsx,848,AL2021,040830,AF,PPD/PSD,party,PPD/PSD,,935
mapa_1_resultados.xlsx,848,AL2021,040830,AF,PS,party,PS,,1343
mapa_1_resultados.xlsx,848,AL2021,040830,AF,PCP-PEV,coalition,PCP-PEV,,22
mapa_1_resultados.xlsx,849,AL2021,040831,AF,PPD/PSD,party,PPD/PSD,,196
mapa_1_resultados.xlsx,849,AL2021,040831,AF,PS,party,PS,,116
mapa_1_resultados.xlsx,850,AL2021,040832,AF,PPD/PSD,party,PPD/PSD,,136
mapa_1_resultados.xlsx,850,AL2021,040832,AF,PS,party,PS,,171
mapa_1_resultados.xlsx,851,AL2021,040900,CM,PS,party,PS,,2332
mapa_1_resultados.xlsx,851,AL2021,040900,CM,PCP-PEV,coalition,PCP-PEV,,62
mapa_1_resultados.xlsx,851,AL2021,040900,CM,[A],coalition,NC/A,MOVIMENTO DE MONCORVENSES,98
mapa_1_resultados.xlsx,851,AL2021,040900,CM,[B],coalition,PPD/PSD.CDS-PP,POR MONCORVO CONTINUAMOS,2884
mapa_1_resultados.xlsx,852,AL2021,040900,AM,PS,party,PS,,2316
mapa_1_resultados.xlsx,852,AL2021,040900,AM,PCP-PEV,coalition,PCP-PEV,,74
mapa_1_resultados.xlsx,852,AL2021,040900,AM,[A],coalition,NC/A,MOVIMENTO DE MONCORVENSES,128
mapa_1_resultados.xlsx,852,AL2021,040900,AM,[B],coalition,PPD/PSD.CDS-PP,POR MONCORVO CONTINUAMOS,2844
mapa_1_resultados.xlsx,853,AL2021,040901,AF,PS,party,PS,,137
mapa_1_resultados.xlsx,853,AL2021,040901,AF,[A],coalition,PPD/PSD.CDS-PP,POR MONCORVO CONTINUAMOS,165
mapa_1_resultados.xlsx,854,AL2021,040903,AF,PS,party,PS,,107
mapa_1_resultados.xlsx,854,AL2021,040903,AF,[A],coalition,PPD/PSD.CDS-PP,POR MONCORVO CONTINUAMOS,131
mapa_1_resultados.xlsx,855,AL2021,040905,AF,PS,party,PS,,223
mapa_1_resultados.xlsx,855,AL2021,040905,AF,[A],coalition,PPD/PSD.CDS-PP,POR MONCORVO CONTINUAMOS,281
mapa_1_resultados.xlsx,856,AL2021,040906,AF,PS,party,PS,,37
mapa_1_resultados.xlsx,856,AL2021,040906,AF,[A],coalition,PPD/PSD.CDS-PP,POR MONCORVO CONTINUAMOS,98
mapa_1_resultados.xlsx,857,AL2021,040909,AF,PS,party,PS,,49
mapa_1_resultados.xlsx,857,AL2021,040909,AF,[A],coalition,PPD/PSD.CDS-PP,POR MONCORVO CONTINUAMOS,136
mapa_1_resultados.xlsx,858,AL2021,040910,AF,PS,party,PS,,117
mapa_1_resultados.xlsx,858,AL2021,040910,AF,[A],coalition,PPD/PSD.CDS-PP,POR MONCORVO CONTINUAMOS,138
mapa_1_resultados.xlsx,859,AL2021,040911,AF,PS,party,PS,,93
mapa_1_resultados.xlsx,859,AL2021,040911,AF,[A],coalition,PPD/PSD.CDS-PP,POR MONCORVO CONTINUAMOS,143
mapa_1_resultados.xlsx,860,AL2021,040913,AF,PS,party,PS,,99
mapa_1_resultados.xlsx,860,AL2021,040913,AF,[A],coalition,PPD/PSD.CDS-PP,POR MONCORVO CONTINUAMOS,51
mapa_1_resultados.xlsx,861,AL2021,040916,AF,PS,party,PS,,675
mapa_1_resultados.xlsx,861,AL2021,040916,AF,PCP-PEV,coalition,PCP-PEV,,21
mapa_1_resultados.xlsx,861,AL2021,040916,AF,[A],coalition,NC/A,MOVIMENTO DE MONCORVENSES,67
mapa_1_resultados.xlsx,861,AL2021,040916,AF,[B],coalition,PPD/PSD.CDS-PP,POR MONCORVO CONTINUAMOS,956
mapa_1_resultados.xlsx,862,AL2021,040918,AF,PS,party,PS,,122
mapa_1_resultados.xlsx,862,AL2021,040918,AF,[A],coalition,PPD/PSD.CDS-PP,POR MONCORVO CONTINUAMOS,226
mapa_1_resultados.xlsx,863,AL2021,040919,AF,PS,party,PS,,276
mapa_1_resultados.xlsx,863,AL2021,040919,AF,[A],coalition,NC/A,MOVIMENTO DE MONCORVENSES,16
mapa_1_resultados.xlsx,863,AL2021,040919,AF,[B],coalition,PPD/PSD.CDS-PP,POR MONCORVO CONTINUAMOS,419
mapa_1_resultados.xlsx,864,AL2021,040920,AF,PS,party,PS,,121
mapa_1_resultados.xlsx,864,AL2021,040920,AF,[A],coalition,PPD/PSD.CDS-PP,POR MONCORVO CONTINUAMOS,167
mapa_1_resultados.xlsx,865,AL2021,040921,AF,PS,party,PS,,135
mapa_1_resultados.xlsx,865,AL2021,040921,AF,[A],coalition,NC/A,MOVIMENTO DE MONCORVENSES,7
mapa_1_resultados.xlsx,865,AL2021,040921,AF,[B],coalition,PPD/PSD.CDS-PP,POR MONCORVO CONTINUAMOS,176
mapa_1_resultados.xlsx,866,AL2021,041000,CM,B.E.,party,B.E.,,80
mapa_1_resultados.xlsx,866,AL2021,041000,CM,PS,party,PS,,1875
mapa_1_resultados.xlsx,866,AL2021,041000,CM,PCP-PEV,coalition,PCP-PEV,,38
mapa_1_resultados.xlsx,866,AL2021,041000,CM,[A],coalition,PPD/PSD.CDS-PP,ACREDITAR,2491
mapa_1_resultados.xlsx,867,AL2021,041000,AM,B.E.,party,B.E.,,194
mapa_1_resultados.xlsx,867,AL2021,041000,AM,PS,party,PS,,1819
mapa_1_resultados.xlsx,867,AL2021,041000,AM,PCP-PEV,coalition,PCP-PEV,,62
mapa_1_resultados.xlsx,867,AL2021,041000,AM,[A],coalition,PPD/PSD.CDS-PP,ACREDITAR,2399
mapa_1_resultados.xlsx,868,AL2021,041002,AF,PS,party,PS,,66
mapa_1_resultados.xlsx,868,AL2021,041002,AF,[A],coalition,PPD/PSD.CDS-PP,ACREDITAR,85
mapa_1_resultados.xlsx,869,AL2021,041005,AF,PS,party,PS,,175
mapa_1_resultados.xlsx,869,AL2021,041005,AF,[A],coalition,PPD/PSD.CDS-PP,ACREDITAR,252
mapa_1_resultados.xlsx,870,AL2021,041009,AF,[D],citizen_group,U.P.P.,Unidos Pelo Povo,85
mapa_1_resultados.xlsx,871,AL2021,041010,AF,PS,party,PS,,135
mapa_1_resultados.xlsx,871,AL2021,041010,AF,[A],coalition,PPD/PSD.CDS-PP,ACREDITAR,104
mapa_1_resultados.xlsx,872,AL2021,041011,AF,PS,party,PS,,68
mapa_1_resultados.xlsx,872,AL2021,041011,AF,[A],coalition,PPD/PSD.CDS-PP,ACREDITAR,45
mapa_1_resultados.xlsx,873,AL2021,041012,AF,PS,party,PS,,158
mapa_1_resultados.xlsx,873,AL2021,041012,AF,[A],coalition,PPD/PSD.CDS-PP,ACREDITAR,102
mapa_1_resultados.xlsx,874,AL2021,041013,AF,PS,party,PS,,264
mapa_1_resultados.xlsx,875,AL2021,041014,AF,PS,party,PS,,49
mapa_1_resultados.xlsx,875,AL2021,041014,AF,[A],coalition,PPD/PSD.CDS-PP,ACREDITAR,51
mapa_1_resultados.xlsx,876,AL2021,041015,AF,PS,party,PS,,69
mapa_1_resultados.xlsx,876,AL2021,041015,AF,[A],coalition,PPD/PSD.CDS-PP,ACREDITAR,82
mapa_1_resultados.xlsx,877,AL2021,041020,AF,PS,party,PS,,79
mapa_1_resultados.xlsx,877,AL2021,041020,AF,[A],coalition,PPD/PSD.CDS-PP,ACREDITAR,82
mapa_1_resultados.xlsx,878,AL2021,041021,AF,PS,party,PS,,140
mapa_1_resultados.xlsx,878,AL2021,041021,AF,[A],coalition,PPD/PSD.CDS-PP,ACREDITAR,73
mapa_1_resultados.xlsx,879,AL2021,041022,AF,PS,party,PS,,123
mapa_1_resultados.xlsx,879,AL2021,041022,AF,[A],coalition,PPD/PSD.CDS-PP,ACREDITAR,133
mapa_1_resultados.xlsx,880,AL2021,041023,AF,PS,party,PS,,611
mapa_1_resultados.xlsx,880,AL2021,041023,AF,[A],coalition,PPD/PSD.CDS-PP,ACREDITAR,880
mapa_1_resultados.xlsx,881,AL2021,041024,AF,PS,party,PS,,102
mapa_1_resultados.xlsx,881,AL2021,041024,AF,[A],coalition,PPD/PSD.CDS-PP,ACREDITAR,199
mapa_1_resultados.xlsx,881,AL2021,041024,AF,[D],citizen_group,UNIDOS,UNIDOS,174
mapa_1_resultados.xlsx,882,AL2021,041100,CM,PPD/PSD,party,PPD/PSD,,2020
mapa_1_resultados.xlsx,882,AL2021,041100,CM,PS,party,PS,,902
mapa_1_resultados.xlsx,882,AL2021,041100,CM,PCP-PEV,coalition,PCP-PEV,,44
mapa_1_resultados.xlsx,883,AL2021,041100,AM,PPD/PSD,party,PPD/PSD,,1979
mapa_1_resultados.xlsx,883,AL2021,041100,AM,PS,party,PS,,926
mapa_1_resultados.xlsx,883,AL2021,041100,AM,PCP-PEV,coalition,PCP-PEV,,56
mapa_1_resultados.xlsx,884,AL2021,041103,AF,PPD/PSD,party,PPD/PSD,,261
mapa_1_resultados.xlsx,884,AL2021,041103,AF,PS,party,PS,,184
mapa_1_resultados.xlsx,885,AL2021,041107,AF,PPD/PSD,party,PPD/PSD,,177
mapa_1_resultados.xlsx,885,AL2021,041107,AF,PS,party,PS,,79
mapa_1_resultados.xlsx,886,AL2021,041108,AF,PPD/PSD,party,PPD/PSD,,106
mapa_1_resultados.xlsx,886,AL2021,041108,AF,PS,party,PS,,62
mapa_1_resultados.xlsx,887,AL2021,041109,AF,PPD/PSD,party,PPD/PSD,,107
mapa_1_resultados.xlsx,888,AL2021,041110,AF,PPD/PSD,party,PPD/PSD,,190
mapa_1_resultados.xlsx,888,AL2021,041110,AF,PS,party,PS,,84
mapa_1_resultados.xlsx,889,AL2021,041113,AF,PPD/PSD,party,PPD/PSD,,98
mapa_1_resultados.xlsx,890,AL2021,041114,AF,PPD/PSD,party,PPD/PSD,,385
mapa_1_resultados.xlsx,890,AL2021,041114,AF,[D],citizen_group,UPV,UNIDOS POR VIMIOSO,399
mapa_1_resultados.xlsx,891,AL2021,041115,AF,PPD/PSD,party,PPD/PSD,,372
mapa_1_resultados.xlsx,892,AL2021,041116,AF,PPD/PSD,party,PPD/PSD,,175
mapa_1_resultados.xlsx,893,AL2021,041117,AF,PPD/PSD,party,PPD/PSD,,151
mapa_1_resultados.xlsx,893,AL2021,041117,AF,PS,party,PS,,52
mapa_1_resultados.xlsx,894,AL2021,041200,CM,CH,party,CH,,102
mapa_1_resultados.xlsx,894,AL2021,041200,CM,PS,party,PS,,3423
mapa_1_resultados.xlsx,894,AL2021,041200,CM,PCP-PEV,coalition,PCP-PEV,,37
mapa_1_resultados.xlsx,894,AL2021,041200,CM,[A],coalition,PPD/PSD.CDS-PP,VOLTAR A ACREDITAR,3011
mapa_1_resultados.xlsx,895,AL2021,041200,AM,CH,party,CH,,158
mapa_1_resultados.xlsx,895,AL2021,041200,AM,PS,party,PS,,3399
mapa_1_resultados.xlsx,895,AL2021,041200,AM,PCP-PEV,coalition,PCP-PEV,,43
mapa_1_resultados.xlsx,895,AL2021,041200,AM,[A],coalition,PPD/PSD.CDS-PP,VOLTAR A ACREDITAR,2896
mapa_1_resultados.xlsx,896,AL2021,041201,AF,[D],citizen_group,JAA,Juntos por Agrochão,119
mapa_1_resultados.xlsx,897,AL2021,041203,AF,PS,party,PS,,131
mapa_1_resultados.xlsx,897,AL2021,041203,AF,[D],citizen_group,GCPC,Grupo de Cidadãos Progresso e Cidadania,81
mapa_1_resultados.xlsx,898,AL2021,041204,AF,PS,party,PS,,111
mapa_1_resultados.xlsx,899,AL2021,041206,AF,PS,party,PS,,100
mapa_1_resultados.xlsx,900,AL2021,041207,AF,PS,party,PS,,95
mapa_1_resultados.xlsx,900,AL2021,041207,AF,[A],coalition,PPD/PSD.CDS-PP,VOLTAR A ACREDITAR,33
mapa_1_resultados.xlsx,901,AL2021,041208,AF,PS,party,PS,,233
mapa_1_resultados.xlsx,902,AL2021,041215,AF,PS,party,PS,,60
mapa_1_resultados.xlsx,902,AL2021,041215,AF,[A],coalition,PPD/PSD.CDS-PP,VOLTAR A ACREDITAR,103
mapa_1_resultados.xlsx,903,AL2021,041216,AF,[D],citizen_group,CT,Continuar a Trabalhar,123
mapa_1_resultados.xlsx,904,AL2021,041219,AF,PS,party,PS,,357
mapa_1_resultados.xlsx,905,AL2021,041221,AF,PS,party,PS,,107
mapa_1_resultados.xlsx,905,AL2021,041221,AF,[A],coalition,PPD/PSD.CDS-PP,VOLTAR A ACREDITAR,78
mapa_1_resultados.xlsx,906,AL2021,041226,AF,PS,party,PS,,79
mapa_1_resultados.xlsx,906,AL2021,041226,AF,[A],coalition,PPD/PSD.CDS-PP,VOLTAR A ACREDITAR,181
mapa_1_resultados.xlsx,907,AL2021,041227,AF,PS,party,PS,,174
mapa_1_resultados.xlsx,907,AL2021,041227,AF,[A],coalition,PPD/PSD.CDS-PP,VOLTAR A ACREDITAR,117
mapa_1_resultados.xlsx,908,AL2021,041229,AF,PS,party,PS,,93
mapa_1_resultados.xlsx,908,AL2021,041229,AF,[A],coalition,PPD/PSD.CDS-PP,VOLTAR A ACREDITAR,56
mapa_1_resultados.xlsx,909,AL2021,041230,AF,PS,party,PS,,117
mapa_1_resultados.xlsx,910,AL2021,041232,AF,PS,party,PS,,116
mapa_1_resultados.xlsx,910,AL2021,041232,AF,[A],coalition,PPD/PSD.CDS-PP,VOLTAR A ACREDITAR,68
mapa_1_resultados.xlsx,911,AL2021,041233,AF,PS,party,PS,,91
mapa_1_resultados.xlsx,912,AL2021,041234,AF,PS,party,PS,,149
mapa_1_resultados.xlsx,913,AL2021,041235,AF,CH,party,CH,,61
mapa_1_resultados.xlsx,913,AL2021,041235,AF,PS,party,PS,,717
mapa_1_resultados.xlsx,913,AL2021,041235,AF,PCP-PEV,coalition,PCP-PEV,,9
mapa_1_resultados.xlsx,913,AL2021,041235,AF,[A],coalition,PPD/PSD.CDS-PP,VOLTAR A ACREDITAR,699
mapa_1_resultados.xlsx,914,AL2021,041236,AF,PS,party,PS,,138
mapa_1_resultados.xlsx,914,AL2021,041236,AF,[A],coalition,PPD/PSD.CDS-PP,VOLTAR A ACREDITAR,77
mapa_1_resultados.xlsx,915,AL2021,041237,AF,PS,party,PS,,100
mapa_1_resultados.xlsx,915,AL2021,041237,AF,[A],coalition,PPD/PSD.CDS-PP,VOLTAR A ACREDITAR,86
mapa_1_resultados.xlsx,916,AL2021,041238,AF,[A],coalition,PPD/PSD.CDS-PP,VOLTAR A ACREDITAR,59
mapa_1_resultados.xlsx,916,AL2021,041238,AF,[D],citizen_group,MSP,Movimento sempre presente,120
mapa_1_resultados.xlsx,917,AL2021,041239,AF,PS,party,PS,,146
mapa_1_resultados.xlsx,917,AL2021,041239,AF,[A],coalition,PPD/PSD.CDS-PP,VOLTAR A ACREDITAR,51
mapa_1_resultados.xlsx,918,AL2021,041240,AF,PS,party,PS,,231
mapa_1_resultados.xlsx,918,AL2021,041240,AF,[A],coalition,PPD/PSD.CDS-PP,VOLTAR A ACREDITAR,130
mapa_1_resultados.xlsx,919,AL2021,041241,AF,PS,party,PS,,91
mapa_1_resultados.xlsx,919,AL2021,041241,AF,[A],coalition,PPD/PSD.CDS-PP,VOLTAR A ACREDITAR,95
mapa_1_resultados.xlsx,920,AL2021,041242,AF,PS,party,PS,,101
mapa_1_resultados.xlsx,920,AL2021,041242,AF,[A],coalition,PPD/PSD.CDS-PP,VOLTAR A ACREDITAR,83
mapa_1_resultados.xlsx,921,AL2021,041243,AF,PS,party,PS,,97
mapa_1_resultados.xlsx,921,AL2021,041243,AF,[A],coalition,PPD/PSD.CDS-PP,VOLTAR A ACREDITAR,121
mapa_1_resultados.xlsx,923,AL2021,050100,CM,PPD/PSD,party,PPD/PSD,,1410
mapa_1_resultados.xlsx,923,AL2021,050100,CM,PS,party,PS,,1514
mapa_1_resultados.xlsx,923,AL2021,050100,CM,PCP-PEV,coalition,PCP-PEV,,526
mapa_1_resultados.xlsx,924,AL2021,050100,AM,PPD/PSD,party,PPD/PSD,,1573
mapa_1_resultados.xlsx,924,AL2021,050100,AM,PS,party,PS,,1450
mapa_1_resultados.xlsx,924,AL2021,050100,AM,PCP-PEV,coalition,PCP-PEV,,414
mapa_1_resultados.xlsx,925,AL2021,050102,AF,PPD/PSD,party,PPD/PSD,,584
mapa_1_resultados.xlsx,925,AL2021,050102,AF,PS,party,PS,,308
mapa_1_resultados.xlsx,925,AL2021,050102,AF,PCP-PEV,coalition,PCP-PEV,,48
mapa_1_resultados.xlsx,926,AL2021,050104,AF,PPD/PSD,party,PPD/PSD,,156
mapa_1_resultados.xlsx,926,AL2021,050104,AF,PS,party,PS,,262
mapa_1_resultados.xlsx,926,AL2021,050104,AF,PCP-PEV,coalition,PCP-PEV,,11
mapa_1_resultados.xlsx,927,AL2021,050105,AF,PPD/PSD,party,PPD/PSD,,12
mapa_1_resultados.xlsx,927,AL2021,050105,AF,PS,party,PS,,107
mapa_1_resultados.xlsx,927,AL2021,050105,AF,PCP-PEV,coalition,PCP-PEV,,61
mapa_1_resultados.xlsx,928,AL2021,050106,AF,PPD/PSD,party,PPD/PSD,,824
mapa_1_resultados.xlsx,928,AL2021,050106,AF,PS,party,PS,,986
mapa_1_resultados.xlsx,928,AL2021,050106,AF,PCP-PEV,coalition,PCP-PEV,,129
mapa_1_resultados.xlsx,929,AL2021,050200,CM,B.E.,party,B.E.,,455
mapa_1_resultados.xlsx,929,AL2021,050200,CM,CH,party,CH,,1970
mapa_1_resultados.xlsx,929,AL2021,050200,CM,MPT,party,MPT,,1605
mapa_1_resultados.xlsx,929,AL2021,050200,CM,PS,party,PS,,9801
mapa_1_resultados.xlsx,929,AL2021,050200,CM,PCP-PEV,coalition,PCP-PEV,,595
mapa_1_resultados.xlsx,929,AL2021,050200,CM,[A],coalition,PPD/PSD.CDS-PP.PPM,PSD/CDS/PPM,3132
mapa_1_resultados.xlsx,929,AL2021,050200,CM,[D],citizen_group,S-MI,SEMPRE-Movimento Independente,8620
mapa_1_resultados.xlsx,930,AL2021,050200,AM,B.E.,party,B.E.,,630
mapa_1_resultados.xlsx,930,AL2021,050200,AM,CH,party,CH,,2265
mapa_1_resultados.xlsx,930,AL2021,050200,AM,MPT,party,MPT,,1651
mapa_1_resultados.xlsx,930,AL2021,050200,AM,PS,party,PS,,9383
mapa_1_resultados.xlsx,930,AL2021,050200,AM,PCP-PEV,coalition,PCP-PEV,,775
mapa_1_resultados.xlsx,930,AL2021,050200,AM,[A],coalition,PPD/PSD.CDS-PP.PPM,PSD/CDS/PPM,3342
mapa_1_resultados.xlsx,930,AL2021,050200,AM,[D],citizen_group,S-MI,SEMPRE-Movimento Independente,8044
mapa_1_resultados.xlsx,931,AL2021,050201,AF,CH,party,CH,,114
mapa_1_resultados.xlsx,931,AL2021,050201,AF,PS,party,PS,,918
mapa_1_resultados.xlsx,931,AL2021,050201,AF,PCP-PEV,coalition,PCP-PEV,,84
mapa_1_resultados.xlsx,931,AL2021,050201,AF,[A],coalition,PPD/PSD.CDS-PP.PPM,PSD/CDS/PPM,264
mapa_1_resultados.xlsx,931,AL2021,050201,AF,[D],citizen_group,S-MI,SEMPRE-Movimento Independente,696
mapa_1_resultados.xlsx,932,AL2021,050202,AF,PS,party,PS,,224
mapa_1_resultados.xlsx,932,AL2021,050202,AF,PCP-PEV,coalition,PCP-PEV,,9
mapa_1_resultados.xlsx,932,AL2021,050202,AF,[A],coalition,PPD/PSD.CDS-PP.PPM,PSD/CDS/PPM,48
mapa_1_resultados.xlsx,933,AL2021,050203,AF,PS,party,PS,,193
mapa_1_resultados.xlsx,933,AL2021,050203,AF,[D],citizen_group,S-MI,SEMPRE-Movimento Independente,177
mapa_1_resultados.xlsx,934,AL2021,050205,AF,B.E.,party,B.E.,,391
mapa_1_resultados.xlsx,934,AL2021,050205,AF,CH,party,CH,,1622
mapa_1_resultados.xlsx,934,AL2021,050205,AF,MPT,party,MPT,,1209
mapa_1_resultados.xlsx,934,AL2021,050205,AF,PS,party,PS,,5427
mapa_1_resultados.xlsx,934,AL2021,050205,AF,PCP-PEV,coalition,PCP-PEV,,473
mapa_1_resultados.xlsx,934,AL2021,050205,AF,[A],coalition,PPD/PSD.CDS-PP.PPM,PSD/CDS/PPM,2458
mapa_1_resultados.xlsx,934,AL2021,050205,AF,[D],citizen_group,S-MI,SEMPRE-Movimento Independente,4093
mapa_1_resultados.xlsx,935,AL2021,050211,AF,PS,party,PS,,267
mapa_1_resultados.xlsx,935,AL2021,050211,AF,PCP-PEV,coalition,PCP-PEV,,80
mapa_1_resultados.xlsx,935,AL2021,050211,AF,[D],citizen_group,S-MI,SEMPRE-Movimento Independente,144
mapa_1_resultados.xlsx,936,AL2021,050212,AF,PS,party,PS,,90
mapa_1_resultados.xlsx,936,AL2021,050212,AF,[D],citizen_group,S-MI,SEMPRE-Movimento Independente,241
mapa_1_resultados.xlsx,937,AL2021,050214,AF,PS,party,PS,,112
mapa_1_resultados.xlsx,937,AL2021,050214,AF,PCP-PEV,coalition,PCP-PEV,,45
mapa_1_resultados.xlsx,937,AL2021,050214,AF,[D],citizen_group,S-MI,SEMPRE-Movimento Independente,74
mapa_1_resultados.xlsx,938,AL2021,050216,AF,PS,party,PS,,64
mapa_1_resultados.xlsx,938,AL2021,050216,AF,[A],coalition,PPD/PSD.CDS-PP.PPM,PSD/CDS/PPM,83
mapa_1_resultados.xlsx,938,AL2021,050216,AF,[D],citizen_group,S-MI,SEMPRE-Movimento Independente,57
mapa_1_resultados.xlsx,939,AL2021,050220,AF,MPT,party,MPT,,79
mapa_1_resultados.xlsx,939,AL2021,050220,AF,PS,party,PS,,170
mapa_1_resultados.xlsx,939,AL2021,050220,AF,PCP-PEV,coalition,PCP-PEV,,6
mapa_1_resultados.xlsx,939,AL2021,050220,AF,[A],coalition,PPD/PSD.CDS-PP.PPM,PSD/CDS/PPM,36
mapa_1_resultados.xlsx,939,AL2021,050220,AF,[D],citizen_group,S-MI,SEMPRE-Movimento Independente,144
mapa_1_resultados.xlsx,940,AL2021,050221,AF,PS,party,PS,,96
mapa_1_resultados.xlsx,940,AL2021,050221,AF,[A],coalition,PPD/PSD.CDS-PP.PPM,PSD/CDS/PPM,69
mapa_1_resultados.xlsx,940,AL2021,050221,AF,[D],citizen_group,S-MI,SEMPRE-Movimento Independente,224
mapa_1_resultados.xlsx,941,AL2021,050222,AF,MPT,party,MPT,,101
mapa_1_resultados.xlsx,941,AL2021,050222,AF,PS,party,PS,,219
mapa_1_resultados.xlsx,941,AL2021,050222,AF,[D],citizen_group,S-MI,SEMPRE-Movimento Independente,329
mapa_1_resultados.xlsx,942,AL2021,050223,AF,MPT,party,MPT,,66
mapa_1_resultados.xlsx,942,AL2021,050223,AF,PS,party,PS,,486
mapa_1_resultados.xlsx,942,AL2021,050223,AF,[A],coalition,PPD/PSD.CDS-PP.PPM,PSD/CDS/PPM,78
mapa_1_resultados.xlsx,943,AL2021,050225,AF,PS,party,PS,,124
mapa_1_resultados.xlsx,943,AL2021,050225,AF,[D],citizen_group,S-MI,SEMPRE-Movimento Independente,236
mapa_1_resultados.xlsx,944,AL2021,050226,AF,PS,party,PS,,488
mapa_1_resultados.xlsx,944,AL2021,050226,AF,PCP-PEV,coalition,PCP-PEV,,39
mapa_1_resultados.xlsx,944,AL2021,050226,AF,[A],coalition,PPD/PSD.CDS-PP.PPM,PSD/CDS/PPM,44
mapa_1_resultados.xlsx,944,AL2021,050226,AF,[D],citizen_group,S-MI,SEMPRE-Movimento Independente,541
mapa_1_resultados.xlsx,945,AL2021,050227,AF,PS,party,PS,,278
mapa_1_resultados.xlsx,945,AL2021,050227,AF,PCP-PEV,coalition,PCP-PEV,,14
mapa_1_resultados.xlsx,945,AL2021,050227,AF,[A],coalition,PPD/PSD.CDS-PP.PPM,PSD/CDS/PPM,64
mapa_1_resultados.xlsx,945,AL2021,050227,AF,[D],citizen_group,S-MI,SEMPRE-Movimento Independente,269
mapa_1_resultados.xlsx,946,AL2021,050228,AF,PS,party,PS,,370
mapa_1_resultados.xlsx,946,AL2021,050228,AF,PCP-PEV,coalition,PCP-PEV,,8
mapa_1_resultados.xlsx,946,AL2021,050228,AF,[A],coalition,PPD/PSD.CDS-PP.PPM,PSD/CDS/PPM,32
mapa_1_resultados.xlsx,946,AL2021,050228,AF,[D],citizen_group,S-MI,SEMPRE-Movimento Independente,403
mapa_1_resultados.xlsx,947,AL2021,050229,AF,PS,party,PS,,190
mapa_1_resultados.xlsx,947,AL2021,050229,AF,[D],citizen_group,S-MI,SEMPRE-Movimento Independente,255
mapa_1_resultados.xlsx,948,AL2021,050230,AF,MPT,party,MPT,,61
mapa_1_resultados.xlsx,948,AL2021,050230,AF,PS,party,PS,,100
mapa_1_resultados.xlsx,948,AL2021,050230,AF,[D],citizen_group,S-MI,SEMPRE-Movimento Independente,298
mapa_1_resultados.xlsx,949,AL2021,050231,AF,PS,party,PS,,245
mapa_1_resultados.xlsx,949,AL2021,050231,AF,[A],coalition,PPD/PSD.CDS-PP.PPM,PSD/CDS/PPM,42
mapa_1_resultados.xlsx,949,AL2021,050231,AF,[D],citizen_group,S-MI,SEMPRE-Movimento Independente,226
mapa_1_resultados.xlsx,950,AL2021,050300,CM,CH,party,CH,,445
mapa_1_resultados.xlsx,950,AL2021,050300,CM,PS,party,PS,,11889
mapa_1_resultados.xlsx,950,AL2021,050300,CM,PCP-PEV,coalition,PCP-PEV,,2515
mapa_1_resultados.xlsx,950,AL2021,050300,CM,[A],coalition,CDS-PP.PPD/PSD.IL,COVILHÃ - JUNTOS FAZEMOS MELHOR,7828
mapa_1_resultados.xlsx,950,AL2021,050300,CM,[B],coalition,MPT/PPM/A,COVILHÃ TEM FORÇA,1646
mapa_1_resultados.xlsx,951,AL2021,050300,AM,PS,party,PS,,11291
mapa_1_resultados.xlsx,951,AL2021,050300,AM,PCP-PEV,coalition,PCP-PEV,,2955
mapa_1_resultados.xlsx,951,AL2021,050300,AM,[A],coalition,CDS-PP.PPD/PSD.IL,COVILHÃ - JUNTOS FAZEMOS MELHOR,8434
mapa_1_resultados.xlsx,951,AL2021,050300,AM,[B],coalition,MPT/PPM/A,COVILHÃ TEM FORÇA,1587
mapa_1_resultados.xlsx,952,AL2021,050302,AF,[D],citizen_group,SPJPNT,Sempre Presente - Juntos Pela Nossa Terra,217
mapa_1_resultados.xlsx,953,AL2021,050305,AF,PS,party,PS,,391
mapa_1_resultados.xlsx,953,AL2021,050305,AF,PCP-PEV,coalition,PCP-PEV,,700
mapa_1_resultados.xlsx,953,AL2021,050305,AF,[A],coalition,CDS-PP.PPD/PSD.IL,"BOIDOBRA, JUNTOS FAZEMOS MELHOR",427
mapa_1_resultados.xlsx,953,AL2021,050305,AF,[B],coalition,MPT/PPM/A,COVILHÃ TEM FORÇA,65
mapa_1_resultados.xlsx,954,AL2021,050308,AF,PS,party,PS,,351
mapa_1_resultados.xlsx,955,AL2021,050309,AF,PCP-PEV,coalition,PCP-PEV,,12
mapa_1_resultados.xlsx,955,AL2021,050309,AF,[A],coalition,CDS-PP.PPD/PSD.IL,DOMINGUIZO JUNTOS FAZEMOS MELHOR,270
mapa_1_resultados.xlsx,955,AL2021,050309,AF,[D],citizen_group,SD,Sempre Dominguizo,348
mapa_1_resultados.xlsx,956,AL2021,050310,AF,PS,party,PS,,305
mapa_1_resultados.xlsx,957,AL2021,050311,AF,PS,party,PS,,334
mapa_1_resultados.xlsx,957,AL2021,050311,AF,PCP-PEV,coalition,PCP-PEV,,30
mapa_1_resultados.xlsx,957,AL2021,050311,AF,[D],citizen_group,TPF,Todos pelo Ferro,488
mapa_1_resultados.xlsx,958,AL2021,050312,AF,[D],citizen_group,UPO,Unidos Por Orjais,350
mapa_1_resultados.xlsx,959,AL2021,050314,AF,PS,party,PS,,401
mapa_1_resultados.xlsx,959,AL2021,050314,AF,PCP-PEV,coalition,PCP-PEV,,223
mapa_1_resultados.xlsx,959,AL2021,050314,AF,[A],coalition,CDS-PP.PPD/PSD.IL,"PAUL, JUNTOS FAZEMOS MELHOR",213
mapa_1_resultados.xlsx,960,AL2021,050315,AF,PS,party,PS,,214
mapa_1_resultados.xlsx,960,AL2021,050315,AF,[A],coalition,CDS-PP.PPD/PSD.IL,"PERABOA, JUNTOS FAZEMOS MELHOR",321
mapa_1_resultados.xlsx,961,AL2021,050318,AF,PS,party,PS,,252
mapa_1_resultados.xlsx,961,AL2021,050318,AF,[A],coalition,CDS-PP.PPD/PSD.IL,"SÃO JORGE DA BEIRA, JUNTOS FAZEMOS MELHOR",133
mapa_1_resultados.xlsx,962,AL2021,050322,AF,[D],citizen_group,MAS.,Acreditar Mais Sobral,126
mapa_1_resultados.xlsx,963,AL2021,050324,AF,PS,party,PS,,1030
mapa_1_resultados.xlsx,963,AL2021,050324,AF,PCP-PEV,coalition,PCP-PEV,,692
mapa_1_resultados.xlsx,963,AL2021,050324,AF,[D],citizen_group,USMF,Tortosendo - Unidos Somos Mais Fortes,1075
mapa_1_resultados.xlsx,964,AL2021,050325,AF,PS,party,PS,,291
mapa_1_resultados.xlsx,964,AL2021,050325,AF,PCP-PEV,coalition,PCP-PEV,,191
mapa_1_resultados.xlsx,964,AL2021,050325,AF,[A],coalition,CDS-PP.PPD/PSD.IL,"UNHAIS DA SERRA, JUNTOS FAZEMOS MELHOR",110
mapa_1_resultados.xlsx,964,AL2021,050325,AF,[B],coalition,MPT/PPM/A,COVILHÃ TEM FORÇA,116
mapa_1_resultados.xlsx,965,AL2021,050327,AF,PS,party,PS,,212
mapa_1_resultados.xlsx,965,AL2021,050327,AF,[A],coalition,CDS-PP.PPD/PSD.IL,"VERDELHOS, JUNTOS FAZEMOS MELHOR",144
mapa_1_resultados.xlsx,966,AL2021,050332,AF,PS,party,PS,,187
mapa_1_resultados.xlsx,966,AL2021,050332,AF,PCP-PEV,coalition,PCP-PEV,,27
mapa_1_resultados.xlsx,966,AL2021,050332,AF,[D],citizen_group,NR,NOVO RUMO,312
mapa_1_resultados.xlsx,967,AL2021,050333,AF,CH,party,CH,,45
mapa_1_resultados.xlsx,967,AL2021,050333,AF,PS,party,PS,,836
mapa_1_resultados.xlsx,967,AL2021,050333,AF,PCP-PEV,coalition,PCP-PEV,,538
mapa_1_resultados.xlsx,968,AL2021,050334,AF,PS,party,PS,,230
mapa_1_resultados.xlsx,969,AL2021,050335,AF,PS,party,PS,,3685
mapa_1_resultados.xlsx,969,AL2021,050335,AF,PCP-PEV,coalition,PCP-PEV,,1055
mapa_1_resultados.xlsx,969,AL2021,050335,AF,[A],coalition,CDS-PP.PPD/PSD.IL,"COVILHÃ E CANHOSO, JUNTOS FAZEMOS MELHOR",3414
mapa_1_resultados.xlsx,970,AL2021,050336,AF,PCP-PEV,coalition,PCP-PEV,,116
mapa_1_resultados.xlsx,970,AL2021,050336,AF,[D],citizen_group,UPPVR,Unidos Pelo Peso e Vales do Rio,564
mapa_1_resultados.xlsx,971,AL2021,050337,AF,PS,party,PS,,1034
mapa_1_resultados.xlsx,971,AL2021,050337,AF,PCP-PEV,coalition,PCP-PEV,,211
mapa_1_resultados.xlsx,971,AL2021,050337,AF,[D],citizen_group,TEM,Teixoso em Mudança,982
mapa_1_resultados.xlsx,972,AL2021,050338,AF,PS,party,PS,,272
mapa_1_resultados.xlsx,972,AL2021,050338,AF,PCP-PEV,coalition,PCP-PEV,,27
mapa_1_resultados.xlsx,972,AL2021,050338,AF,[A],coalition,MPT/PPM/A,COVILHÃ TEM FORÇA,112
mapa_1_resultados.xlsx,973,AL2021,050400,CM,CH,party,CH,,625
mapa_1_resultados.xlsx,973,AL2021,050400,CM,PPD/PSD,party,PPD/PSD,,8181
mapa_1_resultados.xlsx,973,AL2021,050400,CM,PS,party,PS,,3997
mapa_1_resultados.xlsx,973,AL2021,050400,CM,PCP-PEV,coalition,PCP-PEV,,800
mapa_1_resultados.xlsx,974,AL2021,050400,AM,B.E.,party,B.E.,,1159
mapa_1_resultados.xlsx,974,AL2021,050400,AM,PPD/PSD,party,PPD/PSD,,6719
mapa_1_resultados.xlsx,974,AL2021,050400,AM,PS,party,PS,,4519
mapa_1_resultados.xlsx,974,AL2021,050400,AM,PCP-PEV,coalition,PCP-PEV,,994
mapa_1_resultados.xlsx,975,AL2021,050401,AF,PS,party,PS,,90
mapa_1_resultados.xlsx,975,AL2021,050401,AF,[D],citizen_group,MIPA,Movimento Independente pelo Alcaide,244
mapa_1_resultados.xlsx,976,AL2021,050402,AF,PS,party,PS,,163
mapa_1_resultados.xlsx,976,AL2021,050402,AF,[D],citizen_group,UPA,Unidos por Alcaria,436
mapa_1_resultados.xlsx,977,AL2021,050403,AF,PPD/PSD,party,PPD/PSD,,107
mapa_1_resultados.xlsx,977,AL2021,050403,AF,PS,party,PS,,46
mapa_1_resultados.xlsx,977,AL2021,050403,AF,[D],citizen_group,UPA,Unidos por Alcongosta,176
mapa_1_resultados.xlsx,978,AL2021,050406,AF,PPD/PSD,party,PPD/PSD,,218
mapa_1_resultados.xlsx,978,AL2021,050406,AF,PS,party,PS,,243
mapa_1_resultados.xlsx,978,AL2021,050406,AF,[D],citizen_group,UPA,Unidos por Alpedrinha,70
mapa_1_resultados.xlsx,979,AL2021,050408,AF,PPD/PSD,party,PPD/PSD,,153
mapa_1_resultados.xlsx,979,AL2021,050408,AF,PS,party,PS,,120
mapa_1_resultados.xlsx,980,AL2021,050410,AF,PPD/PSD,party,PPD/PSD,,138
mapa_1_resultados.xlsx,981,AL2021,050411,AF,[D],citizen_group,CPT,Capinha Para Todos,182
mapa_1_resultados.xlsx,982,AL2021,050412,AF,PS,party,PS,,151
mapa_1_resultados.xlsx,982,AL2021,050412,AF,[D],citizen_group,MIPFC,Movimento Independente pela Freguesia de Castelejo,258
mapa_1_resultados.xlsx,983,AL2021,050413,AF,PPD/PSD,party,PPD/PSD,,75
mapa_1_resultados.xlsx,983,AL2021,050413,AF,[D],citizen_group,iCN,iNOVAR CASTELO NOVO,121
mapa_1_resultados.xlsx,984,AL2021,050416,AF,[D],citizen_group,MIPM,Movimento Independente pela Mudança,221
mapa_1_resultados.xlsx,984,AL2021,050416,AF,[E],citizen_group,UNIR,"União, Neutralidade, Inovação, Responsabilidade",145
mapa_1_resultados.xlsx,985,AL2021,050419,AF,[D],citizen_group,PL,Por Lavacolhos,83
mapa_1_resultados.xlsx,986,AL2021,050420,AF,PPD/PSD,party,PPD/PSD,,255
mapa_1_resultados.xlsx,987,AL2021,050421,AF,[D],citizen_group,MIPP,Movimento Independente Por Pêro Viseu,301
mapa_1_resultados.xlsx,988,AL2021,050424,AF,PPD/PSD,party,PPD/PSD,,194
mapa_1_resultados.xlsx,988,AL2021,050424,AF,PS,party,PS,,421
mapa_1_resultados.xlsx,989,AL2021,050425,AF,PPD/PSD,party,PPD/PSD,,253
mapa_1_resultados.xlsx,990,AL2021,050426,AF,PPD/PSD,party,PPD/PSD,,301
mapa_1_resultados.xlsx,991,AL2021,050427,AF,PPD/PSD,party,PPD/PSD,,267
mapa_1_resultados.xlsx,992,AL2021,050431,AF,PS,party,PS,,145
mapa_1_resultados.xlsx,992,AL2021,050431,AF,[D],citizen_group,PE,Pelos Enxames,175
mapa_1_resultados.xlsx,993,AL2021,050432,AF,[D],citizen_group,PPTP,Pelo Progresso dos Três Povos,195
mapa_1_resultados.xlsx,994,AL2021,050433,AF,PPD/PSD,party,PPD/PSD,,130
mapa_1_resultados.xlsx,994,AL2021,050433,AF,PS,party,PS,,30
mapa_1_resultados.xlsx,994,AL2021,050433,AF,[D],citizen_group,MAIS,MAIS JaneiroCima_BogasBaixo,159
mapa_1_resultados.xlsx,995,AL2021,050434,AF,PCP-PEV,coalition,PCP-PEV,,596
mapa_1_resultados.xlsx,995,AL2021,050434,AF,[D],citizen_group,DAR,DAR-Freguesias Cidade do Fundão,2052
mapa_1_resultados.xlsx,995,AL2021,050434,AF,[E],citizen_group,JUNTOS,JUNTOS PELA MUDANÇA-JOÃO SALVADO,1372
mapa_1_resultados.xlsx,995,AL2021,050434,AF,[F],citizen_group,SF,SENTIR FUNDÃO,1648
mapa_1_resultados.xlsx,996,AL2021,050435,AF,PPD/PSD,party,PPD/PSD,,403
mapa_1_resultados.xlsx,996,AL2021,050435,AF,PS,party,PS,,241
mapa_1_resultados.xlsx,997,AL2021,050436,AF,PPM,party,PPM,,95
mapa_1_resultados.xlsx,997,AL2021,050436,AF,PS,party,PS,,180
mapa_1_resultados.xlsx,997,AL2021,050436,AF,[D],citizen_group,PUFCF,Por uma Freguesia com Futuro,335
mapa_1_resultados.xlsx,998,AL2021,050500,CM,PPD/PSD,party,PPD/PSD,,329
mapa_1_resultados.xlsx,998,AL2021,050500,CM,PS,party,PS,,2828
mapa_1_resultados.xlsx,998,AL2021,050500,CM,PCP-PEV,coalition,PCP-PEV,,177
mapa_1_resultados.xlsx,998,AL2021,050500,CM,[D],citizen_group,MOV.PT,Movimento Para Todos,1673
mapa_1_resultados.xlsx,999,AL2021,050500,AM,PPD/PSD,party,PPD/PSD,,372
mapa_1_resultados.xlsx,999,AL2021,050500,AM,PS,party,PS,,2804
mapa_1_resultados.xlsx,999,AL2021,050500,AM,PCP-PEV,coalition,PCP-PEV,,211
mapa_1_resultados.xlsx,999,AL2021,050500,AM,[D],citizen_group,MOV.PT,Movimento Para Todos,1611
mapa_1_resultados.xlsx,1000,AL2021,050502,AF,PS,party,PS,,87
mapa_1_resultados.xlsx,1000,AL2021,050502,AF,[D],citizen_group,M.A.,"MAIS ALDEIA, M.A.",26
mapa_1_resultados.xlsx,1000,AL2021,050502,AF,[E],citizen_group,MOV.PT,Movimento Para Todos,36
mapa_1_resultados.xlsx,1001,AL2021,050505,AF,PS,party,PS,,381
mapa_1_resultados.xlsx,1001,AL2021,050505,AF,[D],citizen_group,MOV.PT,Movimento Para Todos,336
mapa_1_resultados.xlsx,1002,AL2021,050506,AF,PS,party,PS,,100
mapa_1_resultados.xlsx,1002,AL2021,050506,AF,[D],citizen_group,MOV.PT,Movimento Para Todos,29
mapa_1_resultados.xlsx,1003,AL2021,050509,AF,PS,party,PS,,94
mapa_1_resultados.xlsx,1003,AL2021,050509,AF,[D],citizen_group,MOV.PT,Movimento Para Todos,118
mapa_1_resultados.xlsx,1004,AL2021,050510,AF,PS,party,PS,,314
mapa_1_resultados.xlsx,1004,AL2021,050510,AF,[D],citizen_group,MOV.PT,Movimento Para Todos,78
mapa_1_resultados.xlsx,1006,AL2021,050512,AF,PS,party,PS,,181
mapa_1_resultados.xlsx,1006,AL2021,050512,AF,[D],citizen_group,MOV.PT,Movimento Para Todos,92
mapa_1_resultados.xlsx,1007,AL2021,050514,AF,PS,party,PS,,193
mapa_1_resultados.xlsx,1007,AL2021,050514,AF,[D],citizen_group,MOV.PT,Movimento Para Todos,102
mapa_1_resultados.xlsx,1008,AL2021,050516,AF,PS,party,PS,,107
mapa_1_resultados.xlsx,1008,AL2021,050516,AF,[D],citizen_group,MOV.PT,Movimento Para Todos,25
mapa_1_resultados.xlsx,1009,AL2021,050518,AF,PS,party,PS,,737
mapa_1_resultados.xlsx,1009,AL2021,050518,AF,PCP-PEV,coalition,PCP-PEV,,84
mapa_1_resultados.xlsx,1009,AL2021,050518,AF,[D],citizen_group,MOV.PT,Movimento Para Todos,492
mapa_1_resultados.xlsx,1010,AL2021,050519,AF,PPD/PSD,party,PPD/PSD,,53
mapa_1_resultados.xlsx,1010,AL2021,050519,AF,PS,party,PS,,209
mapa_1_resultados.xlsx,1010,AL2021,050519,AF,PCP-PEV,coalition,PCP-PEV,,14
mapa_1_resultados.xlsx,1010,AL2021,050519,AF,[D],citizen_group,MOV.PT,Movimento Para Todos,56
mapa_1_resultados.xlsx,1011,AL2021,050520,AF,PS,party,PS,,282
mapa_1_resultados.xlsx,1011,AL2021,050520,AF,[D],citizen_group,MOV.PT,Movimento Para Todos,91
mapa_1_resultados.xlsx,1012,AL2021,050521,AF,PS,party,PS,,293
mapa_1_resultados.xlsx,1012,AL2021,050521,AF,PCP-PEV,coalition,PCP-PEV,,28
mapa_1_resultados.xlsx,1012,AL2021,050521,AF,[D],citizen_group,MOV.PT,Movimento Para Todos,259
mapa_1_resultados.xlsx,1013,AL2021,050600,CM,PPD/PSD,party,PPD/PSD,,1760
mapa_1_resultados.xlsx,1013,AL2021,050600,CM,PCP-PEV,coalition,PCP-PEV,,66
mapa_1_resultados.xlsx,1013,AL2021,050600,CM,[D],citizen_group,MCO,Mais Concelho Oleiros,1420
mapa_1_resultados.xlsx,1014,AL2021,050600,AM,PPD/PSD,party,PPD/PSD,,1740
mapa_1_resultados.xlsx,1014,AL2021,050600,AM,PCP-PEV,coalition,PCP-PEV,,68
mapa_1_resultados.xlsx,1014,AL2021,050600,AM,[D],citizen_group,MCO,Mais Concelho Oleiros,1434
mapa_1_resultados.xlsx,1015,AL2021,050601,AF,PPD/PSD,party,PPD/PSD,,99
mapa_1_resultados.xlsx,1016,AL2021,050603,AF,PPD/PSD,party,PPD/PSD,,108
mapa_1_resultados.xlsx,1016,AL2021,050603,AF,[D],citizen_group,MCO,Mais Concelho Oleiros,102
mapa_1_resultados.xlsx,1017,AL2021,050605,AF,PPD/PSD,party,PPD/PSD,,90
mapa_1_resultados.xlsx,1017,AL2021,050605,AF,[D],citizen_group,MCO,Mais Concelho Oleiros,48
mapa_1_resultados.xlsx,1019,AL2021,050607,AF,PPD/PSD,party,PPD/PSD,,143
mapa_1_resultados.xlsx,1019,AL2021,050607,AF,[D],citizen_group,MCO,Mais Concelho Oleiros,52
mapa_1_resultados.xlsx,1020,AL2021,050609,AF,PCP-PEV,coalition,PCP-PEV,,53
mapa_1_resultados.xlsx,1020,AL2021,050609,AF,[D],citizen_group,PPDF,Pelo Progresso da Freguesia,195
mapa_1_resultados.xlsx,1021,AL2021,050610,AF,PPD/PSD,party,PPD/PSD,,110
mapa_1_resultados.xlsx,1023,AL2021,050613,AF,PPD/PSD,party,PPD/PSD,,337
mapa_1_resultados.xlsx,1023,AL2021,050613,AF,[D],citizen_group,MCO,Mais Concelho Oleiros,257
mapa_1_resultados.xlsx,1024,AL2021,050614,AF,PPD/PSD,party,PPD/PSD,,681
mapa_1_resultados.xlsx,1024,AL2021,050614,AF,PCP-PEV,coalition,PCP-PEV,,17
mapa_1_resultados.xlsx,1024,AL2021,050614,AF,[D],citizen_group,MCO,Mais Concelho Oleiros,737
mapa_1_resultados.xlsx,1025,AL2021,050700,CM,CDS-PP,party,CDS-PP,,46
mapa_1_resultados.xlsx,1025,AL2021,050700,CM,PS,party,PS,,1816
mapa_1_resultados.xlsx,1025,AL2021,050700,CM,PCP-PEV,coalition,PCP-PEV,,40
mapa_1_resultados.xlsx,1025,AL2021,050700,CM,[D],citizen_group,IND,ABRAÇAR PENAMACOR,1111
mapa_1_resultados.xlsx,1026,AL2021,050700,AM,CDS-PP,party,CDS-PP,,60
mapa_1_resultados.xlsx,1026,AL2021,050700,AM,PS,party,PS,,1688
mapa_1_resultados.xlsx,1026,AL2021,050700,AM,PCP-PEV,coalition,PCP-PEV,,41
mapa_1_resultados.xlsx,1026,AL2021,050700,AM,[D],citizen_group,IND,ABRAÇAR PENAMACOR,1205
mapa_1_resultados.xlsx,1027,AL2021,050704,AF,PS,party,PS,,142
mapa_1_resultados.xlsx,1027,AL2021,050704,AF,[D],citizen_group,IND,ABRAÇAR PENAMACOR,73
mapa_1_resultados.xlsx,1028,AL2021,050706,AF,PS,party,PS,,223
mapa_1_resultados.xlsx,1028,AL2021,050706,AF,[D],citizen_group,IND,ABRAÇAR PENAMACOR,82
mapa_1_resultados.xlsx,1029,AL2021,050707,AF,PS,party,PS,,146
mapa_1_resultados.xlsx,1030,AL2021,050708,AF,PS,party,PS,,95
mapa_1_resultados.xlsx,1030,AL2021,050708,AF,[D],citizen_group,IND,ABRAÇAR PENAMACOR,120
mapa_1_resultados.xlsx,1031,AL2021,050710,AF,PS,party,PS,,403
mapa_1_resultados.xlsx,1031,AL2021,050710,AF,PCP-PEV,coalition,PCP-PEV,,7
mapa_1_resultados.xlsx,1031,AL2021,050710,AF,[D],citizen_group,IND,ABRAÇAR PENAMACOR,400
mapa_1_resultados.xlsx,1032,AL2021,050711,AF,PS,party,PS,,154
mapa_1_resultados.xlsx,1032,AL2021,050711,AF,[D],citizen_group,IND,ABRAÇAR PENAMACOR,88
mapa_1_resultados.xlsx,1033,AL2021,050712,AF,PS,party,PS,,88
mapa_1_resultados.xlsx,1033,AL2021,050712,AF,[D],citizen_group,IND,ABRAÇAR PENAMACOR,90
mapa_1_resultados.xlsx,1034,AL2021,050713,AF,PS,party,PS,,303
mapa_1_resultados.xlsx,1034,AL2021,050713,AF,[D],citizen_group,IND,ABRAÇAR PENAMACOR,257
mapa_1_resultados.xlsx,1035,AL2021,050714,AF,PS,party,PS,,165
mapa_1_resultados.xlsx,1035,AL2021,050714,AF,[D],citizen_group,IND,ABRAÇAR PENAMACOR,148
mapa_1_resultados.xlsx,1036,AL2021,050800,CM,PS,party,PS,,2814
mapa_1_resultados.xlsx,1036,AL2021,050800,CM,PCP-PEV,coalition,PCP-PEV,,103
mapa_1_resultados.xlsx,1036,AL2021,050800,CM,[A],coalition,PPD/PSD.CDS-PP,PROENÇA COM FUTURO,1187
mapa_1_resultados.xlsx,1037,AL2021,050800,AM,PS,party,PS,,2694
mapa_1_resultados.xlsx,1037,AL2021,050800,AM,PCP-PEV,coalition,PCP-PEV,,145
mapa_1_resultados.xlsx,1037,AL2021,050800,AM,[A],coalition,PPD/PSD.CDS-PP,PROENÇA COM FUTURO,1246
mapa_1_resultados.xlsx,1038,AL2021,050802,AF,PS,party,PS,,208
mapa_1_resultados.xlsx,1038,AL2021,050802,AF,PCP-PEV,coalition,PCP-PEV,,13
mapa_1_resultados.xlsx,1038,AL2021,050802,AF,[A],coalition,PPD/PSD.CDS-PP,PROENÇA COM FUTURO,158
mapa_1_resultados.xlsx,1039,AL2021,050805,AF,PS,party,PS,,255
mapa_1_resultados.xlsx,1039,AL2021,050805,AF,PCP-PEV,coalition,PCP-PEV,,11
mapa_1_resultados.xlsx,1039,AL2021,050805,AF,[A],coalition,PPD/PSD.CDS-PP,PROENÇA COM FUTURO,56
mapa_1_resultados.xlsx,1040,AL2021,050807,AF,PCP-PEV,coalition,PCP-PEV,,219
mapa_1_resultados.xlsx,1040,AL2021,050807,AF,[A],coalition,PPD/PSD.CDS-PP,PROENÇA COM FUTURO,947
mapa_1_resultados.xlsx,1041,AL2021,050808,AF,PS,party,PS,,703
mapa_1_resultados.xlsx,1041,AL2021,050808,AF,PCP-PEV,coalition,PCP-PEV,,26
mapa_1_resultados.xlsx,1041,AL2021,050808,AF,[A],coalition,PPD/PSD.CDS-PP,PROENÇA COM FUTURO,229
mapa_1_resultados.xlsx,1042,AL2021,050900,CM,B.E.,party,B.E.,,114
mapa_1_resultados.xlsx,1042,AL2021,050900,CM,CH,party,CH,,307
mapa_1_resultados.xlsx,1042,AL2021,050900,CM,PPD/PSD,party,PPD/PSD,,3817
mapa_1_resultados.xlsx,1042,AL2021,050900,CM,PS,party,PS,,4249
mapa_1_resultados.xlsx,1042,AL2021,050900,CM,PCP-PEV,coalition,PCP-PEV,,84
mapa_1_resultados.xlsx,1043,AL2021,050900,AM,B.E.,party,B.E.,,149
mapa_1_resultados.xlsx,1043,AL2021,050900,AM,CH,party,CH,,396
mapa_1_resultados.xlsx,1043,AL2021,050900,AM,PPD/PSD,party,PPD/PSD,,3903
mapa_1_resultados.xlsx,1043,AL2021,050900,AM,PS,party,PS,,3984
mapa_1_resultados.xlsx,1043,AL2021,050900,AM,PCP-PEV,coalition,PCP-PEV,,114
mapa_1_resultados.xlsx,1044,AL2021,050901,AF,PPD/PSD,party,PPD/PSD,,227
mapa_1_resultados.xlsx,1044,AL2021,050901,AF,PS,party,PS,,319
mapa_1_resultados.xlsx,1045,AL2021,050902,AF,B.E.,party,B.E.,,32
mapa_1_resultados.xlsx,1045,AL2021,050902,AF,PPD/PSD,party,PPD/PSD,,110
mapa_1_resultados.xlsx,1045,AL2021,050902,AF,PS,party,PS,,125
mapa_1_resultados.xlsx,1046,AL2021,050903,AF,PPD/PSD,party,PPD/PSD,,373
mapa_1_resultados.xlsx,1046,AL2021,050903,AF,PS,party,PS,,154
mapa_1_resultados.xlsx,1047,AL2021,050911,AF,B.E.,party,B.E.,,19
mapa_1_resultados.xlsx,1047,AL2021,050911,AF,PPD/PSD,party,PPD/PSD,,178
mapa_1_resultados.xlsx,1047,AL2021,050911,AF,PS,party,PS,,221
mapa_1_resultados.xlsx,1047,AL2021,050911,AF,PCP-PEV,coalition,PCP-PEV,,2
mapa_1_resultados.xlsx,1048,AL2021,050912,AF,CH,party,CH,,218
mapa_1_resultados.xlsx,1048,AL2021,050912,AF,PPD/PSD,party,PPD/PSD,,1735
mapa_1_resultados.xlsx,1048,AL2021,050912,AF,PS,party,PS,,1159
mapa_1_resultados.xlsx,1048,AL2021,050912,AF,PCP-PEV,coalition,PCP-PEV,,91
mapa_1_resultados.xlsx,1049,AL2021,050913,AF,PPD/PSD,party,PPD/PSD,,332
mapa_1_resultados.xlsx,1049,AL2021,050913,AF,PS,party,PS,,137
mapa_1_resultados.xlsx,1050,AL2021,050914,AF,PPD/PSD,party,PPD/PSD,,186
mapa_1_resultados.xlsx,1050,AL2021,050914,AF,PS,party,PS,,269
mapa_1_resultados.xlsx,1051,AL2021,050915,AF,CH,party,CH,,80
mapa_1_resultados.xlsx,1051,AL2021,050915,AF,PPD/PSD,party,PPD/PSD,,568
mapa_1_resultados.xlsx,1051,AL2021,050915,AF,PS,party,PS,,1320
mapa_1_resultados.xlsx,1051,AL2021,050915,AF,PCP-PEV,coalition,PCP-PEV,,31
mapa_1_resultados.xlsx,1052,AL2021,050916,AF,PPD/PSD,party,PPD/PSD,,282
mapa_1_resultados.xlsx,1052,AL2021,050916,AF,PS,party,PS,,134
mapa_1_resultados.xlsx,1052,AL2021,050916,AF,PCP-PEV,coalition,PCP-PEV,,5
mapa_1_resultados.xlsx,1053,AL2021,050917,AF,PS,party,PS,,51
mapa_1_resultados.xlsx,1053,AL2021,050917,AF,[A],coalition,CDS-PP.PPD/PSD,ALIANÇA DEMOCRÁTICA ERMIDA E FIGUEIREDO,186
mapa_1_resultados.xlsx,1054,AL2021,051000,CM,PPD/PSD,party,PPD/PSD,,1213
mapa_1_resultados.xlsx,1054,AL2021,051000,CM,PS,party,PS,,534
mapa_1_resultados.xlsx,1054,AL2021,051000,CM,PCP-PEV,coalition,PCP-PEV,,109
mapa_1_resultados.xlsx,1055,AL2021,051000,AM,PPD/PSD,party,PPD/PSD,,1183
mapa_1_resultados.xlsx,1055,AL2021,051000,AM,PS,party,PS,,591
mapa_1_resultados.xlsx,1055,AL2021,051000,AM,PCP-PEV,coalition,PCP-PEV,,100
mapa_1_resultados.xlsx,1056,AL2021,051001,AF,PPD/PSD,party,PPD/PSD,,199
mapa_1_resultados.xlsx,1056,AL2021,051001,AF,PS,party,PS,,116
mapa_1_resultados.xlsx,1056,AL2021,051001,AF,PCP-PEV,coalition,PCP-PEV,,44
mapa_1_resultados.xlsx,1058,AL2021,051003,AF,PPD/PSD,party,PPD/PSD,,804
mapa_1_resultados.xlsx,1058,AL2021,051003,AF,PS,party,PS,,598
mapa_1_resultados.xlsx,1058,AL2021,051003,AF,PCP-PEV,coalition,PCP-PEV,,41
mapa_1_resultados.xlsx,1059,AL2021,051100,CM,PS,party,PS,,1409
mapa_1_resultados.xlsx,1059,AL2021,051100,CM,PCP-PEV,coalition,PCP-PEV,,86
mapa_1_resultados.xlsx,1059,AL2021,051100,CM,[A],coalition,PPD/PSD.CDS-PP,NOVO RUMO,341
mapa_1_resultados.xlsx,1060,AL2021,051100,AM,PS,party,PS,,1364
mapa_1_resultados.xlsx,1060,AL2021,051100,AM,PCP-PEV,coalition,PCP-PEV,,107
mapa_1_resultados.xlsx,1060,AL2021,051100,AM,[A],coalition,PPD/PSD.CDS-PP,NOVO RUMO,364
mapa_1_resultados.xlsx,1061,AL2021,051101,AF,PS,party,PS,,259
mapa_1_resultados.xlsx,1061,AL2021,051101,AF,PCP-PEV,coalition,PCP-PEV,,9
mapa_1_resultados.xlsx,1061,AL2021,051101,AF,[A],coalition,PPD/PSD.CDS-PP,NOVO RUMO,58
mapa_1_resultados.xlsx,1062,AL2021,051102,AF,PS,party,PS,,195
mapa_1_resultados.xlsx,1062,AL2021,051102,AF,PCP-PEV,coalition,PCP-PEV,,11
mapa_1_resultados.xlsx,1062,AL2021,051102,AF,[A],coalition,PPD/PSD.CDS-PP,NOVO RUMO,50
mapa_1_resultados.xlsx,1063,AL2021,051103,AF,PS,party,PS,,217
mapa_1_resultados.xlsx,1063,AL2021,051103,AF,[A],coalition,PPD/PSD.CDS-PP,NOVO RUMO,75
mapa_1_resultados.xlsx,1064,AL2021,051104,AF,PS,party,PS,,693
mapa_1_resultados.xlsx,1064,AL2021,051104,AF,PCP-PEV,coalition,PCP-PEV,,72
mapa_1_resultados.xlsx,1064,AL2021,051104,AF,[A],coalition,PPD/PSD.CDS-PP,NOVO RUMO,184
mapa_1_resultados.xlsx,1066,AL2021,060100,CM,PPD/PSD,party,PPD/PSD,,3723
mapa_1_resultados.xlsx,1066,AL2021,060100,CM,PS,party,PS,,1946
mapa_1_resultados.xlsx,1066,AL2021,060100,CM,PCP-PEV,coalition,PCP-PEV,,289
mapa_1_resultados.xlsx,1067,AL2021,060100,AM,PPD/PSD,party,PPD/PSD,,3559
mapa_1_resultados.xlsx,1067,AL2021,060100,AM,PS,party,PS,,1998
mapa_1_resultados.xlsx,1067,AL2021,060100,AM,PCP-PEV,coalition,PCP-PEV,,361
mapa_1_resultados.xlsx,1068,AL2021,060102,AF,PPD/PSD,party,PPD/PSD,,1056
mapa_1_resultados.xlsx,1068,AL2021,060102,AF,PS,party,PS,,529
mapa_1_resultados.xlsx,1068,AL2021,060102,AF,PCP-PEV,coalition,PCP-PEV,,101
mapa_1_resultados.xlsx,1069,AL2021,060104,AF,PPD/PSD,party,PPD/PSD,,149
mapa_1_resultados.xlsx,1069,AL2021,060104,AF,PCP-PEV,coalition,PCP-PEV,,2
mapa_1_resultados.xlsx,1069,AL2021,060104,AF,[D],citizen_group,UFB,Unidos Pela Freguesia de Benfeita (UFB),129
mapa_1_resultados.xlsx,1070,AL2021,060105,AF,PPD/PSD,party,PPD/PSD,,82
mapa_1_resultados.xlsx,1070,AL2021,060105,AF,PS,party,PS,,20
mapa_1_resultados.xlsx,1071,AL2021,060109,AF,PCP-PEV,coalition,PCP-PEV,,58
mapa_1_resultados.xlsx,1071,AL2021,060109,AF,[D],citizen_group,TJF,Todos Juntos Pela Freguesia de Folques - TJF,134
mapa_1_resultados.xlsx,1073,AL2021,060112,AF,PPD/PSD,party,PPD/PSD,,143
mapa_1_resultados.xlsx,1073,AL2021,060112,AF,PS,party,PS,,109
mapa_1_resultados.xlsx,1073,AL2021,060112,AF,PCP-PEV,coalition,PCP-PEV,,9
mapa_1_resultados.xlsx,1074,AL2021,060113,AF,PPD/PSD,party,PPD/PSD,,244
mapa_1_resultados.xlsx,1074,AL2021,060113,AF,PS,party,PS,,223
mapa_1_resultados.xlsx,1074,AL2021,060113,AF,PCP-PEV,coalition,PCP-PEV,,13
mapa_1_resultados.xlsx,1075,AL2021,060114,AF,PPD/PSD,party,PPD/PSD,,520
mapa_1_resultados.xlsx,1075,AL2021,060114,AF,PS,party,PS,,95
mapa_1_resultados.xlsx,1076,AL2021,060115,AF,PPD/PSD,party,PPD/PSD,,326
mapa_1_resultados.xlsx,1076,AL2021,060115,AF,PS,party,PS,,84
mapa_1_resultados.xlsx,1076,AL2021,060115,AF,PCP-PEV,coalition,PCP-PEV,,3
mapa_1_resultados.xlsx,1077,AL2021,060116,AF,PCP-PEV,coalition,PCP-PEV,,76
mapa_1_resultados.xlsx,1077,AL2021,060116,AF,[D],citizen_group,IPS,Independentes Por Secarias (IPS),151
mapa_1_resultados.xlsx,1078,AL2021,060119,AF,PPD/PSD,party,PPD/PSD,,81
mapa_1_resultados.xlsx,1078,AL2021,060119,AF,PS,party,PS,,50
mapa_1_resultados.xlsx,1079,AL2021,060120,AF,PPD/PSD,party,PPD/PSD,,186
mapa_1_resultados.xlsx,1079,AL2021,060120,AF,PCP-PEV,coalition,PCP-PEV,,28
mapa_1_resultados.xlsx,1080,AL2021,060121,AF,PS,party,PS,,361
mapa_1_resultados.xlsx,1080,AL2021,060121,AF,PCP-PEV,coalition,PCP-PEV,,47
mapa_1_resultados.xlsx,1080,AL2021,060121,AF,[D],citizen_group,FF,FAZER O QUE FALTA - FF,481
mapa_1_resultados.xlsx,1081,AL2021,060122,AF,PPD/PSD,party,PPD/PSD,,66
mapa_1_resultados.xlsx,1081,AL2021,060122,AF,PS,party,PS,,302
mapa_1_resultados.xlsx,1081,AL2021,060122,AF,PCP-PEV,coalition,PCP-PEV,,13
mapa_1_resultados.xlsx,1082,AL2021,060200,CM,B.E.,party,B.E.,,496
mapa_1_resultados.xlsx,1082,AL2021,060200,CM,CDS-PP,party,CDS-PP,,245
mapa_1_resultados.xlsx,1082,AL2021,060200,CM,CH,party,CH,,967
mapa_1_resultados.xlsx,1082,AL2021,060200,CM,PPD/PSD,party,PPD/PSD,,9942
mapa_1_resultados.xlsx,1082,AL2021,060200,CM,PS,party,PS,,5007
mapa_1_resultados.xlsx,1082,AL2021,060200,CM,PCP-PEV,coalition,PCP-PEV,,416
mapa_1_resultados.xlsx,1083,AL2021,060200,AM,B.E.,party,B.E.,,575
mapa_1_resultados.xlsx,1083,AL2021,060200,AM,CDS-PP,party,CDS-PP,,341
mapa_1_resultados.xlsx,1083,AL2021,060200,AM,CH,party,CH,,1013
mapa_1_resultados.xlsx,1083,AL2021,060200,AM,PPD/PSD,party,PPD/PSD,,9472
mapa_1_resultados.xlsx,1083,AL2021,060200,AM,PS,party,PS,,5152
mapa_1_resultados.xlsx,1083,AL2021,060200,AM,PCP-PEV,coalition,PCP-PEV,,424
mapa_1_resultados.xlsx,1084,AL2021,060201,AF,CH,party,CH,,38
mapa_1_resultados.xlsx,1084,AL2021,060201,AF,PPD/PSD,party,PPD/PSD,,863
mapa_1_resultados.xlsx,1084,AL2021,060201,AF,PS,party,PS,,229
mapa_1_resultados.xlsx,1084,AL2021,060201,AF,PCP-PEV,coalition,PCP-PEV,,71
mapa_1_resultados.xlsx,1085,AL2021,060203,AF,CH,party,CH,,75
mapa_1_resultados.xlsx,1085,AL2021,060203,AF,PPD/PSD,party,PPD/PSD,,703
mapa_1_resultados.xlsx,1085,AL2021,060203,AF,PS,party,PS,,604
mapa_1_resultados.xlsx,1085,AL2021,060203,AF,PCP-PEV,coalition,PCP-PEV,,58
mapa_1_resultados.xlsx,1086,AL2021,060205,AF,PPD/PSD,party,PPD/PSD,,255
mapa_1_resultados.xlsx,1086,AL2021,060205,AF,PS,party,PS,,442
mapa_1_resultados.xlsx,1087,AL2021,060207,AF,CDS-PP,party,CDS-PP,,47
mapa_1_resultados.xlsx,1087,AL2021,060207,AF,CH,party,CH,,150
mapa_1_resultados.xlsx,1087,AL2021,060207,AF,PPD/PSD,party,PPD/PSD,,637
mapa_1_resultados.xlsx,1087,AL2021,060207,AF,PS,party,PS,,749
mapa_1_resultados.xlsx,1087,AL2021,060207,AF,PCP-PEV,coalition,PCP-PEV,,11
mapa_1_resultados.xlsx,1088,AL2021,060208,AF,PPD/PSD,party,PPD/PSD,,480
mapa_1_resultados.xlsx,1088,AL2021,060208,AF,PS,party,PS,,167
mapa_1_resultados.xlsx,1088,AL2021,060208,AF,PCP-PEV,coalition,PCP-PEV,,19
mapa_1_resultados.xlsx,1089,AL2021,060209,AF,PPD/PSD,party,PPD/PSD,,384
mapa_1_resultados.xlsx,1089,AL2021,060209,AF,PS,party,PS,,351
mapa_1_resultados.xlsx,1090,AL2021,060214,AF,CH,party,CH,,203
mapa_1_resultados.xlsx,1090,AL2021,060214,AF,PPD/PSD,party,PPD/PSD,,989
mapa_1_resultados.xlsx,1090,AL2021,060214,AF,PS,party,PS,,457
mapa_1_resultados.xlsx,1090,AL2021,060214,AF,PCP-PEV,coalition,PCP-PEV,,40
mapa_1_resultados.xlsx,1091,AL2021,060215,AF,PPD/PSD,party,PPD/PSD,,374
mapa_1_resultados.xlsx,1091,AL2021,060215,AF,PS,party,PS,,122
mapa_1_resultados.xlsx,1092,AL2021,060218,AF,PPD/PSD,party,PPD/PSD,,708
mapa_1_resultados.xlsx,1092,AL2021,060218,AF,PS,party,PS,,176
mapa_1_resultados.xlsx,1093,AL2021,060220,AF,B.E.,party,B.E.,,212
mapa_1_resultados.xlsx,1093,AL2021,060220,AF,PPD/PSD,party,PPD/PSD,,1985
mapa_1_resultados.xlsx,1093,AL2021,060220,AF,PS,party,PS,,1279
mapa_1_resultados.xlsx,1093,AL2021,060220,AF,PCP-PEV,coalition,PCP-PEV,,206
mapa_1_resultados.xlsx,1094,AL2021,060221,AF,PPD/PSD,party,PPD/PSD,,1039
mapa_1_resultados.xlsx,1094,AL2021,060221,AF,PS,party,PS,,248
mapa_1_resultados.xlsx,1094,AL2021,060221,AF,PCP-PEV,coalition,PCP-PEV,,38
mapa_1_resultados.xlsx,1095,AL2021,060222,AF,PPD/PSD,party,PPD/PSD,,455
mapa_1_resultados.xlsx,1095,AL2021,060222,AF,PS,party,PS,,478
mapa_1_resultados.xlsx,1095,AL2021,060222,AF,PCP-PEV,coalition,PCP-PEV,,40
mapa_1_resultados.xlsx,1096,AL2021,060223,AF,PPD/PSD,party,PPD/PSD,,629
mapa_1_resultados.xlsx,1096,AL2021,060223,AF,PS,party,PS,,263
mapa_1_resultados.xlsx,1097,AL2021,060224,AF,PPD/PSD,party,PPD/PSD,,481
mapa_1_resultados.xlsx,1097,AL2021,060224,AF,PS,party,PS,,443
mapa_1_resultados.xlsx,1098,AL2021,060300,CM,CH,party,CH,,1530
mapa_1_resultados.xlsx,1098,AL2021,060300,CM,IL,party,IL,,1112
mapa_1_resultados.xlsx,1098,AL2021,060300,CM,PAN,party,PAN,,968
mapa_1_resultados.xlsx,1098,AL2021,060300,CM,PS,party,PS,,21821
mapa_1_resultados.xlsx,1098,AL2021,060300,CM,PCP-PEV,coalition,PCP-PEV,,5023
mapa_1_resultados.xlsx,1098,AL2021,060300,CM,[A],coalition,PDR.MPT,COIMBRA É CAPITAL,144
mapa_1_resultados.xlsx,1098,AL2021,060300,CM,[B],coalition,PPD/PSD.CDS-PP.NC.PPM.A.RIR.VP,JUNTOS SOMOS COIMBRA,29351
mapa_1_resultados.xlsx,1098,AL2021,060300,CM,[D],citizen_group,CPC,Cidadãos por Coimbra,4201
mapa_1_resultados.xlsx,1099,AL2021,060300,AM,CH,party,CH,,1943
mapa_1_resultados.xlsx,1099,AL2021,060300,AM,IL,party,IL,,1550
mapa_1_resultados.xlsx,1099,AL2021,060300,AM,PAN,party,PAN,,1331
mapa_1_resultados.xlsx,1099,AL2021,060300,AM,PS,party,PS,,21315
mapa_1_resultados.xlsx,1099,AL2021,060300,AM,PCP-PEV,coalition,PCP-PEV,,6402
mapa_1_resultados.xlsx,1099,AL2021,060300,AM,[A],coalition,PDR.MPT,COIMBRA É CAPITAL,163
mapa_1_resultados.xlsx,1099,AL2021,060300,AM,[B],coalition,PPD/PSD.CDS-PP.NC.PPM.A.RIR.VP,JUNTOS SOMOS COIMBRA,26896
mapa_1_resultados.xlsx,1099,AL2021,060300,AM,[D],citizen_group,CPC,Cidadãos por Coimbra,4588
mapa_1_resultados.xlsx,1100,AL2021,060301,AF,PS,party,PS,,973
mapa_1_resultados.xlsx,1100,AL2021,060301,AF,PCP-PEV,coalition,PCP-PEV,,135
mapa_1_resultados.xlsx,1100,AL2021,060301,AF,[A],coalition,PPD/PSD.CDS-PP.NC.PPM.A.RIR.VP,JUNTOS SOMOS COIMBRA,316
mapa_1_resultados.xlsx,1100,AL2021,060301,AF,[D],citizen_group,CPC,Cidadãos por Coimbra,86
mapa_1_resultados.xlsx,1101,AL2021,060309,AF,PS,party,PS,,643
mapa_1_resultados.xlsx,1101,AL2021,060309,AF,PCP-PEV,coalition,PCP-PEV,,175
mapa_1_resultados.xlsx,1101,AL2021,060309,AF,[A],coalition,PPD/PSD.CDS-PP.NC.PPM.A.RIR.VP,JUNTOS SOMOS COIMBRA,212
mapa_1_resultados.xlsx,1102,AL2021,060311,AF,PS,party,PS,,861
mapa_1_resultados.xlsx,1102,AL2021,060311,AF,PCP-PEV,coalition,PCP-PEV,,237
mapa_1_resultados.xlsx,1102,AL2021,060311,AF,[A],coalition,PPD/PSD.CDS-PP.NC.PPM.A.RIR.VP,JUNTOS SOMOS COIMBRA,467
mapa_1_resultados.xlsx,1103,AL2021,060312,AF,CH,party,CH,,75
mapa_1_resultados.xlsx,1103,AL2021,060312,AF,PS,party,PS,,571
mapa_1_resultados.xlsx,1103,AL2021,060312,AF,PCP-PEV,coalition,PCP-PEV,,911
mapa_1_resultados.xlsx,1103,AL2021,060312,AF,[A],coalition,PPD/PSD.CDS-PP.NC.PPM.A.RIR.VP,JUNTOS SOMOS COIMBRA,454
mapa_1_resultados.xlsx,1104,AL2021,060318,AF,CH,party,CH,,455
mapa_1_resultados.xlsx,1104,AL2021,060318,AF,PS,party,PS,,5226
mapa_1_resultados.xlsx,1104,AL2021,060318,AF,PCP-PEV,coalition,PCP-PEV,,1799
mapa_1_resultados.xlsx,1104,AL2021,060318,AF,[A],coalition,PPD/PSD.CDS-PP.NC.PPM.A.RIR.VP,JUNTOS SOMOS COIMBRA,9193
mapa_1_resultados.xlsx,1104,AL2021,060318,AF,[D],citizen_group,CPC,Cidadãos por Coimbra,1921
mapa_1_resultados.xlsx,1105,AL2021,060320,AF,PS,party,PS,,554
mapa_1_resultados.xlsx,1105,AL2021,060320,AF,PCP-PEV,coalition,PCP-PEV,,304
mapa_1_resultados.xlsx,1105,AL2021,060320,AF,[A],coalition,PPD/PSD.CDS-PP.NC.PPM.A.RIR.VP,JUNTOS SOMOS COIMBRA,100
mapa_1_resultados.xlsx,1106,AL2021,060324,AF,PS,party,PS,,702
mapa_1_resultados.xlsx,1106,AL2021,060324,AF,PCP-PEV,coalition,PCP-PEV,,209
mapa_1_resultados.xlsx,1106,AL2021,060324,AF,[A],coalition,PPD/PSD.CDS-PP.NC.PPM.A.RIR.VP,JUNTOS SOMOS COIMBRA,439
mapa_1_resultados.xlsx,1107,AL2021,060329,AF,PS,party,PS,,627
mapa_1_resultados.xlsx,1107,AL2021,060329,AF,PCP-PEV,coalition,PCP-PEV,,256
mapa_1_resultados.xlsx,1107,AL2021,060329,AF,[A],coalition,PPD/PSD.CDS-PP.NC.PPM.A.RIR.VP,JUNTOS SOMOS COIMBRA,208
mapa_1_resultados.xlsx,1108,AL2021,060332,AF,PS,party,PS,,814
mapa_1_resultados.xlsx,1108,AL2021,060332,AF,PCP-PEV,coalition,PCP-PEV,,132
mapa_1_resultados.xlsx,1108,AL2021,060332,AF,[A],coalition,PPD/PSD.CDS-PP.NC.PPM.A.RIR.VP,JUNTOS SOMOS COIMBRA,424
mapa_1_resultados.xlsx,1109,AL2021,060333,AF,PS,party,PS,,824
mapa_1_resultados.xlsx,1109,AL2021,060333,AF,PCP-PEV,coalition,PCP-PEV,,174
mapa_1_resultados.xlsx,1109,AL2021,060333,AF,[A],coalition,PPD/PSD.CDS-PP.NC.PPM.A.RIR.VP,JUNTOS SOMOS COIMBRA,1264
mapa_1_resultados.xlsx,1109,AL2021,060333,AF,[D],citizen_group,CPC,Cidadãos por Coimbra,197
mapa_1_resultados.xlsx,1110,AL2021,060334,AF,CH,party,CH,,157
mapa_1_resultados.xlsx,1110,AL2021,060334,AF,PS,party,PS,,1378
mapa_1_resultados.xlsx,1110,AL2021,060334,AF,PCP-PEV,coalition,PCP-PEV,,514
mapa_1_resultados.xlsx,1110,AL2021,060334,AF,[A],coalition,PPD/PSD.CDS-PP.NC.PPM.A.RIR.VP,JUNTOS SOMOS COIMBRA,2923
mapa_1_resultados.xlsx,1110,AL2021,060334,AF,[D],citizen_group,CPC,Cidadãos por Coimbra,631
mapa_1_resultados.xlsx,1111,AL2021,060335,AF,CH,party,CH,,234
mapa_1_resultados.xlsx,1111,AL2021,060335,AF,PS,party,PS,,2526
mapa_1_resultados.xlsx,1111,AL2021,060335,AF,PCP-PEV,coalition,PCP-PEV,,844
mapa_1_resultados.xlsx,1111,AL2021,060335,AF,[A],coalition,PPD/PSD.CDS-PP.NC.PPM.A.RIR.VP,JUNTOS SOMOS COIMBRA,3040
mapa_1_resultados.xlsx,1111,AL2021,060335,AF,[D],citizen_group,CPC,Cidadãos por Coimbra,498
mapa_1_resultados.xlsx,1112,AL2021,060336,AF,CH,party,CH,,149
mapa_1_resultados.xlsx,1112,AL2021,060336,AF,PS,party,PS,,1818
mapa_1_resultados.xlsx,1112,AL2021,060336,AF,PCP-PEV,coalition,PCP-PEV,,564
mapa_1_resultados.xlsx,1112,AL2021,060336,AF,[A],coalition,PPD/PSD.CDS-PP.NC.PPM.A.RIR.VP,JUNTOS SOMOS COIMBRA,2128
mapa_1_resultados.xlsx,1112,AL2021,060336,AF,[D],citizen_group,CPC,Cidadãos por Coimbra,470
mapa_1_resultados.xlsx,1113,AL2021,060337,AF,PS,party,PS,,833
mapa_1_resultados.xlsx,1113,AL2021,060337,AF,PCP-PEV,coalition,PCP-PEV,,58
mapa_1_resultados.xlsx,1113,AL2021,060337,AF,[A],coalition,PPD/PSD.CDS-PP.NC.PPM.A.RIR.VP,JUNTOS SOMOS COIMBRA,670
mapa_1_resultados.xlsx,1114,AL2021,060338,AF,CH,party,CH,,197
mapa_1_resultados.xlsx,1114,AL2021,060338,AF,PS,party,PS,,3245
mapa_1_resultados.xlsx,1114,AL2021,060338,AF,PCP-PEV,coalition,PCP-PEV,,470
mapa_1_resultados.xlsx,1114,AL2021,060338,AF,[A],coalition,PPD/PSD.CDS-PP.NC.PPM.A.RIR.VP,JUNTOS SOMOS COIMBRA,2287
mapa_1_resultados.xlsx,1114,AL2021,060338,AF,[D],citizen_group,CPC,Cidadãos por Coimbra,495
mapa_1_resultados.xlsx,1115,AL2021,060339,AF,PS,party,PS,,711
mapa_1_resultados.xlsx,1115,AL2021,060339,AF,PCP-PEV,coalition,PCP-PEV,,249
mapa_1_resultados.xlsx,1115,AL2021,060339,AF,[A],coalition,PPD/PSD.CDS-PP.NC.PPM.A.RIR.VP,JUNTOS SOMOS COIMBRA,1200
mapa_1_resultados.xlsx,1116,AL2021,060340,AF,PS,party,PS,,615
mapa_1_resultados.xlsx,1116,AL2021,060340,AF,PCP-PEV,coalition,PCP-PEV,,1153
mapa_1_resultados.xlsx,1116,AL2021,060340,AF,[A],coalition,PPD/PSD.CDS-PP.NC.PPM.A.RIR.VP,JUNTOS SOMOS COIMBRA,327
mapa_1_resultados.xlsx,1117,AL2021,060341,AF,PS,party,PS,,933
mapa_1_resultados.xlsx,1117,AL2021,060341,AF,PCP-PEV,coalition,PCP-PEV,,173
mapa_1_resultados.xlsx,1117,AL2021,060341,AF,[A],coalition,PPD/PSD.CDS-PP.NC.PPM.A.RIR.VP,JUNTOS SOMOS COIMBRA,605
mapa_1_resultados.xlsx,1118,AL2021,060400,CM,B.E.,party,B.E.,,416
mapa_1_resultados.xlsx,1118,AL2021,060400,CM,CH,party,CH,,504
mapa_1_resultados.xlsx,1118,AL2021,060400,CM,PPD/PSD,party,PPD/PSD,,2476
mapa_1_resultados.xlsx,1118,AL2021,060400,CM,PS,party,PS,,3479
mapa_1_resultados.xlsx,1118,AL2021,060400,CM,PCP-PEV,coalition,PCP-PEV,,479
mapa_1_resultados.xlsx,1119,AL2021,060400,AM,B.E.,party,B.E.,,454
mapa_1_resultados.xlsx,1119,AL2021,060400,AM,CDS-PP,party,CDS-PP,,96
mapa_1_resultados.xlsx,1119,AL2021,060400,AM,CH,party,CH,,506
mapa_1_resultados.xlsx,1119,AL2021,060400,AM,PPD/PSD,party,PPD/PSD,,2262
mapa_1_resultados.xlsx,1119,AL2021,060400,AM,PS,party,PS,,3495
mapa_1_resultados.xlsx,1119,AL2021,060400,AM,PCP-PEV,coalition,PCP-PEV,,571
mapa_1_resultados.xlsx,1120,AL2021,060401,AF,PS,party,PS,,381
mapa_1_resultados.xlsx,1120,AL2021,060401,AF,PCP-PEV,coalition,PCP-PEV,,139
mapa_1_resultados.xlsx,1121,AL2021,060406,AF,PPD/PSD,party,PPD/PSD,,461
mapa_1_resultados.xlsx,1121,AL2021,060406,AF,PS,party,PS,,632
mapa_1_resultados.xlsx,1121,AL2021,060406,AF,PCP-PEV,coalition,PCP-PEV,,123
mapa_1_resultados.xlsx,1122,AL2021,060407,AF,PPD/PSD,party,PPD/PSD,,40
mapa_1_resultados.xlsx,1122,AL2021,060407,AF,PS,party,PS,,83
mapa_1_resultados.xlsx,1122,AL2021,060407,AF,PCP-PEV,coalition,PCP-PEV,,3
mapa_1_resultados.xlsx,1123,AL2021,060410,AF,PS,party,PS,,167
mapa_1_resultados.xlsx,1123,AL2021,060410,AF,PCP-PEV,coalition,PCP-PEV,,40
mapa_1_resultados.xlsx,1124,AL2021,060411,AF,B.E.,party,B.E.,,222
mapa_1_resultados.xlsx,1124,AL2021,060411,AF,PPD/PSD,party,PPD/PSD,,996
mapa_1_resultados.xlsx,1124,AL2021,060411,AF,PS,party,PS,,1853
mapa_1_resultados.xlsx,1124,AL2021,060411,AF,PCP-PEV,coalition,PCP-PEV,,255
mapa_1_resultados.xlsx,1125,AL2021,060412,AF,CH,party,CH,,87
mapa_1_resultados.xlsx,1125,AL2021,060412,AF,PPD/PSD,party,PPD/PSD,,178
mapa_1_resultados.xlsx,1125,AL2021,060412,AF,PS,party,PS,,765
mapa_1_resultados.xlsx,1125,AL2021,060412,AF,PCP-PEV,coalition,PCP-PEV,,66
mapa_1_resultados.xlsx,1125,AL2021,060412,AF,[D],citizen_group,TJPU,Todos Juntos Pela União,379
mapa_1_resultados.xlsx,1126,AL2021,060413,AF,PPD/PSD,party,PPD/PSD,,185
mapa_1_resultados.xlsx,1126,AL2021,060413,AF,PS,party,PS,,329
mapa_1_resultados.xlsx,1126,AL2021,060413,AF,PCP-PEV,coalition,PCP-PEV,,33
mapa_1_resultados.xlsx,1127,AL2021,060500,CM,B.E.,party,B.E.,,638
mapa_1_resultados.xlsx,1127,AL2021,060500,CM,CDS-PP,party,CDS-PP,,361
mapa_1_resultados.xlsx,1127,AL2021,060500,CM,PPD/PSD,party,PPD/PSD,,3357
mapa_1_resultados.xlsx,1127,AL2021,060500,CM,PS,party,PS,,11910
mapa_1_resultados.xlsx,1127,AL2021,060500,CM,PCP-PEV,coalition,PCP-PEV,,831
mapa_1_resultados.xlsx,1127,AL2021,060500,CM,[D],citizen_group,[D],,12529
mapa_1_resultados.xlsx,1128,AL2021,060500,AM,B.E.,party,B.E.,,1041
mapa_1_resultados.xlsx,1128,AL2021,060500,AM,CDS-PP,party,CDS-PP,,508
mapa_1_resultados.xlsx,1128,AL2021,060500,AM,PAN,party,PAN,,462
mapa_1_resultados.xlsx,1128,AL2021,060500,AM,PPD/PSD,party,PPD/PSD,,3698
mapa_1_resultados.xlsx,1128,AL2021,060500,AM,PS,party,PS,,11831
mapa_1_resultados.xlsx,1128,AL2021,060500,AM,PCP-PEV,coalition,PCP-PEV,,1203
mapa_1_resultados.xlsx,1128,AL2021,060500,AM,[D],citizen_group,[D],,10960
mapa_1_resultados.xlsx,1129,AL2021,060502,AF,PPD/PSD,party,PPD/PSD,,237
mapa_1_resultados.xlsx,1129,AL2021,060502,AF,PS,party,PS,,435
mapa_1_resultados.xlsx,1129,AL2021,060502,AF,PCP-PEV,coalition,PCP-PEV,,82
mapa_1_resultados.xlsx,1130,AL2021,060507,AF,CDS-PP,party,CDS-PP,,100
mapa_1_resultados.xlsx,1130,AL2021,060507,AF,PPD/PSD,party,PPD/PSD,,198
mapa_1_resultados.xlsx,1130,AL2021,060507,AF,PS,party,PS,,612
mapa_1_resultados.xlsx,1130,AL2021,060507,AF,PCP-PEV,coalition,PCP-PEV,,44
mapa_1_resultados.xlsx,1130,AL2021,060507,AF,[D],citizen_group,FAP,Figueira A Primeira,362
mapa_1_resultados.xlsx,1131,AL2021,060508,AF,B.E.,party,B.E.,,66
mapa_1_resultados.xlsx,1131,AL2021,060508,AF,PPD/PSD,party,PPD/PSD,,187
mapa_1_resultados.xlsx,1131,AL2021,060508,AF,PS,party,PS,,738
mapa_1_resultados.xlsx,1131,AL2021,060508,AF,PCP-PEV,coalition,PCP-PEV,,32
mapa_1_resultados.xlsx,1131,AL2021,060508,AF,[D],citizen_group,FAP,Figueira A Primeira,380
mapa_1_resultados.xlsx,1132,AL2021,060512,AF,B.E.,party,B.E.,,218
mapa_1_resultados.xlsx,1132,AL2021,060512,AF,CDS-PP,party,CDS-PP,,64
mapa_1_resultados.xlsx,1132,AL2021,060512,AF,PPD/PSD,party,PPD/PSD,,563
mapa_1_resultados.xlsx,1132,AL2021,060512,AF,PS,party,PS,,1920
mapa_1_resultados.xlsx,1132,AL2021,060512,AF,PCP-PEV,coalition,PCP-PEV,,226
mapa_1_resultados.xlsx,1132,AL2021,060512,AF,[D],citizen_group,FAP,Figueira A Primeira,1911
mapa_1_resultados.xlsx,1133,AL2021,060513,AF,PPD/PSD,party,PPD/PSD,,75
mapa_1_resultados.xlsx,1133,AL2021,060513,AF,PS,party,PS,,733
mapa_1_resultados.xlsx,1133,AL2021,060513,AF,PCP-PEV,coalition,PCP-PEV,,196
mapa_1_resultados.xlsx,1133,AL2021,060513,AF,[D],citizen_group,FAP,Figueira A Primeira,338
mapa_1_resultados.xlsx,1134,AL2021,060514,AF,PPD/PSD,party,PPD/PSD,,279
mapa_1_resultados.xlsx,1134,AL2021,060514,AF,PS,party,PS,,626
mapa_1_resultados.xlsx,1134,AL2021,060514,AF,PCP-PEV,coalition,PCP-PEV,,83
mapa_1_resultados.xlsx,1134,AL2021,060514,AF,[D],citizen_group,FAP,Figueira A Primeira,309
mapa_1_resultados.xlsx,1135,AL2021,060515,AF,CDS-PP,party,CDS-PP,,12
mapa_1_resultados.xlsx,1135,AL2021,060515,AF,PPD/PSD,party,PPD/PSD,,159
mapa_1_resultados.xlsx,1135,AL2021,060515,AF,PS,party,PS,,535
mapa_1_resultados.xlsx,1135,AL2021,060515,AF,PCP-PEV,coalition,PCP-PEV,,8
mapa_1_resultados.xlsx,1135,AL2021,060515,AF,[D],citizen_group,FAP,Figueira A Primeira,311
mapa_1_resultados.xlsx,1136,AL2021,060518,AF,PPD/PSD,party,PPD/PSD,,442
mapa_1_resultados.xlsx,1136,AL2021,060518,AF,PS,party,PS,,133
mapa_1_resultados.xlsx,1136,AL2021,060518,AF,PCP-PEV,coalition,PCP-PEV,,4
mapa_1_resultados.xlsx,1136,AL2021,060518,AF,[D],citizen_group,FAP,Figueira A Primeira,75
mapa_1_resultados.xlsx,1137,AL2021,060519,AF,CDS-PP,party,CDS-PP,,41
mapa_1_resultados.xlsx,1137,AL2021,060519,AF,PPD/PSD,party,PPD/PSD,,309
mapa_1_resultados.xlsx,1137,AL2021,060519,AF,PS,party,PS,,858
mapa_1_resultados.xlsx,1137,AL2021,060519,AF,PCP-PEV,coalition,PCP-PEV,,202
mapa_1_resultados.xlsx,1137,AL2021,060519,AF,[D],citizen_group,FAP,Figueira A Primeira,721
mapa_1_resultados.xlsx,1138,AL2021,060520,AF,B.E.,party,B.E.,,345
mapa_1_resultados.xlsx,1138,AL2021,060520,AF,CDS-PP,party,CDS-PP,,152
mapa_1_resultados.xlsx,1138,AL2021,060520,AF,PPD/PSD,party,PPD/PSD,,1276
mapa_1_resultados.xlsx,1138,AL2021,060520,AF,PS,party,PS,,2933
mapa_1_resultados.xlsx,1138,AL2021,060520,AF,PCP-PEV,coalition,PCP-PEV,,430
mapa_1_resultados.xlsx,1138,AL2021,060520,AF,[D],citizen_group,FAP,Figueira A Primeira,3692
mapa_1_resultados.xlsx,1139,AL2021,060521,AF,CDS-PP,party,CDS-PP,,28
mapa_1_resultados.xlsx,1139,AL2021,060521,AF,PPD/PSD,party,PPD/PSD,,354
mapa_1_resultados.xlsx,1139,AL2021,060521,AF,PS,party,PS,,653
mapa_1_resultados.xlsx,1139,AL2021,060521,AF,PCP-PEV,coalition,PCP-PEV,,18
mapa_1_resultados.xlsx,1139,AL2021,060521,AF,[D],citizen_group,FAP,Figueira A Primeira,247
mapa_1_resultados.xlsx,1140,AL2021,060522,AF,PPD/PSD,party,PPD/PSD,,505
mapa_1_resultados.xlsx,1140,AL2021,060522,AF,PS,party,PS,,798
mapa_1_resultados.xlsx,1140,AL2021,060522,AF,PCP-PEV,coalition,PCP-PEV,,102
mapa_1_resultados.xlsx,1141,AL2021,060523,AF,PPD/PSD,party,PPD/PSD,,372
mapa_1_resultados.xlsx,1141,AL2021,060523,AF,PS,party,PS,,512
mapa_1_resultados.xlsx,1141,AL2021,060523,AF,PCP-PEV,coalition,PCP-PEV,,35
mapa_1_resultados.xlsx,1141,AL2021,060523,AF,[D],citizen_group,FAP,Figueira A Primeira,548
mapa_1_resultados.xlsx,1142,AL2021,060524,AF,PPD/PSD,party,PPD/PSD,,235
mapa_1_resultados.xlsx,1142,AL2021,060524,AF,PS,party,PS,,617
mapa_1_resultados.xlsx,1142,AL2021,060524,AF,PCP-PEV,coalition,PCP-PEV,,113
mapa_1_resultados.xlsx,1142,AL2021,060524,AF,[D],citizen_group,FAP,Figueira A Primeira,506
mapa_1_resultados.xlsx,1143,AL2021,060600,CM,CDS-PP,party,CDS-PP,,62
mapa_1_resultados.xlsx,1143,AL2021,060600,CM,PPD/PSD,party,PPD/PSD,,1025
mapa_1_resultados.xlsx,1143,AL2021,060600,CM,PS,party,PS,,474
mapa_1_resultados.xlsx,1143,AL2021,060600,CM,PCP-PEV,coalition,PCP-PEV,,76
mapa_1_resultados.xlsx,1143,AL2021,060600,CM,[D],citizen_group,I-Góis,Independentes por Góis,816
mapa_1_resultados.xlsx,1144,AL2021,060600,AM,PPD/PSD,party,PPD/PSD,,1043
mapa_1_resultados.xlsx,1144,AL2021,060600,AM,PS,party,PS,,553
mapa_1_resultados.xlsx,1144,AL2021,060600,AM,PCP-PEV,coalition,PCP-PEV,,92
mapa_1_resultados.xlsx,1144,AL2021,060600,AM,[D],citizen_group,I-Góis,Independentes por Góis,749
mapa_1_resultados.xlsx,1145,AL2021,060601,AF,PPD/PSD,party,PPD/PSD,,99
mapa_1_resultados.xlsx,1145,AL2021,060601,AF,PS,party,PS,,58
mapa_1_resultados.xlsx,1145,AL2021,060601,AF,PCP-PEV,coalition,PCP-PEV,,17
mapa_1_resultados.xlsx,1145,AL2021,060601,AF,[D],citizen_group,I-Góis,Independentes por Góis,231
mapa_1_resultados.xlsx,1146,AL2021,060604,AF,PPD/PSD,party,PPD/PSD,,468
mapa_1_resultados.xlsx,1146,AL2021,060604,AF,PS,party,PS,,318
mapa_1_resultados.xlsx,1146,AL2021,060604,AF,PCP-PEV,coalition,PCP-PEV,,35
mapa_1_resultados.xlsx,1146,AL2021,060604,AF,[D],citizen_group,I-Góis,Independentes por Góis,430
mapa_1_resultados.xlsx,1147,AL2021,060605,AF,PPD/PSD,party,PPD/PSD,,214
mapa_1_resultados.xlsx,1147,AL2021,060605,AF,PS,party,PS,,175
mapa_1_resultados.xlsx,1147,AL2021,060605,AF,PCP-PEV,coalition,PCP-PEV,,25
mapa_1_resultados.xlsx,1147,AL2021,060605,AF,[D],citizen_group,I-Góis,Independentes por Góis,168
mapa_1_resultados.xlsx,1148,AL2021,060606,AF,PPD/PSD,party,PPD/PSD,,62
mapa_1_resultados.xlsx,1148,AL2021,060606,AF,PS,party,PS,,37
mapa_1_resultados.xlsx,1148,AL2021,060606,AF,PCP-PEV,coalition,PCP-PEV,,6
mapa_1_resultados.xlsx,1148,AL2021,060606,AF,[D],citizen_group,I-Góis,Independentes por Góis,89
mapa_1_resultados.xlsx,1149,AL2021,060700,CM,B.E.,party,B.E.,,408
mapa_1_resultados.xlsx,1149,AL2021,060700,CM,CH,party,CH,,225
mapa_1_resultados.xlsx,1149,AL2021,060700,CM,PS,party,PS,,4474
mapa_1_resultados.xlsx,1149,AL2021,060700,CM,PCP-PEV,coalition,PCP-PEV,,234
mapa_1_resultados.xlsx,1149,AL2021,060700,CM,[A],coalition,[A],,2708
mapa_1_resultados.xlsx,1150,AL2021,060700,AM,B.E.,party,B.E.,,493
mapa_1_resultados.xlsx,1150,AL2021,060700,AM,PS,party,PS,,4274
mapa_1_resultados.xlsx,1150,AL2021,060700,AM,PCP-PEV,coalition,PCP-PEV,,337
mapa_1_resultados.xlsx,1150,AL2021,060700,AM,[A],coalition,[A],,2925
mapa_1_resultados.xlsx,1151,AL2021,060704,AF,PS,party,PS,,536
mapa_1_resultados.xlsx,1151,AL2021,060704,AF,PCP-PEV,coalition,PCP-PEV,,20
mapa_1_resultados.xlsx,1151,AL2021,060704,AF,[A],coalition,PPD/PSD.CDS-PP,É HORA DE MUDAR,377
mapa_1_resultados.xlsx,1152,AL2021,060706,AF,PS,party,PS,,326
mapa_1_resultados.xlsx,1152,AL2021,060706,AF,PCP-PEV,coalition,PCP-PEV,,21
mapa_1_resultados.xlsx,1152,AL2021,060706,AF,[A],coalition,PPD/PSD.CDS-PP,É HORA DE MUDAR,306
mapa_1_resultados.xlsx,1153,AL2021,060707,AF,PS,party,PS,,356
mapa_1_resultados.xlsx,1153,AL2021,060707,AF,PCP-PEV,coalition,PCP-PEV,,22
mapa_1_resultados.xlsx,1153,AL2021,060707,AF,[A],coalition,PPD/PSD.CDS-PP,É HORA DE MUDAR,223
mapa_1_resultados.xlsx,1154,AL2021,060708,AF,B.E.,party,B.E.,,417
mapa_1_resultados.xlsx,1154,AL2021,060708,AF,PS,party,PS,,3055
mapa_1_resultados.xlsx,1154,AL2021,060708,AF,PCP-PEV,coalition,PCP-PEV,,253
mapa_1_resultados.xlsx,1154,AL2021,060708,AF,[A],coalition,PPD/PSD.CDS-PP,É HORA DE MUDAR,2095
mapa_1_resultados.xlsx,1155,AL2021,060800,CM,CH,party,CH,,262
mapa_1_resultados.xlsx,1155,AL2021,060800,CM,PPD/PSD,party,PPD/PSD,,4383
mapa_1_resultados.xlsx,1155,AL2021,060800,CM,PS,party,PS,,2300
mapa_1_resultados.xlsx,1155,AL2021,060800,CM,PCP-PEV,coalition,PCP-PEV,,137
mapa_1_resultados.xlsx,1156,AL2021,060800,AM,CH,party,CH,,326
mapa_1_resultados.xlsx,1156,AL2021,060800,AM,PPD/PSD,party,PPD/PSD,,3831
mapa_1_resultados.xlsx,1156,AL2021,060800,AM,PS,party,PS,,2756
mapa_1_resultados.xlsx,1156,AL2021,060800,AM,PCP-PEV,coalition,PCP-PEV,,146
mapa_1_resultados.xlsx,1157,AL2021,060801,AF,CH,party,CH,,157
mapa_1_resultados.xlsx,1157,AL2021,060801,AF,PPD/PSD,party,PPD/PSD,,2214
mapa_1_resultados.xlsx,1157,AL2021,060801,AF,PS,party,PS,,1458
mapa_1_resultados.xlsx,1157,AL2021,060801,AF,PCP-PEV,coalition,PCP-PEV,,73
mapa_1_resultados.xlsx,1158,AL2021,060802,AF,PPD/PSD,party,PPD/PSD,,554
mapa_1_resultados.xlsx,1158,AL2021,060802,AF,PS,party,PS,,165
mapa_1_resultados.xlsx,1158,AL2021,060802,AF,PCP-PEV,coalition,PCP-PEV,,43
mapa_1_resultados.xlsx,1159,AL2021,060803,AF,PPD/PSD,party,PPD/PSD,,291
mapa_1_resultados.xlsx,1159,AL2021,060803,AF,PS,party,PS,,144
mapa_1_resultados.xlsx,1160,AL2021,060804,AF,PPD/PSD,party,PPD/PSD,,602
mapa_1_resultados.xlsx,1160,AL2021,060804,AF,PS,party,PS,,1358
mapa_1_resultados.xlsx,1161,AL2021,060900,CM,B.E.,party,B.E.,,135
mapa_1_resultados.xlsx,1161,AL2021,060900,CM,CDS-PP,party,CDS-PP,,81
mapa_1_resultados.xlsx,1161,AL2021,060900,CM,CH,party,CH,,118
mapa_1_resultados.xlsx,1161,AL2021,060900,CM,PS,party,PS,,2982
mapa_1_resultados.xlsx,1161,AL2021,060900,CM,PCP-PEV,coalition,PCP-PEV,,340
mapa_1_resultados.xlsx,1161,AL2021,060900,CM,[A],coalition,PPD/PSD.PPM,JUNTOS POR MIRANDA,2677
mapa_1_resultados.xlsx,1162,AL2021,060900,AM,B.E.,party,B.E.,,226
mapa_1_resultados.xlsx,1162,AL2021,060900,AM,CDS-PP,party,CDS-PP,,106
mapa_1_resultados.xlsx,1162,AL2021,060900,AM,PS,party,PS,,3098
mapa_1_resultados.xlsx,1162,AL2021,060900,AM,PCP-PEV,coalition,PCP-PEV,,392
mapa_1_resultados.xlsx,1162,AL2021,060900,AM,[A],coalition,PPD/PSD.PPM,JUNTOS POR MIRANDA,2477
mapa_1_resultados.xlsx,1163,AL2021,060901,AF,PS,party,PS,,203
mapa_1_resultados.xlsx,1163,AL2021,060901,AF,PCP-PEV,coalition,PCP-PEV,,16
mapa_1_resultados.xlsx,1163,AL2021,060901,AF,[A],coalition,PPD/PSD.PPM,JUNTOS POR MIRANDA,277
mapa_1_resultados.xlsx,1164,AL2021,060902,AF,B.E.,party,B.E.,,107
mapa_1_resultados.xlsx,1164,AL2021,060902,AF,PS,party,PS,,1699
mapa_1_resultados.xlsx,1164,AL2021,060902,AF,PCP-PEV,coalition,PCP-PEV,,251
mapa_1_resultados.xlsx,1164,AL2021,060902,AF,[A],coalition,PPD/PSD.PPM,JUNTOS POR MIRANDA,1542
mapa_1_resultados.xlsx,1165,AL2021,060905,AF,PS,party,PS,,353
mapa_1_resultados.xlsx,1165,AL2021,060905,AF,PCP-PEV,coalition,PCP-PEV,,28
mapa_1_resultados.xlsx,1165,AL2021,060905,AF,[A],coalition,PPD/PSD.PPM,JUNTOS POR MIRANDA,122
mapa_1_resultados.xlsx,1166,AL2021,060906,AF,B.E.,party,B.E.,,50
mapa_1_resultados.xlsx,1166,AL2021,060906,AF,PS,party,PS,,829
mapa_1_resultados.xlsx,1166,AL2021,060906,AF,PCP-PEV,coalition,PCP-PEV,,95
mapa_1_resultados.xlsx,1166,AL2021,060906,AF,[A],coalition,PPD/PSD.PPM,JUNTOS POR MIRANDA,746
mapa_1_resultados.xlsx,1167,AL2021,061000,CM,B.E.,party,B.E.,,339
mapa_1_resultados.xlsx,1167,AL2021,061000,CM,CH,party,CH,,435
mapa_1_resultados.xlsx,1167,AL2021,061000,CM,PS,party,PS,,6816
mapa_1_resultados.xlsx,1167,AL2021,061000,CM,PCP-PEV,coalition,PCP-PEV,,952
mapa_1_resultados.xlsx,1167,AL2021,061000,CM,[A],coalition,PPD/PSD.CDS-PP,UNIR PELA MUDANÇA,4370
mapa_1_resultados.xlsx,1168,AL2021,061000,AM,B.E.,party,B.E.,,408
mapa_1_resultados.xlsx,1168,AL2021,061000,AM,CH,party,CH,,517
mapa_1_resultados.xlsx,1168,AL2021,061000,AM,PS,party,PS,,6446
mapa_1_resultados.xlsx,1168,AL2021,061000,AM,PCP-PEV,coalition,PCP-PEV,,1021
mapa_1_resultados.xlsx,1168,AL2021,061000,AM,[A],coalition,PPD/PSD.CDS-PP,UNIR PELA MUDANÇA,4503
mapa_1_resultados.xlsx,1169,AL2021,061002,AF,PS,party,PS,,1289
mapa_1_resultados.xlsx,1169,AL2021,061002,AF,PCP-PEV,coalition,PCP-PEV,,225
mapa_1_resultados.xlsx,1169,AL2021,061002,AF,[A],coalition,PPD/PSD.CDS-PP,UNIR PELA MUDANÇA,1075
mapa_1_resultados.xlsx,1170,AL2021,061003,AF,PS,party,PS,,613
mapa_1_resultados.xlsx,1170,AL2021,061003,AF,PCP-PEV,coalition,PCP-PEV,,192
mapa_1_resultados.xlsx,1170,AL2021,061003,AF,[A],coalition,PPD/PSD.CDS-PP,UNIR PELA MUDANÇA,444
mapa_1_resultados.xlsx,1171,AL2021,061005,AF,PS,party,PS,,400
mapa_1_resultados.xlsx,1171,AL2021,061005,AF,PCP-PEV,coalition,PCP-PEV,,43
mapa_1_resultados.xlsx,1171,AL2021,061005,AF,[A],coalition,PPD/PSD.CDS-PP,UNIR PELA MUDANÇA,239
mapa_1_resultados.xlsx,1172,AL2021,061006,AF,PS,party,PS,,600
mapa_1_resultados.xlsx,1172,AL2021,061006,AF,PCP-PEV,coalition,PCP-PEV,,27
mapa_1_resultados.xlsx,1172,AL2021,061006,AF,[A],coalition,PPD/PSD.CDS-PP,UNIR PELA MUDANÇA,448
mapa_1_resultados.xlsx,1173,AL2021,061008,AF,PS,party,PS,,981
mapa_1_resultados.xlsx,1173,AL2021,061008,AF,PCP-PEV,coalition,PCP-PEV,,154
mapa_1_resultados.xlsx,1173,AL2021,061008,AF,[A],coalition,PPD/PSD.CDS-PP,UNIR PELA MUDANÇA,490
mapa_1_resultados.xlsx,1174,AL2021,061009,AF,PS,party,PS,,526
mapa_1_resultados.xlsx,1174,AL2021,061009,AF,PCP-PEV,coalition,PCP-PEV,,103
mapa_1_resultados.xlsx,1174,AL2021,061009,AF,[A],coalition,PPD/PSD.CDS-PP,UNIR PELA MUDANÇA,385
mapa_1_resultados.xlsx,1175,AL2021,061010,AF,PS,party,PS,,411
mapa_1_resultados.xlsx,1175,AL2021,061010,AF,PCP-PEV,coalition,PCP-PEV,,27
mapa_1_resultados.xlsx,1175,AL2021,061010,AF,[A],coalition,PPD/PSD.CDS-PP,UNIR PELA MUDANÇA,380
mapa_1_resultados.xlsx,1176,AL2021,061011,AF,PS,party,PS,,459
mapa_1_resultados.xlsx,1176,AL2021,061011,AF,[A],coalition,PPD/PSD.CDS-PP,UNIR PELA MUDANÇA,616
mapa_1_resultados.xlsx,1177,AL2021,061014,AF,PS,party,PS,,314
mapa_1_resultados.xlsx,1178,AL2021,061015,AF,PS,party,PS,,279
mapa_1_resultados.xlsx,1178,AL2021,061015,AF,PCP-PEV,coalition,PCP-PEV,,124
mapa_1_resultados.xlsx,1178,AL2021,061015,AF,[A],coalition,PPD/PSD.CDS-PP,UNIR PELA MUDANÇA,330
mapa_1_resultados.xlsx,1179,AL2021,061016,AF,CH,party,CH,,50
mapa_1_resultados.xlsx,1179,AL2021,061016,AF,PS,party,PS,,682
mapa_1_resultados.xlsx,1179,AL2021,061016,AF,PCP-PEV,coalition,PCP-PEV,,191
mapa_1_resultados.xlsx,1179,AL2021,061016,AF,[A],coalition,PPD/PSD.CDS-PP,UNIR PELA MUDANÇA,746
mapa_1_resultados.xlsx,1180,AL2021,061100,CM,CH,party,CH,,436
mapa_1_resultados.xlsx,1180,AL2021,061100,CM,PS,party,PS,,6677
mapa_1_resultados.xlsx,1180,AL2021,061100,CM,PCP-PEV,coalition,PCP-PEV,,308
mapa_1_resultados.xlsx,1180,AL2021,061100,CM,[A],coalition,PPD/PSD.CDS-PP,UNIDOS PARA CONSTRUIR O FUTURO,4024
mapa_1_resultados.xlsx,1181,AL2021,061100,AM,CH,party,CH,,455
mapa_1_resultados.xlsx,1181,AL2021,061100,AM,PS,party,PS,,6514
mapa_1_resultados.xlsx,1181,AL2021,061100,AM,PCP-PEV,coalition,PCP-PEV,,388
mapa_1_resultados.xlsx,1181,AL2021,061100,AM,[A],coalition,PPD/PSD.CDS-PP,UNIDOS PARA CONSTRUIR O FUTURO,4077
mapa_1_resultados.xlsx,1182,AL2021,061101,AF,PS,party,PS,,205
mapa_1_resultados.xlsx,1182,AL2021,061101,AF,[A],coalition,PPD/PSD.CDS-PP,UNIDOS PARA CONSTRUIR O FUTURO,87
mapa_1_resultados.xlsx,1183,AL2021,061102,AF,PS,party,PS,,105
mapa_1_resultados.xlsx,1183,AL2021,061102,AF,[A],coalition,PPD/PSD.CDS-PP,UNIDOS PARA CONSTRUIR O FUTURO,114
mapa_1_resultados.xlsx,1184,AL2021,061103,AF,PS,party,PS,,178
mapa_1_resultados.xlsx,1184,AL2021,061103,AF,[A],coalition,PPD/PSD.CDS-PP,UNIDOS PARA CONSTRUIR O FUTURO,144
mapa_1_resultados.xlsx,1185,AL2021,061104,AF,CH,party,CH,,19
mapa_1_resultados.xlsx,1185,AL2021,061104,AF,PS,party,PS,,150
mapa_1_resultados.xlsx,1185,AL2021,061104,AF,PCP-PEV,coalition,PCP-PEV,,9
mapa_1_resultados.xlsx,1185,AL2021,061104,AF,[A],coalition,PPD/PSD.CDS-PP,UNIDOS PARA CONSTRUIR O FUTURO,208
mapa_1_resultados.xlsx,1186,AL2021,061106,AF,PS,party,PS,,450
mapa_1_resultados.xlsx,1186,AL2021,061106,AF,[A],coalition,PPD/PSD.CDS-PP,UNIDOS PARA CONSTRUIR O FUTURO,343
mapa_1_resultados.xlsx,1187,AL2021,061109,AF,PS,party,PS,,231
mapa_1_resultados.xlsx,1187,AL2021,061109,AF,[A],coalition,PPD/PSD.CDS-PP,UNIDOS PARA CONSTRUIR O FUTURO,135
mapa_1_resultados.xlsx,1188,AL2021,061110,AF,PS,party,PS,,154
mapa_1_resultados.xlsx,1188,AL2021,061110,AF,PCP-PEV,coalition,PCP-PEV,,157
mapa_1_resultados.xlsx,1188,AL2021,061110,AF,[A],coalition,PPD/PSD.CDS-PP,UNIDOS PARA CONSTRUIR O FUTURO,24
mapa_1_resultados.xlsx,1189,AL2021,061111,AF,PS,party,PS,,826
mapa_1_resultados.xlsx,1189,AL2021,061111,AF,PCP-PEV,coalition,PCP-PEV,,22
mapa_1_resultados.xlsx,1189,AL2021,061111,AF,[A],coalition,PPD/PSD.CDS-PP,UNIDOS PARA CONSTRUIR O FUTURO,374
mapa_1_resultados.xlsx,1190,AL2021,061115,AF,PS,party,PS,,105
mapa_1_resultados.xlsx,1190,AL2021,061115,AF,[A],coalition,PPD/PSD.CDS-PP,UNIDOS PARA CONSTRUIR O FUTURO,163
mapa_1_resultados.xlsx,1191,AL2021,061118,AF,PS,party,PS,,459
mapa_1_resultados.xlsx,1191,AL2021,061118,AF,[A],coalition,PPD/PSD.CDS-PP,UNIDOS PARA CONSTRUIR O FUTURO,337
mapa_1_resultados.xlsx,1192,AL2021,061119,AF,PS,party,PS,,366
mapa_1_resultados.xlsx,1192,AL2021,061119,AF,[A],coalition,PPD/PSD.CDS-PP,UNIDOS PARA CONSTRUIR O FUTURO,301
mapa_1_resultados.xlsx,1193,AL2021,061122,AF,CH,party,CH,,33
mapa_1_resultados.xlsx,1193,AL2021,061122,AF,PS,party,PS,,393
mapa_1_resultados.xlsx,1193,AL2021,061122,AF,PCP-PEV,coalition,PCP-PEV,,109
mapa_1_resultados.xlsx,1193,AL2021,061122,AF,[A],coalition,PPD/PSD.CDS-PP,UNIDOS PARA CONSTRUIR O FUTURO,180
mapa_1_resultados.xlsx,1194,AL2021,061123,AF,[D],citizen_group,ILL,Independentes Lagos e Lageosa,568
mapa_1_resultados.xlsx,1195,AL2021,061124,AF,CH,party,CH,,144
mapa_1_resultados.xlsx,1195,AL2021,061124,AF,PS,party,PS,,1796
mapa_1_resultados.xlsx,1195,AL2021,061124,AF,PCP-PEV,coalition,PCP-PEV,,46
mapa_1_resultados.xlsx,1195,AL2021,061124,AF,[A],coalition,PPD/PSD.CDS-PP,UNIDOS PARA CONSTRUIR O FUTURO,1197
mapa_1_resultados.xlsx,1196,AL2021,061125,AF,PS,party,PS,,416
mapa_1_resultados.xlsx,1196,AL2021,061125,AF,[A],coalition,PPD/PSD.CDS-PP,UNIDOS PARA CONSTRUIR O FUTURO,229
mapa_1_resultados.xlsx,1197,AL2021,061126,AF,CH,party,CH,,21
mapa_1_resultados.xlsx,1197,AL2021,061126,AF,PS,party,PS,,201
mapa_1_resultados.xlsx,1197,AL2021,061126,AF,[A],coalition,PPD/PSD.CDS-PP,UNIDOS PARA CONSTRUIR O FUTURO,275
mapa_1_resultados.xlsx,1198,AL2021,061200,CM,CDS-PP,party,CDS-PP,,155
mapa_1_resultados.xlsx,1198,AL2021,061200,CM,PPD/PSD,party,PPD/PSD,,1541
mapa_1_resultados.xlsx,1198,AL2021,061200,CM,PS,party,PS,,708
mapa_1_resultados.xlsx,1198,AL2021,061200,CM,PCP-PEV,coalition,PCP-PEV,,30
mapa_1_resultados.xlsx,1199,AL2021,061200,AM,CDS-PP,party,CDS-PP,,163
mapa_1_resultados.xlsx,1199,AL2021,061200,AM,PPD/PSD,party,PPD/PSD,,1528
mapa_1_resultados.xlsx,1199,AL2021,061200,AM,PS,party,PS,,713
mapa_1_resultados.xlsx,1199,AL2021,061200,AM,PCP-PEV,coalition,PCP-PEV,,44
mapa_1_resultados.xlsx,1200,AL2021,061201,AF,PPD/PSD,party,PPD/PSD,,132
mapa_1_resultados.xlsx,1201,AL2021,061202,AF,PPD/PSD,party,PPD/PSD,,208
mapa_1_resultados.xlsx,1201,AL2021,061202,AF,PS,party,PS,,111
mapa_1_resultados.xlsx,1202,AL2021,061204,AF,CDS-PP,party,CDS-PP,,56
mapa_1_resultados.xlsx,1202,AL2021,061204,AF,PPD/PSD,party,PPD/PSD,,226
mapa_1_resultados.xlsx,1202,AL2021,061204,AF,PS,party,PS,,92
mapa_1_resultados.xlsx,1203,AL2021,061206,AF,PPD/PSD,party,PPD/PSD,,460
mapa_1_resultados.xlsx,1203,AL2021,061206,AF,PS,party,PS,,295
mapa_1_resultados.xlsx,1203,AL2021,061206,AF,PCP-PEV,coalition,PCP-PEV,,26
mapa_1_resultados.xlsx,1205,AL2021,061209,AF,CDS-PP,party,CDS-PP,,50
mapa_1_resultados.xlsx,1205,AL2021,061209,AF,PPD/PSD,party,PPD/PSD,,192
mapa_1_resultados.xlsx,1205,AL2021,061209,AF,PS,party,PS,,38
mapa_1_resultados.xlsx,1206,AL2021,061211,AF,PPD/PSD,party,PPD/PSD,,140
mapa_1_resultados.xlsx,1206,AL2021,061211,AF,PCP-PEV,coalition,PCP-PEV,,32
mapa_1_resultados.xlsx,1207,AL2021,061212,AF,PPD/PSD,party,PPD/PSD,,202
mapa_1_resultados.xlsx,1208,AL2021,061300,CM,CDS-PP,party,CDS-PP,,83
mapa_1_resultados.xlsx,1208,AL2021,061300,CM,CH,party,CH,,88
mapa_1_resultados.xlsx,1208,AL2021,061300,CM,PPD/PSD,party,PPD/PSD,,3863
mapa_1_resultados.xlsx,1208,AL2021,061300,CM,PS,party,PS,,3584
mapa_1_resultados.xlsx,1208,AL2021,061300,CM,PCP-PEV,coalition,PCP-PEV,,425
mapa_1_resultados.xlsx,1209,AL2021,061300,AM,CDS-PP,party,CDS-PP,,105
mapa_1_resultados.xlsx,1209,AL2021,061300,AM,PPD/PSD,party,PPD/PSD,,3778
mapa_1_resultados.xlsx,1209,AL2021,061300,AM,PS,party,PS,,3583
mapa_1_resultados.xlsx,1209,AL2021,061300,AM,PCP-PEV,coalition,PCP-PEV,,557
mapa_1_resultados.xlsx,1210,AL2021,061301,AF,PPD/PSD,party,PPD/PSD,,159
mapa_1_resultados.xlsx,1210,AL2021,061301,AF,PS,party,PS,,223
mapa_1_resultados.xlsx,1210,AL2021,061301,AF,PCP-PEV,coalition,PCP-PEV,,5
mapa_1_resultados.xlsx,1211,AL2021,061302,AF,PPD/PSD,party,PPD/PSD,,608
mapa_1_resultados.xlsx,1211,AL2021,061302,AF,PS,party,PS,,792
mapa_1_resultados.xlsx,1211,AL2021,061302,AF,PCP-PEV,coalition,PCP-PEV,,30
mapa_1_resultados.xlsx,1212,AL2021,061304,AF,CDS-PP,party,CDS-PP,,23
mapa_1_resultados.xlsx,1212,AL2021,061304,AF,PPD/PSD,party,PPD/PSD,,511
mapa_1_resultados.xlsx,1212,AL2021,061304,AF,PS,party,PS,,931
mapa_1_resultados.xlsx,1212,AL2021,061304,AF,PCP-PEV,coalition,PCP-PEV,,367
mapa_1_resultados.xlsx,1213,AL2021,061307,AF,PPD/PSD,party,PPD/PSD,,747
mapa_1_resultados.xlsx,1213,AL2021,061307,AF,PS,party,PS,,877
mapa_1_resultados.xlsx,1213,AL2021,061307,AF,PCP-PEV,coalition,PCP-PEV,,105
mapa_1_resultados.xlsx,1214,AL2021,061310,AF,PPD/PSD,party,PPD/PSD,,249
mapa_1_resultados.xlsx,1214,AL2021,061310,AF,PS,party,PS,,227
mapa_1_resultados.xlsx,1214,AL2021,061310,AF,PCP-PEV,coalition,PCP-PEV,,9
mapa_1_resultados.xlsx,1215,AL2021,061312,AF,PPD/PSD,party,PPD/PSD,,252
mapa_1_resultados.xlsx,1215,AL2021,061312,AF,PS,party,PS,,280
mapa_1_resultados.xlsx,1215,AL2021,061312,AF,PCP-PEV,coalition,PCP-PEV,,8
mapa_1_resultados.xlsx,1216,AL2021,061313,AF,PPD/PSD,party,PPD/PSD,,209
mapa_1_resultados.xlsx,1216,AL2021,061313,AF,PS,party,PS,,275
mapa_1_resultados.xlsx,1216,AL2021,061313,AF,PCP-PEV,coalition,PCP-PEV,,101
mapa_1_resultados.xlsx,1217,AL2021,061314,AF,PPD/PSD,party,PPD/PSD,,701
mapa_1_resultados.xlsx,1217,AL2021,061314,AF,PS,party,PS,,361
mapa_1_resultados.xlsx,1217,AL2021,061314,AF,PCP-PEV,coalition,PCP-PEV,,29
mapa_1_resultados.xlsx,1218,AL2021,061400,CM,PPD/PSD,party,PPD/PSD,,1272
mapa_1_resultados.xlsx,1218,AL2021,061400,CM,PS,party,PS,,1846
mapa_1_resultados.xlsx,1218,AL2021,061400,CM,PCP-PEV,coalition,PCP-PEV,,32
mapa_1_resultados.xlsx,1219,AL2021,061400,AM,PPD/PSD,party,PPD/PSD,,1254
mapa_1_resultados.xlsx,1219,AL2021,061400,AM,PS,party,PS,,1803
mapa_1_resultados.xlsx,1219,AL2021,061400,AM,PCP-PEV,coalition,PCP-PEV,,57
mapa_1_resultados.xlsx,1220,AL2021,061401,AF,PPD/PSD,party,PPD/PSD,,295
mapa_1_resultados.xlsx,1220,AL2021,061401,AF,PS,party,PS,,301
mapa_1_resultados.xlsx,1221,AL2021,061402,AF,PPD/PSD,party,PPD/PSD,,229
mapa_1_resultados.xlsx,1221,AL2021,061402,AF,[D],citizen_group,JPM,"Grupo de Cidadãos ""Juntos Pela Mudança""",174
mapa_1_resultados.xlsx,1222,AL2021,061403,AF,PPD/PSD,party,PPD/PSD,,156
mapa_1_resultados.xlsx,1222,AL2021,061403,AF,PS,party,PS,,147
mapa_1_resultados.xlsx,1223,AL2021,061407,AF,PPD/PSD,party,PPD/PSD,,418
mapa_1_resultados.xlsx,1223,AL2021,061407,AF,PS,party,PS,,1372
mapa_1_resultados.xlsx,1223,AL2021,061407,AF,PCP-PEV,coalition,PCP-PEV,,21
mapa_1_resultados.xlsx,1224,AL2021,061500,CM,CH,party,CH,,336
mapa_1_resultados.xlsx,1224,AL2021,061500,CM,PPD/PSD,party,PPD/PSD,,3446
mapa_1_resultados.xlsx,1224,AL2021,061500,CM,PS,party,PS,,4180
mapa_1_resultados.xlsx,1224,AL2021,061500,CM,PCP-PEV,coalition,PCP-PEV,,791
mapa_1_resultados.xlsx,1225,AL2021,061500,AM,CH,party,CH,,417
mapa_1_resultados.xlsx,1225,AL2021,061500,AM,PPD/PSD,party,PPD/PSD,,2798
mapa_1_resultados.xlsx,1225,AL2021,061500,AM,PS,party,PS,,4385
mapa_1_resultados.xlsx,1225,AL2021,061500,AM,PCP-PEV,coalition,PCP-PEV,,1064
mapa_1_resultados.xlsx,1226,AL2021,061501,AF,PPD/PSD,party,PPD/PSD,,117
mapa_1_resultados.xlsx,1226,AL2021,061501,AF,PS,party,PS,,342
mapa_1_resultados.xlsx,1226,AL2021,061501,AF,PCP-PEV,coalition,PCP-PEV,,201
mapa_1_resultados.xlsx,1227,AL2021,061504,AF,PPD/PSD,party,PPD/PSD,,115
mapa_1_resultados.xlsx,1227,AL2021,061504,AF,PS,party,PS,,442
mapa_1_resultados.xlsx,1227,AL2021,061504,AF,PCP-PEV,coalition,PCP-PEV,,180
mapa_1_resultados.xlsx,1228,AL2021,061506,AF,PPD/PSD,party,PPD/PSD,,184
mapa_1_resultados.xlsx,1228,AL2021,061506,AF,PS,party,PS,,444
mapa_1_resultados.xlsx,1228,AL2021,061506,AF,PCP-PEV,coalition,PCP-PEV,,161
mapa_1_resultados.xlsx,1229,AL2021,061508,AF,PPD/PSD,party,PPD/PSD,,171
mapa_1_resultados.xlsx,1229,AL2021,061508,AF,PS,party,PS,,400
mapa_1_resultados.xlsx,1229,AL2021,061508,AF,PCP-PEV,coalition,PCP-PEV,,59
mapa_1_resultados.xlsx,1230,AL2021,061509,AF,CH,party,CH,,157
mapa_1_resultados.xlsx,1230,AL2021,061509,AF,PPD/PSD,party,PPD/PSD,,1327
mapa_1_resultados.xlsx,1230,AL2021,061509,AF,PS,party,PS,,1616
mapa_1_resultados.xlsx,1230,AL2021,061509,AF,PCP-PEV,coalition,PCP-PEV,,283
mapa_1_resultados.xlsx,1231,AL2021,061510,AF,PPD/PSD,party,PPD/PSD,,94
mapa_1_resultados.xlsx,1231,AL2021,061510,AF,PS,party,PS,,120
mapa_1_resultados.xlsx,1231,AL2021,061510,AF,PCP-PEV,coalition,PCP-PEV,,5
mapa_1_resultados.xlsx,1232,AL2021,061511,AF,PPD/PSD,party,PPD/PSD,,125
mapa_1_resultados.xlsx,1232,AL2021,061511,AF,PS,party,PS,,271
mapa_1_resultados.xlsx,1232,AL2021,061511,AF,PCP-PEV,coalition,PCP-PEV,,137
mapa_1_resultados.xlsx,1233,AL2021,061512,AF,PS,party,PS,,382
mapa_1_resultados.xlsx,1233,AL2021,061512,AF,[D],citizen_group,GCEVR,Vinha da Rainha - Mais Futuro,339
mapa_1_resultados.xlsx,1234,AL2021,061513,AF,PPD/PSD,party,PPD/PSD,,166
mapa_1_resultados.xlsx,1234,AL2021,061513,AF,PS,party,PS,,402
mapa_1_resultados.xlsx,1234,AL2021,061513,AF,PCP-PEV,coalition,PCP-PEV,,26
mapa_1_resultados.xlsx,1235,AL2021,061514,AF,PPD/PSD,party,PPD/PSD,,172
mapa_1_resultados.xlsx,1235,AL2021,061514,AF,PS,party,PS,,342
mapa_1_resultados.xlsx,1236,AL2021,061600,CM,PS,party,PS,,3635
mapa_1_resultados.xlsx,1236,AL2021,061600,CM,PCP-PEV,coalition,PCP-PEV,,132
mapa_1_resultados.xlsx,1236,AL2021,061600,CM,[A],coalition,PPD/PSD.CDS-PP,CORAGEM PARA MUDAR,2925
mapa_1_resultados.xlsx,1237,AL2021,061600,AM,PS,party,PS,,3578
mapa_1_resultados.xlsx,1237,AL2021,061600,AM,PCP-PEV,coalition,PCP-PEV,,210
mapa_1_resultados.xlsx,1237,AL2021,061600,AM,[A],coalition,PPD/PSD.CDS-PP,CORAGEM PARA MUDAR,2874
mapa_1_resultados.xlsx,1238,AL2021,061602,AF,PS,party,PS,,283
mapa_1_resultados.xlsx,1238,AL2021,061602,AF,[A],coalition,PPD/PSD.CDS-PP,CORAGEM PARA MUDAR,151
mapa_1_resultados.xlsx,1239,AL2021,061603,AF,[D],citizen_group,I,Independentes pela Carapinha,188
mapa_1_resultados.xlsx,1240,AL2021,061608,AF,CH,party,CH,,75
mapa_1_resultados.xlsx,1240,AL2021,061608,AF,PS,party,PS,,469
mapa_1_resultados.xlsx,1240,AL2021,061608,AF,PCP-PEV,coalition,PCP-PEV,,34
mapa_1_resultados.xlsx,1240,AL2021,061608,AF,[A],coalition,PPD/PSD.CDS-PP,CORAGEM PARA MUDAR,438
mapa_1_resultados.xlsx,1241,AL2021,061609,AF,PS,party,PS,,264
mapa_1_resultados.xlsx,1241,AL2021,061609,AF,[A],coalition,PPD/PSD.CDS-PP,CORAGEM PARA MUDAR,184
mapa_1_resultados.xlsx,1242,AL2021,061611,AF,PS,party,PS,,248
mapa_1_resultados.xlsx,1242,AL2021,061611,AF,PCP-PEV,coalition,PCP-PEV,,2
mapa_1_resultados.xlsx,1242,AL2021,061611,AF,[A],coalition,PPD/PSD.CDS-PP,CORAGEM PARA MUDAR,110
mapa_1_resultados.xlsx,1243,AL2021,061612,AF,PS,party,PS,,163
mapa_1_resultados.xlsx,1243,AL2021,061612,AF,[A],coalition,PPD/PSD.CDS-PP,CORAGEM PARA MUDAR,109
mapa_1_resultados.xlsx,1244,AL2021,061614,AF,PS,party,PS,,1098
mapa_1_resultados.xlsx,1244,AL2021,061614,AF,PCP-PEV,coalition,PCP-PEV,,46
mapa_1_resultados.xlsx,1244,AL2021,061614,AF,[A],coalition,PPD/PSD.CDS-PP,CORAGEM PARA MUDAR,671
mapa_1_resultados.xlsx,1245,AL2021,061616,AF,PS,party,PS,,273
mapa_1_resultados.xlsx,1245,AL2021,061616,AF,PCP-PEV,coalition,PCP-PEV,,9
mapa_1_resultados.xlsx,1245,AL2021,061616,AF,[A],coalition,PPD/PSD.CDS-PP,CORAGEM PARA MUDAR,261
mapa_1_resultados.xlsx,1246,AL2021,061617,AF,PCP-PEV,coalition,PCP-PEV,,38
mapa_1_resultados.xlsx,1246,AL2021,061617,AF,[A],coalition,PPD/PSD.CDS-PP,CORAGEM PARA MUDAR,300
mapa_1_resultados.xlsx,1246,AL2021,061617,AF,[D],citizen_group,I,Movimento Independente Unidos Faremos Mais,389
mapa_1_resultados.xlsx,1247,AL2021,061618,AF,PS,party,PS,,390
mapa_1_resultados.xlsx,1247,AL2021,061618,AF,PCP-PEV,coalition,PCP-PEV,,12
mapa_1_resultados.xlsx,1247,AL2021,061618,AF,[A],coalition,PPD/PSD.CDS-PP,CORAGEM PARA MUDAR,165
mapa_1_resultados.xlsx,1248,AL2021,061619,AF,PS,party,PS,,203
mapa_1_resultados.xlsx,1248,AL2021,061619,AF,[A],coalition,PPD/PSD.CDS-PP,CORAGEM PARA MUDAR,96
mapa_1_resultados.xlsx,1249,AL2021,061700,CM,PPD/PSD,party,PPD/PSD,,1017
mapa_1_resultados.xlsx,1249,AL2021,061700,CM,PS,party,PS,,2022
mapa_1_resultados.xlsx,1249,AL2021,061700,CM,PCP-PEV,coalition,PCP-PEV,,192
mapa_1_resultados.xlsx,1250,AL2021,061700,AM,PPD/PSD,party,PPD/PSD,,1112
mapa_1_resultados.xlsx,1250,AL2021,061700,AM,PS,party,PS,,1881
mapa_1_resultados.xlsx,1250,AL2021,061700,AM,PCP-PEV,coalition,PCP-PEV,,231
mapa_1_resultados.xlsx,1251,AL2021,061701,AF,PPD/PSD,party,PPD/PSD,,235
mapa_1_resultados.xlsx,1251,AL2021,061701,AF,PS,party,PS,,371
mapa_1_resultados.xlsx,1251,AL2021,061701,AF,PCP-PEV,coalition,PCP-PEV,,27
mapa_1_resultados.xlsx,1252,AL2021,061702,AF,PPD/PSD,party,PPD/PSD,,62
mapa_1_resultados.xlsx,1252,AL2021,061702,AF,PS,party,PS,,79
mapa_1_resultados.xlsx,1252,AL2021,061702,AF,PCP-PEV,coalition,PCP-PEV,,3
mapa_1_resultados.xlsx,1253,AL2021,061703,AF,PPD/PSD,party,PPD/PSD,,523
mapa_1_resultados.xlsx,1253,AL2021,061703,AF,PS,party,PS,,1169
mapa_1_resultados.xlsx,1253,AL2021,061703,AF,PCP-PEV,coalition,PCP-PEV,,118
mapa_1_resultados.xlsx,1254,AL2021,061704,AF,PPD/PSD,party,PPD/PSD,,159
mapa_1_resultados.xlsx,1254,AL2021,061704,AF,PS,party,PS,,496
mapa_1_resultados.xlsx,1254,AL2021,061704,AF,PCP-PEV,coalition,PCP-PEV,,20
mapa_1_resultados.xlsx,1256,AL2021,070100,CM,NC,party,NC,,612
mapa_1_resultados.xlsx,1256,AL2021,070100,CM,PS,party,PS,,1757
mapa_1_resultados.xlsx,1256,AL2021,070100,CM,PCP-PEV,coalition,PCP-PEV,,396
mapa_1_resultados.xlsx,1256,AL2021,070100,CM,[A],coalition,[A],,223
mapa_1_resultados.xlsx,1257,AL2021,070100,AM,NC,party,NC,,525
mapa_1_resultados.xlsx,1257,AL2021,070100,AM,PS,party,PS,,1570
mapa_1_resultados.xlsx,1257,AL2021,070100,AM,PCP-PEV,coalition,PCP-PEV,,524
mapa_1_resultados.xlsx,1257,AL2021,070100,AM,[A],coalition,[A],,350
mapa_1_resultados.xlsx,1258,AL2021,070103,AF,NC,party,NC,,217
mapa_1_resultados.xlsx,1258,AL2021,070103,AF,PS,party,PS,,549
mapa_1_resultados.xlsx,1258,AL2021,070103,AF,PCP-PEV,coalition,PCP-PEV,,328
mapa_1_resultados.xlsx,1258,AL2021,070103,AF,[A],coalition,PPD/PSD.CDS-PP,FAZER DIFERENTE – UNIR O ALANDROAL,34
mapa_1_resultados.xlsx,1259,AL2021,070104,AF,NC,party,NC,,24
mapa_1_resultados.xlsx,1259,AL2021,070104,AF,PS,party,PS,,125
mapa_1_resultados.xlsx,1259,AL2021,070104,AF,PCP-PEV,coalition,PCP-PEV,,71
mapa_1_resultados.xlsx,1259,AL2021,070104,AF,[A],coalition,PPD/PSD.CDS-PP,FAZER DIFERENTE – UNIR O ALANDROAL,23
mapa_1_resultados.xlsx,1260,AL2021,070105,AF,NC,party,NC,,119
mapa_1_resultados.xlsx,1260,AL2021,070105,AF,PS,party,PS,,271
mapa_1_resultados.xlsx,1260,AL2021,070105,AF,PCP-PEV,coalition,PCP-PEV,,39
mapa_1_resultados.xlsx,1260,AL2021,070105,AF,[A],coalition,PPD/PSD.CDS-PP,FAZER DIFERENTE – UNIR O ALANDROAL,19
mapa_1_resultados.xlsx,1261,AL2021,070107,AF,NC,party,NC,,183
mapa_1_resultados.xlsx,1261,AL2021,070107,AF,PS,party,PS,,429
mapa_1_resultados.xlsx,1261,AL2021,070107,AF,PCP-PEV,coalition,PCP-PEV,,351
mapa_1_resultados.xlsx,1261,AL2021,070107,AF,[A],coalition,PPD/PSD.CDS-PP,FAZER DIFERENTE – UNIR O ALANDROAL,204
mapa_1_resultados.xlsx,1262,AL2021,070200,CM,PS,party,PS,,969
mapa_1_resultados.xlsx,1262,AL2021,070200,CM,PCP-PEV,coalition,PCP-PEV,,2181
mapa_1_resultados.xlsx,1262,AL2021,070200,CM,[A],coalition,PPD/PSD.CDS-PP,ARRAIOLOS NO PONTO CERTO,348
mapa_1_resultados.xlsx,1263,AL2021,070200,AM,PS,party,PS,,1021
mapa_1_resultados.xlsx,1263,AL2021,070200,AM,PCP-PEV,coalition,PCP-PEV,,2098
mapa_1_resultados.xlsx,1263,AL2021,070200,AM,[A],coalition,PPD/PSD.CDS-PP,ARRAIOLOS NO PONTO CERTO,370
mapa_1_resultados.xlsx,1264,AL2021,070201,AF,PS,party,PS,,390
mapa_1_resultados.xlsx,1264,AL2021,070201,AF,PCP-PEV,coalition,PCP-PEV,,1109
mapa_1_resultados.xlsx,1264,AL2021,070201,AF,[A],coalition,PPD/PSD.CDS-PP,ARRAIOLOS NO PONTO CERTO,168
mapa_1_resultados.xlsx,1265,AL2021,070202,AF,PS,party,PS,,271
mapa_1_resultados.xlsx,1265,AL2021,070202,AF,PCP-PEV,coalition,PCP-PEV,,189
mapa_1_resultados.xlsx,1265,AL2021,070202,AF,[A],coalition,PPD/PSD.CDS-PP,ARRAIOLOS NO PONTO CERTO,77
mapa_1_resultados.xlsx,1266,AL2021,070206,AF,PS,party,PS,,277
mapa_1_resultados.xlsx,1266,AL2021,070206,AF,PCP-PEV,coalition,PCP-PEV,,253
mapa_1_resultados.xlsx,1266,AL2021,070206,AF,[A],coalition,PPD/PSD.CDS-PP,ARRAIOLOS NO PONTO CERTO,66
mapa_1_resultados.xlsx,1267,AL2021,070208,AF,PS,party,PS,,132
mapa_1_resultados.xlsx,1267,AL2021,070208,AF,PCP-PEV,coalition,PCP-PEV,,293
mapa_1_resultados.xlsx,1267,AL2021,070208,AF,[A],coalition,PPD/PSD.CDS-PP,ARRAIOLOS NO PONTO CERTO,33
mapa_1_resultados.xlsx,1268,AL2021,070209,AF,PS,party,PS,,71
mapa_1_resultados.xlsx,1268,AL2021,070209,AF,PCP-PEV,coalition,PCP-PEV,,139
mapa_1_resultados.xlsx,1268,AL2021,070209,AF,[A],coalition,PPD/PSD.CDS-PP,ARRAIOLOS NO PONTO CERTO,25
mapa_1_resultados.xlsx,1269,AL2021,070300,CM,CDS-PP,party,CDS-PP,,10
mapa_1_resultados.xlsx,1269,AL2021,070300,CM,PPD/PSD,party,PPD/PSD,,251
mapa_1_resultados.xlsx,1269,AL2021,070300,CM,PS,party,PS,,656
mapa_1_resultados.xlsx,1269,AL2021,070300,CM,PCP-PEV,coalition,PCP-PEV,,96
mapa_1_resultados.xlsx,1269,AL2021,070300,CM,[D],citizen_group,MUB,Movimento Unidos por Borba - MUB,881
mapa_1_resultados.xlsx,1270,AL2021,070300,AM,CDS-PP,party,CDS-PP,,37
mapa_1_resultados.xlsx,1270,AL2021,070300,AM,PPD/PSD,party,PPD/PSD,,269
mapa_1_resultados.xlsx,1270,AL2021,070300,AM,PS,party,PS,,599
mapa_1_resultados.xlsx,1270,AL2021,070300,AM,PCP-PEV,coalition,PCP-PEV,,143
mapa_1_resultados.xlsx,1270,AL2021,070300,AM,[D],citizen_group,MUB,Movimento Unidos por Borba - MUB,827
mapa_1_resultados.xlsx,1271,AL2021,070301,AF,PPD/PSD,party,PPD/PSD,,298
mapa_1_resultados.xlsx,1271,AL2021,070301,AF,PS,party,PS,,631
mapa_1_resultados.xlsx,1271,AL2021,070301,AF,PCP-PEV,coalition,PCP-PEV,,103
mapa_1_resultados.xlsx,1271,AL2021,070301,AF,[D],citizen_group,MUB,Movimento Unidos por Borba - MUB,858
mapa_1_resultados.xlsx,1272,AL2021,070302,AF,PS,party,PS,,191
mapa_1_resultados.xlsx,1272,AL2021,070302,AF,PCP-PEV,coalition,PCP-PEV,,101
mapa_1_resultados.xlsx,1272,AL2021,070302,AF,[D],citizen_group,MUB,Movimento Unidos por Borba - MUB,39
mapa_1_resultados.xlsx,1273,AL2021,070303,AF,PPD/PSD,party,PPD/PSD,,355
mapa_1_resultados.xlsx,1273,AL2021,070303,AF,PS,party,PS,,241
mapa_1_resultados.xlsx,1273,AL2021,070303,AF,PCP-PEV,coalition,PCP-PEV,,115
mapa_1_resultados.xlsx,1273,AL2021,070303,AF,[D],citizen_group,MUB,Movimento Unidos por Borba - MUB,296
mapa_1_resultados.xlsx,1274,AL2021,070304,AF,PPD/PSD,party,PPD/PSD,,79
mapa_1_resultados.xlsx,1274,AL2021,070304,AF,PS,party,PS,,100
mapa_1_resultados.xlsx,1274,AL2021,070304,AF,PCP-PEV,coalition,PCP-PEV,,30
mapa_1_resultados.xlsx,1274,AL2021,070304,AF,[D],citizen_group,MUB,Movimento Unidos por Borba - MUB,131
mapa_1_resultados.xlsx,1275,AL2021,070400,CM,CH,party,CH,,321
mapa_1_resultados.xlsx,1275,AL2021,070400,CM,NC,party,NC,,314
mapa_1_resultados.xlsx,1275,AL2021,070400,CM,PS,party,PS,,2361
mapa_1_resultados.xlsx,1275,AL2021,070400,CM,PCP-PEV,coalition,PCP-PEV,,514
mapa_1_resultados.xlsx,1275,AL2021,070400,CM,[A],coalition,MPT/A/RIR,NOVA ESPERANÇA PARA ESTREMOZ,138
mapa_1_resultados.xlsx,1275,AL2021,070400,CM,[B],coalition,PPD/PSD.CDS-PP.PPM,ESTREMOZ COM FUTURO,617
mapa_1_resultados.xlsx,1275,AL2021,070400,CM,[D],citizen_group,MIETZ,MIETZ-Movimento Independente Por Estremoz,2219
mapa_1_resultados.xlsx,1276,AL2021,070400,AM,CH,party,CH,,329
mapa_1_resultados.xlsx,1276,AL2021,070400,AM,NC,party,NC,,295
mapa_1_resultados.xlsx,1276,AL2021,070400,AM,PS,party,PS,,2368
mapa_1_resultados.xlsx,1276,AL2021,070400,AM,PCP-PEV,coalition,PCP-PEV,,596
mapa_1_resultados.xlsx,1276,AL2021,070400,AM,[A],coalition,MPT/A/RIR,NOVA ESPERANÇA PARA ESTREMOZ,131
mapa_1_resultados.xlsx,1276,AL2021,070400,AM,[B],coalition,PPD/PSD.CDS-PP.PPM,ESTREMOZ COM FUTURO,584
mapa_1_resultados.xlsx,1276,AL2021,070400,AM,[D],citizen_group,MIETZ,MIETZ-Movimento Independente Por Estremoz,2130
mapa_1_resultados.xlsx,1277,AL2021,070401,AF,NC,party,NC,,71
mapa_1_resultados.xlsx,1277,AL2021,070401,AF,PCP-PEV,coalition,PCP-PEV,,44
mapa_1_resultados.xlsx,1277,AL2021,070401,AF,[D],citizen_group,MIPA,Mais Independência Por Arcos - MIPA,374
mapa_1_resultados.xlsx,1278,AL2021,070402,AF,PS,party,PS,,104
mapa_1_resultados.xlsx,1278,AL2021,070402,AF,PCP-PEV,coalition,PCP-PEV,,29
mapa_1_resultados.xlsx,1278,AL2021,070402,AF,[A],coalition,MPT/A/RIR,NOVA ESPERANÇA PARA ESTREMOZ,9
mapa_1_resultados.xlsx,1278,AL2021,070402,AF,[D],citizen_group,JPG,Juntos por Glória,153
mapa_1_resultados.xlsx,1279,AL2021,070404,AF,NC,party,NC,,21
mapa_1_resultados.xlsx,1279,AL2021,070404,AF,PS,party,PS,,44
mapa_1_resultados.xlsx,1279,AL2021,070404,AF,PCP-PEV,coalition,PCP-PEV,,19
mapa_1_resultados.xlsx,1279,AL2021,070404,AF,[A],coalition,PPD/PSD.CDS-PP.PPM,ESTREMOZ COM FUTURO,17
mapa_1_resultados.xlsx,1279,AL2021,070404,AF,[D],citizen_group,VAI,VAI - Vossa Alternativa Independente por Évora Monte,198
mapa_1_resultados.xlsx,1280,AL2021,070411,AF,PS,party,PS,,134
mapa_1_resultados.xlsx,1280,AL2021,070411,AF,PCP-PEV,coalition,PCP-PEV,,66
mapa_1_resultados.xlsx,1281,AL2021,070413,AF,NC,party,NC,,11
mapa_1_resultados.xlsx,1281,AL2021,070413,AF,PS,party,PS,,136
mapa_1_resultados.xlsx,1281,AL2021,070413,AF,PCP-PEV,coalition,PCP-PEV,,14
mapa_1_resultados.xlsx,1281,AL2021,070413,AF,[A],coalition,MPT/A/RIR,NOVA ESPERANÇA PARA ESTREMOZ,6
mapa_1_resultados.xlsx,1281,AL2021,070413,AF,[D],citizen_group,MIETZ,MIETZ-Movimento Independente Por Estremoz,357
mapa_1_resultados.xlsx,1282,AL2021,070414,AF,CH,party,CH,,234
mapa_1_resultados.xlsx,1282,AL2021,070414,AF,NC,party,NC,,226
mapa_1_resultados.xlsx,1282,AL2021,070414,AF,PS,party,PS,,1312
mapa_1_resultados.xlsx,1282,AL2021,070414,AF,PCP-PEV,coalition,PCP-PEV,,347
mapa_1_resultados.xlsx,1282,AL2021,070414,AF,[A],coalition,MPT/A/RIR,NOVA ESPERANÇA PARA ESTREMOZ,78
mapa_1_resultados.xlsx,1282,AL2021,070414,AF,[B],coalition,PPD/PSD.CDS-PP.PPM,ESTREMOZ COM FUTURO,344
mapa_1_resultados.xlsx,1282,AL2021,070414,AF,[D],citizen_group,MIETZ,MIETZ-Movimento Independente Por Estremoz,1015
mapa_1_resultados.xlsx,1283,AL2021,070415,AF,PS,party,PS,,136
mapa_1_resultados.xlsx,1283,AL2021,070415,AF,PCP-PEV,coalition,PCP-PEV,,15
mapa_1_resultados.xlsx,1283,AL2021,070415,AF,[D],citizen_group,MIETZ,MIETZ-Movimento Independente Por Estremoz,255
mapa_1_resultados.xlsx,1284,AL2021,070416,AF,PS,party,PS,,186
mapa_1_resultados.xlsx,1284,AL2021,070416,AF,PCP-PEV,coalition,PCP-PEV,,49
mapa_1_resultados.xlsx,1284,AL2021,070416,AF,[A],coalition,MPT/A/RIR,NOVA ESPERANÇA PARA ESTREMOZ,6
mapa_1_resultados.xlsx,1284,AL2021,070416,AF,[B],coalition,PPD/PSD.CDS-PP.PPM,ESTREMOZ COM FUTURO,46
mapa_1_resultados.xlsx,1285,AL2021,070417,AF,NC,party,NC,,12
mapa_1_resultados.xlsx,1285,AL2021,070417,AF,PS,party,PS,,149
mapa_1_resultados.xlsx,1285,AL2021,070417,AF,PCP-PEV,coalition,PCP-PEV,,27
mapa_1_resultados.xlsx,1285,AL2021,070417,AF,[A],coalition,MPT/A/RIR,NOVA ESPERANÇA PARA ESTREMOZ,3
mapa_1_resultados.xlsx,1285,AL2021,070417,AF,[B],coalition,PPD/PSD.CDS-PP.PPM,ESTREMOZ COM FUTURO,28
mapa_1_resultados.xlsx,1285,AL2021,070417,AF,[D],citizen_group,MIETZ,MIETZ-Movimento Independente Por Estremoz,161
mapa_1_resultados.xlsx,1286,AL2021,070500,CM,B.E.,party,B.E.,,886
mapa_1_resultados.xlsx,1286,AL2021,070500,CM,CH,party,CH,,1583
mapa_1_resultados.xlsx,1286,AL2021,070500,CM,PS,party,PS,,6144
mapa_1_resultados.xlsx,1286,AL2021,070500,CM,PCP-PEV,coalition,PCP-PEV,,6424
mapa_1_resultados.xlsx,1286,AL2021,070500,CM,[A],coalition,[A],,2976
mapa_1_resultados.xlsx,1286,AL2021,070500,CM,[B],coalition,[B],,4453
mapa_1_resultados.xlsx,1287,AL2021,070500,AM,B.E.,party,B.E.,,1132
mapa_1_resultados.xlsx,1287,AL2021,070500,AM,CH,party,CH,,1737
mapa_1_resultados.xlsx,1287,AL2021,070500,AM,PS,party,PS,,6173
mapa_1_resultados.xlsx,1287,AL2021,070500,AM,PCP-PEV,coalition,PCP-PEV,,5805
mapa_1_resultados.xlsx,1287,AL2021,070500,AM,[A],coalition,[A],,3024
mapa_1_resultados.xlsx,1287,AL2021,070500,AM,[B],coalition,[B],,4533
mapa_1_resultados.xlsx,1288,AL2021,070502,AF,PS,party,PS,,85
mapa_1_resultados.xlsx,1288,AL2021,070502,AF,PCP-PEV,coalition,PCP-PEV,,142
mapa_1_resultados.xlsx,1288,AL2021,070502,AF,[A],coalition,PPD/PSD.CDS-PP.MPT.PPM,MUDAR COM CONFIANÇA,16
mapa_1_resultados.xlsx,1289,AL2021,070503,AF,PS,party,PS,,149
mapa_1_resultados.xlsx,1289,AL2021,070503,AF,PCP-PEV,coalition,PCP-PEV,,109
mapa_1_resultados.xlsx,1289,AL2021,070503,AF,[A],coalition,PPD/PSD.CDS-PP.MPT.PPM,MUDAR COM CONFIANÇA,43
mapa_1_resultados.xlsx,1289,AL2021,070503,AF,[D],citizen_group,MMPI,Machede Movimento Popular Independente,211
mapa_1_resultados.xlsx,1290,AL2021,070506,AF,PS,party,PS,,116
mapa_1_resultados.xlsx,1290,AL2021,070506,AF,PCP-PEV,coalition,PCP-PEV,,62
mapa_1_resultados.xlsx,1290,AL2021,070506,AF,[A],coalition,PPD/PSD.CDS-PP.MPT.PPM,MUDAR COM CONFIANÇA,52
mapa_1_resultados.xlsx,1290,AL2021,070506,AF,[D],citizen_group,Micaza,Movimento Independente de Coesão Azarujense,333
mapa_1_resultados.xlsx,1291,AL2021,070509,AF,PS,party,PS,,173
mapa_1_resultados.xlsx,1291,AL2021,070509,AF,PCP-PEV,coalition,PCP-PEV,,111
mapa_1_resultados.xlsx,1291,AL2021,070509,AF,[A],coalition,PPD/PSD.CDS-PP.MPT.PPM,MUDAR COM CONFIANÇA,68
mapa_1_resultados.xlsx,1292,AL2021,070513,AF,PS,party,PS,,200
mapa_1_resultados.xlsx,1292,AL2021,070513,AF,PCP-PEV,coalition,PCP-PEV,,82
mapa_1_resultados.xlsx,1292,AL2021,070513,AF,[A],coalition,PPD/PSD.CDS-PP.MPT.PPM,MUDAR COM CONFIANÇA,4
mapa_1_resultados.xlsx,1293,AL2021,070515,AF,B.E.,party,B.E.,,46
mapa_1_resultados.xlsx,1293,AL2021,070515,AF,CH,party,CH,,109
mapa_1_resultados.xlsx,1293,AL2021,070515,AF,PS,party,PS,,574
mapa_1_resultados.xlsx,1293,AL2021,070515,AF,PCP-PEV,coalition,PCP-PEV,,313
mapa_1_resultados.xlsx,1293,AL2021,070515,AF,[A],coalition,NC/RIR,Movimento Cuidar de Évora,158
mapa_1_resultados.xlsx,1293,AL2021,070515,AF,[B],coalition,PPD/PSD.CDS-PP.MPT.PPM,MUDAR COM CONFIANÇA,217
mapa_1_resultados.xlsx,1294,AL2021,070522,AF,B.E.,party,B.E.,,368
mapa_1_resultados.xlsx,1294,AL2021,070522,AF,CH,party,CH,,523
mapa_1_resultados.xlsx,1294,AL2021,070522,AF,PS,party,PS,,2153
mapa_1_resultados.xlsx,1294,AL2021,070522,AF,PCP-PEV,coalition,PCP-PEV,,1831
mapa_1_resultados.xlsx,1294,AL2021,070522,AF,[A],coalition,NC/RIR,Movimento Cuidar de Évora,1076
mapa_1_resultados.xlsx,1294,AL2021,070522,AF,[B],coalition,PPD/PSD.CDS-PP.MPT.PPM,MUDAR COM CONFIANÇA,1410
mapa_1_resultados.xlsx,1295,AL2021,070523,AF,B.E.,party,B.E.,,107
mapa_1_resultados.xlsx,1295,AL2021,070523,AF,CH,party,CH,,154
mapa_1_resultados.xlsx,1295,AL2021,070523,AF,PS,party,PS,,383
mapa_1_resultados.xlsx,1295,AL2021,070523,AF,PCP-PEV,coalition,PCP-PEV,,432
mapa_1_resultados.xlsx,1295,AL2021,070523,AF,[A],coalition,NC/RIR,Movimento Cuidar de Évora,291
mapa_1_resultados.xlsx,1295,AL2021,070523,AF,[B],coalition,PPD/PSD.CDS-PP.MPT.PPM,MUDAR COM CONFIANÇA,554
mapa_1_resultados.xlsx,1296,AL2021,070524,AF,B.E.,party,B.E.,,433
mapa_1_resultados.xlsx,1296,AL2021,070524,AF,CH,party,CH,,736
mapa_1_resultados.xlsx,1296,AL2021,070524,AF,PS,party,PS,,2019
mapa_1_resultados.xlsx,1296,AL2021,070524,AF,PCP-PEV,coalition,PCP-PEV,,1990
mapa_1_resultados.xlsx,1296,AL2021,070524,AF,[A],coalition,NC/RIR,Movimento Cuidar de Évora,1278
mapa_1_resultados.xlsx,1296,AL2021,070524,AF,[B],coalition,PPD/PSD.CDS-PP.MPT.PPM,MUDAR COM CONFIANÇA,1691
mapa_1_resultados.xlsx,1297,AL2021,070525,AF,PS,party,PS,,163
mapa_1_resultados.xlsx,1297,AL2021,070525,AF,PCP-PEV,coalition,PCP-PEV,,298
mapa_1_resultados.xlsx,1297,AL2021,070525,AF,[A],coalition,PPD/PSD.CDS-PP.MPT.PPM,MUDAR COM CONFIANÇA,64
mapa_1_resultados.xlsx,1298,AL2021,070526,AF,PS,party,PS,,437
mapa_1_resultados.xlsx,1298,AL2021,070526,AF,PCP-PEV,coalition,PCP-PEV,,123
mapa_1_resultados.xlsx,1298,AL2021,070526,AF,[A],coalition,PPD/PSD.CDS-PP.MPT.PPM,MUDAR COM CONFIANÇA,26
mapa_1_resultados.xlsx,1299,AL2021,070527,AF,PS,party,PS,,329
mapa_1_resultados.xlsx,1299,AL2021,070527,AF,PCP-PEV,coalition,PCP-PEV,,130
mapa_1_resultados.xlsx,1299,AL2021,070527,AF,[A],coalition,PPD/PSD.CDS-PP.MPT.PPM,MUDAR COM CONFIANÇA,43
mapa_1_resultados.xlsx,1300,AL2021,070600,CM,CH,party,CH,,228
mapa_1_resultados.xlsx,1300,AL2021,070600,CM,PS,party,PS,,3409
mapa_1_resultados.xlsx,1300,AL2021,070600,CM,PCP-PEV,coalition,PCP-PEV,,2900
mapa_1_resultados.xlsx,1300,AL2021,070600,CM,[A],coalition,CDS-PP.PPD/PSD,JUNTOS PARA FAZER DIFERENTE,1544
mapa_1_resultados.xlsx,1300,AL2021,070600,CM,[D],citizen_group,MOV,Montemor-o-Vivo,128
mapa_1_resultados.xlsx,1301,AL2021,070600,AM,CH,party,CH,,238
mapa_1_resultados.xlsx,1301,AL2021,070600,AM,PS,party,PS,,3214
mapa_1_resultados.xlsx,1301,AL2021,070600,AM,PCP-PEV,coalition,PCP-PEV,,2912
mapa_1_resultados.xlsx,1301,AL2021,070600,AM,[A],coalition,CDS-PP.PPD/PSD,JUNTOS PARA FAZER DIFERENTE,1666
mapa_1_resultados.xlsx,1301,AL2021,070600,AM,[D],citizen_group,MOV,Montemor-o-Vivo,183
mapa_1_resultados.xlsx,1302,AL2021,070601,AF,PS,party,PS,,209
mapa_1_resultados.xlsx,1302,AL2021,070601,AF,PCP-PEV,coalition,PCP-PEV,,56
mapa_1_resultados.xlsx,1303,AL2021,070605,AF,PS,party,PS,,360
mapa_1_resultados.xlsx,1303,AL2021,070605,AF,PCP-PEV,coalition,PCP-PEV,,233
mapa_1_resultados.xlsx,1303,AL2021,070605,AF,[A],coalition,CDS-PP.PPD/PSD,JUNTOS PARA FAZER DIFERENTE,46
mapa_1_resultados.xlsx,1304,AL2021,070606,AF,PCP-PEV,coalition,PCP-PEV,,130
mapa_1_resultados.xlsx,1304,AL2021,070606,AF,[A],coalition,CDS-PP.PPD/PSD,JUNTOS PARA FAZER DIFERENTE,155
mapa_1_resultados.xlsx,1305,AL2021,070607,AF,PS,party,PS,,131
mapa_1_resultados.xlsx,1305,AL2021,070607,AF,PCP-PEV,coalition,PCP-PEV,,245
mapa_1_resultados.xlsx,1306,AL2021,070610,AF,PS,party,PS,,215
mapa_1_resultados.xlsx,1306,AL2021,070610,AF,PCP-PEV,coalition,PCP-PEV,,276
mapa_1_resultados.xlsx,1306,AL2021,070610,AF,[A],coalition,CDS-PP.PPD/PSD,JUNTOS PARA FAZER DIFERENTE,46
mapa_1_resultados.xlsx,1307,AL2021,070611,AF,PS,party,PS,,232
mapa_1_resultados.xlsx,1307,AL2021,070611,AF,PCP-PEV,coalition,PCP-PEV,,275
mapa_1_resultados.xlsx,1307,AL2021,070611,AF,[A],coalition,CDS-PP.PPD/PSD,JUNTOS PARA FAZER DIFERENTE,164
mapa_1_resultados.xlsx,1308,AL2021,070612,AF,PS,party,PS,,1907
mapa_1_resultados.xlsx,1308,AL2021,070612,AF,PCP-PEV,coalition,PCP-PEV,,2174
mapa_1_resultados.xlsx,1308,AL2021,070612,AF,[A],coalition,CDS-PP.PPD/PSD,JUNTOS PARA FAZER DIFERENTE,1186
mapa_1_resultados.xlsx,1308,AL2021,070612,AF,[D],citizen_group,MOV,Montemor-o-Vivo,138
mapa_1_resultados.xlsx,1309,AL2021,070700,CM,PS,party,PS,,1227
mapa_1_resultados.xlsx,1309,AL2021,070700,CM,PCP-PEV,coalition,PCP-PEV,,1110
mapa_1_resultados.xlsx,1309,AL2021,070700,CM,[A],coalition,CDS-PP.PPD/PSD.PPM,Por Mora,104
mapa_1_resultados.xlsx,1310,AL2021,070700,AM,PS,party,PS,,1194
mapa_1_resultados.xlsx,1310,AL2021,070700,AM,PCP-PEV,coalition,PCP-PEV,,1128
mapa_1_resultados.xlsx,1310,AL2021,070700,AM,[A],coalition,CDS-PP.PPD/PSD.PPM,Por Mora,125
mapa_1_resultados.xlsx,1311,AL2021,070701,AF,PS,party,PS,,97
mapa_1_resultados.xlsx,1311,AL2021,070701,AF,PCP-PEV,coalition,PCP-PEV,,144
mapa_1_resultados.xlsx,1312,AL2021,070702,AF,PS,party,PS,,216
mapa_1_resultados.xlsx,1312,AL2021,070702,AF,PCP-PEV,coalition,PCP-PEV,,244
mapa_1_resultados.xlsx,1313,AL2021,070703,AF,PS,party,PS,,567
mapa_1_resultados.xlsx,1313,AL2021,070703,AF,PCP-PEV,coalition,PCP-PEV,,653
mapa_1_resultados.xlsx,1313,AL2021,070703,AF,[A],coalition,CDS-PP.PPD/PSD.PPM,POR MORA,79
mapa_1_resultados.xlsx,1314,AL2021,070704,AF,PS,party,PS,,236
mapa_1_resultados.xlsx,1314,AL2021,070704,AF,PCP-PEV,coalition,PCP-PEV,,182
mapa_1_resultados.xlsx,1314,AL2021,070704,AF,[A],coalition,CDS-PP.PPD/PSD.PPM,Por Mora,36
mapa_1_resultados.xlsx,1315,AL2021,070800,CM,CH,party,CH,,78
mapa_1_resultados.xlsx,1315,AL2021,070800,CM,PS,party,PS,,580
mapa_1_resultados.xlsx,1315,AL2021,070800,CM,PCP-PEV,coalition,PCP-PEV,,128
mapa_1_resultados.xlsx,1315,AL2021,070800,CM,[A],coalition,PPD/PSD.CDS-PP,"NOVOS TEMPOS, NOVAS SOLUÇÕES",743
mapa_1_resultados.xlsx,1316,AL2021,070800,AM,CH,party,CH,,98
mapa_1_resultados.xlsx,1316,AL2021,070800,AM,PS,party,PS,,563
mapa_1_resultados.xlsx,1316,AL2021,070800,AM,PCP-PEV,coalition,PCP-PEV,,158
mapa_1_resultados.xlsx,1316,AL2021,070800,AM,[A],coalition,PPD/PSD.CDS-PP,"NOVOS TEMPOS, NOVAS SOLUÇÕES",703
mapa_1_resultados.xlsx,1317,AL2021,070801,AF,PS,party,PS,,95
mapa_1_resultados.xlsx,1317,AL2021,070801,AF,PCP-PEV,coalition,PCP-PEV,,130
mapa_1_resultados.xlsx,1317,AL2021,070801,AF,[A],coalition,PPD/PSD.CDS-PP,"NOVOS TEMPOS, NOVAS SOLUÇÕES",101
mapa_1_resultados.xlsx,1318,AL2021,070802,AF,PS,party,PS,,55
mapa_1_resultados.xlsx,1318,AL2021,070802,AF,PCP-PEV,coalition,PCP-PEV,,8
mapa_1_resultados.xlsx,1318,AL2021,070802,AF,[A],coalition,PPD/PSD.CDS-PP,"NOVOS TEMPOS, NOVAS SOLUÇÕES",131
mapa_1_resultados.xlsx,1319,AL2021,070803,AF,CH,party,CH,,52
mapa_1_resultados.xlsx,1319,AL2021,070803,AF,PS,party,PS,,458
mapa_1_resultados.xlsx,1319,AL2021,070803,AF,PCP-PEV,coalition,PCP-PEV,,91
mapa_1_resultados.xlsx,1319,AL2021,070803,AF,[A],coalition,PPD/PSD.CDS-PP,"NOVOS TEMPOS, NOVAS SOLUÇÕES",401
mapa_1_resultados.xlsx,1320,AL2021,070900,CM,PPD/PSD,party,PPD/PSD,,138
mapa_1_resultados.xlsx,1320,AL2021,070900,CM,PS,party,PS,,2043
mapa_1_resultados.xlsx,1320,AL2021,070900,CM,PCP-PEV,coalition,PCP-PEV,,1342
mapa_1_resultados.xlsx,1321,AL2021,070900,AM,PPD/PSD,party,PPD/PSD,,220
mapa_1_resultados.xlsx,1321,AL2021,070900,AM,PS,party,PS,,1915
mapa_1_resultados.xlsx,1321,AL2021,070900,AM,PCP-PEV,coalition,PCP-PEV,,1387
mapa_1_resultados.xlsx,1322,AL2021,070903,AF,PPD/PSD,party,PPD/PSD,,0
mapa_1_resultados.xlsx,1322,AL2021,070903,AF,PS,party,PS,,367
mapa_1_resultados.xlsx,1322,AL2021,070903,AF,PCP-PEV,coalition,PCP-PEV,,395
mapa_1_resultados.xlsx,1323,AL2021,070905,AF,PPD/PSD,party,PPD/PSD,,134
mapa_1_resultados.xlsx,1323,AL2021,070905,AF,PS,party,PS,,735
mapa_1_resultados.xlsx,1323,AL2021,070905,AF,PCP-PEV,coalition,PCP-PEV,,548
mapa_1_resultados.xlsx,1324,AL2021,070906,AF,PPD/PSD,party,PPD/PSD,,15
mapa_1_resultados.xlsx,1324,AL2021,070906,AF,PS,party,PS,,159
mapa_1_resultados.xlsx,1324,AL2021,070906,AF,PCP-PEV,coalition,PCP-PEV,,79
mapa_1_resultados.xlsx,1325,AL2021,070908,AF,PPD/PSD,party,PPD/PSD,,13
mapa_1_resultados.xlsx,1325,AL2021,070908,AF,PS,party,PS,,129
mapa_1_resultados.xlsx,1325,AL2021,070908,AF,PCP-PEV,coalition,PCP-PEV,,71
mapa_1_resultados.xlsx,1326,AL2021,070909,AF,PPD/PSD,party,PPD/PSD,,7
mapa_1_resultados.xlsx,1326,AL2021,070909,AF,PS,party,PS,,149
mapa_1_resultados.xlsx,1326,AL2021,070909,AF,PCP-PEV,coalition,PCP-PEV,,254
mapa_1_resultados.xlsx,1327,AL2021,070910,AF,PPD/PSD,party,PPD/PSD,,18
mapa_1_resultados.xlsx,1327,AL2021,070910,AF,PS,party,PS,,296
mapa_1_resultados.xlsx,1327,AL2021,070910,AF,PCP-PEV,coalition,PCP-PEV,,129
mapa_1_resultados.xlsx,1328,AL2021,071000,CM,CH,party,CH,,77
mapa_1_resultados.xlsx,1328,AL2021,071000,CM,PCP-PEV,coalition,PCP-PEV,,485
mapa_1_resultados.xlsx,1328,AL2021,071000,CM,[A],coalition,PPD/PSD.CDS-PP,UMA NOVA ATITUDE,1527
mapa_1_resultados.xlsx,1328,AL2021,071000,CM,[D],citizen_group,MICRE,Movimento Independente do Concelho de Redondo,950
mapa_1_resultados.xlsx,1328,AL2021,071000,CM,[E],citizen_group,MVR,Movimento Viver Redondo,357
mapa_1_resultados.xlsx,1329,AL2021,071000,AM,CH,party,CH,,72
mapa_1_resultados.xlsx,1329,AL2021,071000,AM,PCP-PEV,coalition,PCP-PEV,,476
mapa_1_resultados.xlsx,1329,AL2021,071000,AM,[A],coalition,PPD/PSD.CDS-PP,UMA NOVA ATITUDE,1589
mapa_1_resultados.xlsx,1329,AL2021,071000,AM,[D],citizen_group,MICRE,Movimento Independente do Concelho de Redondo,856
mapa_1_resultados.xlsx,1329,AL2021,071000,AM,[E],citizen_group,MVR,Movimento Viver Redondo,401
mapa_1_resultados.xlsx,1330,AL2021,071001,AF,PCP-PEV,coalition,PCP-PEV,,89
mapa_1_resultados.xlsx,1330,AL2021,071001,AF,[A],coalition,PPD/PSD.CDS-PP,UMA NOVA ATITUDE,162
mapa_1_resultados.xlsx,1330,AL2021,071001,AF,[D],citizen_group,MICRE,Movimento Independente do Concelho de Redondo,259
mapa_1_resultados.xlsx,1330,AL2021,071001,AF,[E],citizen_group,MVR,Movimento Viver Redondo,34
mapa_1_resultados.xlsx,1331,AL2021,071002,AF,PCP-PEV,coalition,PCP-PEV,,283
mapa_1_resultados.xlsx,1331,AL2021,071002,AF,[A],coalition,PPD/PSD.CDS-PP,UMA NOVA ATITUDE,1778
mapa_1_resultados.xlsx,1331,AL2021,071002,AF,[D],citizen_group,MICRE,Movimento Independente do Concelho de Redondo,526
mapa_1_resultados.xlsx,1331,AL2021,071002,AF,[E],citizen_group,MVR,Movimento Viver Redondo,263
mapa_1_resultados.xlsx,1332,AL2021,071100,CM,CH,party,CH,,297
mapa_1_resultados.xlsx,1332,AL2021,071100,CM,PPD/PSD,party,PPD/PSD,,2508
mapa_1_resultados.xlsx,1332,AL2021,071100,CM,PS,party,PS,,1811
mapa_1_resultados.xlsx,1332,AL2021,071100,CM,PCP-PEV,coalition,PCP-PEV,,355
mapa_1_resultados.xlsx,1333,AL2021,071100,AM,CH,party,CH,,326
mapa_1_resultados.xlsx,1333,AL2021,071100,AM,PPD/PSD,party,PPD/PSD,,2330
mapa_1_resultados.xlsx,1333,AL2021,071100,AM,PS,party,PS,,1874
mapa_1_resultados.xlsx,1333,AL2021,071100,AM,PCP-PEV,coalition,PCP-PEV,,431
mapa_1_resultados.xlsx,1334,AL2021,071102,AF,CH,party,CH,,13
mapa_1_resultados.xlsx,1334,AL2021,071102,AF,PPD/PSD,party,PPD/PSD,,167
mapa_1_resultados.xlsx,1334,AL2021,071102,AF,PS,party,PS,,412
mapa_1_resultados.xlsx,1334,AL2021,071102,AF,PCP-PEV,coalition,PCP-PEV,,55
mapa_1_resultados.xlsx,1335,AL2021,071103,AF,CH,party,CH,,35
mapa_1_resultados.xlsx,1335,AL2021,071103,AF,PPD/PSD,party,PPD/PSD,,154
mapa_1_resultados.xlsx,1335,AL2021,071103,AF,PS,party,PS,,196
mapa_1_resultados.xlsx,1335,AL2021,071103,AF,PCP-PEV,coalition,PCP-PEV,,20
mapa_1_resultados.xlsx,1336,AL2021,071104,AF,CH,party,CH,,226
mapa_1_resultados.xlsx,1336,AL2021,071104,AF,PPD/PSD,party,PPD/PSD,,1624
mapa_1_resultados.xlsx,1336,AL2021,071104,AF,PS,party,PS,,1167
mapa_1_resultados.xlsx,1336,AL2021,071104,AF,PCP-PEV,coalition,PCP-PEV,,236
mapa_1_resultados.xlsx,1337,AL2021,071106,AF,CH,party,CH,,50
mapa_1_resultados.xlsx,1337,AL2021,071106,AF,NC,party,NC,,142
mapa_1_resultados.xlsx,1337,AL2021,071106,AF,PPD/PSD,party,PPD/PSD,,141
mapa_1_resultados.xlsx,1337,AL2021,071106,AF,PS,party,PS,,190
mapa_1_resultados.xlsx,1337,AL2021,071106,AF,PCP-PEV,coalition,PCP-PEV,,146
mapa_1_resultados.xlsx,1338,AL2021,071200,CM,CH,party,CH,,182
mapa_1_resultados.xlsx,1338,AL2021,071200,CM,PS,party,PS,,2421
mapa_1_resultados.xlsx,1338,AL2021,071200,CM,PCP-PEV,coalition,PCP-PEV,,1077
mapa_1_resultados.xlsx,1338,AL2021,071200,CM,[A],coalition,[A],,2020
mapa_1_resultados.xlsx,1339,AL2021,071200,AM,CH,party,CH,,197
mapa_1_resultados.xlsx,1339,AL2021,071200,AM,PS,party,PS,,2459
mapa_1_resultados.xlsx,1339,AL2021,071200,AM,PCP-PEV,coalition,PCP-PEV,,1142
mapa_1_resultados.xlsx,1339,AL2021,071200,AM,[A],coalition,[A],,1882
mapa_1_resultados.xlsx,1340,AL2021,071201,AF,CH,party,CH,,191
mapa_1_resultados.xlsx,1340,AL2021,071201,AF,PS,party,PS,,2360
mapa_1_resultados.xlsx,1340,AL2021,071201,AF,PCP-PEV,coalition,PCP-PEV,,1044
mapa_1_resultados.xlsx,1340,AL2021,071201,AF,[A],coalition,PPD/PSD.CDS-PP,VENDAS NOVAS PRIMEIRO,1657
mapa_1_resultados.xlsx,1341,AL2021,071202,AF,PS,party,PS,,217
mapa_1_resultados.xlsx,1341,AL2021,071202,AF,PCP-PEV,coalition,PCP-PEV,,64
mapa_1_resultados.xlsx,1341,AL2021,071202,AF,[A],coalition,PPD/PSD.CDS-PP,VENDAS NOVAS PRIMEIRO,150
mapa_1_resultados.xlsx,1342,AL2021,071300,CM,PS,party,PS,,1007
mapa_1_resultados.xlsx,1342,AL2021,071300,CM,PCP-PEV,coalition,PCP-PEV,,1159
mapa_1_resultados.xlsx,1342,AL2021,071300,CM,[A],coalition,[A],,794
mapa_1_resultados.xlsx,1343,AL2021,071300,AM,PS,party,PS,,1090
mapa_1_resultados.xlsx,1343,AL2021,071300,AM,PCP-PEV,coalition,PCP-PEV,,1118
mapa_1_resultados.xlsx,1343,AL2021,071300,AM,[A],coalition,[A],,742
mapa_1_resultados.xlsx,1344,AL2021,071301,AF,PS,party,PS,,195
mapa_1_resultados.xlsx,1344,AL2021,071301,AF,PCP-PEV,coalition,PCP-PEV,,333
mapa_1_resultados.xlsx,1344,AL2021,071301,AF,[A],coalition,PPD/PSD.CDS-PP.MPT.PPM,VIVA,459
mapa_1_resultados.xlsx,1345,AL2021,071302,AF,PS,party,PS,,635
mapa_1_resultados.xlsx,1345,AL2021,071302,AF,PCP-PEV,coalition,PCP-PEV,,532
mapa_1_resultados.xlsx,1345,AL2021,071302,AF,[A],coalition,PPD/PSD.CDS-PP.MPT.PPM,VIVA,249
mapa_1_resultados.xlsx,1346,AL2021,071303,AF,PS,party,PS,,227
mapa_1_resultados.xlsx,1346,AL2021,071303,AF,PCP-PEV,coalition,PCP-PEV,,261
mapa_1_resultados.xlsx,1346,AL2021,071303,AF,[A],coalition,PPD/PSD.CDS-PP.MPT.PPM,VIVA,42
mapa_1_resultados.xlsx,1347,AL2021,071400,CM,PS,party,PS,,1151
mapa_1_resultados.xlsx,1347,AL2021,071400,CM,PCP-PEV,coalition,PCP-PEV,,804
mapa_1_resultados.xlsx,1347,AL2021,071400,CM,[A],coalition,PPD/PSD.CDS-PP.MPT.PPM,MOVIMENTO POR VILA VIÇOSA,2216
mapa_1_resultados.xlsx,1348,AL2021,071400,AM,PS,party,PS,,1249
mapa_1_resultados.xlsx,1348,AL2021,071400,AM,PCP-PEV,coalition,PCP-PEV,,968
mapa_1_resultados.xlsx,1348,AL2021,071400,AM,[A],coalition,PPD/PSD.CDS-PP.MPT.PPM,MOVIMENTO POR VILA VIÇOSA,1927
mapa_1_resultados.xlsx,1349,AL2021,071401,AF,PS,party,PS,,324
mapa_1_resultados.xlsx,1349,AL2021,071401,AF,PCP-PEV,coalition,PCP-PEV,,371
mapa_1_resultados.xlsx,1349,AL2021,071401,AF,[A],coalition,PPD/PSD.CDS-PP.MPT.PPM,MOVIMENTO POR VILA VIÇOSA,137
mapa_1_resultados.xlsx,1350,AL2021,071402,AF,PS,party,PS,,183
mapa_1_resultados.xlsx,1350,AL2021,071402,AF,PCP-PEV,coalition,PCP-PEV,,145
mapa_1_resultados.xlsx,1350,AL2021,071402,AF,[A],coalition,PPD/PSD.CDS-PP.MPT.PPM,MOVIMENTO POR VILA VIÇOSA,195
mapa_1_resultados.xlsx,1351,AL2021,071404,AF,PS,party,PS,,84
mapa_1_resultados.xlsx,1351,AL2021,071404,AF,PCP-PEV,coalition,PCP-PEV,,70
mapa_1_resultados.xlsx,1351,AL2021,071404,AF,[A],coalition,PPD/PSD.CDS-PP.MPT.PPM,MOVIMENTO POR VILA VIÇOSA,161
mapa_1_resultados.xlsx,1352,AL2021,071406,AF,PS,party,PS,,734
mapa_1_resultados.xlsx,1352,AL2021,071406,AF,PCP-PEV,coalition,PCP-PEV,,679
mapa_1_resultados.xlsx,1352,AL2021,071406,AF,[A],coalition,PPD/PSD.CDS-PP.MPT.PPM,MOVIMENTO POR VILA VIÇOSA,1047
mapa_1_resultados.xlsx,1354,AL2021,080100,CM,B.E.,party,B.E.,,325
mapa_1_resultados.xlsx,1354,AL2021,080100,CM,CH,party,CH,,891
mapa_1_resultados.xlsx,1354,AL2021,080100,CM,PAN,party,PAN,,294
mapa_1_resultados.xlsx,1354,AL2021,080100,CM,PS,party,PS,,3966
mapa_1_resultados.xlsx,1354,AL2021,080100,CM,PCP-PEV,coalition,PCP-PEV,,448
mapa_1_resultados.xlsx,1354,AL2021,080100,CM,[A],coalition,PPD/PSD.CDS-PP.MPT.PPM,COLIGAÇÃO SER ALBUFEIRA,4951
mapa_1_resultados.xlsx,1354,AL2021,080100,CM,[D],citizen_group,AP,Albufeira Prometida,1617
mapa_1_resultados.xlsx,1354,AL2021,080100,CM,[E],citizen_group,MIPA,Movimento Independente Por Albufeira,2471
mapa_1_resultados.xlsx,1355,AL2021,080100,AM,B.E.,party,B.E.,,436
mapa_1_resultados.xlsx,1355,AL2021,080100,AM,CH,party,CH,,1067
mapa_1_resultados.xlsx,1355,AL2021,080100,AM,PAN,party,PAN,,408
mapa_1_resultados.xlsx,1355,AL2021,080100,AM,PS,party,PS,,4111
mapa_1_resultados.xlsx,1355,AL2021,080100,AM,PCP-PEV,coalition,PCP-PEV,,559
mapa_1_resultados.xlsx,1355,AL2021,080100,AM,[A],coalition,PPD/PSD.CDS-PP.MPT.PPM,COLIGAÇÃO SER ALBUFEIRA,4313
mapa_1_resultados.xlsx,1355,AL2021,080100,AM,[D],citizen_group,AP,Albufeira Prometida,1608
mapa_1_resultados.xlsx,1355,AL2021,080100,AM,[E],citizen_group,MIPA,Movimento Independente Por Albufeira,2389
mapa_1_resultados.xlsx,1356,AL2021,080102,AF,CH,party,CH,,70
mapa_1_resultados.xlsx,1356,AL2021,080102,AF,PS,party,PS,,1273
mapa_1_resultados.xlsx,1356,AL2021,080102,AF,PCP-PEV,coalition,PCP-PEV,,30
mapa_1_resultados.xlsx,1356,AL2021,080102,AF,[A],coalition,PPD/PSD.CDS-PP.MPT.PPM,COLIGAÇÃO SER ALBUFEIRA,296
mapa_1_resultados.xlsx,1356,AL2021,080102,AF,[D],citizen_group,MIPA,Movimento Independente Por Albufeira,126
mapa_1_resultados.xlsx,1357,AL2021,080103,AF,B.E.,party,B.E.,,32
mapa_1_resultados.xlsx,1357,AL2021,080103,AF,PAN,party,PAN,,38
mapa_1_resultados.xlsx,1357,AL2021,080103,AF,PS,party,PS,,756
mapa_1_resultados.xlsx,1357,AL2021,080103,AF,PCP-PEV,coalition,PCP-PEV,,57
mapa_1_resultados.xlsx,1357,AL2021,080103,AF,[A],coalition,PPD/PSD.CDS-PP.MPT.PPM,COLIGAÇÃO SER ALBUFEIRA,353
mapa_1_resultados.xlsx,1357,AL2021,080103,AF,[D],citizen_group,MIPA,Movimento Independente Por Albufeira,189
mapa_1_resultados.xlsx,1358,AL2021,080104,AF,B.E.,party,B.E.,,80
mapa_1_resultados.xlsx,1358,AL2021,080104,AF,CH,party,CH,,159
mapa_1_resultados.xlsx,1358,AL2021,080104,AF,PS,party,PS,,1196
mapa_1_resultados.xlsx,1358,AL2021,080104,AF,PCP-PEV,coalition,PCP-PEV,,81
mapa_1_resultados.xlsx,1358,AL2021,080104,AF,[A],coalition,PPD/PSD.CDS-PP.MPT.PPM,COLIGAÇÃO SER ALBUFEIRA,783
mapa_1_resultados.xlsx,1358,AL2021,080104,AF,[D],citizen_group,MIPA,Movimento Independente Por Albufeira,428
mapa_1_resultados.xlsx,1359,AL2021,080106,AF,B.E.,party,B.E.,,374
mapa_1_resultados.xlsx,1359,AL2021,080106,AF,CH,party,CH,,729
mapa_1_resultados.xlsx,1359,AL2021,080106,AF,PAN,party,PAN,,352
mapa_1_resultados.xlsx,1359,AL2021,080106,AF,PS,party,PS,,2056
mapa_1_resultados.xlsx,1359,AL2021,080106,AF,PCP-PEV,coalition,PCP-PEV,,411
mapa_1_resultados.xlsx,1359,AL2021,080106,AF,[A],coalition,PPD/PSD.CDS-PP.MPT.PPM,COLIGAÇÃO SER ALBUFEIRA,3320
mapa_1_resultados.xlsx,1359,AL2021,080106,AF,[D],citizen_group,MIPA,Movimento Independente Por Albufeira,1602
mapa_1_resultados.xlsx,1360,AL2021,080200,CM,CH,party,CH,,20
mapa_1_resultados.xlsx,1360,AL2021,080200,CM,PPD/PSD,party,PPD/PSD,,699
mapa_1_resultados.xlsx,1360,AL2021,080200,CM,PS,party,PS,,1031
mapa_1_resultados.xlsx,1360,AL2021,080200,CM,PCP-PEV,coalition,PCP-PEV,,57
mapa_1_resultados.xlsx,1361,AL2021,080200,AM,PPD/PSD,party,PPD/PSD,,741
mapa_1_resultados.xlsx,1361,AL2021,080200,AM,PS,party,PS,,990
mapa_1_resultados.xlsx,1361,AL2021,080200,AM,PCP-PEV,coalition,PCP-PEV,,80
mapa_1_resultados.xlsx,1362,AL2021,080202,AF,PPD/PSD,party,PPD/PSD,,61
mapa_1_resultados.xlsx,1362,AL2021,080202,AF,PS,party,PS,,78
mapa_1_resultados.xlsx,1362,AL2021,080202,AF,PCP-PEV,coalition,PCP-PEV,,5
mapa_1_resultados.xlsx,1363,AL2021,080203,AF,PPD/PSD,party,PPD/PSD,,294
mapa_1_resultados.xlsx,1363,AL2021,080203,AF,PS,party,PS,,333
mapa_1_resultados.xlsx,1363,AL2021,080203,AF,PCP-PEV,coalition,PCP-PEV,,22
mapa_1_resultados.xlsx,1364,AL2021,080205,AF,PPD/PSD,party,PPD/PSD,,96
mapa_1_resultados.xlsx,1364,AL2021,080205,AF,PS,party,PS,,201
mapa_1_resultados.xlsx,1364,AL2021,080205,AF,PCP-PEV,coalition,PCP-PEV,,2
mapa_1_resultados.xlsx,1365,AL2021,080206,AF,PPD/PSD,party,PPD/PSD,,250
mapa_1_resultados.xlsx,1365,AL2021,080206,AF,PS,party,PS,,430
mapa_1_resultados.xlsx,1365,AL2021,080206,AF,PCP-PEV,coalition,PCP-PEV,,32
mapa_1_resultados.xlsx,1366,AL2021,080300,CM,CH,party,CH,,38
mapa_1_resultados.xlsx,1366,AL2021,080300,CM,PPD/PSD,party,PPD/PSD,,135
mapa_1_resultados.xlsx,1366,AL2021,080300,CM,PS,party,PS,,1217
mapa_1_resultados.xlsx,1366,AL2021,080300,CM,PCP-PEV,coalition,PCP-PEV,,116
mapa_1_resultados.xlsx,1366,AL2021,080300,CM,[D],citizen_group,R,Renascer,1137
mapa_1_resultados.xlsx,1367,AL2021,080300,AM,PPD/PSD,party,PPD/PSD,,210
mapa_1_resultados.xlsx,1367,AL2021,080300,AM,PS,party,PS,,1256
mapa_1_resultados.xlsx,1367,AL2021,080300,AM,PCP-PEV,coalition,PCP-PEV,,161
mapa_1_resultados.xlsx,1367,AL2021,080300,AM,[D],citizen_group,R,Renascer,983
mapa_1_resultados.xlsx,1368,AL2021,080301,AF,PPD/PSD,party,PPD/PSD,,101
mapa_1_resultados.xlsx,1368,AL2021,080301,AF,PS,party,PS,,686
mapa_1_resultados.xlsx,1368,AL2021,080301,AF,PCP-PEV,coalition,PCP-PEV,,65
mapa_1_resultados.xlsx,1368,AL2021,080301,AF,[D],citizen_group,R,Renascer,453
mapa_1_resultados.xlsx,1369,AL2021,080302,AF,PPD/PSD,party,PPD/PSD,,52
mapa_1_resultados.xlsx,1369,AL2021,080302,AF,PS,party,PS,,67
mapa_1_resultados.xlsx,1369,AL2021,080302,AF,PCP-PEV,coalition,PCP-PEV,,13
mapa_1_resultados.xlsx,1369,AL2021,080302,AF,[D],citizen_group,R,Renascer,64
mapa_1_resultados.xlsx,1370,AL2021,080303,AF,PS,party,PS,,264
mapa_1_resultados.xlsx,1370,AL2021,080303,AF,PCP-PEV,coalition,PCP-PEV,,64
mapa_1_resultados.xlsx,1370,AL2021,080303,AF,[D],citizen_group,R,Renascer,200
mapa_1_resultados.xlsx,1371,AL2021,080304,AF,PS,party,PS,,307
mapa_1_resultados.xlsx,1371,AL2021,080304,AF,PCP-PEV,coalition,PCP-PEV,,22
mapa_1_resultados.xlsx,1371,AL2021,080304,AF,[D],citizen_group,R,Renascer,251
mapa_1_resultados.xlsx,1372,AL2021,080400,CM,CDS-PP,party,CDS-PP,,27
mapa_1_resultados.xlsx,1372,AL2021,080400,CM,CH,party,CH,,158
mapa_1_resultados.xlsx,1372,AL2021,080400,CM,PPD/PSD,party,PPD/PSD,,1891
mapa_1_resultados.xlsx,1372,AL2021,080400,CM,PS,party,PS,,1055
mapa_1_resultados.xlsx,1372,AL2021,080400,CM,PCP-PEV,coalition,PCP-PEV,,122
mapa_1_resultados.xlsx,1373,AL2021,080400,AM,CH,party,CH,,183
mapa_1_resultados.xlsx,1373,AL2021,080400,AM,PPD/PSD,party,PPD/PSD,,1798
mapa_1_resultados.xlsx,1373,AL2021,080400,AM,PS,party,PS,,1112
mapa_1_resultados.xlsx,1373,AL2021,080400,AM,PCP-PEV,coalition,PCP-PEV,,158
mapa_1_resultados.xlsx,1374,AL2021,080401,AF,PPD/PSD,party,PPD/PSD,,175
mapa_1_resultados.xlsx,1374,AL2021,080401,AF,PS,party,PS,,90
mapa_1_resultados.xlsx,1374,AL2021,080401,AF,PCP-PEV,coalition,PCP-PEV,,13
mapa_1_resultados.xlsx,1375,AL2021,080402,AF,PPD/PSD,party,PPD/PSD,,929
mapa_1_resultados.xlsx,1375,AL2021,080402,AF,PS,party,PS,,614
mapa_1_resultados.xlsx,1375,AL2021,080402,AF,PCP-PEV,coalition,PCP-PEV,,85
mapa_1_resultados.xlsx,1376,AL2021,080403,AF,PPD/PSD,party,PPD/PSD,,225
mapa_1_resultados.xlsx,1376,AL2021,080403,AF,PS,party,PS,,92
mapa_1_resultados.xlsx,1376,AL2021,080403,AF,PCP-PEV,coalition,PCP-PEV,,15
mapa_1_resultados.xlsx,1377,AL2021,080404,AF,PPD/PSD,party,PPD/PSD,,547
mapa_1_resultados.xlsx,1377,AL2021,080404,AF,PS,party,PS,,401
mapa_1_resultados.xlsx,1377,AL2021,080404,AF,PCP-PEV,coalition,PCP-PEV,,57
mapa_1_resultados.xlsx,1378,AL2021,080500,CM,B.E.,party,B.E.,,1035
mapa_1_resultados.xlsx,1378,AL2021,080500,CM,CH,party,CH,,1311
mapa_1_resultados.xlsx,1378,AL2021,080500,CM,PAN,party,PAN,,678
mapa_1_resultados.xlsx,1378,AL2021,080500,CM,PS,party,PS,,7809
mapa_1_resultados.xlsx,1378,AL2021,080500,CM,PCP-PEV,coalition,PCP-PEV,,1656
mapa_1_resultados.xlsx,1378,AL2021,080500,CM,[A],coalition,[A],,12195
mapa_1_resultados.xlsx,1379,AL2021,080500,AM,B.E.,party,B.E.,,1367
mapa_1_resultados.xlsx,1379,AL2021,080500,AM,CH,party,CH,,1588
mapa_1_resultados.xlsx,1379,AL2021,080500,AM,PAN,party,PAN,,1008
mapa_1_resultados.xlsx,1379,AL2021,080500,AM,PS,party,PS,,7577
mapa_1_resultados.xlsx,1379,AL2021,080500,AM,PCP-PEV,coalition,PCP-PEV,,2078
mapa_1_resultados.xlsx,1379,AL2021,080500,AM,[A],coalition,[A],,10973
mapa_1_resultados.xlsx,1380,AL2021,080503,AF,CH,party,CH,,116
mapa_1_resultados.xlsx,1380,AL2021,080503,AF,PAN,party,PAN,,39
mapa_1_resultados.xlsx,1380,AL2021,080503,AF,PS,party,PS,,210
mapa_1_resultados.xlsx,1380,AL2021,080503,AF,PCP-PEV,coalition,PCP-PEV,,719
mapa_1_resultados.xlsx,1380,AL2021,080503,AF,[A],coalition,PPD/PSD.CDS-PP.IL.MPT.PPM.,UNIDOS POR FARO,271
mapa_1_resultados.xlsx,1381,AL2021,080506,AF,B.E.,party,B.E.,,174
mapa_1_resultados.xlsx,1381,AL2021,080506,AF,CH,party,CH,,211
mapa_1_resultados.xlsx,1381,AL2021,080506,AF,PAN,party,PAN,,150
mapa_1_resultados.xlsx,1381,AL2021,080506,AF,PS,party,PS,,889
mapa_1_resultados.xlsx,1381,AL2021,080506,AF,PCP-PEV,coalition,PCP-PEV,,187
mapa_1_resultados.xlsx,1381,AL2021,080506,AF,[A],coalition,PPD/PSD.CDS-PP.IL.MPT.PPM.,UNIDOS POR FARO,1923
mapa_1_resultados.xlsx,1382,AL2021,080507,AF,CH,party,CH,,212
mapa_1_resultados.xlsx,1382,AL2021,080507,AF,PS,party,PS,,1268
mapa_1_resultados.xlsx,1382,AL2021,080507,AF,PCP-PEV,coalition,PCP-PEV,,274
mapa_1_resultados.xlsx,1382,AL2021,080507,AF,[A],coalition,PPD/PSD.CDS-PP.IL.MPT.PPM.,UNIDOS POR FARO,1211
mapa_1_resultados.xlsx,1383,AL2021,080508,AF,B.E.,party,B.E.,,889
mapa_1_resultados.xlsx,1383,AL2021,080508,AF,CH,party,CH,,922
mapa_1_resultados.xlsx,1383,AL2021,080508,AF,PAN,party,PAN,,629
mapa_1_resultados.xlsx,1383,AL2021,080508,AF,PS,party,PS,,5468
mapa_1_resultados.xlsx,1383,AL2021,080508,AF,PCP-PEV,coalition,PCP-PEV,,1186
mapa_1_resultados.xlsx,1383,AL2021,080508,AF,[A],coalition,PPD/PSD.CDS-PP.IL.MPT.PPM.,UNIDOS POR FARO,7634
mapa_1_resultados.xlsx,1384,AL2021,080600,CM,B.E.,party,B.E.,,347
mapa_1_resultados.xlsx,1384,AL2021,080600,CM,CH,party,CH,,606
mapa_1_resultados.xlsx,1384,AL2021,080600,CM,IL,party,IL,,170
mapa_1_resultados.xlsx,1384,AL2021,080600,CM,PPD/PSD,party,PPD/PSD,,1155
mapa_1_resultados.xlsx,1384,AL2021,080600,CM,PS,party,PS,,4884
mapa_1_resultados.xlsx,1384,AL2021,080600,CM,PCP-PEV,coalition,PCP-PEV,,309
mapa_1_resultados.xlsx,1384,AL2021,080600,CM,[D],citizen_group,MLP,Movimento Lagoa Primeiro,1709
mapa_1_resultados.xlsx,1385,AL2021,080600,AM,B.E.,party,B.E.,,429
mapa_1_resultados.xlsx,1385,AL2021,080600,AM,CH,party,CH,,737
mapa_1_resultados.xlsx,1385,AL2021,080600,AM,PPD/PSD,party,PPD/PSD,,1413
mapa_1_resultados.xlsx,1385,AL2021,080600,AM,PS,party,PS,,4713
mapa_1_resultados.xlsx,1385,AL2021,080600,AM,PCP-PEV,coalition,PCP-PEV,,395
mapa_1_resultados.xlsx,1385,AL2021,080600,AM,[D],citizen_group,MLP,Movimento Lagoa Primeiro,1479
mapa_1_resultados.xlsx,1386,AL2021,080602,AF,PPD/PSD,party,PPD/PSD,,97
mapa_1_resultados.xlsx,1386,AL2021,080602,AF,PS,party,PS,,504
mapa_1_resultados.xlsx,1386,AL2021,080602,AF,PCP-PEV,coalition,PCP-PEV,,48
mapa_1_resultados.xlsx,1386,AL2021,080602,AF,[D],citizen_group,MLP,Movimento Lagoa Primeiro,183
mapa_1_resultados.xlsx,1387,AL2021,080604,AF,PPD/PSD,party,PPD/PSD,,166
mapa_1_resultados.xlsx,1387,AL2021,080604,AF,PS,party,PS,,448
mapa_1_resultados.xlsx,1387,AL2021,080604,AF,PCP-PEV,coalition,PCP-PEV,,26
mapa_1_resultados.xlsx,1387,AL2021,080604,AF,[D],citizen_group,MLP,Movimento Lagoa Primeiro,126
mapa_1_resultados.xlsx,1388,AL2021,080607,AF,B.E.,party,B.E.,,244
mapa_1_resultados.xlsx,1388,AL2021,080607,AF,CH,party,CH,,341
mapa_1_resultados.xlsx,1388,AL2021,080607,AF,PPD/PSD,party,PPD/PSD,,406
mapa_1_resultados.xlsx,1388,AL2021,080607,AF,PS,party,PS,,1907
mapa_1_resultados.xlsx,1388,AL2021,080607,AF,PCP-PEV,coalition,PCP-PEV,,219
mapa_1_resultados.xlsx,1388,AL2021,080607,AF,[D],citizen_group,MLP,Movimento Lagoa Primeiro,629
mapa_1_resultados.xlsx,1389,AL2021,080608,AF,B.E.,party,B.E.,,124
mapa_1_resultados.xlsx,1389,AL2021,080608,AF,CH,party,CH,,260
mapa_1_resultados.xlsx,1389,AL2021,080608,AF,PPD/PSD,party,PPD/PSD,,692
mapa_1_resultados.xlsx,1389,AL2021,080608,AF,PS,party,PS,,2078
mapa_1_resultados.xlsx,1389,AL2021,080608,AF,PCP-PEV,coalition,PCP-PEV,,126
mapa_1_resultados.xlsx,1389,AL2021,080608,AF,[D],citizen_group,MLP,Movimento Lagoa Primeiro,533
mapa_1_resultados.xlsx,1390,AL2021,080700,CM,CDS-PP,party,CDS-PP,,95
mapa_1_resultados.xlsx,1390,AL2021,080700,CM,CH,party,CH,,799
mapa_1_resultados.xlsx,1390,AL2021,080700,CM,PAN,party,PAN,,332
mapa_1_resultados.xlsx,1390,AL2021,080700,CM,PPD/PSD,party,PPD/PSD,,1334
mapa_1_resultados.xlsx,1390,AL2021,080700,CM,PS,party,PS,,5529
mapa_1_resultados.xlsx,1390,AL2021,080700,CM,PCP-PEV,coalition,PCP-PEV,,941
mapa_1_resultados.xlsx,1390,AL2021,080700,CM,[A],coalition,NC/A,LAGOS COM FUTURO,783
mapa_1_resultados.xlsx,1391,AL2021,080700,AM,B.E.,party,B.E.,,478
mapa_1_resultados.xlsx,1391,AL2021,080700,AM,CDS-PP,party,CDS-PP,,81
mapa_1_resultados.xlsx,1391,AL2021,080700,AM,CH,party,CH,,805
mapa_1_resultados.xlsx,1391,AL2021,080700,AM,PAN,party,PAN,,368
mapa_1_resultados.xlsx,1391,AL2021,080700,AM,PPD/PSD,party,PPD/PSD,,1350
mapa_1_resultados.xlsx,1391,AL2021,080700,AM,PS,party,PS,,5008
mapa_1_resultados.xlsx,1391,AL2021,080700,AM,PCP-PEV,coalition,PCP-PEV,,888
mapa_1_resultados.xlsx,1391,AL2021,080700,AM,[A],coalition,NC/A,LAGOS COM FUTURO,817
mapa_1_resultados.xlsx,1392,AL2021,080703,AF,CH,party,CH,,66
mapa_1_resultados.xlsx,1392,AL2021,080703,AF,PPD/PSD,party,PPD/PSD,,191
mapa_1_resultados.xlsx,1392,AL2021,080703,AF,PS,party,PS,,612
mapa_1_resultados.xlsx,1392,AL2021,080703,AF,PCP-PEV,coalition,PCP-PEV,,99
mapa_1_resultados.xlsx,1392,AL2021,080703,AF,[A],coalition,NC/A,LAGOS COM FUTURO,74
mapa_1_resultados.xlsx,1393,AL2021,080704,AF,CH,party,CH,,60
mapa_1_resultados.xlsx,1393,AL2021,080704,AF,PPD/PSD,party,PPD/PSD,,107
mapa_1_resultados.xlsx,1393,AL2021,080704,AF,PS,party,PS,,574
mapa_1_resultados.xlsx,1393,AL2021,080704,AF,PCP-PEV,coalition,PCP-PEV,,82
mapa_1_resultados.xlsx,1393,AL2021,080704,AF,[A],coalition,NC/A,LAGOS COM FUTURO,123
mapa_1_resultados.xlsx,1394,AL2021,080707,AF,CH,party,CH,,74
mapa_1_resultados.xlsx,1394,AL2021,080707,AF,PAN,party,PAN,,39
mapa_1_resultados.xlsx,1394,AL2021,080707,AF,PPD/PSD,party,PPD/PSD,,111
mapa_1_resultados.xlsx,1394,AL2021,080707,AF,PS,party,PS,,382
mapa_1_resultados.xlsx,1394,AL2021,080707,AF,PCP-PEV,coalition,PCP-PEV,,75
mapa_1_resultados.xlsx,1394,AL2021,080707,AF,[A],coalition,NC/A,LAGOS COM FUTURO,239
mapa_1_resultados.xlsx,1395,AL2021,080708,AF,B.E.,party,B.E.,,334
mapa_1_resultados.xlsx,1395,AL2021,080708,AF,CH,party,CH,,553
mapa_1_resultados.xlsx,1395,AL2021,080708,AF,PAN,party,PAN,,275
mapa_1_resultados.xlsx,1395,AL2021,080708,AF,PPD/PSD,party,PPD/PSD,,876
mapa_1_resultados.xlsx,1395,AL2021,080708,AF,PS,party,PS,,3713
mapa_1_resultados.xlsx,1395,AL2021,080708,AF,PCP-PEV,coalition,PCP-PEV,,597
mapa_1_resultados.xlsx,1395,AL2021,080708,AF,[A],coalition,NC/A,LAGOS COM FUTURO,545
mapa_1_resultados.xlsx,1396,AL2021,080800,CM,B.E.,party,B.E.,,827
mapa_1_resultados.xlsx,1396,AL2021,080800,CM,CH,party,CH,,2169
mapa_1_resultados.xlsx,1396,AL2021,080800,CM,PAN,party,PAN,,630
mapa_1_resultados.xlsx,1396,AL2021,080800,CM,PS,party,PS,,13853
mapa_1_resultados.xlsx,1396,AL2021,080800,CM,PCP-PEV,coalition,PCP-PEV,,892
mapa_1_resultados.xlsx,1396,AL2021,080800,CM,[A],coalition,PPD/PSD.CDS-PP.MPT.PPM,MAIS E MELHOR PELA NOSSA TERRA,5540
mapa_1_resultados.xlsx,1397,AL2021,080800,AM,B.E.,party,B.E.,,1246
mapa_1_resultados.xlsx,1397,AL2021,080800,AM,CH,party,CH,,2006
mapa_1_resultados.xlsx,1397,AL2021,080800,AM,PAN,party,PAN,,813
mapa_1_resultados.xlsx,1397,AL2021,080800,AM,PS,party,PS,,12854
mapa_1_resultados.xlsx,1397,AL2021,080800,AM,PCP-PEV,coalition,PCP-PEV,,895
mapa_1_resultados.xlsx,1397,AL2021,080800,AM,[A],coalition,PPD/PSD.CDS-PP.MPT.PPM,MAIS E MELHOR PELA NOSSA TERRA,6041
mapa_1_resultados.xlsx,1398,AL2021,080801,AF,CH,party,CH,,178
mapa_1_resultados.xlsx,1398,AL2021,080801,AF,PAN,party,PAN,,113
mapa_1_resultados.xlsx,1398,AL2021,080801,AF,PS,party,PS,,1315
mapa_1_resultados.xlsx,1398,AL2021,080801,AF,PCP-PEV,coalition,PCP-PEV,,134
mapa_1_resultados.xlsx,1398,AL2021,080801,AF,[A],coalition,PPD/PSD.CDS-PP.MPT.PPM,MAIS E MELHOR PELA NOSSA TERRA,818
mapa_1_resultados.xlsx,1398,AL2021,080801,AF,[D],citizen_group,AMM,AMM - Almancil Merece Mais,197
mapa_1_resultados.xlsx,1399,AL2021,080802,AF,PS,party,PS,,543
mapa_1_resultados.xlsx,1399,AL2021,080802,AF,PCP-PEV,coalition,PCP-PEV,,90
mapa_1_resultados.xlsx,1399,AL2021,080802,AF,[A],coalition,PPD/PSD.CDS-PP.MPT.PPM,MAIS E MELHOR PELA NOSSA TERRA,177
mapa_1_resultados.xlsx,1400,AL2021,080803,AF,PS,party,PS,,213
mapa_1_resultados.xlsx,1400,AL2021,080803,AF,PCP-PEV,coalition,PCP-PEV,,3
mapa_1_resultados.xlsx,1400,AL2021,080803,AF,[A],coalition,PPD/PSD.CDS-PP.MPT.PPM,MAIS E MELHOR PELA NOSSA TERRA,47
mapa_1_resultados.xlsx,1401,AL2021,080804,AF,B.E.,party,B.E.,,61
mapa_1_resultados.xlsx,1401,AL2021,080804,AF,CH,party,CH,,134
mapa_1_resultados.xlsx,1401,AL2021,080804,AF,PS,party,PS,,1234
mapa_1_resultados.xlsx,1401,AL2021,080804,AF,PCP-PEV,coalition,PCP-PEV,,40
mapa_1_resultados.xlsx,1401,AL2021,080804,AF,[A],coalition,PPD/PSD.CDS-PP.MPT.PPM,MAIS E MELHOR PELA NOSSA TERRA,337
mapa_1_resultados.xlsx,1402,AL2021,080805,AF,B.E.,party,B.E.,,414
mapa_1_resultados.xlsx,1402,AL2021,080805,AF,CH,party,CH,,555
mapa_1_resultados.xlsx,1402,AL2021,080805,AF,PAN,party,PAN,,199
mapa_1_resultados.xlsx,1402,AL2021,080805,AF,PS,party,PS,,4102
mapa_1_resultados.xlsx,1402,AL2021,080805,AF,PCP-PEV,coalition,PCP-PEV,,178
mapa_1_resultados.xlsx,1402,AL2021,080805,AF,[A],coalition,PPD/PSD.CDS-PP.MPT.PPM,MAIS E MELHOR PELA NOSSA TERRA,1336
mapa_1_resultados.xlsx,1403,AL2021,080807,AF,B.E.,party,B.E.,,127
mapa_1_resultados.xlsx,1403,AL2021,080807,AF,PS,party,PS,,487
mapa_1_resultados.xlsx,1403,AL2021,080807,AF,PCP-PEV,coalition,PCP-PEV,,51
mapa_1_resultados.xlsx,1403,AL2021,080807,AF,[A],coalition,PPD/PSD.CDS-PP.MPT.PPM,MAIS E MELHOR PELA NOSSA TERRA,704
mapa_1_resultados.xlsx,1404,AL2021,080808,AF,B.E.,party,B.E.,,274
mapa_1_resultados.xlsx,1404,AL2021,080808,AF,CH,party,CH,,479
mapa_1_resultados.xlsx,1404,AL2021,080808,AF,PS,party,PS,,3920
mapa_1_resultados.xlsx,1404,AL2021,080808,AF,PCP-PEV,coalition,PCP-PEV,,261
mapa_1_resultados.xlsx,1404,AL2021,080808,AF,[A],coalition,PPD/PSD.CDS-PP.MPT.PPM,MAIS E MELHOR PELA NOSSA TERRA,1429
mapa_1_resultados.xlsx,1405,AL2021,080809,AF,B.E.,party,B.E.,,126
mapa_1_resultados.xlsx,1405,AL2021,080809,AF,CH,party,CH,,174
mapa_1_resultados.xlsx,1405,AL2021,080809,AF,PS,party,PS,,1371
mapa_1_resultados.xlsx,1405,AL2021,080809,AF,PCP-PEV,coalition,PCP-PEV,,91
mapa_1_resultados.xlsx,1405,AL2021,080809,AF,[A],coalition,PPD/PSD.CDS-PP.MPT.PPM,MAIS E MELHOR PELA NOSSA TERRA,822
mapa_1_resultados.xlsx,1406,AL2021,080812,AF,PS,party,PS,,439
mapa_1_resultados.xlsx,1406,AL2021,080812,AF,PCP-PEV,coalition,PCP-PEV,,68
mapa_1_resultados.xlsx,1406,AL2021,080812,AF,[A],coalition,PPD/PSD.CDS-PP.MPT.PPM,MAIS E MELHOR PELA NOSSA TERRA,675
mapa_1_resultados.xlsx,1407,AL2021,080900,CM,CDS-PP,party,CDS-PP,,425
mapa_1_resultados.xlsx,1407,AL2021,080900,CM,CH,party,CH,,51
mapa_1_resultados.xlsx,1407,AL2021,080900,CM,PPD/PSD,party,PPD/PSD,,691
mapa_1_resultados.xlsx,1407,AL2021,080900,CM,PS,party,PS,,1594
mapa_1_resultados.xlsx,1407,AL2021,080900,CM,PCP-PEV,coalition,PCP-PEV,,101
mapa_1_resultados.xlsx,1407,AL2021,080900,CM,[D],citizen_group,CPM,Cidadãos por Monchique,213
mapa_1_resultados.xlsx,1408,AL2021,080900,AM,CDS-PP,party,CDS-PP,,325
mapa_1_resultados.xlsx,1408,AL2021,080900,AM,CH,party,CH,,48
mapa_1_resultados.xlsx,1408,AL2021,080900,AM,PPD/PSD,party,PPD/PSD,,756
mapa_1_resultados.xlsx,1408,AL2021,080900,AM,PS,party,PS,,1495
mapa_1_resultados.xlsx,1408,AL2021,080900,AM,PCP-PEV,coalition,PCP-PEV,,190
mapa_1_resultados.xlsx,1408,AL2021,080900,AM,[D],citizen_group,CPM,Cidadãos por Monchique,250
mapa_1_resultados.xlsx,1409,AL2021,080901,AF,CDS-PP,party,CDS-PP,,12
mapa_1_resultados.xlsx,1409,AL2021,080901,AF,PPD/PSD,party,PPD/PSD,,58
mapa_1_resultados.xlsx,1409,AL2021,080901,AF,PS,party,PS,,140
mapa_1_resultados.xlsx,1409,AL2021,080901,AF,PCP-PEV,coalition,PCP-PEV,,5
mapa_1_resultados.xlsx,1410,AL2021,080902,AF,CDS-PP,party,CDS-PP,,14
mapa_1_resultados.xlsx,1410,AL2021,080902,AF,PPD/PSD,party,PPD/PSD,,188
mapa_1_resultados.xlsx,1410,AL2021,080902,AF,PS,party,PS,,217
mapa_1_resultados.xlsx,1410,AL2021,080902,AF,PCP-PEV,coalition,PCP-PEV,,9
mapa_1_resultados.xlsx,1411,AL2021,080903,AF,CDS-PP,party,CDS-PP,,225
mapa_1_resultados.xlsx,1411,AL2021,080903,AF,CH,party,CH,,33
mapa_1_resultados.xlsx,1411,AL2021,080903,AF,PPD/PSD,party,PPD/PSD,,419
mapa_1_resultados.xlsx,1411,AL2021,080903,AF,PS,party,PS,,1481
mapa_1_resultados.xlsx,1411,AL2021,080903,AF,PCP-PEV,coalition,PCP-PEV,,106
mapa_1_resultados.xlsx,1411,AL2021,080903,AF,[D],citizen_group,CPM,Cidadãos por Monchique,193
mapa_1_resultados.xlsx,1412,AL2021,081000,CM,B.E.,party,B.E.,,805
mapa_1_resultados.xlsx,1412,AL2021,081000,CM,CDS-PP,party,CDS-PP,,335
mapa_1_resultados.xlsx,1412,AL2021,081000,CM,CH,party,CH,,1179
mapa_1_resultados.xlsx,1412,AL2021,081000,CM,PAN,party,PAN,,508
mapa_1_resultados.xlsx,1412,AL2021,081000,CM,PS,party,PS,,7618
mapa_1_resultados.xlsx,1412,AL2021,081000,CM,PCP-PEV,coalition,PCP-PEV,,1063
mapa_1_resultados.xlsx,1412,AL2021,081000,CM,[A],coalition,PPD/PSD.MPT.PPM.A,OLHÃO PARA TODOS,3340
mapa_1_resultados.xlsx,1413,AL2021,081000,AM,B.E.,party,B.E.,,956
mapa_1_resultados.xlsx,1413,AL2021,081000,AM,CDS-PP,party,CDS-PP,,326
mapa_1_resultados.xlsx,1413,AL2021,081000,AM,CH,party,CH,,1292
mapa_1_resultados.xlsx,1413,AL2021,081000,AM,IL,party,IL,,234
mapa_1_resultados.xlsx,1413,AL2021,081000,AM,PAN,party,PAN,,590
mapa_1_resultados.xlsx,1413,AL2021,081000,AM,PS,party,PS,,6896
mapa_1_resultados.xlsx,1413,AL2021,081000,AM,PCP-PEV,coalition,PCP-PEV,,1084
mapa_1_resultados.xlsx,1413,AL2021,081000,AM,[A],coalition,PPD/PSD.MPT.PPM.A,OLHÃO PARA TODOS,3457
mapa_1_resultados.xlsx,1414,AL2021,081003,AF,B.E.,party,B.E.,,287
mapa_1_resultados.xlsx,1414,AL2021,081003,AF,CDS-PP,party,CDS-PP,,137
mapa_1_resultados.xlsx,1414,AL2021,081003,AF,CH,party,CH,,416
mapa_1_resultados.xlsx,1414,AL2021,081003,AF,PAN,party,PAN,,187
mapa_1_resultados.xlsx,1414,AL2021,081003,AF,PS,party,PS,,2126
mapa_1_resultados.xlsx,1414,AL2021,081003,AF,PCP-PEV,coalition,PCP-PEV,,390
mapa_1_resultados.xlsx,1414,AL2021,081003,AF,[A],coalition,PPD/PSD.MPT.PPM.A,OLHÃO PARA TODOS,769
mapa_1_resultados.xlsx,1415,AL2021,081004,AF,B.E.,party,B.E.,,110
mapa_1_resultados.xlsx,1415,AL2021,081004,AF,CH,party,CH,,114
mapa_1_resultados.xlsx,1415,AL2021,081004,AF,PS,party,PS,,700
mapa_1_resultados.xlsx,1415,AL2021,081004,AF,PCP-PEV,coalition,PCP-PEV,,165
mapa_1_resultados.xlsx,1415,AL2021,081004,AF,[A],coalition,PPD/PSD.MPT.PPM.A,OLHÃO PARA TODOS,269
mapa_1_resultados.xlsx,1416,AL2021,081005,AF,B.E.,party,B.E.,,315
mapa_1_resultados.xlsx,1416,AL2021,081005,AF,CDS-PP,party,CDS-PP,,99
mapa_1_resultados.xlsx,1416,AL2021,081005,AF,CH,party,CH,,459
mapa_1_resultados.xlsx,1416,AL2021,081005,AF,IL,party,IL,,109
mapa_1_resultados.xlsx,1416,AL2021,081005,AF,PAN,party,PAN,,235
mapa_1_resultados.xlsx,1416,AL2021,081005,AF,PS,party,PS,,2722
mapa_1_resultados.xlsx,1416,AL2021,081005,AF,PCP-PEV,coalition,PCP-PEV,,353
mapa_1_resultados.xlsx,1416,AL2021,081005,AF,[A],coalition,PPD/PSD.MPT.PPM.A,OLHÃO PARA TODOS,958
mapa_1_resultados.xlsx,1417,AL2021,081006,AF,B.E.,party,B.E.,,137
mapa_1_resultados.xlsx,1417,AL2021,081006,AF,CDS-PP,party,CDS-PP,,110
mapa_1_resultados.xlsx,1417,AL2021,081006,AF,CH,party,CH,,168
mapa_1_resultados.xlsx,1417,AL2021,081006,AF,PS,party,PS,,1345
mapa_1_resultados.xlsx,1417,AL2021,081006,AF,PCP-PEV,coalition,PCP-PEV,,159
mapa_1_resultados.xlsx,1417,AL2021,081006,AF,[A],coalition,PPD/PSD.MPT.PPM.A,OLHÃO PARA TODOS,2015
mapa_1_resultados.xlsx,1418,AL2021,081100,CM,B.E.,party,B.E.,,1471
mapa_1_resultados.xlsx,1418,AL2021,081100,CM,CH,party,CH,,2193
mapa_1_resultados.xlsx,1418,AL2021,081100,CM,PAN,party,PAN,,664
mapa_1_resultados.xlsx,1418,AL2021,081100,CM,PS,party,PS,,8613
mapa_1_resultados.xlsx,1418,AL2021,081100,CM,PCP-PEV,coalition,PCP-PEV,,1102
mapa_1_resultados.xlsx,1418,AL2021,081100,CM,[A],coalition,CDS-PP.NC.A,PORTIMÃO MAIS FELIZ,2813
mapa_1_resultados.xlsx,1418,AL2021,081100,CM,[B],coalition,PPD/PSD.MPT.PPM,UM NOVO PORTIMÃO,3788
mapa_1_resultados.xlsx,1419,AL2021,081100,AM,B.E.,party,B.E.,,1629
mapa_1_resultados.xlsx,1419,AL2021,081100,AM,CH,party,CH,,2372
mapa_1_resultados.xlsx,1419,AL2021,081100,AM,PAN,party,PAN,,835
mapa_1_resultados.xlsx,1419,AL2021,081100,AM,PS,party,PS,,8283
mapa_1_resultados.xlsx,1419,AL2021,081100,AM,PCP-PEV,coalition,PCP-PEV,,1222
mapa_1_resultados.xlsx,1419,AL2021,081100,AM,[A],coalition,CDS-PP.NC.A,PORTIMÃO MAIS FELIZ,2668
mapa_1_resultados.xlsx,1419,AL2021,081100,AM,[B],coalition,PPD/PSD.MPT.PPM,UM NOVO PORTIMÃO,3615
mapa_1_resultados.xlsx,1420,AL2021,081101,AF,B.E.,party,B.E.,,159
mapa_1_resultados.xlsx,1420,AL2021,081101,AF,CH,party,CH,,227
mapa_1_resultados.xlsx,1420,AL2021,081101,AF,PS,party,PS,,1256
mapa_1_resultados.xlsx,1420,AL2021,081101,AF,PCP-PEV,coalition,PCP-PEV,,129
mapa_1_resultados.xlsx,1420,AL2021,081101,AF,[A],coalition,CDS-PP.NC.A,PORTIMÃO MAIS FELIZ,238
mapa_1_resultados.xlsx,1420,AL2021,081101,AF,[B],coalition,PPD/PSD.MPT.PPM,UM NOVO PORTIMÃO,328
mapa_1_resultados.xlsx,1421,AL2021,081102,AF,B.E.,party,B.E.,,109
mapa_1_resultados.xlsx,1421,AL2021,081102,AF,CH,party,CH,,181
mapa_1_resultados.xlsx,1421,AL2021,081102,AF,PS,party,PS,,923
mapa_1_resultados.xlsx,1421,AL2021,081102,AF,PCP-PEV,coalition,PCP-PEV,,139
mapa_1_resultados.xlsx,1421,AL2021,081102,AF,[A],coalition,CDS-PP.NC.A,PORTIMÃO MAIS FELIZ,106
mapa_1_resultados.xlsx,1421,AL2021,081102,AF,[B],coalition,PPD/PSD.MPT.PPM,UM NOVO PORTIMÃO,314
mapa_1_resultados.xlsx,1422,AL2021,081103,AF,B.E.,party,B.E.,,1257
mapa_1_resultados.xlsx,1422,AL2021,081103,AF,CH,party,CH,,1837
mapa_1_resultados.xlsx,1422,AL2021,081103,AF,PAN,party,PAN,,668
mapa_1_resultados.xlsx,1422,AL2021,081103,AF,PS,party,PS,,6424
mapa_1_resultados.xlsx,1422,AL2021,081103,AF,PCP-PEV,coalition,PCP-PEV,,937
mapa_1_resultados.xlsx,1422,AL2021,081103,AF,[A],coalition,CDS-PP.NC.A,PORTIMÃO MAIS FELIZ,2519
mapa_1_resultados.xlsx,1422,AL2021,081103,AF,[B],coalition,PPD/PSD.MPT.PPM,UM NOVO PORTIMÃO,2878
mapa_1_resultados.xlsx,1423,AL2021,081200,CM,CDS-PP,party,CDS-PP,,30
mapa_1_resultados.xlsx,1423,AL2021,081200,CM,CH,party,CH,,146
mapa_1_resultados.xlsx,1423,AL2021,081200,CM,PPD/PSD,party,PPD/PSD,,1453
mapa_1_resultados.xlsx,1423,AL2021,081200,CM,PS,party,PS,,2860
mapa_1_resultados.xlsx,1423,AL2021,081200,CM,PCP-PEV,coalition,PCP-PEV,,229
mapa_1_resultados.xlsx,1424,AL2021,081200,AM,CDS-PP,party,CDS-PP,,42
mapa_1_resultados.xlsx,1424,AL2021,081200,AM,CH,party,CH,,183
mapa_1_resultados.xlsx,1424,AL2021,081200,AM,PPD/PSD,party,PPD/PSD,,1453
mapa_1_resultados.xlsx,1424,AL2021,081200,AM,PS,party,PS,,2752
mapa_1_resultados.xlsx,1424,AL2021,081200,AM,PCP-PEV,coalition,PCP-PEV,,280
mapa_1_resultados.xlsx,1425,AL2021,081201,AF,CH,party,CH,,155
mapa_1_resultados.xlsx,1425,AL2021,081201,AF,PPD/PSD,party,PPD/PSD,,1294
mapa_1_resultados.xlsx,1425,AL2021,081201,AF,PS,party,PS,,2969
mapa_1_resultados.xlsx,1425,AL2021,081201,AF,PCP-PEV,coalition,PCP-PEV,,278
mapa_1_resultados.xlsx,1426,AL2021,081300,CM,B.E.,party,B.E.,,299
mapa_1_resultados.xlsx,1426,AL2021,081300,CM,CH,party,CH,,765
mapa_1_resultados.xlsx,1426,AL2021,081300,CM,IL,party,IL,,200
mapa_1_resultados.xlsx,1426,AL2021,081300,CM,PPD/PSD,party,PPD/PSD,,3478
mapa_1_resultados.xlsx,1426,AL2021,081300,CM,PS,party,PS,,2842
mapa_1_resultados.xlsx,1426,AL2021,081300,CM,PCP-PEV,coalition,PCP-PEV,,6462
mapa_1_resultados.xlsx,1426,AL2021,081300,CM,[A],coalition,CDS-PP.PPM.A,JUNTOS POR SILVES,273
mapa_1_resultados.xlsx,1427,AL2021,081300,AM,B.E.,party,B.E.,,468
mapa_1_resultados.xlsx,1427,AL2021,081300,AM,CH,party,CH,,863
mapa_1_resultados.xlsx,1427,AL2021,081300,AM,IL,party,IL,,291
mapa_1_resultados.xlsx,1427,AL2021,081300,AM,PPD/PSD,party,PPD/PSD,,3274
mapa_1_resultados.xlsx,1427,AL2021,081300,AM,PS,party,PS,,3216
mapa_1_resultados.xlsx,1427,AL2021,081300,AM,PCP-PEV,coalition,PCP-PEV,,5626
mapa_1_resultados.xlsx,1427,AL2021,081300,AM,[A],coalition,CDS-PP.PPM.A,JUNTOS POR SILVES,461
mapa_1_resultados.xlsx,1428,AL2021,081303,AF,CH,party,CH,,156
mapa_1_resultados.xlsx,1428,AL2021,081303,AF,PPD/PSD,party,PPD/PSD,,831
mapa_1_resultados.xlsx,1428,AL2021,081303,AF,PS,party,PS,,313
mapa_1_resultados.xlsx,1428,AL2021,081303,AF,PCP-PEV,coalition,PCP-PEV,,484
mapa_1_resultados.xlsx,1429,AL2021,081305,AF,CH,party,CH,,187
mapa_1_resultados.xlsx,1429,AL2021,081305,AF,PPD/PSD,party,PPD/PSD,,306
mapa_1_resultados.xlsx,1429,AL2021,081305,AF,PS,party,PS,,486
mapa_1_resultados.xlsx,1429,AL2021,081305,AF,PCP-PEV,coalition,PCP-PEV,,2374
mapa_1_resultados.xlsx,1430,AL2021,081306,AF,PPD/PSD,party,PPD/PSD,,317
mapa_1_resultados.xlsx,1430,AL2021,081306,AF,PS,party,PS,,68
mapa_1_resultados.xlsx,1430,AL2021,081306,AF,PCP-PEV,coalition,PCP-PEV,,152
mapa_1_resultados.xlsx,1431,AL2021,081307,AF,B.E.,party,B.E.,,141
mapa_1_resultados.xlsx,1431,AL2021,081307,AF,CH,party,CH,,150
mapa_1_resultados.xlsx,1431,AL2021,081307,AF,IL,party,IL,,96
mapa_1_resultados.xlsx,1431,AL2021,081307,AF,PPD/PSD,party,PPD/PSD,,640
mapa_1_resultados.xlsx,1431,AL2021,081307,AF,PS,party,PS,,566
mapa_1_resultados.xlsx,1431,AL2021,081307,AF,PCP-PEV,coalition,PCP-PEV,,2651
mapa_1_resultados.xlsx,1432,AL2021,081309,AF,PPD/PSD,party,PPD/PSD,,369
mapa_1_resultados.xlsx,1432,AL2021,081309,AF,PS,party,PS,,794
mapa_1_resultados.xlsx,1432,AL2021,081309,AF,PCP-PEV,coalition,PCP-PEV,,712
mapa_1_resultados.xlsx,1433,AL2021,081310,AF,CH,party,CH,,133
mapa_1_resultados.xlsx,1433,AL2021,081310,AF,PPD/PSD,party,PPD/PSD,,1245
mapa_1_resultados.xlsx,1433,AL2021,081310,AF,PS,party,PS,,502
mapa_1_resultados.xlsx,1433,AL2021,081310,AF,PCP-PEV,coalition,PCP-PEV,,604
mapa_1_resultados.xlsx,1434,AL2021,081400,CM,B.E.,party,B.E.,,286
mapa_1_resultados.xlsx,1434,AL2021,081400,CM,CH,party,CH,,580
mapa_1_resultados.xlsx,1434,AL2021,081400,CM,PPD/PSD,party,PPD/PSD,,5146
mapa_1_resultados.xlsx,1434,AL2021,081400,CM,PS,party,PS,,5275
mapa_1_resultados.xlsx,1434,AL2021,081400,CM,PCP-PEV,coalition,PCP-PEV,,401
mapa_1_resultados.xlsx,1435,AL2021,081400,AM,B.E.,party,B.E.,,341
mapa_1_resultados.xlsx,1435,AL2021,081400,AM,CH,party,CH,,611
mapa_1_resultados.xlsx,1435,AL2021,081400,AM,PPD/PSD,party,PPD/PSD,,5158
mapa_1_resultados.xlsx,1435,AL2021,081400,AM,PS,party,PS,,5075
mapa_1_resultados.xlsx,1435,AL2021,081400,AM,PCP-PEV,coalition,PCP-PEV,,466
mapa_1_resultados.xlsx,1436,AL2021,081401,AF,PPD/PSD,party,PPD/PSD,,199
mapa_1_resultados.xlsx,1436,AL2021,081401,AF,PS,party,PS,,142
mapa_1_resultados.xlsx,1436,AL2021,081401,AF,PCP-PEV,coalition,PCP-PEV,,8
mapa_1_resultados.xlsx,1437,AL2021,081404,AF,PPD/PSD,party,PPD/PSD,,161
mapa_1_resultados.xlsx,1437,AL2021,081404,AF,PS,party,PS,,622
mapa_1_resultados.xlsx,1437,AL2021,081404,AF,PCP-PEV,coalition,PCP-PEV,,46
mapa_1_resultados.xlsx,1438,AL2021,081408,AF,B.E.,party,B.E.,,9
mapa_1_resultados.xlsx,1438,AL2021,081408,AF,CH,party,CH,,28
mapa_1_resultados.xlsx,1438,AL2021,081408,AF,PPD/PSD,party,PPD/PSD,,356
mapa_1_resultados.xlsx,1438,AL2021,081408,AF,PS,party,PS,,385
mapa_1_resultados.xlsx,1438,AL2021,081408,AF,PCP-PEV,coalition,PCP-PEV,,30
mapa_1_resultados.xlsx,1439,AL2021,081410,AF,B.E.,party,B.E.,,64
mapa_1_resultados.xlsx,1439,AL2021,081410,AF,CH,party,CH,,90
mapa_1_resultados.xlsx,1439,AL2021,081410,AF,PPD/PSD,party,PPD/PSD,,489
mapa_1_resultados.xlsx,1439,AL2021,081410,AF,PS,party,PS,,545
mapa_1_resultados.xlsx,1439,AL2021,081410,AF,PCP-PEV,coalition,PCP-PEV,,44
mapa_1_resultados.xlsx,1440,AL2021,081411,AF,B.E.,party,B.E.,,52
mapa_1_resultados.xlsx,1440,AL2021,081411,AF,CH,party,CH,,75
mapa_1_resultados.xlsx,1440,AL2021,081411,AF,PPD/PSD,party,PPD/PSD,,778
mapa_1_resultados.xlsx,1440,AL2021,081411,AF,PS,party,PS,,971
mapa_1_resultados.xlsx,1440,AL2021,081411,AF,PCP-PEV,coalition,PCP-PEV,,49
mapa_1_resultados.xlsx,1441,AL2021,081412,AF,B.E.,party,B.E.,,148
mapa_1_resultados.xlsx,1441,AL2021,081412,AF,CH,party,CH,,311
mapa_1_resultados.xlsx,1441,AL2021,081412,AF,PPD/PSD,party,PPD/PSD,,2369
mapa_1_resultados.xlsx,1441,AL2021,081412,AF,PS,party,PS,,3492
mapa_1_resultados.xlsx,1441,AL2021,081412,AF,PCP-PEV,coalition,PCP-PEV,,218
mapa_1_resultados.xlsx,1442,AL2021,081500,CM,CH,party,CH,,73
mapa_1_resultados.xlsx,1442,AL2021,081500,CM,PS,party,PS,,870
mapa_1_resultados.xlsx,1442,AL2021,081500,CM,PCP-PEV,coalition,PCP-PEV,,124
mapa_1_resultados.xlsx,1442,AL2021,081500,CM,[A],coalition,PPD/PSD.CDS-PP.MPT.PPM,A NOSSA TERRA EM BOAS MÃOS,630
mapa_1_resultados.xlsx,1442,AL2021,081500,CM,[D],citizen_group,SPCVB,Somos Pelo Concelho - Vila do Bispo,837
mapa_1_resultados.xlsx,1443,AL2021,081500,AM,B.E.,party,B.E.,,150
mapa_1_resultados.xlsx,1443,AL2021,081500,AM,CH,party,CH,,66
mapa_1_resultados.xlsx,1443,AL2021,081500,AM,PS,party,PS,,811
mapa_1_resultados.xlsx,1443,AL2021,081500,AM,PCP-PEV,coalition,PCP-PEV,,124
mapa_1_resultados.xlsx,1443,AL2021,081500,AM,[A],coalition,PPD/PSD.CDS-PP.MPT.PPM,A NOSSA TERRA EM BOAS MÃOS,588
mapa_1_resultados.xlsx,1443,AL2021,081500,AM,[D],citizen_group,SPCVB,Somos Pelo Concelho - Vila do Bispo,807
mapa_1_resultados.xlsx,1444,AL2021,081501,AF,CH,party,CH,,32
mapa_1_resultados.xlsx,1444,AL2021,081501,AF,PCP-PEV,coalition,PCP-PEV,,26
mapa_1_resultados.xlsx,1444,AL2021,081501,AF,[D],citizen_group,LUP,Lista Unitária do Progresso,136
mapa_1_resultados.xlsx,1445,AL2021,081502,AF,CH,party,CH,,11
mapa_1_resultados.xlsx,1445,AL2021,081502,AF,PS,party,PS,,202
mapa_1_resultados.xlsx,1445,AL2021,081502,AF,PCP-PEV,coalition,PCP-PEV,,47
mapa_1_resultados.xlsx,1445,AL2021,081502,AF,[A],coalition,PPD/PSD.CDS-PP.MPT.PPM,A NOSSA TERRA EM BOAS MÃOS,98
mapa_1_resultados.xlsx,1445,AL2021,081502,AF,[D],citizen_group,SPCVB,Somos Pelo Concelho - Vila do Bispo,170
mapa_1_resultados.xlsx,1445,AL2021,081502,AF,[E],citizen_group,VFM,Vamos Fazer Mais,106
mapa_1_resultados.xlsx,1446,AL2021,081504,AF,CH,party,CH,,27
mapa_1_resultados.xlsx,1446,AL2021,081504,AF,PS,party,PS,,309
mapa_1_resultados.xlsx,1446,AL2021,081504,AF,PCP-PEV,coalition,PCP-PEV,,78
mapa_1_resultados.xlsx,1446,AL2021,081504,AF,[A],coalition,PPD/PSD.CDS-PP.MPT.PPM,A NOSSA TERRA EM BOAS MÃOS,212
mapa_1_resultados.xlsx,1446,AL2021,081504,AF,[D],citizen_group,SPCVB,Somos Pelo Concelho - Vila do Bispo,328
mapa_1_resultados.xlsx,1447,AL2021,081506,AF,CH,party,CH,,17
mapa_1_resultados.xlsx,1447,AL2021,081506,AF,PS,party,PS,,208
mapa_1_resultados.xlsx,1447,AL2021,081506,AF,PCP-PEV,coalition,PCP-PEV,,14
mapa_1_resultados.xlsx,1447,AL2021,081506,AF,[A],coalition,PPD/PSD.CDS-PP.MPT.PPM,A NOSSA TERRA EM BOAS MÃOS,193
mapa_1_resultados.xlsx,1447,AL2021,081506,AF,[D],citizen_group,SPCVB,Somos Pelo Concelho - Vila do Bispo,331
mapa_1_resultados.xlsx,1448,AL2021,081600,CM,B.E.,party,B.E.,,131
mapa_1_resultados.xlsx,1448,AL2021,081600,CM,CDS-PP,party,CDS-PP,,96
mapa_1_resultados.xlsx,1448,AL2021,081600,CM,CH,party,CH,,364
mapa_1_resultados.xlsx,1448,AL2021,081600,CM,PAN,party,PAN,,181
mapa_1_resultados.xlsx,1448,AL2021,081600,CM,PPD/PSD,party,PPD/PSD,,3046
mapa_1_resultados.xlsx,1448,AL2021,081600,CM,PS,party,PS,,3483
mapa_1_resultados.xlsx,1448,AL2021,081600,CM,PCP-PEV,coalition,PCP-PEV,,1098
mapa_1_resultados.xlsx,1448,AL2021,081600,CM,[D],citizen_group,[D],,715
mapa_1_resultados.xlsx,1449,AL2021,081600,AM,B.E.,party,B.E.,,189
mapa_1_resultados.xlsx,1449,AL2021,081600,AM,CDS-PP,party,CDS-PP,,104
mapa_1_resultados.xlsx,1449,AL2021,081600,AM,CH,party,CH,,436
mapa_1_resultados.xlsx,1449,AL2021,081600,AM,PAN,party,PAN,,244
mapa_1_resultados.xlsx,1449,AL2021,081600,AM,PPD/PSD,party,PPD/PSD,,2928
mapa_1_resultados.xlsx,1449,AL2021,081600,AM,PS,party,PS,,3310
mapa_1_resultados.xlsx,1449,AL2021,081600,AM,PCP-PEV,coalition,PCP-PEV,,1130
mapa_1_resultados.xlsx,1449,AL2021,081600,AM,[D],citizen_group,[D],,763
mapa_1_resultados.xlsx,1450,AL2021,081601,AF,B.E.,party,B.E.,,31
mapa_1_resultados.xlsx,1450,AL2021,081601,AF,CH,party,CH,,93
mapa_1_resultados.xlsx,1450,AL2021,081601,AF,PAN,party,PAN,,31
mapa_1_resultados.xlsx,1450,AL2021,081601,AF,PPD/PSD,party,PPD/PSD,,512
mapa_1_resultados.xlsx,1450,AL2021,081601,AF,PS,party,PS,,612
mapa_1_resultados.xlsx,1450,AL2021,081601,AF,PCP-PEV,coalition,PCP-PEV,,89
mapa_1_resultados.xlsx,1450,AL2021,081601,AF,[D],citizen_group,CICF,Candidatura Independente Construir o Futuro,344
mapa_1_resultados.xlsx,1451,AL2021,081602,AF,B.E.,party,B.E.,,122
mapa_1_resultados.xlsx,1451,AL2021,081602,AF,CH,party,CH,,240
mapa_1_resultados.xlsx,1451,AL2021,081602,AF,PAN,party,PAN,,135
mapa_1_resultados.xlsx,1451,AL2021,081602,AF,PPD/PSD,party,PPD/PSD,,1934
mapa_1_resultados.xlsx,1451,AL2021,081602,AF,PS,party,PS,,2066
mapa_1_resultados.xlsx,1451,AL2021,081602,AF,PCP-PEV,coalition,PCP-PEV,,784
mapa_1_resultados.xlsx,1451,AL2021,081602,AF,[D],citizen_group,CICF,Candidatura Independente Construir o Futuro,383
mapa_1_resultados.xlsx,1452,AL2021,081603,AF,B.E.,party,B.E.,,18
mapa_1_resultados.xlsx,1452,AL2021,081603,AF,CH,party,CH,,103
mapa_1_resultados.xlsx,1452,AL2021,081603,AF,PAN,party,PAN,,29
mapa_1_resultados.xlsx,1452,AL2021,081603,AF,PPD/PSD,party,PPD/PSD,,782
mapa_1_resultados.xlsx,1452,AL2021,081603,AF,PS,party,PS,,537
mapa_1_resultados.xlsx,1452,AL2021,081603,AF,PCP-PEV,coalition,PCP-PEV,,143
mapa_1_resultados.xlsx,1452,AL2021,081603,AF,[D],citizen_group,CICF,Candidatura Independente Construir o Futuro,122
mapa_1_resultados.xlsx,1454,AL2021,090100,CM,CH,party,CH,,176
mapa_1_resultados.xlsx,1454,AL2021,090100,CM,PPD/PSD,party,PPD/PSD,,1685
mapa_1_resultados.xlsx,1454,AL2021,090100,CM,PCP-PEV,coalition,PCP-PEV,,15
mapa_1_resultados.xlsx,1454,AL2021,090100,CM,[D],citizen_group,UPNT,Movimento Independente Unidos Pela Nossa Terra,2195
mapa_1_resultados.xlsx,1455,AL2021,090100,AM,CH,party,CH,,123
mapa_1_resultados.xlsx,1455,AL2021,090100,AM,PPD/PSD,party,PPD/PSD,,1704
mapa_1_resultados.xlsx,1455,AL2021,090100,AM,PCP-PEV,coalition,PCP-PEV,,21
mapa_1_resultados.xlsx,1455,AL2021,090100,AM,[D],citizen_group,UPNT,Movimento Independente Unidos Pela Nossa Terra,2212
mapa_1_resultados.xlsx,1456,AL2021,090102,AF,PPD/PSD,party,PPD/PSD,,174
mapa_1_resultados.xlsx,1456,AL2021,090102,AF,[D],citizen_group,UPNT,Movimento Independente Unidos Pela Nossa Terra,181
mapa_1_resultados.xlsx,1457,AL2021,090103,AF,PPD/PSD,party,PPD/PSD,,123
mapa_1_resultados.xlsx,1457,AL2021,090103,AF,[D],citizen_group,UPNT,Movimento Independente Unidos Pela Nossa Terra,169
mapa_1_resultados.xlsx,1458,AL2021,090105,AF,PPD/PSD,party,PPD/PSD,,149
mapa_1_resultados.xlsx,1458,AL2021,090105,AF,[D],citizen_group,UPNT,Movimento Independente Unidos Pela Nossa Terra,289
mapa_1_resultados.xlsx,1459,AL2021,090106,AF,PPD/PSD,party,PPD/PSD,,71
mapa_1_resultados.xlsx,1459,AL2021,090106,AF,[D],citizen_group,UPNT,Movimento Independente Unidos Pela Nossa Terra,117
mapa_1_resultados.xlsx,1460,AL2021,090107,AF,PPD/PSD,party,PPD/PSD,,93
mapa_1_resultados.xlsx,1460,AL2021,090107,AF,[D],citizen_group,UPNT,Movimento Independente Unidos Pela Nossa Terra,81
mapa_1_resultados.xlsx,1461,AL2021,090109,AF,PPD/PSD,party,PPD/PSD,,316
mapa_1_resultados.xlsx,1461,AL2021,090109,AF,PCP-PEV,coalition,PCP-PEV,,3
mapa_1_resultados.xlsx,1461,AL2021,090109,AF,[D],citizen_group,UPNT,Movimento Independente Unidos Pela Nossa Terra,264
mapa_1_resultados.xlsx,1462,AL2021,090110,AF,PPD/PSD,party,PPD/PSD,,69
mapa_1_resultados.xlsx,1462,AL2021,090110,AF,[D],citizen_group,UPNT,Movimento Independente Unidos Pela Nossa Terra,122
mapa_1_resultados.xlsx,1463,AL2021,090114,AF,PPD/PSD,party,PPD/PSD,,380
mapa_1_resultados.xlsx,1463,AL2021,090114,AF,PCP-PEV,coalition,PCP-PEV,,18
mapa_1_resultados.xlsx,1463,AL2021,090114,AF,[D],citizen_group,UPNT,Movimento Independente Unidos Pela Nossa Terra,711
mapa_1_resultados.xlsx,1464,AL2021,090115,AF,PPD/PSD,party,PPD/PSD,,157
mapa_1_resultados.xlsx,1464,AL2021,090115,AF,[D],citizen_group,UPNT,Movimento Independente Unidos Pela Nossa Terra,196
mapa_1_resultados.xlsx,1465,AL2021,090116,AF,PPD/PSD,party,PPD/PSD,,161
mapa_1_resultados.xlsx,1465,AL2021,090116,AF,[D],citizen_group,UPNT,Movimento Independente Unidos Pela Nossa Terra,215
mapa_1_resultados.xlsx,1466,AL2021,090200,CM,PPD/PSD,party,PPD/PSD,,2086
mapa_1_resultados.xlsx,1466,AL2021,090200,CM,PS,party,PS,,1788
mapa_1_resultados.xlsx,1466,AL2021,090200,CM,PCP-PEV,coalition,PCP-PEV,,110
mapa_1_resultados.xlsx,1467,AL2021,090200,AM,PPD/PSD,party,PPD/PSD,,2020
mapa_1_resultados.xlsx,1467,AL2021,090200,AM,PS,party,PS,,1743
mapa_1_resultados.xlsx,1467,AL2021,090200,AM,PCP-PEV,coalition,PCP-PEV,,192
mapa_1_resultados.xlsx,1468,AL2021,090203,AF,PPD/PSD,party,PPD/PSD,,215
mapa_1_resultados.xlsx,1468,AL2021,090203,AF,PS,party,PS,,340
mapa_1_resultados.xlsx,1468,AL2021,090203,AF,PCP-PEV,coalition,PCP-PEV,,167
mapa_1_resultados.xlsx,1469,AL2021,090207,AF,[D],citizen_group,ANT,Amor à Nossa Terra,88
mapa_1_resultados.xlsx,1470,AL2021,090209,AF,PS,party,PS,,47
mapa_1_resultados.xlsx,1470,AL2021,090209,AF,[D],citizen_group,MF,Mais Freineda,95
mapa_1_resultados.xlsx,1471,AL2021,090210,AF,[D],citizen_group,TUF,Todos Unidos Pelo Freixo,103
mapa_1_resultados.xlsx,1472,AL2021,090213,AF,PPD/PSD,party,PPD/PSD,,76
mapa_1_resultados.xlsx,1472,AL2021,090213,AF,[D],citizen_group,M.S.M,Malhada Sorda Mais,109
mapa_1_resultados.xlsx,1473,AL2021,090219,AF,PPD/PSD,party,PPD/PSD,,194
mapa_1_resultados.xlsx,1474,AL2021,090224,AF,PPD/PSD,party,PPD/PSD,,55
mapa_1_resultados.xlsx,1474,AL2021,090224,AF,PS,party,PS,,48
mapa_1_resultados.xlsx,1475,AL2021,090227,AF,PS,party,PS,,97
mapa_1_resultados.xlsx,1476,AL2021,090229,AF,PPD/PSD,party,PPD/PSD,,478
mapa_1_resultados.xlsx,1476,AL2021,090229,AF,PS,party,PS,,621
mapa_1_resultados.xlsx,1477,AL2021,090230,AF,PPD/PSD,party,PPD/PSD,,186
mapa_1_resultados.xlsx,1478,AL2021,090231,AF,PPD/PSD,party,PPD/PSD,,113
mapa_1_resultados.xlsx,1478,AL2021,090231,AF,PS,party,PS,,48
mapa_1_resultados.xlsx,1479,AL2021,090232,AF,PPD/PSD,party,PPD/PSD,,95
mapa_1_resultados.xlsx,1479,AL2021,090232,AF,[D],citizen_group,UFF,União Faz a Força,114
mapa_1_resultados.xlsx,1480,AL2021,090233,AF,PPD/PSD,party,PPD/PSD,,117
mapa_1_resultados.xlsx,1480,AL2021,090233,AF,[D],citizen_group,JNF,Juntos Pelas Nossas Freguesias,52
mapa_1_resultados.xlsx,1481,AL2021,090234,AF,PPD/PSD,party,PPD/PSD,,88
mapa_1_resultados.xlsx,1482,AL2021,090235,AF,[D],citizen_group,PFDNA,Pelo Futuro das Nossas Aldeias,96
mapa_1_resultados.xlsx,1483,AL2021,090236,AF,PPD/PSD,party,PPD/PSD,,140
mapa_1_resultados.xlsx,1484,AL2021,090300,CM,CH,party,CH,,126
mapa_1_resultados.xlsx,1484,AL2021,090300,CM,PPD/PSD,party,PPD/PSD,,2830
mapa_1_resultados.xlsx,1484,AL2021,090300,CM,PS,party,PS,,1883
mapa_1_resultados.xlsx,1484,AL2021,090300,CM,PCP-PEV,coalition,PCP-PEV,,25
mapa_1_resultados.xlsx,1485,AL2021,090300,AM,CH,party,CH,,255
mapa_1_resultados.xlsx,1485,AL2021,090300,AM,PPD/PSD,party,PPD/PSD,,2650
mapa_1_resultados.xlsx,1485,AL2021,090300,AM,PS,party,PS,,1893
mapa_1_resultados.xlsx,1485,AL2021,090300,AM,PCP-PEV,coalition,PCP-PEV,,50
mapa_1_resultados.xlsx,1486,AL2021,090302,AF,PS,party,PS,,101
mapa_1_resultados.xlsx,1487,AL2021,090304,AF,PPD/PSD,party,PPD/PSD,,71
mapa_1_resultados.xlsx,1487,AL2021,090304,AF,PS,party,PS,,61
mapa_1_resultados.xlsx,1488,AL2021,090306,AF,PPD/PSD,party,PPD/PSD,,250
mapa_1_resultados.xlsx,1488,AL2021,090306,AF,PS,party,PS,,217
mapa_1_resultados.xlsx,1489,AL2021,090307,AF,PPD/PSD,party,PPD/PSD,,303
mapa_1_resultados.xlsx,1489,AL2021,090307,AF,PS,party,PS,,138
mapa_1_resultados.xlsx,1490,AL2021,090308,AF,PPD/PSD,party,PPD/PSD,,84
mapa_1_resultados.xlsx,1490,AL2021,090308,AF,PS,party,PS,,78
mapa_1_resultados.xlsx,1491,AL2021,090309,AF,PS,party,PS,,48
mapa_1_resultados.xlsx,1491,AL2021,090309,AF,[D],citizen_group,IMC,INDEPENDENTES MAÇAL DO CHÃO,77
mapa_1_resultados.xlsx,1492,AL2021,090310,AF,PPD/PSD,party,PPD/PSD,,47
mapa_1_resultados.xlsx,1492,AL2021,090310,AF,PS,party,PS,,105
mapa_1_resultados.xlsx,1493,AL2021,090311,AF,PS,party,PS,,13
mapa_1_resultados.xlsx,1493,AL2021,090311,AF,[D],citizen_group,SPM,SEMPTRE PRESENTES PELO MINHOCAL,90
mapa_1_resultados.xlsx,1494,AL2021,090312,AF,PS,party,PS,,95
mapa_1_resultados.xlsx,1495,AL2021,090314,AF,PPD/PSD,party,PPD/PSD,,130
mapa_1_resultados.xlsx,1495,AL2021,090314,AF,PS,party,PS,,48
mapa_1_resultados.xlsx,1496,AL2021,090318,AF,PPD/PSD,party,PPD/PSD,,128
mapa_1_resultados.xlsx,1496,AL2021,090318,AF,PS,party,PS,,142
mapa_1_resultados.xlsx,1497,AL2021,090322,AF,PPD/PSD,party,PPD/PSD,,179
mapa_1_resultados.xlsx,1497,AL2021,090322,AF,PS,party,PS,,170
mapa_1_resultados.xlsx,1498,AL2021,090323,AF,PPD/PSD,party,PPD/PSD,,193
mapa_1_resultados.xlsx,1498,AL2021,090323,AF,PS,party,PS,,133
mapa_1_resultados.xlsx,1499,AL2021,090324,AF,CH,party,CH,,69
mapa_1_resultados.xlsx,1499,AL2021,090324,AF,PPD/PSD,party,PPD/PSD,,716
mapa_1_resultados.xlsx,1499,AL2021,090324,AF,PS,party,PS,,597
mapa_1_resultados.xlsx,1499,AL2021,090324,AF,PCP-PEV,coalition,PCP-PEV,,12
mapa_1_resultados.xlsx,1500,AL2021,090325,AF,PPD/PSD,party,PPD/PSD,,115
mapa_1_resultados.xlsx,1500,AL2021,090325,AF,PS,party,PS,,177
mapa_1_resultados.xlsx,1501,AL2021,090326,AF,PPD/PSD,party,PPD/PSD,,136
mapa_1_resultados.xlsx,1501,AL2021,090326,AF,PS,party,PS,,62
mapa_1_resultados.xlsx,1502,AL2021,090400,CM,CDS-PP,party,CDS-PP,,103
mapa_1_resultados.xlsx,1502,AL2021,090400,CM,L,party,L,,9
mapa_1_resultados.xlsx,1502,AL2021,090400,CM,PPD/PSD,party,PPD/PSD,,1883
mapa_1_resultados.xlsx,1502,AL2021,090400,CM,PS,party,PS,,1795
mapa_1_resultados.xlsx,1502,AL2021,090400,CM,PCP-PEV,coalition,PCP-PEV,,24
mapa_1_resultados.xlsx,1503,AL2021,090400,AM,CDS-PP,party,CDS-PP,,173
mapa_1_resultados.xlsx,1503,AL2021,090400,AM,L,party,L,,17
mapa_1_resultados.xlsx,1503,AL2021,090400,AM,PPD/PSD,party,PPD/PSD,,1835
mapa_1_resultados.xlsx,1503,AL2021,090400,AM,PS,party,PS,,1767
mapa_1_resultados.xlsx,1503,AL2021,090400,AM,PCP-PEV,coalition,PCP-PEV,,23
mapa_1_resultados.xlsx,1504,AL2021,090403,AF,[D],citizen_group,CR,Unidos por Castelo Rodrigo,123
mapa_1_resultados.xlsx,1505,AL2021,090406,AF,PPD/PSD,party,PPD/PSD,,234
mapa_1_resultados.xlsx,1505,AL2021,090406,AF,PS,party,PS,,217
mapa_1_resultados.xlsx,1506,AL2021,090408,AF,CDS-PP,party,CDS-PP,,98
mapa_1_resultados.xlsx,1506,AL2021,090408,AF,L,party,L,,5
mapa_1_resultados.xlsx,1506,AL2021,090408,AF,PPD/PSD,party,PPD/PSD,,690
mapa_1_resultados.xlsx,1506,AL2021,090408,AF,PS,party,PS,,686
mapa_1_resultados.xlsx,1506,AL2021,090408,AF,PCP-PEV,coalition,PCP-PEV,,8
mapa_1_resultados.xlsx,1507,AL2021,090410,AF,PPD/PSD,party,PPD/PSD,,137
mapa_1_resultados.xlsx,1507,AL2021,090410,AF,PS,party,PS,,77
mapa_1_resultados.xlsx,1508,AL2021,090415,AF,PPD/PSD,party,PPD/PSD,,79
mapa_1_resultados.xlsx,1508,AL2021,090415,AF,PS,party,PS,,159
mapa_1_resultados.xlsx,1509,AL2021,090418,AF,CDS-PP,party,CDS-PP,,22
mapa_1_resultados.xlsx,1509,AL2021,090418,AF,PPD/PSD,party,PPD/PSD,,155
mapa_1_resultados.xlsx,1509,AL2021,090418,AF,PS,party,PS,,119
mapa_1_resultados.xlsx,1510,AL2021,090419,AF,PPD/PSD,party,PPD/PSD,,60
mapa_1_resultados.xlsx,1510,AL2021,090419,AF,PS,party,PS,,104
mapa_1_resultados.xlsx,1511,AL2021,090420,AF,PPD/PSD,party,PPD/PSD,,156
mapa_1_resultados.xlsx,1511,AL2021,090420,AF,PS,party,PS,,96
mapa_1_resultados.xlsx,1512,AL2021,090421,AF,PPD/PSD,party,PPD/PSD,,219
mapa_1_resultados.xlsx,1512,AL2021,090421,AF,PS,party,PS,,166
mapa_1_resultados.xlsx,1513,AL2021,090422,AF,PPD/PSD,party,PPD/PSD,,98
mapa_1_resultados.xlsx,1513,AL2021,090422,AF,PS,party,PS,,44
mapa_1_resultados.xlsx,1514,AL2021,090500,CM,PS,party,PS,,1945
mapa_1_resultados.xlsx,1514,AL2021,090500,CM,PCP-PEV,coalition,PCP-PEV,,43
mapa_1_resultados.xlsx,1514,AL2021,090500,CM,[A],coalition,PPD/PSD.CDS-PP,"TODOS POR FORNOS, FORNOS PARA TODOS",1104
mapa_1_resultados.xlsx,1515,AL2021,090500,AM,PS,party,PS,,1842
mapa_1_resultados.xlsx,1515,AL2021,090500,AM,PCP-PEV,coalition,PCP-PEV,,61
mapa_1_resultados.xlsx,1515,AL2021,090500,AM,[A],coalition,PPD/PSD.CDS-PP,"TODOS POR FORNOS, FORNOS PARA TODOS",1206
mapa_1_resultados.xlsx,1516,AL2021,090501,AF,PPD/PSD,party,PPD/PSD,,85
mapa_1_resultados.xlsx,1516,AL2021,090501,AF,PS,party,PS,,149
mapa_1_resultados.xlsx,1517,AL2021,090502,AF,PPD/PSD,party,PPD/PSD,,45
mapa_1_resultados.xlsx,1517,AL2021,090502,AF,PS,party,PS,,79
mapa_1_resultados.xlsx,1518,AL2021,090504,AF,[D],citizen_group,TPF,TODOS POR FIGUEIRÓ,199
mapa_1_resultados.xlsx,1519,AL2021,090505,AF,PPD/PSD,party,PPD/PSD,,298
mapa_1_resultados.xlsx,1519,AL2021,090505,AF,PS,party,PS,,650
mapa_1_resultados.xlsx,1520,AL2021,090507,AF,PS,party,PS,,143
mapa_1_resultados.xlsx,1521,AL2021,090509,AF,PS,party,PS,,107
mapa_1_resultados.xlsx,1521,AL2021,090509,AF,[D],citizen_group,TPM,TODOS POR MACEIRA,53
mapa_1_resultados.xlsx,1522,AL2021,090510,AF,PPD/PSD,party,PPD/PSD,,94
mapa_1_resultados.xlsx,1522,AL2021,090510,AF,PS,party,PS,,58
mapa_1_resultados.xlsx,1523,AL2021,090511,AF,PPD/PSD,party,PPD/PSD,,96
mapa_1_resultados.xlsx,1523,AL2021,090511,AF,PS,party,PS,,104
mapa_1_resultados.xlsx,1524,AL2021,090512,AF,PPD/PSD,party,PPD/PSD,,117
mapa_1_resultados.xlsx,1525,AL2021,090517,AF,[D],citizen_group,CVC,POR CORTIÇÕ E VILA CHÃ,88
mapa_1_resultados.xlsx,1526,AL2021,090518,AF,PPD/PSD,party,PPD/PSD,,145
mapa_1_resultados.xlsx,1526,AL2021,090518,AF,PS,party,PS,,257
mapa_1_resultados.xlsx,1527,AL2021,090519,AF,[D],citizen_group,IPU,INDEPENDENTES PELA UNIÃO,130
mapa_1_resultados.xlsx,1528,AL2021,090600,CM,PPD/PSD,party,PPD/PSD,,3516
mapa_1_resultados.xlsx,1528,AL2021,090600,CM,PS,party,PS,,2868
mapa_1_resultados.xlsx,1528,AL2021,090600,CM,PCP-PEV,coalition,PCP-PEV,,210
mapa_1_resultados.xlsx,1529,AL2021,090600,AM,PPD/PSD,party,PPD/PSD,,3516
mapa_1_resultados.xlsx,1529,AL2021,090600,AM,PS,party,PS,,2785
mapa_1_resultados.xlsx,1529,AL2021,090600,AM,PCP-PEV,coalition,PCP-PEV,,284
mapa_1_resultados.xlsx,1530,AL2021,090602,AF,PPD/PSD,party,PPD/PSD,,251
mapa_1_resultados.xlsx,1530,AL2021,090602,AF,PS,party,PS,,79
mapa_1_resultados.xlsx,1531,AL2021,090603,AF,PS,party,PS,,214
mapa_1_resultados.xlsx,1532,AL2021,090605,AF,PPD/PSD,party,PPD/PSD,,132
mapa_1_resultados.xlsx,1533,AL2021,090612,AF,PPD/PSD,party,PPD/PSD,,227
mapa_1_resultados.xlsx,1533,AL2021,090612,AF,PS,party,PS,,210
mapa_1_resultados.xlsx,1533,AL2021,090612,AF,PCP-PEV,coalition,PCP-PEV,,8
mapa_1_resultados.xlsx,1534,AL2021,090613,AF,PPD/PSD,party,PPD/PSD,,244
mapa_1_resultados.xlsx,1535,AL2021,090614,AF,PPD/PSD,party,PPD/PSD,,83
mapa_1_resultados.xlsx,1536,AL2021,090617,AF,PS,party,PS,,291
mapa_1_resultados.xlsx,1537,AL2021,090619,AF,PPD/PSD,party,PPD/PSD,,107
mapa_1_resultados.xlsx,1538,AL2021,090620,AF,PS,party,PS,,107
mapa_1_resultados.xlsx,1539,AL2021,090621,AF,PPD/PSD,party,PPD/PSD,,490
mapa_1_resultados.xlsx,1539,AL2021,090621,AF,PCP-PEV,coalition,PCP-PEV,,13
mapa_1_resultados.xlsx,1539,AL2021,090621,AF,[D],citizen_group,IVN,Independentes XXI-Vida Nova/IVN,335
mapa_1_resultados.xlsx,1540,AL2021,090623,AF,PPD/PSD,party,PPD/PSD,,152
mapa_1_resultados.xlsx,1540,AL2021,090623,AF,PS,party,PS,,137
mapa_1_resultados.xlsx,1541,AL2021,090624,AF,PPD/PSD,party,PPD/PSD,,176
mapa_1_resultados.xlsx,1542,AL2021,090625,AF,PPD/PSD,party,PPD/PSD,,614
mapa_1_resultados.xlsx,1542,AL2021,090625,AF,PS,party,PS,,913
mapa_1_resultados.xlsx,1542,AL2021,090625,AF,PCP-PEV,coalition,PCP-PEV,,82
mapa_1_resultados.xlsx,1543,AL2021,090626,AF,PPD/PSD,party,PPD/PSD,,283
mapa_1_resultados.xlsx,1543,AL2021,090626,AF,PS,party,PS,,183
mapa_1_resultados.xlsx,1544,AL2021,090627,AF,PPD/PSD,party,PPD/PSD,,314
mapa_1_resultados.xlsx,1544,AL2021,090627,AF,PS,party,PS,,189
mapa_1_resultados.xlsx,1544,AL2021,090627,AF,PCP-PEV,coalition,PCP-PEV,,28
mapa_1_resultados.xlsx,1545,AL2021,090628,AF,PPD/PSD,party,PPD/PSD,,285
mapa_1_resultados.xlsx,1545,AL2021,090628,AF,PS,party,PS,,152
mapa_1_resultados.xlsx,1546,AL2021,090700,CM,B.E.,party,B.E.,,378
mapa_1_resultados.xlsx,1546,AL2021,090700,CM,CDS-PP,party,CDS-PP,,634
mapa_1_resultados.xlsx,1546,AL2021,090700,CM,CH,party,CH,,635
mapa_1_resultados.xlsx,1546,AL2021,090700,CM,PPD/PSD,party,PPD/PSD,,7964
mapa_1_resultados.xlsx,1546,AL2021,090700,CM,PS,party,PS,,4251
mapa_1_resultados.xlsx,1546,AL2021,090700,CM,PCP-PEV,coalition,PCP-PEV,,310
mapa_1_resultados.xlsx,1546,AL2021,090700,CM,[D],citizen_group,PG,Pela Guarda,8565
mapa_1_resultados.xlsx,1547,AL2021,090700,AM,B.E.,party,B.E.,,588
mapa_1_resultados.xlsx,1547,AL2021,090700,AM,CDS-PP,party,CDS-PP,,669
mapa_1_resultados.xlsx,1547,AL2021,090700,AM,CH,party,CH,,745
mapa_1_resultados.xlsx,1547,AL2021,090700,AM,PPD/PSD,party,PPD/PSD,,7423
mapa_1_resultados.xlsx,1547,AL2021,090700,AM,PS,party,PS,,4894
mapa_1_resultados.xlsx,1547,AL2021,090700,AM,PCP-PEV,coalition,PCP-PEV,,426
mapa_1_resultados.xlsx,1547,AL2021,090700,AM,[D],citizen_group,PG,Pela Guarda,7856
mapa_1_resultados.xlsx,1548,AL2021,090703,AF,PPD/PSD,party,PPD/PSD,,65
mapa_1_resultados.xlsx,1548,AL2021,090703,AF,PS,party,PS,,82
mapa_1_resultados.xlsx,1548,AL2021,090703,AF,PCP-PEV,coalition,PCP-PEV,,3
mapa_1_resultados.xlsx,1549,AL2021,090704,AF,PPD/PSD,party,PPD/PSD,,134
mapa_1_resultados.xlsx,1549,AL2021,090704,AF,PS,party,PS,,93
mapa_1_resultados.xlsx,1550,AL2021,090705,AF,PPD/PSD,party,PPD/PSD,,93
mapa_1_resultados.xlsx,1551,AL2021,090706,AF,[D],citizen_group,UPFA,Unidos pela Freguesia de Arrifana,274
mapa_1_resultados.xlsx,1553,AL2021,090709,AF,PPD/PSD,party,PPD/PSD,,77
mapa_1_resultados.xlsx,1553,AL2021,090709,AF,PS,party,PS,,127
mapa_1_resultados.xlsx,1553,AL2021,090709,AF,PCP-PEV,coalition,PCP-PEV,,6
mapa_1_resultados.xlsx,1554,AL2021,090711,AF,PPD/PSD,party,PPD/PSD,,174
mapa_1_resultados.xlsx,1554,AL2021,090711,AF,PS,party,PS,,46
mapa_1_resultados.xlsx,1554,AL2021,090711,AF,[D],citizen_group,PG,Pela Guarda,130
mapa_1_resultados.xlsx,1555,AL2021,090712,AF,PPD/PSD,party,PPD/PSD,,134
mapa_1_resultados.xlsx,1555,AL2021,090712,AF,[D],citizen_group,PG,Pela Guarda,91
mapa_1_resultados.xlsx,1556,AL2021,090713,AF,PPD/PSD,party,PPD/PSD,,81
mapa_1_resultados.xlsx,1556,AL2021,090713,AF,PS,party,PS,,65
mapa_1_resultados.xlsx,1556,AL2021,090713,AF,[D],citizen_group,PG,Pela Guarda,60
mapa_1_resultados.xlsx,1557,AL2021,090714,AF,PPD/PSD,party,PPD/PSD,,72
mapa_1_resultados.xlsx,1557,AL2021,090714,AF,PS,party,PS,,79
mapa_1_resultados.xlsx,1558,AL2021,090716,AF,PPD/PSD,party,PPD/PSD,,83
mapa_1_resultados.xlsx,1559,AL2021,090717,AF,PCP-PEV,coalition,PCP-PEV,,30
mapa_1_resultados.xlsx,1559,AL2021,090717,AF,[D],citizen_group,FEM,Famalicão em Movimento,233
mapa_1_resultados.xlsx,1560,AL2021,090718,AF,PS,party,PS,,47
mapa_1_resultados.xlsx,1560,AL2021,090718,AF,[D],citizen_group,PFJS,Por Fernão Joanes Sempre,110
mapa_1_resultados.xlsx,1561,AL2021,090721,AF,PPD/PSD,party,PPD/PSD,,139
mapa_1_resultados.xlsx,1563,AL2021,090723,AF,PPD/PSD,party,PPD/PSD,,116
mapa_1_resultados.xlsx,1563,AL2021,090723,AF,PS,party,PS,,244
mapa_1_resultados.xlsx,1563,AL2021,090723,AF,PCP-PEV,coalition,PCP-PEV,,19
mapa_1_resultados.xlsx,1563,AL2021,090723,AF,[D],citizen_group,PG,Pela Guarda,305
mapa_1_resultados.xlsx,1564,AL2021,090724,AF,PPD/PSD,party,PPD/PSD,,134
mapa_1_resultados.xlsx,1564,AL2021,090724,AF,[D],citizen_group,PG,Pela Guarda,106
mapa_1_resultados.xlsx,1565,AL2021,090725,AF,PPD/PSD,party,PPD/PSD,,93
mapa_1_resultados.xlsx,1566,AL2021,090728,AF,PPD/PSD,party,PPD/PSD,,234
mapa_1_resultados.xlsx,1566,AL2021,090728,AF,[D],citizen_group,PG,Pela Guarda,147
mapa_1_resultados.xlsx,1567,AL2021,090729,AF,CDS-PP,party,CDS-PP,,5
mapa_1_resultados.xlsx,1567,AL2021,090729,AF,PPD/PSD,party,PPD/PSD,,47
mapa_1_resultados.xlsx,1567,AL2021,090729,AF,PS,party,PS,,34
mapa_1_resultados.xlsx,1568,AL2021,090730,AF,PPD/PSD,party,PPD/PSD,,240
mapa_1_resultados.xlsx,1568,AL2021,090730,AF,PS,party,PS,,142
mapa_1_resultados.xlsx,1568,AL2021,090730,AF,[D],citizen_group,PG,Pela Guarda,162
mapa_1_resultados.xlsx,1569,AL2021,090732,AF,PPD/PSD,party,PPD/PSD,,120
mapa_1_resultados.xlsx,1569,AL2021,090732,AF,PS,party,PS,,45
mapa_1_resultados.xlsx,1569,AL2021,090732,AF,[D],citizen_group,PG,Pela Guarda,56
mapa_1_resultados.xlsx,1570,AL2021,090734,AF,PPD/PSD,party,PPD/PSD,,82
mapa_1_resultados.xlsx,1570,AL2021,090734,AF,PS,party,PS,,67
mapa_1_resultados.xlsx,1571,AL2021,090738,AF,[D],citizen_group,PG,Pela Guarda,207
mapa_1_resultados.xlsx,1572,AL2021,090744,AF,PPD/PSD,party,PPD/PSD,,92
mapa_1_resultados.xlsx,1572,AL2021,090744,AF,[D],citizen_group,PG,Pela Guarda,71
mapa_1_resultados.xlsx,1573,AL2021,090746,AF,PPD/PSD,party,PPD/PSD,,119
mapa_1_resultados.xlsx,1573,AL2021,090746,AF,PS,party,PS,,155
mapa_1_resultados.xlsx,1574,AL2021,090747,AF,PPD/PSD,party,PPD/PSD,,119
mapa_1_resultados.xlsx,1574,AL2021,090747,AF,PCP-PEV,coalition,PCP-PEV,,37
mapa_1_resultados.xlsx,1575,AL2021,090748,AF,B.E.,party,B.E.,,1
mapa_1_resultados.xlsx,1575,AL2021,090748,AF,PPD/PSD,party,PPD/PSD,,6
mapa_1_resultados.xlsx,1575,AL2021,090748,AF,PS,party,PS,,144
mapa_1_resultados.xlsx,1575,AL2021,090748,AF,[D],citizen_group,PG,Pela Guarda,106
mapa_1_resultados.xlsx,1576,AL2021,090749,AF,PPD/PSD,party,PPD/PSD,,195
mapa_1_resultados.xlsx,1576,AL2021,090749,AF,[D],citizen_group,PG,Pela Guarda,104
mapa_1_resultados.xlsx,1577,AL2021,090750,AF,[D],citizen_group,UPDVC,Unidos Pelo Desenvolvimento de Vila Cortês,139
mapa_1_resultados.xlsx,1578,AL2021,090751,AF,PPD/PSD,party,PPD/PSD,,159
mapa_1_resultados.xlsx,1578,AL2021,090751,AF,PS,party,PS,,134
mapa_1_resultados.xlsx,1580,AL2021,090753,AF,PPD/PSD,party,PPD/PSD,,108
mapa_1_resultados.xlsx,1580,AL2021,090753,AF,[D],citizen_group,PG,Pela Guarda,132
mapa_1_resultados.xlsx,1581,AL2021,090757,AF,PPD/PSD,party,PPD/PSD,,153
mapa_1_resultados.xlsx,1581,AL2021,090757,AF,PS,party,PS,,372
mapa_1_resultados.xlsx,1581,AL2021,090757,AF,PCP-PEV,coalition,PCP-PEV,,29
mapa_1_resultados.xlsx,1581,AL2021,090757,AF,[D],citizen_group,PG,Pela Guarda,51
mapa_1_resultados.xlsx,1582,AL2021,090758,AF,B.E.,party,B.E.,,375
mapa_1_resultados.xlsx,1582,AL2021,090758,AF,CDS-PP,party,CDS-PP,,390
mapa_1_resultados.xlsx,1582,AL2021,090758,AF,CH,party,CH,,562
mapa_1_resultados.xlsx,1582,AL2021,090758,AF,PPD/PSD,party,PPD/PSD,,5264
mapa_1_resultados.xlsx,1582,AL2021,090758,AF,PS,party,PS,,2544
mapa_1_resultados.xlsx,1582,AL2021,090758,AF,PCP-PEV,coalition,PCP-PEV,,227
mapa_1_resultados.xlsx,1582,AL2021,090758,AF,[D],citizen_group,PG,Pela Guarda,3703
mapa_1_resultados.xlsx,1583,AL2021,090759,AF,PS,party,PS,,172
mapa_1_resultados.xlsx,1584,AL2021,090760,AF,PPD/PSD,party,PPD/PSD,,119
mapa_1_resultados.xlsx,1584,AL2021,090760,AF,[D],citizen_group,PG,Pela Guarda,85
mapa_1_resultados.xlsx,1585,AL2021,090761,AF,[D],citizen_group,JPAR,Juntos por Avelãs e Racamondo,90
mapa_1_resultados.xlsx,1586,AL2021,090762,AF,[D],citizen_group,MICT,Movimento Independente da Corujeira e Trinta,221
mapa_1_resultados.xlsx,1587,AL2021,090763,AF,PPD/PSD,party,PPD/PSD,,84
mapa_1_resultados.xlsx,1587,AL2021,090763,AF,PS,party,PS,,78
mapa_1_resultados.xlsx,1588,AL2021,090764,AF,PPD/PSD,party,PPD/PSD,,94
mapa_1_resultados.xlsx,1588,AL2021,090764,AF,PCP-PEV,coalition,PCP-PEV,,1
mapa_1_resultados.xlsx,1588,AL2021,090764,AF,[D],citizen_group,PG,Pela Guarda,104
mapa_1_resultados.xlsx,1589,AL2021,090765,AF,PPD/PSD,party,PPD/PSD,,31
mapa_1_resultados.xlsx,1589,AL2021,090765,AF,[D],citizen_group,PG,Pela Guarda,131
mapa_1_resultados.xlsx,1590,AL2021,090766,AF,PPD/PSD,party,PPD/PSD,,120
mapa_1_resultados.xlsx,1591,AL2021,090800,CM,NC,party,NC,,149
mapa_1_resultados.xlsx,1591,AL2021,090800,CM,PPD/PSD,party,PPD/PSD,,594
mapa_1_resultados.xlsx,1591,AL2021,090800,CM,PS,party,PS,,624
mapa_1_resultados.xlsx,1591,AL2021,090800,CM,PCP-PEV,coalition,PCP-PEV,,31
mapa_1_resultados.xlsx,1591,AL2021,090800,CM,[D],citizen_group,Manteigas 2030,Manteigas 2030,758
mapa_1_resultados.xlsx,1592,AL2021,090800,AM,NC,party,NC,,194
mapa_1_resultados.xlsx,1592,AL2021,090800,AM,PPD/PSD,party,PPD/PSD,,531
mapa_1_resultados.xlsx,1592,AL2021,090800,AM,PS,party,PS,,607
mapa_1_resultados.xlsx,1592,AL2021,090800,AM,PCP-PEV,coalition,PCP-PEV,,100
mapa_1_resultados.xlsx,1592,AL2021,090800,AM,[D],citizen_group,Manteigas 2030,Manteigas 2030,693
mapa_1_resultados.xlsx,1593,AL2021,090801,AF,PPD/PSD,party,PPD/PSD,,116
mapa_1_resultados.xlsx,1593,AL2021,090801,AF,PS,party,PS,,106
mapa_1_resultados.xlsx,1593,AL2021,090801,AF,[D],citizen_group,Manteigas 2030,Manteigas 2030,23
mapa_1_resultados.xlsx,1594,AL2021,090802,AF,PPD/PSD,party,PPD/PSD,,265
mapa_1_resultados.xlsx,1594,AL2021,090802,AF,PS,party,PS,,260
mapa_1_resultados.xlsx,1594,AL2021,090802,AF,[D],citizen_group,Manteigas 2030,Manteigas 2030,382
mapa_1_resultados.xlsx,1595,AL2021,090803,AF,PPD/PSD,party,PPD/PSD,,130
mapa_1_resultados.xlsx,1595,AL2021,090803,AF,PS,party,PS,,411
mapa_1_resultados.xlsx,1595,AL2021,090803,AF,[D],citizen_group,Manteigas 2030,Manteigas 2030,268
mapa_1_resultados.xlsx,1596,AL2021,090804,AF,PPD/PSD,party,PPD/PSD,,80
mapa_1_resultados.xlsx,1596,AL2021,090804,AF,PS,party,PS,,57
mapa_1_resultados.xlsx,1596,AL2021,090804,AF,[D],citizen_group,Manteigas 2030,Manteigas 2030,28
mapa_1_resultados.xlsx,1597,AL2021,090900,CM,PS,party,PS,,1528
mapa_1_resultados.xlsx,1597,AL2021,090900,CM,PCP-PEV,coalition,PCP-PEV,,39
mapa_1_resultados.xlsx,1597,AL2021,090900,CM,[A],coalition,PPD/PSD.CDS-PP,JUNTOS PELA MÊDA,1717
mapa_1_resultados.xlsx,1598,AL2021,090900,AM,PS,party,PS,,1478
mapa_1_resultados.xlsx,1598,AL2021,090900,AM,PCP-PEV,coalition,PCP-PEV,,58
mapa_1_resultados.xlsx,1598,AL2021,090900,AM,[A],coalition,PPD/PSD.CDS-PP,JUNTOS PELA MÊDA,1725
mapa_1_resultados.xlsx,1599,AL2021,090901,AF,PS,party,PS,,58
mapa_1_resultados.xlsx,1599,AL2021,090901,AF,[A],coalition,PPD/PSD.CDS-PP,JUNTOS PELA MÊDA,79
mapa_1_resultados.xlsx,1600,AL2021,090902,AF,PS,party,PS,,97
mapa_1_resultados.xlsx,1600,AL2021,090902,AF,[A],coalition,PPD/PSD.CDS-PP,JUNTOS PELA MÊDA,31
mapa_1_resultados.xlsx,1601,AL2021,090905,AF,PPM,party,PPM,,66
mapa_1_resultados.xlsx,1601,AL2021,090905,AF,[D],citizen_group,CS,CORISCADA SEMPRE,60
mapa_1_resultados.xlsx,1602,AL2021,090907,AF,PS,party,PS,,105
mapa_1_resultados.xlsx,1602,AL2021,090907,AF,[A],coalition,PPD/PSD.CDS-PP,JUNTOS PELA MÊDA,56
mapa_1_resultados.xlsx,1603,AL2021,090908,AF,[D],citizen_group,PM,POR MARIALVA,119
mapa_1_resultados.xlsx,1604,AL2021,090912,AF,PCP-PEV,coalition,PCP-PEV,,44
mapa_1_resultados.xlsx,1604,AL2021,090912,AF,[A],coalition,PPD/PSD.CDS-PP,JUNTOS PELA MÊDA,196
mapa_1_resultados.xlsx,1605,AL2021,090914,AF,PS,party,PS,,148
mapa_1_resultados.xlsx,1606,AL2021,090915,AF,[A],coalition,PPD/PSD.CDS-PP,JUNTOS PELA MÊDA,77
mapa_1_resultados.xlsx,1606,AL2021,090915,AF,[D],citizen_group,PNT,PELA NOSSA TERRA,102
mapa_1_resultados.xlsx,1607,AL2021,090917,AF,PS,party,PS,,700
mapa_1_resultados.xlsx,1607,AL2021,090917,AF,[A],coalition,PPD/PSD.CDS-PP,JUNTOS PELA MÊDA,880
mapa_1_resultados.xlsx,1608,AL2021,090918,AF,PS,party,PS,,132
mapa_1_resultados.xlsx,1608,AL2021,090918,AF,[A],coalition,PPD/PSD.CDS-PP,JUNTOS PELA MÊDA,93
mapa_1_resultados.xlsx,1609,AL2021,090919,AF,[A],coalition,PPD/PSD.CDS-PP,JUNTOS PELA MÊDA,137
mapa_1_resultados.xlsx,1610,AL2021,091000,CM,PPD/PSD,party,PPD/PSD,,3639
mapa_1_resultados.xlsx,1610,AL2021,091000,CM,PS,party,PS,,1368
mapa_1_resultados.xlsx,1610,AL2021,091000,CM,PCP-PEV,coalition,PCP-PEV,,144
mapa_1_resultados.xlsx,1611,AL2021,091000,AM,PPD/PSD,party,PPD/PSD,,3430
mapa_1_resultados.xlsx,1611,AL2021,091000,AM,PS,party,PS,,1471
mapa_1_resultados.xlsx,1611,AL2021,091000,AM,PCP-PEV,coalition,PCP-PEV,,230
mapa_1_resultados.xlsx,1612,AL2021,091009,AF,PPD/PSD,party,PPD/PSD,,57
mapa_1_resultados.xlsx,1612,AL2021,091009,AF,[D],citizen_group,U.P.E.V,União Por Ervedosa e Vieiro,59
mapa_1_resultados.xlsx,1613,AL2021,091010,AF,PPD/PSD,party,PPD/PSD,,262
mapa_1_resultados.xlsx,1613,AL2021,091010,AF,PS,party,PS,,230
mapa_1_resultados.xlsx,1613,AL2021,091010,AF,PCP-PEV,coalition,PCP-PEV,,3
mapa_1_resultados.xlsx,1614,AL2021,091012,AF,PPD/PSD,party,PPD/PSD,,122
mapa_1_resultados.xlsx,1615,AL2021,091013,AF,PPD/PSD,party,PPD/PSD,,144
mapa_1_resultados.xlsx,1616,AL2021,091014,AF,PPD/PSD,party,PPD/PSD,,83
mapa_1_resultados.xlsx,1617,AL2021,091015,AF,PPD/PSD,party,PPD/PSD,,247
mapa_1_resultados.xlsx,1617,AL2021,091015,AF,PS,party,PS,,111
mapa_1_resultados.xlsx,1618,AL2021,091017,AF,PPD/PSD,party,PPD/PSD,,1130
mapa_1_resultados.xlsx,1618,AL2021,091017,AF,PS,party,PS,,574
mapa_1_resultados.xlsx,1618,AL2021,091017,AF,PCP-PEV,coalition,PCP-PEV,,78
mapa_1_resultados.xlsx,1619,AL2021,091018,AF,PPD/PSD,party,PPD/PSD,,153
mapa_1_resultados.xlsx,1620,AL2021,091024,AF,PPD/PSD,party,PPD/PSD,,220
mapa_1_resultados.xlsx,1620,AL2021,091024,AF,[D],citizen_group,US,Unir Souro Pires,145
mapa_1_resultados.xlsx,1621,AL2021,091027,AF,PPD/PSD,party,PPD/PSD,,90
mapa_1_resultados.xlsx,1622,AL2021,091028,AF,PPD/PSD,party,PPD/PSD,,157
mapa_1_resultados.xlsx,1622,AL2021,091028,AF,PS,party,PS,,111
mapa_1_resultados.xlsx,1623,AL2021,091029,AF,PPD/PSD,party,PPD/PSD,,195
mapa_1_resultados.xlsx,1623,AL2021,091029,AF,[D],citizen_group,JPABC,Juntos Por Alverca e Bouça-Cova,119
mapa_1_resultados.xlsx,1624,AL2021,091030,AF,PPD/PSD,party,PPD/PSD,,83
mapa_1_resultados.xlsx,1625,AL2021,091031,AF,PPD/PSD,party,PPD/PSD,,111
mapa_1_resultados.xlsx,1626,AL2021,091032,AF,PPD/PSD,party,PPD/PSD,,103
mapa_1_resultados.xlsx,1626,AL2021,091032,AF,PS,party,PS,,62
mapa_1_resultados.xlsx,1627,AL2021,091033,AF,PPD/PSD,party,PPD/PSD,,118
mapa_1_resultados.xlsx,1628,AL2021,091034,AF,PPD/PSD,party,PPD/PSD,,115
mapa_1_resultados.xlsx,1629,AL2021,091035,AF,PPD/PSD,party,PPD/PSD,,131
mapa_1_resultados.xlsx,1630,AL2021,091100,CM,CDS-PP,party,CDS-PP,,299
mapa_1_resultados.xlsx,1630,AL2021,091100,CM,CH,party,CH,,206
mapa_1_resultados.xlsx,1630,AL2021,091100,CM,PPD/PSD,party,PPD/PSD,,3405
mapa_1_resultados.xlsx,1630,AL2021,091100,CM,PS,party,PS,,2908
mapa_1_resultados.xlsx,1630,AL2021,091100,CM,PCP-PEV,coalition,PCP-PEV,,111
mapa_1_resultados.xlsx,1631,AL2021,091100,AM,CDS-PP,party,CDS-PP,,380
mapa_1_resultados.xlsx,1631,AL2021,091100,AM,PPD/PSD,party,PPD/PSD,,3246
mapa_1_resultados.xlsx,1631,AL2021,091100,AM,PS,party,PS,,2771
mapa_1_resultados.xlsx,1631,AL2021,091100,AM,PCP-PEV,coalition,PCP-PEV,,473
mapa_1_resultados.xlsx,1632,AL2021,091101,AF,PPD/PSD,party,PPD/PSD,,77
mapa_1_resultados.xlsx,1632,AL2021,091101,AF,PS,party,PS,,44
mapa_1_resultados.xlsx,1633,AL2021,091102,AF,PPD/PSD,party,PPD/PSD,,129
mapa_1_resultados.xlsx,1634,AL2021,091103,AF,PPD/PSD,party,PPD/PSD,,135
mapa_1_resultados.xlsx,1635,AL2021,091106,AF,PPD/PSD,party,PPD/PSD,,177
mapa_1_resultados.xlsx,1636,AL2021,091107,AF,PPD/PSD,party,PPD/PSD,,131
mapa_1_resultados.xlsx,1637,AL2021,091109,AF,PPD/PSD,party,PPD/PSD,,78
mapa_1_resultados.xlsx,1638,AL2021,091110,AF,PPD/PSD,party,PPD/PSD,,195
mapa_1_resultados.xlsx,1638,AL2021,091110,AF,PS,party,PS,,159
mapa_1_resultados.xlsx,1638,AL2021,091110,AF,PCP-PEV,coalition,PCP-PEV,,8
mapa_1_resultados.xlsx,1639,AL2021,091111,AF,[D],citizen_group,BCF,Bismula Com Futuro,65
mapa_1_resultados.xlsx,1640,AL2021,091112,AF,PS,party,PS,,145
mapa_1_resultados.xlsx,1641,AL2021,091113,AF,PPD/PSD,party,PPD/PSD,,60
mapa_1_resultados.xlsx,1642,AL2021,091114,AF,PS,party,PS,,43
mapa_1_resultados.xlsx,1642,AL2021,091114,AF,[D],citizen_group,FI,Fóios Independente,101
mapa_1_resultados.xlsx,1642,AL2021,091114,AF,[E],citizen_group,Unidos pelos Fóios,Unidos pelos Fóios,59
mapa_1_resultados.xlsx,1643,AL2021,091118,AF,PPD/PSD,party,PPD/PSD,,142
mapa_1_resultados.xlsx,1644,AL2021,091120,AF,PPD/PSD,party,PPD/PSD,,86
mapa_1_resultados.xlsx,1645,AL2021,091123,AF,[D],citizen_group,UPQO,UNIDOS POR QUADRAZAIS OZENDO,167
mapa_1_resultados.xlsx,1646,AL2021,091124,AF,PPD/PSD,party,PPD/PSD,,69
mapa_1_resultados.xlsx,1646,AL2021,091124,AF,PS,party,PS,,62
mapa_1_resultados.xlsx,1647,AL2021,091125,AF,PPD/PSD,party,PPD/PSD,,98
mapa_1_resultados.xlsx,1648,AL2021,091126,AF,PS,party,PS,,102
mapa_1_resultados.xlsx,1649,AL2021,091127,AF,PPD/PSD,party,PPD/PSD,,106
mapa_1_resultados.xlsx,1649,AL2021,091127,AF,PS,party,PS,,56
mapa_1_resultados.xlsx,1650,AL2021,091133,AF,[D],citizen_group,Juntos Por Sortelha,JUNTOS POR SORTELHA,178
mapa_1_resultados.xlsx,1651,AL2021,091134,AF,PPD/PSD,party,PPD/PSD,,381
mapa_1_resultados.xlsx,1651,AL2021,091134,AF,PS,party,PS,,278
mapa_1_resultados.xlsx,1652,AL2021,091136,AF,PPD/PSD,party,PPD/PSD,,150
mapa_1_resultados.xlsx,1652,AL2021,091136,AF,PS,party,PS,,40
mapa_1_resultados.xlsx,1653,AL2021,091138,AF,PPD/PSD,party,PPD/PSD,,94
mapa_1_resultados.xlsx,1653,AL2021,091138,AF,PS,party,PS,,97
mapa_1_resultados.xlsx,1654,AL2021,091139,AF,[D],citizen_group,VDTA,Vila do Touro/Abitureira,87
mapa_1_resultados.xlsx,1655,AL2021,091141,AF,PPD/PSD,party,PPD/PSD,,113
mapa_1_resultados.xlsx,1655,AL2021,091141,AF,PS,party,PS,,94
mapa_1_resultados.xlsx,1656,AL2021,091142,AF,PPD/PSD,party,PPD/PSD,,88
mapa_1_resultados.xlsx,1656,AL2021,091142,AF,PS,party,PS,,52
mapa_1_resultados.xlsx,1657,AL2021,091143,AF,CDS-PP,party,CDS-PP,,2
mapa_1_resultados.xlsx,1657,AL2021,091143,AF,PPD/PSD,party,PPD/PSD,,138
mapa_1_resultados.xlsx,1657,AL2021,091143,AF,[D],citizen_group,PPL,Pousafoles Penalobo Lomba,149
mapa_1_resultados.xlsx,1658,AL2021,091144,AF,PPD/PSD,party,PPD/PSD,,101
mapa_1_resultados.xlsx,1659,AL2021,091145,AF,CDS-PP,party,CDS-PP,,89
mapa_1_resultados.xlsx,1659,AL2021,091145,AF,PS,party,PS,,770
mapa_1_resultados.xlsx,1659,AL2021,091145,AF,[D],citizen_group,JUNTOS,Juntos Pela União de Freguesias de Sabugal e Aldeia de Santo António,766
mapa_1_resultados.xlsx,1660,AL2021,091146,AF,PS,party,PS,,75
mapa_1_resultados.xlsx,1660,AL2021,091146,AF,PCP-PEV,coalition,PCP-PEV,,4
mapa_1_resultados.xlsx,1660,AL2021,091146,AF,[D],citizen_group,UPNT,Unidos Pela Nossa Terra,102
mapa_1_resultados.xlsx,1661,AL2021,091147,AF,PPD/PSD,party,PPD/PSD,,128
mapa_1_resultados.xlsx,1662,AL2021,091200,CM,CH,party,CH,,714
mapa_1_resultados.xlsx,1662,AL2021,091200,CM,PPD/PSD,party,PPD/PSD,,3168
mapa_1_resultados.xlsx,1662,AL2021,091200,CM,PS,party,PS,,5630
mapa_1_resultados.xlsx,1662,AL2021,091200,CM,PCP-PEV,coalition,PCP-PEV,,439
mapa_1_resultados.xlsx,1662,AL2021,091200,CM,[D],citizen_group,JPNT,Juntos Pela Nossa Terra,2296
mapa_1_resultados.xlsx,1663,AL2021,091200,AM,CH,party,CH,,805
mapa_1_resultados.xlsx,1663,AL2021,091200,AM,PPD/PSD,party,PPD/PSD,,2836
mapa_1_resultados.xlsx,1663,AL2021,091200,AM,PS,party,PS,,5701
mapa_1_resultados.xlsx,1663,AL2021,091200,AM,PCP-PEV,coalition,PCP-PEV,,635
mapa_1_resultados.xlsx,1663,AL2021,091200,AM,[D],citizen_group,JPNT,Juntos Pela Nossa Terra,2222
mapa_1_resultados.xlsx,1664,AL2021,091201,AF,PPD/PSD,party,PPD/PSD,,40
mapa_1_resultados.xlsx,1664,AL2021,091201,AF,PCP-PEV,coalition,PCP-PEV,,138
mapa_1_resultados.xlsx,1664,AL2021,091201,AF,[D],citizen_group,IFAS,Independentes da Freguesia de Alvoco da Serra,90
mapa_1_resultados.xlsx,1665,AL2021,091205,AF,[D],citizen_group,JPNT,Juntos Pela Nossa Terra,117
mapa_1_resultados.xlsx,1666,AL2021,091207,AF,PS,party,PS,,298
mapa_1_resultados.xlsx,1666,AL2021,091207,AF,[D],citizen_group,ltf,Loriga Tem Futuro,300
mapa_1_resultados.xlsx,1667,AL2021,091208,AF,PPD/PSD,party,PPD/PSD,,221
mapa_1_resultados.xlsx,1667,AL2021,091208,AF,PS,party,PS,,523
mapa_1_resultados.xlsx,1668,AL2021,091209,AF,PPD/PSD,party,PPD/PSD,,137
mapa_1_resultados.xlsx,1668,AL2021,091209,AF,PS,party,PS,,243
mapa_1_resultados.xlsx,1669,AL2021,091210,AF,PS,party,PS,,154
mapa_1_resultados.xlsx,1669,AL2021,091210,AF,[D],citizen_group,JPNT,Juntos Pela Nossa Terra,76
mapa_1_resultados.xlsx,1670,AL2021,091212,AF,PS,party,PS,,251
mapa_1_resultados.xlsx,1670,AL2021,091212,AF,PCP-PEV,coalition,PCP-PEV,,8
mapa_1_resultados.xlsx,1670,AL2021,091212,AF,[D],citizen_group,JPNT,Juntos Pela Nossa Terra,221
mapa_1_resultados.xlsx,1671,AL2021,091213,AF,PPD/PSD,party,PPD/PSD,,142
mapa_1_resultados.xlsx,1671,AL2021,091213,AF,PS,party,PS,,247
mapa_1_resultados.xlsx,1671,AL2021,091213,AF,[D],citizen_group,JPNT,Juntos Pela Nossa Terra,52
mapa_1_resultados.xlsx,1672,AL2021,091216,AF,[D],citizen_group,JPNT,Juntos Pela Nossa Terra,179
mapa_1_resultados.xlsx,1672,AL2021,091216,AF,[E],citizen_group,UPFS,Unidos Pela Freguesia de Santiago,522
mapa_1_resultados.xlsx,1673,AL2021,091219,AF,PS,party,PS,,105
mapa_1_resultados.xlsx,1674,AL2021,091221,AF,PS,party,PS,,94
mapa_1_resultados.xlsx,1675,AL2021,091224,AF,PS,party,PS,,162
mapa_1_resultados.xlsx,1676,AL2021,091225,AF,PPD/PSD,party,PPD/PSD,,50
mapa_1_resultados.xlsx,1676,AL2021,091225,AF,PS,party,PS,,131
mapa_1_resultados.xlsx,1677,AL2021,091228,AF,PS,party,PS,,159
mapa_1_resultados.xlsx,1677,AL2021,091228,AF,[D],citizen_group,JPNT,Juntos Pela Nossa Terra,98
mapa_1_resultados.xlsx,1678,AL2021,091230,AF,[D],citizen_group,ICV,Independentes de Carragozela e Várzea,210
mapa_1_resultados.xlsx,1678,AL2021,091230,AF,[E],citizen_group,IU,Independentes Unidos,189
mapa_1_resultados.xlsx,1679,AL2021,091231,AF,PPD/PSD,party,PPD/PSD,,83
mapa_1_resultados.xlsx,1679,AL2021,091231,AF,PS,party,PS,,279
mapa_1_resultados.xlsx,1680,AL2021,091232,AF,CH,party,CH,,35
mapa_1_resultados.xlsx,1680,AL2021,091232,AF,PPD/PSD,party,PPD/PSD,,297
mapa_1_resultados.xlsx,1680,AL2021,091232,AF,PS,party,PS,,425
mapa_1_resultados.xlsx,1680,AL2021,091232,AF,[D],citizen_group,JPNT,Juntos Pela Nossa Terra,112
mapa_1_resultados.xlsx,1681,AL2021,091233,AF,PPD/PSD,party,PPD/PSD,,1145
mapa_1_resultados.xlsx,1681,AL2021,091233,AF,PS,party,PS,,1797
mapa_1_resultados.xlsx,1681,AL2021,091233,AF,PCP-PEV,coalition,PCP-PEV,,267
mapa_1_resultados.xlsx,1681,AL2021,091233,AF,[D],citizen_group,JPNT,Juntos Pela Nossa Terra,822
mapa_1_resultados.xlsx,1682,AL2021,091234,AF,PS,party,PS,,334
mapa_1_resultados.xlsx,1683,AL2021,091235,AF,PCP-PEV,coalition,PCP-PEV,,17
mapa_1_resultados.xlsx,1683,AL2021,091235,AF,[D],citizen_group,ITL,Independentes de Tourais e Lajes,518
mapa_1_resultados.xlsx,1683,AL2021,091235,AF,[E],citizen_group,MMFTL,Movimento Mudança da Freguesia de Tourais e Lajes,373
mapa_1_resultados.xlsx,1684,AL2021,091236,AF,PS,party,PS,,255
mapa_1_resultados.xlsx,1684,AL2021,091236,AF,PCP-PEV,coalition,PCP-PEV,,42
mapa_1_resultados.xlsx,1684,AL2021,091236,AF,[D],citizen_group,JPNT,Juntos Pela Nossa Terra,82
mapa_1_resultados.xlsx,1685,AL2021,091300,CM,PS,party,PS,,3462
mapa_1_resultados.xlsx,1685,AL2021,091300,CM,PCP-PEV,coalition,PCP-PEV,,102
mapa_1_resultados.xlsx,1685,AL2021,091300,CM,[A],coalition,PPD/PSD.CDS-PP,"SIM, É POSSÍVEL",1898
mapa_1_resultados.xlsx,1686,AL2021,091300,AM,PS,party,PS,,3302
mapa_1_resultados.xlsx,1686,AL2021,091300,AM,PCP-PEV,coalition,PCP-PEV,,140
mapa_1_resultados.xlsx,1686,AL2021,091300,AM,[A],coalition,PPD/PSD.CDS-PP,"SIM, É POSSÍVEL",2002
mapa_1_resultados.xlsx,1687,AL2021,091301,AF,PS,party,PS,,108
mapa_1_resultados.xlsx,1687,AL2021,091301,AF,[A],coalition,PPD/PSD.CDS-PP,"SIM, É POSSÍVEL",73
mapa_1_resultados.xlsx,1688,AL2021,091303,AF,[A],coalition,PPD/PSD.CDS-PP,"SIM, É POSSÍVEL",98
mapa_1_resultados.xlsx,1689,AL2021,091304,AF,PS,party,PS,,59
mapa_1_resultados.xlsx,1689,AL2021,091304,AF,[A],coalition,PPD/PSD.CDS-PP,"SIM, É POSSÍVEL",56
mapa_1_resultados.xlsx,1690,AL2021,091305,AF,[D],citizen_group,I,Liga dos Amigos dos Cótimos,93
mapa_1_resultados.xlsx,1691,AL2021,091307,AF,PS,party,PS,,102
mapa_1_resultados.xlsx,1692,AL2021,091309,AF,[A],coalition,PPD/PSD.CDS-PP,"SIM, É POSSÍVEL",70
mapa_1_resultados.xlsx,1693,AL2021,091310,AF,PS,party,PS,,64
mapa_1_resultados.xlsx,1693,AL2021,091310,AF,[A],coalition,PPD/PSD.CDS-PP,"SIM, É POSSÍVEL",51
mapa_1_resultados.xlsx,1694,AL2021,091311,AF,PS,party,PS,,97
mapa_1_resultados.xlsx,1695,AL2021,091312,AF,PS,party,PS,,238
mapa_1_resultados.xlsx,1696,AL2021,091313,AF,[D],citizen_group,APB,Os Amigos de Palhais e Benvende,67
mapa_1_resultados.xlsx,1697,AL2021,091314,AF,PS,party,PS,,102
mapa_1_resultados.xlsx,1697,AL2021,091314,AF,[A],coalition,PPD/PSD.CDS-PP,"SIM, É POSSÍVEL",103
mapa_1_resultados.xlsx,1698,AL2021,091315,AF,[D],citizen_group,RU,Reboleiro Unido,86
mapa_1_resultados.xlsx,1699,AL2021,091316,AF,[A],coalition,PPD/PSD.CDS-PP,"SIM, É POSSÍVEL",119
mapa_1_resultados.xlsx,1700,AL2021,091321,AF,PS,party,PS,,92
mapa_1_resultados.xlsx,1700,AL2021,091321,AF,[A],coalition,PPD/PSD.CDS-PP,"SIM, É POSSÍVEL",66
mapa_1_resultados.xlsx,1701,AL2021,091325,AF,PS,party,PS,,83
mapa_1_resultados.xlsx,1701,AL2021,091325,AF,[A],coalition,PPD/PSD.CDS-PP,"SIM, É POSSÍVEL",48
mapa_1_resultados.xlsx,1702,AL2021,091330,AF,PS,party,PS,,184
mapa_1_resultados.xlsx,1702,AL2021,091330,AF,[A],coalition,PPD/PSD.CDS-PP,"SIM, É POSSÍVEL",144
mapa_1_resultados.xlsx,1703,AL2021,091331,AF,PS,party,PS,,163
mapa_1_resultados.xlsx,1703,AL2021,091331,AF,[A],coalition,PPD/PSD.CDS-PP,"SIM, É POSSÍVEL",133
mapa_1_resultados.xlsx,1704,AL2021,091332,AF,PS,party,PS,,1215
mapa_1_resultados.xlsx,1704,AL2021,091332,AF,PCP-PEV,coalition,PCP-PEV,,29
mapa_1_resultados.xlsx,1704,AL2021,091332,AF,[A],coalition,PPD/PSD.CDS-PP,"SIM, É POSSÍVEL",631
mapa_1_resultados.xlsx,1705,AL2021,091333,AF,[D],citizen_group,UPA,Unidos Pelas Aldeias,124
mapa_1_resultados.xlsx,1706,AL2021,091334,AF,PS,party,PS,,286
mapa_1_resultados.xlsx,1706,AL2021,091334,AF,[A],coalition,PPD/PSD.CDS-PP,"SIM, É POSSÍVEL",184
mapa_1_resultados.xlsx,1706,AL2021,091334,AF,[D],citizen_group,CF,Confiança no Futuro,196
mapa_1_resultados.xlsx,1707,AL2021,091335,AF,PCP-PEV,coalition,PCP-PEV,,30
mapa_1_resultados.xlsx,1707,AL2021,091335,AF,[D],citizen_group,JPU,Juntos Pela União,150
mapa_1_resultados.xlsx,1708,AL2021,091400,CM,NC,party,NC,,193
mapa_1_resultados.xlsx,1708,AL2021,091400,CM,PPD/PSD,party,PPD/PSD,,2289
mapa_1_resultados.xlsx,1708,AL2021,091400,CM,PS,party,PS,,1722
mapa_1_resultados.xlsx,1708,AL2021,091400,CM,PCP-PEV,coalition,PCP-PEV,,76
mapa_1_resultados.xlsx,1709,AL2021,091400,AM,NC,party,NC,,177
mapa_1_resultados.xlsx,1709,AL2021,091400,AM,PPD/PSD,party,PPD/PSD,,2351
mapa_1_resultados.xlsx,1709,AL2021,091400,AM,PS,party,PS,,1636
mapa_1_resultados.xlsx,1709,AL2021,091400,AM,PCP-PEV,coalition,PCP-PEV,,98
mapa_1_resultados.xlsx,1710,AL2021,091401,AF,PPD/PSD,party,PPD/PSD,,148
mapa_1_resultados.xlsx,1710,AL2021,091401,AF,PS,party,PS,,73
mapa_1_resultados.xlsx,1711,AL2021,091402,AF,PPD/PSD,party,PPD/PSD,,81
mapa_1_resultados.xlsx,1711,AL2021,091402,AF,PS,party,PS,,50
mapa_1_resultados.xlsx,1711,AL2021,091402,AF,[D],citizen_group,DTUP,DUAS TERRAS UM PROPÓSITO,21
mapa_1_resultados.xlsx,1712,AL2021,091403,AF,PPD/PSD,party,PPD/PSD,,82
mapa_1_resultados.xlsx,1712,AL2021,091403,AF,PS,party,PS,,111
mapa_1_resultados.xlsx,1713,AL2021,091404,AF,[D],citizen_group,SAC,Sentir A Chãs,130
mapa_1_resultados.xlsx,1714,AL2021,091405,AF,PPD/PSD,party,PPD/PSD,,84
mapa_1_resultados.xlsx,1714,AL2021,091405,AF,PS,party,PS,,35
mapa_1_resultados.xlsx,1715,AL2021,091407,AF,PPD/PSD,party,PPD/PSD,,79
mapa_1_resultados.xlsx,1715,AL2021,091407,AF,PS,party,PS,,85
mapa_1_resultados.xlsx,1716,AL2021,091410,AF,PPD/PSD,party,PPD/PSD,,144
mapa_1_resultados.xlsx,1716,AL2021,091410,AF,PS,party,PS,,58
mapa_1_resultados.xlsx,1717,AL2021,091411,AF,PPD/PSD,party,PPD/PSD,,130
mapa_1_resultados.xlsx,1717,AL2021,091411,AF,PS,party,PS,,43
mapa_1_resultados.xlsx,1718,AL2021,091412,AF,PPD/PSD,party,PPD/PSD,,115
mapa_1_resultados.xlsx,1718,AL2021,091412,AF,PS,party,PS,,61
mapa_1_resultados.xlsx,1719,AL2021,091414,AF,PPD/PSD,party,PPD/PSD,,50
mapa_1_resultados.xlsx,1719,AL2021,091414,AF,PS,party,PS,,126
mapa_1_resultados.xlsx,1720,AL2021,091415,AF,[D],citizen_group,UPS,Unidos Pela Seixas,140
mapa_1_resultados.xlsx,1722,AL2021,091418,AF,PCP-PEV,coalition,PCP-PEV,,52
mapa_1_resultados.xlsx,1722,AL2021,091418,AF,[D],citizen_group,PNT,Pela Nossa Terra,234
mapa_1_resultados.xlsx,1723,AL2021,091419,AF,NC,party,NC,,178
mapa_1_resultados.xlsx,1723,AL2021,091419,AF,PPD/PSD,party,PPD/PSD,,973
mapa_1_resultados.xlsx,1723,AL2021,091419,AF,PCP-PEV,coalition,PCP-PEV,,105
mapa_1_resultados.xlsx,1723,AL2021,091419,AF,[D],citizen_group,MF,Modernizar Foz Côa,597
mapa_1_resultados.xlsx,1725,AL2021,100100,CM,CDS-PP,party,CDS-PP,,1409
mapa_1_resultados.xlsx,1725,AL2021,100100,CM,CH,party,CH,,1278
mapa_1_resultados.xlsx,1725,AL2021,100100,CM,IL,party,IL,,944
mapa_1_resultados.xlsx,1725,AL2021,100100,CM,NC,party,NC,,1214
mapa_1_resultados.xlsx,1725,AL2021,100100,CM,PPD/PSD,party,PPD/PSD,,11638
mapa_1_resultados.xlsx,1725,AL2021,100100,CM,PS,party,PS,,8210
mapa_1_resultados.xlsx,1725,AL2021,100100,CM,PCP-PEV,coalition,PCP-PEV,,940
mapa_1_resultados.xlsx,1726,AL2021,100100,AM,CDS-PP,party,CDS-PP,,1420
mapa_1_resultados.xlsx,1726,AL2021,100100,AM,CH,party,CH,,1544
mapa_1_resultados.xlsx,1726,AL2021,100100,AM,IL,party,IL,,992
mapa_1_resultados.xlsx,1726,AL2021,100100,AM,NC,party,NC,,1588
mapa_1_resultados.xlsx,1726,AL2021,100100,AM,PPD/PSD,party,PPD/PSD,,11201
mapa_1_resultados.xlsx,1726,AL2021,100100,AM,PS,party,PS,,7894
mapa_1_resultados.xlsx,1726,AL2021,100100,AM,PCP-PEV,coalition,PCP-PEV,,1120
mapa_1_resultados.xlsx,1727,AL2021,100102,AF,CDS-PP,party,CDS-PP,,154
mapa_1_resultados.xlsx,1727,AL2021,100102,AF,NC,party,NC,,189
mapa_1_resultados.xlsx,1727,AL2021,100102,AF,PPD/PSD,party,PPD/PSD,,747
mapa_1_resultados.xlsx,1727,AL2021,100102,AF,PS,party,PS,,238
mapa_1_resultados.xlsx,1727,AL2021,100102,AF,PCP-PEV,coalition,PCP-PEV,,25
mapa_1_resultados.xlsx,1728,AL2021,100104,AF,NC,party,NC,,18
mapa_1_resultados.xlsx,1728,AL2021,100104,AF,PS,party,PS,,325
mapa_1_resultados.xlsx,1728,AL2021,100104,AF,PCP-PEV,coalition,PCP-PEV,,44
mapa_1_resultados.xlsx,1728,AL2021,100104,AF,[D],citizen_group,INDEPENDENTES,A Freguesia Primeiro- Bárrio,421
mapa_1_resultados.xlsx,1729,AL2021,100105,AF,CDS-PP,party,CDS-PP,,305
mapa_1_resultados.xlsx,1729,AL2021,100105,AF,CH,party,CH,,404
mapa_1_resultados.xlsx,1729,AL2021,100105,AF,PPD/PSD,party,PPD/PSD,,1950
mapa_1_resultados.xlsx,1729,AL2021,100105,AF,PS,party,PS,,1571
mapa_1_resultados.xlsx,1729,AL2021,100105,AF,PCP-PEV,coalition,PCP-PEV,,102
mapa_1_resultados.xlsx,1730,AL2021,100106,AF,CDS-PP,party,CDS-PP,,96
mapa_1_resultados.xlsx,1730,AL2021,100106,AF,NC,party,NC,,41
mapa_1_resultados.xlsx,1730,AL2021,100106,AF,PPD/PSD,party,PPD/PSD,,852
mapa_1_resultados.xlsx,1730,AL2021,100106,AF,PS,party,PS,,373
mapa_1_resultados.xlsx,1730,AL2021,100106,AF,PCP-PEV,coalition,PCP-PEV,,95
mapa_1_resultados.xlsx,1731,AL2021,100108,AF,CDS-PP,party,CDS-PP,,120
mapa_1_resultados.xlsx,1731,AL2021,100108,AF,NC,party,NC,,49
mapa_1_resultados.xlsx,1731,AL2021,100108,AF,PPD/PSD,party,PPD/PSD,,659
mapa_1_resultados.xlsx,1731,AL2021,100108,AF,PS,party,PS,,1390
mapa_1_resultados.xlsx,1731,AL2021,100108,AF,PCP-PEV,coalition,PCP-PEV,,50
mapa_1_resultados.xlsx,1732,AL2021,100109,AF,PPD/PSD,party,PPD/PSD,,203
mapa_1_resultados.xlsx,1732,AL2021,100109,AF,PS,party,PS,,679
mapa_1_resultados.xlsx,1732,AL2021,100109,AF,PCP-PEV,coalition,PCP-PEV,,59
mapa_1_resultados.xlsx,1733,AL2021,100112,AF,NC,party,NC,,452
mapa_1_resultados.xlsx,1733,AL2021,100112,AF,PPD/PSD,party,PPD/PSD,,472
mapa_1_resultados.xlsx,1733,AL2021,100112,AF,PS,party,PS,,427
mapa_1_resultados.xlsx,1734,AL2021,100114,AF,CDS-PP,party,CDS-PP,,207
mapa_1_resultados.xlsx,1734,AL2021,100114,AF,PPD/PSD,party,PPD/PSD,,1027
mapa_1_resultados.xlsx,1734,AL2021,100114,AF,[D],citizen_group,TA,TURQUEL ADORO-TE,1177
mapa_1_resultados.xlsx,1735,AL2021,100116,AF,PPD/PSD,party,PPD/PSD,,762
mapa_1_resultados.xlsx,1735,AL2021,100116,AF,PS,party,PS,,117
mapa_1_resultados.xlsx,1735,AL2021,100116,AF,PCP-PEV,coalition,PCP-PEV,,20
mapa_1_resultados.xlsx,1736,AL2021,100120,AF,CDS-PP,party,CDS-PP,,454
mapa_1_resultados.xlsx,1736,AL2021,100120,AF,NC,party,NC,,431
mapa_1_resultados.xlsx,1736,AL2021,100120,AF,PS,party,PS,,633
mapa_1_resultados.xlsx,1736,AL2021,100120,AF,PCP-PEV,coalition,PCP-PEV,,102
mapa_1_resultados.xlsx,1736,AL2021,100120,AF,[D],citizen_group,F.P.,A Freguesia em Primeiro - Aljubarrota,985
mapa_1_resultados.xlsx,1737,AL2021,100121,AF,CDS-PP,party,CDS-PP,,243
mapa_1_resultados.xlsx,1737,AL2021,100121,AF,CH,party,CH,,137
mapa_1_resultados.xlsx,1737,AL2021,100121,AF,NC,party,NC,,144
mapa_1_resultados.xlsx,1737,AL2021,100121,AF,PPD/PSD,party,PPD/PSD,,965
mapa_1_resultados.xlsx,1737,AL2021,100121,AF,PS,party,PS,,1275
mapa_1_resultados.xlsx,1737,AL2021,100121,AF,PCP-PEV,coalition,PCP-PEV,,184
mapa_1_resultados.xlsx,1738,AL2021,100122,AF,PS,party,PS,,573
mapa_1_resultados.xlsx,1738,AL2021,100122,AF,PCP-PEV,coalition,PCP-PEV,,59
mapa_1_resultados.xlsx,1738,AL2021,100122,AF,[D],citizen_group,IUFCAM,"Independentes pela União de Freguesiaa de Coz, Alpedriz e Montes",883
mapa_1_resultados.xlsx,1739,AL2021,100123,AF,NC,party,NC,,248
mapa_1_resultados.xlsx,1739,AL2021,100123,AF,PPD/PSD,party,PPD/PSD,,2112
mapa_1_resultados.xlsx,1739,AL2021,100123,AF,PS,party,PS,,738
mapa_1_resultados.xlsx,1739,AL2021,100123,AF,PCP-PEV,coalition,PCP-PEV,,133
mapa_1_resultados.xlsx,1740,AL2021,100200,CM,CH,party,CH,,174
mapa_1_resultados.xlsx,1740,AL2021,100200,CM,PPD/PSD,party,PPD/PSD,,1578
mapa_1_resultados.xlsx,1740,AL2021,100200,CM,PS,party,PS,,1532
mapa_1_resultados.xlsx,1740,AL2021,100200,CM,PCP-PEV,coalition,PCP-PEV,,45
mapa_1_resultados.xlsx,1740,AL2021,100200,CM,[D],citizen_group,VA,Vamos Alvaiázere,402
mapa_1_resultados.xlsx,1741,AL2021,100200,AM,PPD/PSD,party,PPD/PSD,,1631
mapa_1_resultados.xlsx,1741,AL2021,100200,AM,PS,party,PS,,1357
mapa_1_resultados.xlsx,1741,AL2021,100200,AM,PCP-PEV,coalition,PCP-PEV,,67
mapa_1_resultados.xlsx,1741,AL2021,100200,AM,[D],citizen_group,VA,Vamos Alvaiázere,656
mapa_1_resultados.xlsx,1742,AL2021,100201,AF,PPD/PSD,party,PPD/PSD,,222
mapa_1_resultados.xlsx,1742,AL2021,100201,AF,PS,party,PS,,157
mapa_1_resultados.xlsx,1743,AL2021,100204,AF,PPD/PSD,party,PPD/PSD,,599
mapa_1_resultados.xlsx,1743,AL2021,100204,AF,PS,party,PS,,340
mapa_1_resultados.xlsx,1744,AL2021,100205,AF,CDS-PP,party,CDS-PP,,72
mapa_1_resultados.xlsx,1744,AL2021,100205,AF,PPD/PSD,party,PPD/PSD,,90
mapa_1_resultados.xlsx,1744,AL2021,100205,AF,[D],citizen_group,PMM,Pelmá Mais e Melhor,223
mapa_1_resultados.xlsx,1745,AL2021,100208,AF,PPD/PSD,party,PPD/PSD,,652
mapa_1_resultados.xlsx,1745,AL2021,100208,AF,PS,party,PS,,335
mapa_1_resultados.xlsx,1745,AL2021,100208,AF,PCP-PEV,coalition,PCP-PEV,,45
mapa_1_resultados.xlsx,1746,AL2021,100209,AF,PPD/PSD,party,PPD/PSD,,419
mapa_1_resultados.xlsx,1746,AL2021,100209,AF,PS,party,PS,,559
mapa_1_resultados.xlsx,1746,AL2021,100209,AF,PCP-PEV,coalition,PCP-PEV,,24
mapa_1_resultados.xlsx,1747,AL2021,100300,CM,CDS-PP,party,CDS-PP,,115
mapa_1_resultados.xlsx,1747,AL2021,100300,CM,CH,party,CH,,359
mapa_1_resultados.xlsx,1747,AL2021,100300,CM,PPD/PSD,party,PPD/PSD,,2936
mapa_1_resultados.xlsx,1747,AL2021,100300,CM,PS,party,PS,,3449
mapa_1_resultados.xlsx,1747,AL2021,100300,CM,PCP-PEV,coalition,PCP-PEV,,92
mapa_1_resultados.xlsx,1748,AL2021,100300,AM,CH,party,CH,,442
mapa_1_resultados.xlsx,1748,AL2021,100300,AM,PPD/PSD,party,PPD/PSD,,3197
mapa_1_resultados.xlsx,1748,AL2021,100300,AM,PS,party,PS,,3166
mapa_1_resultados.xlsx,1748,AL2021,100300,AM,PCP-PEV,coalition,PCP-PEV,,145
mapa_1_resultados.xlsx,1749,AL2021,100301,AF,PPD/PSD,party,PPD/PSD,,197
mapa_1_resultados.xlsx,1749,AL2021,100301,AF,PS,party,PS,,450
mapa_1_resultados.xlsx,1750,AL2021,100303,AF,CH,party,CH,,42
mapa_1_resultados.xlsx,1750,AL2021,100303,AF,PPD/PSD,party,PPD/PSD,,181
mapa_1_resultados.xlsx,1750,AL2021,100303,AF,PS,party,PS,,335
mapa_1_resultados.xlsx,1750,AL2021,100303,AF,PCP-PEV,coalition,PCP-PEV,,16
mapa_1_resultados.xlsx,1750,AL2021,100303,AF,[D],citizen_group,MIASP,MOVIMENTO INDEPENDENTE AVELAR SEMPRE EM PRIMEIRO,581
mapa_1_resultados.xlsx,1751,AL2021,100304,AF,PPD/PSD,party,PPD/PSD,,726
mapa_1_resultados.xlsx,1751,AL2021,100304,AF,PS,party,PS,,287
mapa_1_resultados.xlsx,1752,AL2021,100306,AF,PPD/PSD,party,PPD/PSD,,204
mapa_1_resultados.xlsx,1752,AL2021,100306,AF,PS,party,PS,,362
mapa_1_resultados.xlsx,1753,AL2021,100307,AF,CH,party,CH,,259
mapa_1_resultados.xlsx,1753,AL2021,100307,AF,PPD/PSD,party,PPD/PSD,,885
mapa_1_resultados.xlsx,1753,AL2021,100307,AF,PS,party,PS,,430
mapa_1_resultados.xlsx,1754,AL2021,100309,AF,CH,party,CH,,108
mapa_1_resultados.xlsx,1754,AL2021,100309,AF,PPD/PSD,party,PPD/PSD,,973
mapa_1_resultados.xlsx,1754,AL2021,100309,AF,PS,party,PS,,894
mapa_1_resultados.xlsx,1754,AL2021,100309,AF,PCP-PEV,coalition,PCP-PEV,,64
mapa_1_resultados.xlsx,1755,AL2021,100400,CM,CDS-PP,party,CDS-PP,,435
mapa_1_resultados.xlsx,1755,AL2021,100400,CM,CH,party,CH,,435
mapa_1_resultados.xlsx,1755,AL2021,100400,CM,IL,party,IL,,304
mapa_1_resultados.xlsx,1755,AL2021,100400,CM,PPD/PSD,party,PPD/PSD,,3258
mapa_1_resultados.xlsx,1755,AL2021,100400,CM,PCP-PEV,coalition,PCP-PEV,,101
mapa_1_resultados.xlsx,1755,AL2021,100400,CM,[D],citizen_group,BTMI,BATALHA É DE TODOS MOVIMENTO INDEPENDENTE,4282
mapa_1_resultados.xlsx,1756,AL2021,100400,AM,CDS-PP,party,CDS-PP,,463
mapa_1_resultados.xlsx,1756,AL2021,100400,AM,CH,party,CH,,423
mapa_1_resultados.xlsx,1756,AL2021,100400,AM,IL,party,IL,,372
mapa_1_resultados.xlsx,1756,AL2021,100400,AM,PPD/PSD,party,PPD/PSD,,3112
mapa_1_resultados.xlsx,1756,AL2021,100400,AM,PCP-PEV,coalition,PCP-PEV,,138
mapa_1_resultados.xlsx,1756,AL2021,100400,AM,[D],citizen_group,BTMI,BATALHA É DE TODOS MOVIMENTO INDEPENDENTE,3864
mapa_1_resultados.xlsx,1757,AL2021,100401,AF,CDS-PP,party,CDS-PP,,191
mapa_1_resultados.xlsx,1757,AL2021,100401,AF,CH,party,CH,,239
mapa_1_resultados.xlsx,1757,AL2021,100401,AF,PPD/PSD,party,PPD/PSD,,1802
mapa_1_resultados.xlsx,1757,AL2021,100401,AF,PCP-PEV,coalition,PCP-PEV,,83
mapa_1_resultados.xlsx,1757,AL2021,100401,AF,[D],citizen_group,BTMI,BATALHA É DE TODOS MOVIMENTO INDEPENDENTE,1925
mapa_1_resultados.xlsx,1757,AL2021,100401,AF,[E],citizen_group,SCB,SIM CONTINUAR PELA BATALHA,179
mapa_1_resultados.xlsx,1758,AL2021,100402,AF,CDS-PP,party,CDS-PP,,121
mapa_1_resultados.xlsx,1758,AL2021,100402,AF,PPD/PSD,party,PPD/PSD,,418
mapa_1_resultados.xlsx,1758,AL2021,100402,AF,[D],citizen_group,BTMI,BATALHA É DE TODOS MOVIMENTO INDEPENDENTE,581
mapa_1_resultados.xlsx,1759,AL2021,100403,AF,CDS-PP,party,CDS-PP,,168
mapa_1_resultados.xlsx,1759,AL2021,100403,AF,PPD/PSD,party,PPD/PSD,,1260
mapa_1_resultados.xlsx,1759,AL2021,100403,AF,[D],citizen_group,BTMI,BATALHA É DE TODOS MOVIMENTO INDEPENDENTE,485
mapa_1_resultados.xlsx,1760,AL2021,100404,AF,CDS-PP,party,CDS-PP,,71
mapa_1_resultados.xlsx,1760,AL2021,100404,AF,PPD/PSD,party,PPD/PSD,,366
mapa_1_resultados.xlsx,1760,AL2021,100404,AF,[D],citizen_group,BTMI,BATALHA É DE TODOS MOVIMENTO INDEPENDENTE,473
mapa_1_resultados.xlsx,1761,AL2021,100500,CM,CDS-PP,party,CDS-PP,,374
mapa_1_resultados.xlsx,1761,AL2021,100500,CM,CH,party,CH,,298
mapa_1_resultados.xlsx,1761,AL2021,100500,CM,PPD/PSD,party,PPD/PSD,,2418
mapa_1_resultados.xlsx,1761,AL2021,100500,CM,PS,party,PS,,2606
mapa_1_resultados.xlsx,1761,AL2021,100500,CM,PCP-PEV,coalition,PCP-PEV,,372
mapa_1_resultados.xlsx,1762,AL2021,100500,AM,CDS-PP,party,CDS-PP,,403
mapa_1_resultados.xlsx,1762,AL2021,100500,AM,CH,party,CH,,347
mapa_1_resultados.xlsx,1762,AL2021,100500,AM,PPD/PSD,party,PPD/PSD,,2323
mapa_1_resultados.xlsx,1762,AL2021,100500,AM,PS,party,PS,,2463
mapa_1_resultados.xlsx,1762,AL2021,100500,AM,PCP-PEV,coalition,PCP-PEV,,507
mapa_1_resultados.xlsx,1763,AL2021,100502,AF,CDS-PP,party,CDS-PP,,240
mapa_1_resultados.xlsx,1763,AL2021,100502,AF,CH,party,CH,,38
mapa_1_resultados.xlsx,1763,AL2021,100502,AF,PPD/PSD,party,PPD/PSD,,484
mapa_1_resultados.xlsx,1763,AL2021,100502,AF,PS,party,PS,,433
mapa_1_resultados.xlsx,1763,AL2021,100502,AF,PCP-PEV,coalition,PCP-PEV,,43
mapa_1_resultados.xlsx,1764,AL2021,100503,AF,CDS-PP,party,CDS-PP,,93
mapa_1_resultados.xlsx,1764,AL2021,100503,AF,CH,party,CH,,95
mapa_1_resultados.xlsx,1764,AL2021,100503,AF,PPD/PSD,party,PPD/PSD,,397
mapa_1_resultados.xlsx,1764,AL2021,100503,AF,PS,party,PS,,543
mapa_1_resultados.xlsx,1764,AL2021,100503,AF,PCP-PEV,coalition,PCP-PEV,,91
mapa_1_resultados.xlsx,1765,AL2021,100505,AF,CDS-PP,party,CDS-PP,,23
mapa_1_resultados.xlsx,1765,AL2021,100505,AF,PPD/PSD,party,PPD/PSD,,221
mapa_1_resultados.xlsx,1765,AL2021,100505,AF,PS,party,PS,,220
mapa_1_resultados.xlsx,1765,AL2021,100505,AF,PCP-PEV,coalition,PCP-PEV,,35
mapa_1_resultados.xlsx,1766,AL2021,100506,AF,CDS-PP,party,CDS-PP,,235
mapa_1_resultados.xlsx,1766,AL2021,100506,AF,CH,party,CH,,152
mapa_1_resultados.xlsx,1766,AL2021,100506,AF,PPD/PSD,party,PPD/PSD,,1006
mapa_1_resultados.xlsx,1766,AL2021,100506,AF,PS,party,PS,,1513
mapa_1_resultados.xlsx,1766,AL2021,100506,AF,PCP-PEV,coalition,PCP-PEV,,221
mapa_1_resultados.xlsx,1767,AL2021,100600,CM,B.E.,party,B.E.,,523
mapa_1_resultados.xlsx,1767,AL2021,100600,CM,CH,party,CH,,661
mapa_1_resultados.xlsx,1767,AL2021,100600,CM,PPD/PSD,party,PPD/PSD,,7723
mapa_1_resultados.xlsx,1767,AL2021,100600,CM,PS,party,PS,,2473
mapa_1_resultados.xlsx,1767,AL2021,100600,CM,PCP-PEV,coalition,PCP-PEV,,424
mapa_1_resultados.xlsx,1767,AL2021,100600,CM,[A],coalition,CDS-PP.MPT.PPM.NC,CALDAS MAIS RAINHA,610
mapa_1_resultados.xlsx,1767,AL2021,100600,CM,[D],citizen_group,VM,Vamos Mudar,9039
mapa_1_resultados.xlsx,1768,AL2021,100600,AM,B.E.,party,B.E.,,672
mapa_1_resultados.xlsx,1768,AL2021,100600,AM,CH,party,CH,,767
mapa_1_resultados.xlsx,1768,AL2021,100600,AM,PPD/PSD,party,PPD/PSD,,7492
mapa_1_resultados.xlsx,1768,AL2021,100600,AM,PS,party,PS,,2786
mapa_1_resultados.xlsx,1768,AL2021,100600,AM,PCP-PEV,coalition,PCP-PEV,,521
mapa_1_resultados.xlsx,1768,AL2021,100600,AM,[A],coalition,CDS-PP.MPT.PPM.NC,CALDAS MAIS RAINHA,730
mapa_1_resultados.xlsx,1768,AL2021,100600,AM,[D],citizen_group,VM,Vamos Mudar,8413
mapa_1_resultados.xlsx,1769,AL2021,100601,AF,CDS-PP,party,CDS-PP,,56
mapa_1_resultados.xlsx,1769,AL2021,100601,AF,PPD/PSD,party,PPD/PSD,,622
mapa_1_resultados.xlsx,1769,AL2021,100601,AF,PCP-PEV,coalition,PCP-PEV,,33
mapa_1_resultados.xlsx,1770,AL2021,100602,AF,PPD/PSD,party,PPD/PSD,,807
mapa_1_resultados.xlsx,1770,AL2021,100602,AF,PS,party,PS,,350
mapa_1_resultados.xlsx,1770,AL2021,100602,AF,PCP-PEV,coalition,PCP-PEV,,36
mapa_1_resultados.xlsx,1771,AL2021,100604,AF,CH,party,CH,,32
mapa_1_resultados.xlsx,1771,AL2021,100604,AF,PPD/PSD,party,PPD/PSD,,371
mapa_1_resultados.xlsx,1771,AL2021,100604,AF,PS,party,PS,,164
mapa_1_resultados.xlsx,1772,AL2021,100606,AF,PPD/PSD,party,PPD/PSD,,143
mapa_1_resultados.xlsx,1772,AL2021,100606,AF,PS,party,PS,,31
mapa_1_resultados.xlsx,1772,AL2021,100606,AF,PCP-PEV,coalition,PCP-PEV,,8
mapa_1_resultados.xlsx,1772,AL2021,100606,AF,[A],coalition,CDS-PP.MPT.PPM.NC,SOMOS FOZ,246
mapa_1_resultados.xlsx,1772,AL2021,100606,AF,[D],citizen_group,MIFA,Movimento Independente da Foz do Arelho,260
mapa_1_resultados.xlsx,1772,AL2021,100606,AF,[E],citizen_group,VM,Vamos Mudar,86
mapa_1_resultados.xlsx,1773,AL2021,100607,AF,PPD/PSD,party,PPD/PSD,,330
mapa_1_resultados.xlsx,1773,AL2021,100607,AF,PS,party,PS,,102
mapa_1_resultados.xlsx,1774,AL2021,100608,AF,B.E.,party,B.E.,,44
mapa_1_resultados.xlsx,1774,AL2021,100608,AF,PPD/PSD,party,PPD/PSD,,492
mapa_1_resultados.xlsx,1774,AL2021,100608,AF,PS,party,PS,,118
mapa_1_resultados.xlsx,1774,AL2021,100608,AF,PCP-PEV,coalition,PCP-PEV,,13
mapa_1_resultados.xlsx,1774,AL2021,100608,AF,[D],citizen_group,VM,Vamos Mudar,243
mapa_1_resultados.xlsx,1775,AL2021,100609,AF,CDS-PP,party,CDS-PP,,15
mapa_1_resultados.xlsx,1775,AL2021,100609,AF,PPD/PSD,party,PPD/PSD,,548
mapa_1_resultados.xlsx,1775,AL2021,100609,AF,PS,party,PS,,218
mapa_1_resultados.xlsx,1775,AL2021,100609,AF,PCP-PEV,coalition,PCP-PEV,,24
mapa_1_resultados.xlsx,1775,AL2021,100609,AF,[D],citizen_group,VM,Vamos Mudar,385
mapa_1_resultados.xlsx,1776,AL2021,100611,AF,CDS-PP,party,CDS-PP,,344
mapa_1_resultados.xlsx,1776,AL2021,100611,AF,CH,party,CH,,198
mapa_1_resultados.xlsx,1776,AL2021,100611,AF,PPD/PSD,party,PPD/PSD,,629
mapa_1_resultados.xlsx,1776,AL2021,100611,AF,PS,party,PS,,362
mapa_1_resultados.xlsx,1776,AL2021,100611,AF,PCP-PEV,coalition,PCP-PEV,,19
mapa_1_resultados.xlsx,1777,AL2021,100615,AF,PPD/PSD,party,PPD/PSD,,318
mapa_1_resultados.xlsx,1777,AL2021,100615,AF,PS,party,PS,,41
mapa_1_resultados.xlsx,1777,AL2021,100615,AF,[D],citizen_group,VM,Vamos Mudar,163
mapa_1_resultados.xlsx,1778,AL2021,100617,AF,B.E.,party,B.E.,,233
mapa_1_resultados.xlsx,1778,AL2021,100617,AF,CDS-PP,party,CDS-PP,,162
mapa_1_resultados.xlsx,1778,AL2021,100617,AF,CH,party,CH,,251
mapa_1_resultados.xlsx,1778,AL2021,100617,AF,PPD/PSD,party,PPD/PSD,,1912
mapa_1_resultados.xlsx,1778,AL2021,100617,AF,PS,party,PS,,700
mapa_1_resultados.xlsx,1778,AL2021,100617,AF,PCP-PEV,coalition,PCP-PEV,,199
mapa_1_resultados.xlsx,1778,AL2021,100617,AF,[D],citizen_group,VM,Vamos Mudar,4000
mapa_1_resultados.xlsx,1779,AL2021,100618,AF,B.E.,party,B.E.,,148
mapa_1_resultados.xlsx,1779,AL2021,100618,AF,CDS-PP,party,CDS-PP,,80
mapa_1_resultados.xlsx,1779,AL2021,100618,AF,CH,party,CH,,149
mapa_1_resultados.xlsx,1779,AL2021,100618,AF,PPD/PSD,party,PPD/PSD,,1135
mapa_1_resultados.xlsx,1779,AL2021,100618,AF,PS,party,PS,,614
mapa_1_resultados.xlsx,1779,AL2021,100618,AF,PCP-PEV,coalition,PCP-PEV,,133
mapa_1_resultados.xlsx,1779,AL2021,100618,AF,[D],citizen_group,VM,Vamos Mudar,1908
mapa_1_resultados.xlsx,1780,AL2021,100619,AF,B.E.,party,B.E.,,68
mapa_1_resultados.xlsx,1780,AL2021,100619,AF,CDS-PP,party,CDS-PP,,41
mapa_1_resultados.xlsx,1780,AL2021,100619,AF,CH,party,CH,,65
mapa_1_resultados.xlsx,1780,AL2021,100619,AF,PPD/PSD,party,PPD/PSD,,574
mapa_1_resultados.xlsx,1780,AL2021,100619,AF,PS,party,PS,,320
mapa_1_resultados.xlsx,1780,AL2021,100619,AF,PCP-PEV,coalition,PCP-PEV,,36
mapa_1_resultados.xlsx,1780,AL2021,100619,AF,[D],citizen_group,Por Tornada e Salir do Porto,Por Tornada e Salir do Porto,349
mapa_1_resultados.xlsx,1781,AL2021,100700,CM,PS,party,PS,,748
mapa_1_resultados.xlsx,1781,AL2021,100700,CM,PCP-PEV,coalition,PCP-PEV,,16
mapa_1_resultados.xlsx,1781,AL2021,100700,CM,[A],coalition,PPD/PSD.CDS-PP,"POR CASTANHEIRA, RENOVAÇÃO, UNIÃO E FUTURO",698
mapa_1_resultados.xlsx,1781,AL2021,100700,CM,[D],citizen_group,MC21,Mudar Castanheira 21,342
mapa_1_resultados.xlsx,1782,AL2021,100700,AM,PS,party,PS,,787
mapa_1_resultados.xlsx,1782,AL2021,100700,AM,PCP-PEV,coalition,PCP-PEV,,28
mapa_1_resultados.xlsx,1782,AL2021,100700,AM,[A],coalition,PPD/PSD.CDS-PP,"POR CASTANHEIRA, RENOVAÇÃO, UNIÃO E FUTURO",625
mapa_1_resultados.xlsx,1782,AL2021,100700,AM,[D],citizen_group,MC21,Mudar Castanheira 21,341
mapa_1_resultados.xlsx,1783,AL2021,100703,AF,PS,party,PS,,958
mapa_1_resultados.xlsx,1783,AL2021,100703,AF,PCP-PEV,coalition,PCP-PEV,,31
mapa_1_resultados.xlsx,1783,AL2021,100703,AF,[A],coalition,PPD/PSD.CDS-PP,"POR CASTANHEIRA, RENOVAÇÃO, UNIÃO E FUTURO",477
mapa_1_resultados.xlsx,1783,AL2021,100703,AF,[D],citizen_group,MC21,Mudar Castanheira 21,303
mapa_1_resultados.xlsx,1784,AL2021,100800,CM,CH,party,CH,,43
mapa_1_resultados.xlsx,1784,AL2021,100800,CM,PPD/PSD,party,PPD/PSD,,1107
mapa_1_resultados.xlsx,1784,AL2021,100800,CM,PS,party,PS,,1585
mapa_1_resultados.xlsx,1784,AL2021,100800,CM,PCP-PEV,coalition,PCP-PEV,,25
mapa_1_resultados.xlsx,1784,AL2021,100800,CM,[D],citizen_group,MFI,Movimento Figueiró Independente,718
mapa_1_resultados.xlsx,1785,AL2021,100800,AM,CDS-PP,party,CDS-PP,,166
mapa_1_resultados.xlsx,1785,AL2021,100800,AM,PPD/PSD,party,PPD/PSD,,1098
mapa_1_resultados.xlsx,1785,AL2021,100800,AM,PS,party,PS,,1528
mapa_1_resultados.xlsx,1785,AL2021,100800,AM,PCP-PEV,coalition,PCP-PEV,,27
mapa_1_resultados.xlsx,1785,AL2021,100800,AM,[D],citizen_group,MFI,Movimento Figueiró Independente,656
mapa_1_resultados.xlsx,1786,AL2021,100801,AF,CDS-PP,party,CDS-PP,,57
mapa_1_resultados.xlsx,1786,AL2021,100801,AF,PPD/PSD,party,PPD/PSD,,176
mapa_1_resultados.xlsx,1786,AL2021,100801,AF,PS,party,PS,,373
mapa_1_resultados.xlsx,1786,AL2021,100801,AF,PCP-PEV,coalition,PCP-PEV,,5
mapa_1_resultados.xlsx,1787,AL2021,100802,AF,PPD/PSD,party,PPD/PSD,,170
mapa_1_resultados.xlsx,1787,AL2021,100802,AF,PS,party,PS,,268
mapa_1_resultados.xlsx,1787,AL2021,100802,AF,PCP-PEV,coalition,PCP-PEV,,2
mapa_1_resultados.xlsx,1787,AL2021,100802,AF,[D],citizen_group,MFI,Movimento Figueiró Independente,101
mapa_1_resultados.xlsx,1788,AL2021,100803,AF,PPD/PSD,party,PPD/PSD,,50
mapa_1_resultados.xlsx,1788,AL2021,100803,AF,PS,party,PS,,32
mapa_1_resultados.xlsx,1788,AL2021,100803,AF,PCP-PEV,coalition,PCP-PEV,,0
mapa_1_resultados.xlsx,1788,AL2021,100803,AF,[D],citizen_group,MFI,Movimento Figueiró Independente,44
mapa_1_resultados.xlsx,1789,AL2021,100806,AF,CDS-PP,party,CDS-PP,,91
mapa_1_resultados.xlsx,1789,AL2021,100806,AF,PPD/PSD,party,PPD/PSD,,796
mapa_1_resultados.xlsx,1789,AL2021,100806,AF,PS,party,PS,,865
mapa_1_resultados.xlsx,1789,AL2021,100806,AF,PCP-PEV,coalition,PCP-PEV,,16
mapa_1_resultados.xlsx,1789,AL2021,100806,AF,[D],citizen_group,MFI,Movimento Figueiró Independente,437
mapa_1_resultados.xlsx,1790,AL2021,100900,CM,B.E.,party,B.E.,,1455
mapa_1_resultados.xlsx,1790,AL2021,100900,CM,CH,party,CH,,3424
mapa_1_resultados.xlsx,1790,AL2021,100900,CM,IL,party,IL,,1440
mapa_1_resultados.xlsx,1790,AL2021,100900,CM,L,party,L,,401
mapa_1_resultados.xlsx,1790,AL2021,100900,CM,PAN,party,PAN,,1103
mapa_1_resultados.xlsx,1790,AL2021,100900,CM,PPD/PSD,party,PPD/PSD,,13596
mapa_1_resultados.xlsx,1790,AL2021,100900,CM,PS,party,PS,,31516
mapa_1_resultados.xlsx,1790,AL2021,100900,CM,PCP-PEV,coalition,PCP-PEV,,1563
mapa_1_resultados.xlsx,1790,AL2021,100900,CM,[A],coalition,CDS-PP.MPT,LEIRIA PODE MAIS,2560
mapa_1_resultados.xlsx,1791,AL2021,100900,AM,B.E.,party,B.E.,,1980
mapa_1_resultados.xlsx,1791,AL2021,100900,AM,CH,party,CH,,3947
mapa_1_resultados.xlsx,1791,AL2021,100900,AM,IL,party,IL,,1686
mapa_1_resultados.xlsx,1791,AL2021,100900,AM,L,party,L,,495
mapa_1_resultados.xlsx,1791,AL2021,100900,AM,PAN,party,PAN,,1508
mapa_1_resultados.xlsx,1791,AL2021,100900,AM,PPD/PSD,party,PPD/PSD,,14976
mapa_1_resultados.xlsx,1791,AL2021,100900,AM,PS,party,PS,,27653
mapa_1_resultados.xlsx,1791,AL2021,100900,AM,PCP-PEV,coalition,PCP-PEV,,1730
mapa_1_resultados.xlsx,1791,AL2021,100900,AM,[A],coalition,CDS-PP.MPT,LEIRIA PODE MAIS,2611
mapa_1_resultados.xlsx,1792,AL2021,100901,AF,PPD/PSD,party,PPD/PSD,,796
mapa_1_resultados.xlsx,1792,AL2021,100901,AF,PS,party,PS,,1072
mapa_1_resultados.xlsx,1792,AL2021,100901,AF,PCP-PEV,coalition,PCP-PEV,,132
mapa_1_resultados.xlsx,1792,AL2021,100901,AF,[A],coalition,CDS-PP.MPT,LEIRIA PODE MAIS,51
mapa_1_resultados.xlsx,1793,AL2021,100902,AF,CH,party,CH,,68
mapa_1_resultados.xlsx,1793,AL2021,100902,AF,PPD/PSD,party,PPD/PSD,,447
mapa_1_resultados.xlsx,1793,AL2021,100902,AF,PS,party,PS,,744
mapa_1_resultados.xlsx,1793,AL2021,100902,AF,PCP-PEV,coalition,PCP-PEV,,58
mapa_1_resultados.xlsx,1793,AL2021,100902,AF,[A],coalition,CDS-PP.MPT,LEIRIA PODE MAIS,51
mapa_1_resultados.xlsx,1794,AL2021,100907,AF,PPD/PSD,party,PPD/PSD,,1083
mapa_1_resultados.xlsx,1794,AL2021,100907,AF,PS,party,PS,,1169
mapa_1_resultados.xlsx,1794,AL2021,100907,AF,PCP-PEV,coalition,PCP-PEV,,39
mapa_1_resultados.xlsx,1794,AL2021,100907,AF,[A],coalition,CDS-PP.MPT,LEIRIA PODE MAIS,205
mapa_1_resultados.xlsx,1795,AL2021,100909,AF,PPD/PSD,party,PPD/PSD,,272
mapa_1_resultados.xlsx,1795,AL2021,100909,AF,PS,party,PS,,481
mapa_1_resultados.xlsx,1795,AL2021,100909,AF,PCP-PEV,coalition,PCP-PEV,,24
mapa_1_resultados.xlsx,1795,AL2021,100909,AF,[A],coalition,CDS-PP.MPT,LEIRIA PODE MAIS,17
mapa_1_resultados.xlsx,1796,AL2021,100913,AF,B.E.,party,B.E.,,127
mapa_1_resultados.xlsx,1796,AL2021,100913,AF,PPD/PSD,party,PPD/PSD,,1344
mapa_1_resultados.xlsx,1796,AL2021,100913,AF,PS,party,PS,,2441
mapa_1_resultados.xlsx,1796,AL2021,100913,AF,PCP-PEV,coalition,PCP-PEV,,136
mapa_1_resultados.xlsx,1796,AL2021,100913,AF,[A],coalition,CDS-PP.MPT,LEIRIA PODE MAIS,224
mapa_1_resultados.xlsx,1797,AL2021,100915,AF,CH,party,CH,,180
mapa_1_resultados.xlsx,1797,AL2021,100915,AF,PPD/PSD,party,PPD/PSD,,384
mapa_1_resultados.xlsx,1797,AL2021,100915,AF,PS,party,PS,,868
mapa_1_resultados.xlsx,1797,AL2021,100915,AF,PCP-PEV,coalition,PCP-PEV,,20
mapa_1_resultados.xlsx,1797,AL2021,100915,AF,[A],coalition,CDS-PP.MPT,LEIRIA PODE MAIS,30
mapa_1_resultados.xlsx,1798,AL2021,100921,AF,PPD/PSD,party,PPD/PSD,,221
mapa_1_resultados.xlsx,1798,AL2021,100921,AF,PS,party,PS,,677
mapa_1_resultados.xlsx,1798,AL2021,100921,AF,PCP-PEV,coalition,PCP-PEV,,36
mapa_1_resultados.xlsx,1798,AL2021,100921,AF,[A],coalition,CDS-PP.MPT,LEIRIA PODE MAIS,148
mapa_1_resultados.xlsx,1799,AL2021,100925,AF,PPD/PSD,party,PPD/PSD,,573
mapa_1_resultados.xlsx,1799,AL2021,100925,AF,PS,party,PS,,513
mapa_1_resultados.xlsx,1799,AL2021,100925,AF,PCP-PEV,coalition,PCP-PEV,,44
mapa_1_resultados.xlsx,1799,AL2021,100925,AF,[A],coalition,CDS-PP.MPT,LEIRIA PODE MAIS,42
mapa_1_resultados.xlsx,1800,AL2021,100926,AF,PPD/PSD,party,PPD/PSD,,615
mapa_1_resultados.xlsx,1800,AL2021,100926,AF,PS,party,PS,,591
mapa_1_resultados.xlsx,1800,AL2021,100926,AF,PCP-PEV,coalition,PCP-PEV,,4
mapa_1_resultados.xlsx,1800,AL2021,100926,AF,[A],coalition,CDS-PP.MPT,LEIRIA PODE MAIS,56
mapa_1_resultados.xlsx,1801,AL2021,100932,AF,PPD/PSD,party,PPD/PSD,,740
mapa_1_resultados.xlsx,1801,AL2021,100932,AF,PS,party,PS,,908
mapa_1_resultados.xlsx,1801,AL2021,100932,AF,PCP-PEV,coalition,PCP-PEV,,35
mapa_1_resultados.xlsx,1801,AL2021,100932,AF,[A],coalition,CDS-PP.MPT,LEIRIA PODE MAIS,124
mapa_1_resultados.xlsx,1802,AL2021,100933,AF,B.E.,party,B.E.,,703
mapa_1_resultados.xlsx,1802,AL2021,100933,AF,CH,party,CH,,802
mapa_1_resultados.xlsx,1802,AL2021,100933,AF,IL,party,IL,,653
mapa_1_resultados.xlsx,1802,AL2021,100933,AF,PPD/PSD,party,PPD/PSD,,2735
mapa_1_resultados.xlsx,1802,AL2021,100933,AF,PS,party,PS,,7916
mapa_1_resultados.xlsx,1802,AL2021,100933,AF,PCP-PEV,coalition,PCP-PEV,,480
mapa_1_resultados.xlsx,1802,AL2021,100933,AF,[A],coalition,CDS-PP.MPT,LEIRIA PODE MAIS,588
mapa_1_resultados.xlsx,1803,AL2021,100934,AF,B.E.,party,B.E.,,494
mapa_1_resultados.xlsx,1803,AL2021,100934,AF,CH,party,CH,,724
mapa_1_resultados.xlsx,1803,AL2021,100934,AF,PPD/PSD,party,PPD/PSD,,2117
mapa_1_resultados.xlsx,1803,AL2021,100934,AF,PS,party,PS,,4405
mapa_1_resultados.xlsx,1803,AL2021,100934,AF,PCP-PEV,coalition,PCP-PEV,,492
mapa_1_resultados.xlsx,1803,AL2021,100934,AF,[A],coalition,CDS-PP.MPT,LEIRIA PODE MAIS,386
mapa_1_resultados.xlsx,1804,AL2021,100935,AF,PPD/PSD,party,PPD/PSD,,963
mapa_1_resultados.xlsx,1804,AL2021,100935,AF,PS,party,PS,,999
mapa_1_resultados.xlsx,1804,AL2021,100935,AF,PCP-PEV,coalition,PCP-PEV,,55
mapa_1_resultados.xlsx,1804,AL2021,100935,AF,[A],coalition,CDS-PP.MPT,LEIRIA PODE MAIS,136
mapa_1_resultados.xlsx,1804,AL2021,100935,AF,[D],citizen_group,M.I.C.,Movimento Independente de Cidadãos,450
mapa_1_resultados.xlsx,1805,AL2021,100936,AF,PPD/PSD,party,PPD/PSD,,742
mapa_1_resultados.xlsx,1805,AL2021,100936,AF,PS,party,PS,,1484
mapa_1_resultados.xlsx,1805,AL2021,100936,AF,PCP-PEV,coalition,PCP-PEV,,186
mapa_1_resultados.xlsx,1805,AL2021,100936,AF,[A],coalition,CDS-PP.MPT,LEIRIA PODE MAIS,167
mapa_1_resultados.xlsx,1806,AL2021,100937,AF,B.E.,party,B.E.,,151
mapa_1_resultados.xlsx,1806,AL2021,100937,AF,CH,party,CH,,209
mapa_1_resultados.xlsx,1806,AL2021,100937,AF,PPD/PSD,party,PPD/PSD,,900
mapa_1_resultados.xlsx,1806,AL2021,100937,AF,PS,party,PS,,1840
mapa_1_resultados.xlsx,1806,AL2021,100937,AF,PCP-PEV,coalition,PCP-PEV,,104
mapa_1_resultados.xlsx,1806,AL2021,100937,AF,[A],coalition,CDS-PP.MPT,LEIRIA PODE MAIS,110
mapa_1_resultados.xlsx,1807,AL2021,100938,AF,PS,party,PS,,1612
mapa_1_resultados.xlsx,1807,AL2021,100938,AF,PCP-PEV,coalition,PCP-PEV,,27
mapa_1_resultados.xlsx,1807,AL2021,100938,AF,[A],coalition,PPD/PSD.CDS-PP.MPT.,UNIDOS PELA FREGUESIA,982
mapa_1_resultados.xlsx,1808,AL2021,100939,AF,CH,party,CH,,193
mapa_1_resultados.xlsx,1808,AL2021,100939,AF,PPD/PSD,party,PPD/PSD,,469
mapa_1_resultados.xlsx,1808,AL2021,100939,AF,PS,party,PS,,1244
mapa_1_resultados.xlsx,1808,AL2021,100939,AF,PCP-PEV,coalition,PCP-PEV,,21
mapa_1_resultados.xlsx,1808,AL2021,100939,AF,[A],coalition,CDS-PP.MPT,LEIRIA PODE MAIS,102
mapa_1_resultados.xlsx,1809,AL2021,100940,AF,CH,party,CH,,137
mapa_1_resultados.xlsx,1809,AL2021,100940,AF,PPD/PSD,party,PPD/PSD,,1374
mapa_1_resultados.xlsx,1809,AL2021,100940,AF,PS,party,PS,,1119
mapa_1_resultados.xlsx,1809,AL2021,100940,AF,PCP-PEV,coalition,PCP-PEV,,31
mapa_1_resultados.xlsx,1809,AL2021,100940,AF,[A],coalition,CDS-PP.MPT,LEIRIA PODE MAIS,171
mapa_1_resultados.xlsx,1809,AL2021,100940,AF,[D],citizen_group,EC - AF,Eulália Crespo - Agimos Pelo Futuro,258
mapa_1_resultados.xlsx,1810,AL2021,101000,CM,B.E.,party,B.E.,,619
mapa_1_resultados.xlsx,1810,AL2021,101000,CM,CDS-PP,party,CDS-PP,,138
mapa_1_resultados.xlsx,1810,AL2021,101000,CM,CH,party,CH,,565
mapa_1_resultados.xlsx,1810,AL2021,101000,CM,PPD/PSD,party,PPD/PSD,,1150
mapa_1_resultados.xlsx,1810,AL2021,101000,CM,PS,party,PS,,3659
mapa_1_resultados.xlsx,1810,AL2021,101000,CM,PCP-PEV,coalition,PCP-PEV,,3437
mapa_1_resultados.xlsx,1810,AL2021,101000,CM,[D],citizen_group,+MPM,+MPM Movimento pelo Concelho,6408
mapa_1_resultados.xlsx,1811,AL2021,101000,AM,B.E.,party,B.E.,,795
mapa_1_resultados.xlsx,1811,AL2021,101000,AM,CDS-PP,party,CDS-PP,,142
mapa_1_resultados.xlsx,1811,AL2021,101000,AM,CH,party,CH,,641
mapa_1_resultados.xlsx,1811,AL2021,101000,AM,PPD/PSD,party,PPD/PSD,,1299
mapa_1_resultados.xlsx,1811,AL2021,101000,AM,PS,party,PS,,3490
mapa_1_resultados.xlsx,1811,AL2021,101000,AM,PCP-PEV,coalition,PCP-PEV,,3639
mapa_1_resultados.xlsx,1811,AL2021,101000,AM,[D],citizen_group,+MPM,+MPM Movimento pelo Concelho,5902
mapa_1_resultados.xlsx,1812,AL2021,101001,AF,B.E.,party,B.E.,,676
mapa_1_resultados.xlsx,1812,AL2021,101001,AF,CH,party,CH,,501
mapa_1_resultados.xlsx,1812,AL2021,101001,AF,PPD/PSD,party,PPD/PSD,,856
mapa_1_resultados.xlsx,1812,AL2021,101001,AF,PS,party,PS,,2248
mapa_1_resultados.xlsx,1812,AL2021,101001,AF,PCP-PEV,coalition,PCP-PEV,,4253
mapa_1_resultados.xlsx,1812,AL2021,101001,AF,[D],citizen_group,+MPM,+MPM Movimento pelo Concelho,4360
mapa_1_resultados.xlsx,1813,AL2021,101002,AF,PPD/PSD,party,PPD/PSD,,215
mapa_1_resultados.xlsx,1813,AL2021,101002,AF,PS,party,PS,,1248
mapa_1_resultados.xlsx,1813,AL2021,101002,AF,PCP-PEV,coalition,PCP-PEV,,374
mapa_1_resultados.xlsx,1813,AL2021,101002,AF,[D],citizen_group,+MPM,+MPM Movimento pelo Concelho,459
mapa_1_resultados.xlsx,1814,AL2021,101003,AF,PPD/PSD,party,PPD/PSD,,28
mapa_1_resultados.xlsx,1814,AL2021,101003,AF,PS,party,PS,,220
mapa_1_resultados.xlsx,1814,AL2021,101003,AF,PCP-PEV,coalition,PCP-PEV,,283
mapa_1_resultados.xlsx,1814,AL2021,101003,AF,[D],citizen_group,+MPM,+MPM Movimento pelo Concelho,237
mapa_1_resultados.xlsx,1815,AL2021,101100,CM,B.E.,party,B.E.,,322
mapa_1_resultados.xlsx,1815,AL2021,101100,CM,CDS-PP,party,CDS-PP,,106
mapa_1_resultados.xlsx,1815,AL2021,101100,CM,PPD/PSD,party,PPD/PSD,,1784
mapa_1_resultados.xlsx,1815,AL2021,101100,CM,PS,party,PS,,2846
mapa_1_resultados.xlsx,1815,AL2021,101100,CM,PCP-PEV,coalition,PCP-PEV,,906
mapa_1_resultados.xlsx,1816,AL2021,101100,AM,B.E.,party,B.E.,,387
mapa_1_resultados.xlsx,1816,AL2021,101100,AM,PPD/PSD,party,PPD/PSD,,1866
mapa_1_resultados.xlsx,1816,AL2021,101100,AM,PS,party,PS,,2778
mapa_1_resultados.xlsx,1816,AL2021,101100,AM,PCP-PEV,coalition,PCP-PEV,,925
mapa_1_resultados.xlsx,1817,AL2021,101101,AF,PPD/PSD,party,PPD/PSD,,175
mapa_1_resultados.xlsx,1817,AL2021,101101,AF,PS,party,PS,,506
mapa_1_resultados.xlsx,1817,AL2021,101101,AF,PCP-PEV,coalition,PCP-PEV,,45
mapa_1_resultados.xlsx,1818,AL2021,101102,AF,PPD/PSD,party,PPD/PSD,,990
mapa_1_resultados.xlsx,1818,AL2021,101102,AF,PS,party,PS,,2503
mapa_1_resultados.xlsx,1818,AL2021,101102,AF,PCP-PEV,coalition,PCP-PEV,,524
mapa_1_resultados.xlsx,1819,AL2021,101103,AF,PPD/PSD,party,PPD/PSD,,426
mapa_1_resultados.xlsx,1819,AL2021,101103,AF,PS,party,PS,,246
mapa_1_resultados.xlsx,1819,AL2021,101103,AF,PCP-PEV,coalition,PCP-PEV,,579
mapa_1_resultados.xlsx,1820,AL2021,101200,CM,B.E.,party,B.E.,,178
mapa_1_resultados.xlsx,1820,AL2021,101200,CM,CDS-PP,party,CDS-PP,,48
mapa_1_resultados.xlsx,1820,AL2021,101200,CM,CH,party,CH,,277
mapa_1_resultados.xlsx,1820,AL2021,101200,CM,PPD/PSD,party,PPD/PSD,,2724
mapa_1_resultados.xlsx,1820,AL2021,101200,CM,PS,party,PS,,2207
mapa_1_resultados.xlsx,1820,AL2021,101200,CM,PCP-PEV,coalition,PCP-PEV,,255
mapa_1_resultados.xlsx,1820,AL2021,101200,CM,[A],coalition,MPT.PDR,O NOSSO PARTIDO É ÓBIDOS,75
mapa_1_resultados.xlsx,1821,AL2021,101200,AM,B.E.,party,B.E.,,226
mapa_1_resultados.xlsx,1821,AL2021,101200,AM,CH,party,CH,,329
mapa_1_resultados.xlsx,1821,AL2021,101200,AM,PPD/PSD,party,PPD/PSD,,2587
mapa_1_resultados.xlsx,1821,AL2021,101200,AM,PS,party,PS,,2173
mapa_1_resultados.xlsx,1821,AL2021,101200,AM,PCP-PEV,coalition,PCP-PEV,,313
mapa_1_resultados.xlsx,1821,AL2021,101200,AM,[A],coalition,MPT.PDR,O NOSSO PARTIDO É ÓBIDOS,90
mapa_1_resultados.xlsx,1822,AL2021,101201,AF,PS,party,PS,,201
mapa_1_resultados.xlsx,1822,AL2021,101201,AF,PCP-PEV,coalition,PCP-PEV,,30
mapa_1_resultados.xlsx,1822,AL2021,101201,AF,[D],citizen_group,UPF,Unidos Pela Freguesia,504
mapa_1_resultados.xlsx,1823,AL2021,101202,AF,CH,party,CH,,12
mapa_1_resultados.xlsx,1823,AL2021,101202,AF,PPD/PSD,party,PPD/PSD,,162
mapa_1_resultados.xlsx,1823,AL2021,101202,AF,PS,party,PS,,257
mapa_1_resultados.xlsx,1823,AL2021,101202,AF,PCP-PEV,coalition,PCP-PEV,,32
mapa_1_resultados.xlsx,1823,AL2021,101202,AF,[A],coalition,MPT.PDR,O NOSSO PARTIDO É ÓBIDOS,6
mapa_1_resultados.xlsx,1824,AL2021,101203,AF,PPD/PSD,party,PPD/PSD,,319
mapa_1_resultados.xlsx,1824,AL2021,101203,AF,PS,party,PS,,227
mapa_1_resultados.xlsx,1824,AL2021,101203,AF,PCP-PEV,coalition,PCP-PEV,,148
mapa_1_resultados.xlsx,1825,AL2021,101207,AF,PPD/PSD,party,PPD/PSD,,330
mapa_1_resultados.xlsx,1825,AL2021,101207,AF,PS,party,PS,,155
mapa_1_resultados.xlsx,1826,AL2021,101208,AF,CH,party,CH,,92
mapa_1_resultados.xlsx,1826,AL2021,101208,AF,PCP-PEV,coalition,PCP-PEV,,215
mapa_1_resultados.xlsx,1826,AL2021,101208,AF,[D],citizen_group,GP,Gaeiras Primeiro,793
mapa_1_resultados.xlsx,1827,AL2021,101209,AF,CH,party,CH,,63
mapa_1_resultados.xlsx,1827,AL2021,101209,AF,[D],citizen_group,MPU,Movimento Pela Usseira,357
mapa_1_resultados.xlsx,1828,AL2021,101210,AF,CH,party,CH,,133
mapa_1_resultados.xlsx,1828,AL2021,101210,AF,PPD/PSD,party,PPD/PSD,,593
mapa_1_resultados.xlsx,1828,AL2021,101210,AF,PS,party,PS,,954
mapa_1_resultados.xlsx,1828,AL2021,101210,AF,PCP-PEV,coalition,PCP-PEV,,85
mapa_1_resultados.xlsx,1828,AL2021,101210,AF,[A],coalition,MPT.PDR,O NOSSO PARTIDO É ÓBIDOS,19
mapa_1_resultados.xlsx,1829,AL2021,101300,CM,CDS-PP,party,CDS-PP,,239
mapa_1_resultados.xlsx,1829,AL2021,101300,CM,CH,party,CH,,33
mapa_1_resultados.xlsx,1829,AL2021,101300,CM,PPD/PSD,party,PPD/PSD,,1084
mapa_1_resultados.xlsx,1829,AL2021,101300,CM,PS,party,PS,,581
mapa_1_resultados.xlsx,1829,AL2021,101300,CM,PCP-PEV,coalition,PCP-PEV,,40
mapa_1_resultados.xlsx,1830,AL2021,101300,AM,CDS-PP,party,CDS-PP,,239
mapa_1_resultados.xlsx,1830,AL2021,101300,AM,PPD/PSD,party,PPD/PSD,,1023
mapa_1_resultados.xlsx,1830,AL2021,101300,AM,PS,party,PS,,670
mapa_1_resultados.xlsx,1830,AL2021,101300,AM,PCP-PEV,coalition,PCP-PEV,,46
mapa_1_resultados.xlsx,1831,AL2021,101301,AF,PPD/PSD,party,PPD/PSD,,262
mapa_1_resultados.xlsx,1831,AL2021,101301,AF,PS,party,PS,,81
mapa_1_resultados.xlsx,1831,AL2021,101301,AF,PCP-PEV,coalition,PCP-PEV,,5
mapa_1_resultados.xlsx,1832,AL2021,101302,AF,CDS-PP,party,CDS-PP,,280
mapa_1_resultados.xlsx,1832,AL2021,101302,AF,PPD/PSD,party,PPD/PSD,,468
mapa_1_resultados.xlsx,1832,AL2021,101302,AF,PS,party,PS,,529
mapa_1_resultados.xlsx,1832,AL2021,101302,AF,PCP-PEV,coalition,PCP-PEV,,25
mapa_1_resultados.xlsx,1833,AL2021,101303,AF,CDS-PP,party,CDS-PP,,26
mapa_1_resultados.xlsx,1833,AL2021,101303,AF,PPD/PSD,party,PPD/PSD,,249
mapa_1_resultados.xlsx,1833,AL2021,101303,AF,PS,party,PS,,46
mapa_1_resultados.xlsx,1833,AL2021,101303,AF,PCP-PEV,coalition,PCP-PEV,,2
mapa_1_resultados.xlsx,1834,AL2021,101400,CM,B.E.,party,B.E.,,117
mapa_1_resultados.xlsx,1834,AL2021,101400,CM,CH,party,CH,,391
mapa_1_resultados.xlsx,1834,AL2021,101400,CM,L,party,L,,161
mapa_1_resultados.xlsx,1834,AL2021,101400,CM,PPD/PSD,party,PPD/PSD,,3246
mapa_1_resultados.xlsx,1834,AL2021,101400,CM,PS,party,PS,,3028
mapa_1_resultados.xlsx,1834,AL2021,101400,CM,PCP-PEV,coalition,PCP-PEV,,1273
mapa_1_resultados.xlsx,1834,AL2021,101400,CM,[D],citizen_group,GCEPP,Grupo de cidadãos Eleitores por Peniche,3712
mapa_1_resultados.xlsx,1835,AL2021,101400,AM,B.E.,party,B.E.,,165
mapa_1_resultados.xlsx,1835,AL2021,101400,AM,CH,party,CH,,532
mapa_1_resultados.xlsx,1835,AL2021,101400,AM,L,party,L,,187
mapa_1_resultados.xlsx,1835,AL2021,101400,AM,PPD/PSD,party,PPD/PSD,,3119
mapa_1_resultados.xlsx,1835,AL2021,101400,AM,PS,party,PS,,3247
mapa_1_resultados.xlsx,1835,AL2021,101400,AM,PCP-PEV,coalition,PCP-PEV,,1402
mapa_1_resultados.xlsx,1835,AL2021,101400,AM,[D],citizen_group,GCEPP,Grupo de cidadãos Eleitores por Peniche,3212
mapa_1_resultados.xlsx,1836,AL2021,101402,AF,CH,party,CH,,191
mapa_1_resultados.xlsx,1836,AL2021,101402,AF,PPD/PSD,party,PPD/PSD,,1469
mapa_1_resultados.xlsx,1836,AL2021,101402,AF,PS,party,PS,,1083
mapa_1_resultados.xlsx,1836,AL2021,101402,AF,PCP-PEV,coalition,PCP-PEV,,471
mapa_1_resultados.xlsx,1836,AL2021,101402,AF,[D],citizen_group,GCEPP,Grupo de cidadãos Eleitores por Peniche,535
mapa_1_resultados.xlsx,1837,AL2021,101405,AF,PPD/PSD,party,PPD/PSD,,79
mapa_1_resultados.xlsx,1837,AL2021,101405,AF,PS,party,PS,,255
mapa_1_resultados.xlsx,1837,AL2021,101405,AF,PCP-PEV,coalition,PCP-PEV,,356
mapa_1_resultados.xlsx,1838,AL2021,101406,AF,PPD/PSD,party,PPD/PSD,,219
mapa_1_resultados.xlsx,1838,AL2021,101406,AF,PS,party,PS,,848
mapa_1_resultados.xlsx,1838,AL2021,101406,AF,PCP-PEV,coalition,PCP-PEV,,78
mapa_1_resultados.xlsx,1838,AL2021,101406,AF,[D],citizen_group,GCEPP,Grupo de cidadãos Eleitores por Peniche,115
mapa_1_resultados.xlsx,1839,AL2021,101407,AF,B.E.,party,B.E.,,67
mapa_1_resultados.xlsx,1839,AL2021,101407,AF,CH,party,CH,,171
mapa_1_resultados.xlsx,1839,AL2021,101407,AF,PPD/PSD,party,PPD/PSD,,1197
mapa_1_resultados.xlsx,1839,AL2021,101407,AF,PS,party,PS,,1163
mapa_1_resultados.xlsx,1839,AL2021,101407,AF,PCP-PEV,coalition,PCP-PEV,,712
mapa_1_resultados.xlsx,1839,AL2021,101407,AF,[D],citizen_group,GCEPP,Grupo de cidadãos Eleitores por Peniche,2217
mapa_1_resultados.xlsx,1839,AL2021,101407,AF,[E],citizen_group,GIÀFDP,Grupo Independente à Freguesia de Peniche,245
mapa_1_resultados.xlsx,1840,AL2021,101500,CM,B.E.,party,B.E.,,668
mapa_1_resultados.xlsx,1840,AL2021,101500,CM,CH,party,CH,,841
mapa_1_resultados.xlsx,1840,AL2021,101500,CM,IL,party,IL,,741
mapa_1_resultados.xlsx,1840,AL2021,101500,CM,PPD/PSD,party,PPD/PSD,,14007
mapa_1_resultados.xlsx,1840,AL2021,101500,CM,PS,party,PS,,4811
mapa_1_resultados.xlsx,1840,AL2021,101500,CM,PCP-PEV,coalition,PCP-PEV,,407
mapa_1_resultados.xlsx,1841,AL2021,101500,AM,B.E.,party,B.E.,,817
mapa_1_resultados.xlsx,1841,AL2021,101500,AM,CDS-PP,party,CDS-PP,,752
mapa_1_resultados.xlsx,1841,AL2021,101500,AM,IL,party,IL,,823
mapa_1_resultados.xlsx,1841,AL2021,101500,AM,PPD/PSD,party,PPD/PSD,,12283
mapa_1_resultados.xlsx,1841,AL2021,101500,AM,PS,party,PS,,4987
mapa_1_resultados.xlsx,1841,AL2021,101500,AM,PCP-PEV,coalition,PCP-PEV,,436
mapa_1_resultados.xlsx,1841,AL2021,101500,AM,[D],citizen_group,OI,OESTE INDEPENDENTES,1206
mapa_1_resultados.xlsx,1842,AL2021,101501,AF,PPD/PSD,party,PPD/PSD,,705
mapa_1_resultados.xlsx,1842,AL2021,101501,AF,PS,party,PS,,193
mapa_1_resultados.xlsx,1843,AL2021,101503,AF,PPD/PSD,party,PPD/PSD,,923
mapa_1_resultados.xlsx,1843,AL2021,101503,AF,PS,party,PS,,273
mapa_1_resultados.xlsx,1844,AL2021,101504,AF,PPD/PSD,party,PPD/PSD,,521
mapa_1_resultados.xlsx,1844,AL2021,101504,AF,PS,party,PS,,210
mapa_1_resultados.xlsx,1845,AL2021,101505,AF,CDS-PP,party,CDS-PP,,206
mapa_1_resultados.xlsx,1845,AL2021,101505,AF,PPD/PSD,party,PPD/PSD,,1140
mapa_1_resultados.xlsx,1846,AL2021,101506,AF,B.E.,party,B.E.,,92
mapa_1_resultados.xlsx,1846,AL2021,101506,AF,PPD/PSD,party,PPD/PSD,,1353
mapa_1_resultados.xlsx,1846,AL2021,101506,AF,PS,party,PS,,334
mapa_1_resultados.xlsx,1846,AL2021,101506,AF,PCP-PEV,coalition,PCP-PEV,,53
mapa_1_resultados.xlsx,1847,AL2021,101508,AF,CDS-PP,party,CDS-PP,,65
mapa_1_resultados.xlsx,1847,AL2021,101508,AF,PPD/PSD,party,PPD/PSD,,604
mapa_1_resultados.xlsx,1847,AL2021,101508,AF,PS,party,PS,,301
mapa_1_resultados.xlsx,1848,AL2021,101509,AF,B.E.,party,B.E.,,350
mapa_1_resultados.xlsx,1848,AL2021,101509,AF,CDS-PP,party,CDS-PP,,242
mapa_1_resultados.xlsx,1848,AL2021,101509,AF,PPD/PSD,party,PPD/PSD,,3614
mapa_1_resultados.xlsx,1848,AL2021,101509,AF,PS,party,PS,,1574
mapa_1_resultados.xlsx,1848,AL2021,101509,AF,PCP-PEV,coalition,PCP-PEV,,153
mapa_1_resultados.xlsx,1849,AL2021,101510,AF,CDS-PP,party,CDS-PP,,91
mapa_1_resultados.xlsx,1849,AL2021,101510,AF,PPD/PSD,party,PPD/PSD,,503
mapa_1_resultados.xlsx,1849,AL2021,101510,AF,PS,party,PS,,551
mapa_1_resultados.xlsx,1850,AL2021,101513,AF,PPD/PSD,party,PPD/PSD,,719
mapa_1_resultados.xlsx,1850,AL2021,101513,AF,PS,party,PS,,307
mapa_1_resultados.xlsx,1850,AL2021,101513,AF,PCP-PEV,coalition,PCP-PEV,,63
mapa_1_resultados.xlsx,1851,AL2021,101514,AF,CDS-PP,party,CDS-PP,,163
mapa_1_resultados.xlsx,1851,AL2021,101514,AF,PPD/PSD,party,PPD/PSD,,427
mapa_1_resultados.xlsx,1851,AL2021,101514,AF,PS,party,PS,,133
mapa_1_resultados.xlsx,1852,AL2021,101515,AF,CH,party,CH,,45
mapa_1_resultados.xlsx,1852,AL2021,101515,AF,IL,party,IL,,135
mapa_1_resultados.xlsx,1852,AL2021,101515,AF,PPD/PSD,party,PPD/PSD,,515
mapa_1_resultados.xlsx,1852,AL2021,101515,AF,PS,party,PS,,168
mapa_1_resultados.xlsx,1853,AL2021,101518,AF,PPD/PSD,party,PPD/PSD,,1233
mapa_1_resultados.xlsx,1853,AL2021,101518,AF,PS,party,PS,,308
mapa_1_resultados.xlsx,1853,AL2021,101518,AF,[D],citizen_group,GRIND,GONÇALO RAMOS INDEPENDENTES,1297
mapa_1_resultados.xlsx,1854,AL2021,101519,AF,PPD/PSD,party,PPD/PSD,,1159
mapa_1_resultados.xlsx,1854,AL2021,101519,AF,PS,party,PS,,426
mapa_1_resultados.xlsx,1854,AL2021,101519,AF,PCP-PEV,coalition,PCP-PEV,,177
mapa_1_resultados.xlsx,1855,AL2021,101600,CM,CH,party,CH,,389
mapa_1_resultados.xlsx,1855,AL2021,101600,CM,PPD/PSD,party,PPD/PSD,,7347
mapa_1_resultados.xlsx,1855,AL2021,101600,CM,PS,party,PS,,4717
mapa_1_resultados.xlsx,1855,AL2021,101600,CM,PCP-PEV,coalition,PCP-PEV,,221
mapa_1_resultados.xlsx,1856,AL2021,101600,AM,CH,party,CH,,695
mapa_1_resultados.xlsx,1856,AL2021,101600,AM,PPD/PSD,party,PPD/PSD,,6838
mapa_1_resultados.xlsx,1856,AL2021,101600,AM,PS,party,PS,,4658
mapa_1_resultados.xlsx,1856,AL2021,101600,AM,PCP-PEV,coalition,PCP-PEV,,427
mapa_1_resultados.xlsx,1857,AL2021,101602,AF,[D],citizen_group,JFAS,Juntos Fazemos Alqueidão da Serra,797
mapa_1_resultados.xlsx,1858,AL2021,101605,AF,PPD/PSD,party,PPD/PSD,,725
mapa_1_resultados.xlsx,1858,AL2021,101605,AF,PS,party,PS,,488
mapa_1_resultados.xlsx,1858,AL2021,101605,AF,PCP-PEV,coalition,PCP-PEV,,35
mapa_1_resultados.xlsx,1859,AL2021,101606,AF,CH,party,CH,,84
mapa_1_resultados.xlsx,1859,AL2021,101606,AF,PPD/PSD,party,PPD/PSD,,573
mapa_1_resultados.xlsx,1859,AL2021,101606,AF,PS,party,PS,,582
mapa_1_resultados.xlsx,1859,AL2021,101606,AF,PCP-PEV,coalition,PCP-PEV,,34
mapa_1_resultados.xlsx,1859,AL2021,101606,AF,[D],citizen_group,FU,FORÇA DE UNIÃO - FU,407
mapa_1_resultados.xlsx,1860,AL2021,101608,AF,IL,party,IL,,188
mapa_1_resultados.xlsx,1860,AL2021,101608,AF,PPD/PSD,party,PPD/PSD,,937
mapa_1_resultados.xlsx,1860,AL2021,101608,AF,PS,party,PS,,537
mapa_1_resultados.xlsx,1860,AL2021,101608,AF,PCP-PEV,coalition,PCP-PEV,,41
mapa_1_resultados.xlsx,1861,AL2021,101609,AF,PPD/PSD,party,PPD/PSD,,810
mapa_1_resultados.xlsx,1861,AL2021,101609,AF,PS,party,PS,,564
mapa_1_resultados.xlsx,1861,AL2021,101609,AF,PCP-PEV,coalition,PCP-PEV,,26
mapa_1_resultados.xlsx,1862,AL2021,101610,AF,PPD/PSD,party,PPD/PSD,,232
mapa_1_resultados.xlsx,1862,AL2021,101610,AF,PS,party,PS,,264
mapa_1_resultados.xlsx,1863,AL2021,101613,AF,PPD/PSD,party,PPD/PSD,,294
mapa_1_resultados.xlsx,1863,AL2021,101613,AF,PS,party,PS,,150
mapa_1_resultados.xlsx,1863,AL2021,101613,AF,[D],citizen_group,BVSV,BONS VENTOS,148
mapa_1_resultados.xlsx,1864,AL2021,101614,AF,CH,party,CH,,112
mapa_1_resultados.xlsx,1864,AL2021,101614,AF,PPD/PSD,party,PPD/PSD,,2016
mapa_1_resultados.xlsx,1864,AL2021,101614,AF,PS,party,PS,,967
mapa_1_resultados.xlsx,1864,AL2021,101614,AF,PCP-PEV,coalition,PCP-PEV,,59
mapa_1_resultados.xlsx,1865,AL2021,101615,AF,PPD/PSD,party,PPD/PSD,,265
mapa_1_resultados.xlsx,1865,AL2021,101615,AF,PS,party,PS,,209
mapa_1_resultados.xlsx,1866,AL2021,101616,AF,CH,party,CH,,81
mapa_1_resultados.xlsx,1866,AL2021,101616,AF,PPD/PSD,party,PPD/PSD,,476
mapa_1_resultados.xlsx,1866,AL2021,101616,AF,PS,party,PS,,423
mapa_1_resultados.xlsx,1866,AL2021,101616,AF,PCP-PEV,coalition,PCP-PEV,,17
mapa_1_resultados.xlsx,1868,AL2021,110100,CM,B.E.,party,B.E.,,1027
mapa_1_resultados.xlsx,1868,AL2021,110100,CM,CH,party,CH,,1345
mapa_1_resultados.xlsx,1868,AL2021,110100,CM,PPD/PSD,party,PPD/PSD,,2629
mapa_1_resultados.xlsx,1868,AL2021,110100,CM,PS,party,PS,,7660
mapa_1_resultados.xlsx,1868,AL2021,110100,CM,PCP-PEV,coalition,PCP-PEV,,2074
mapa_1_resultados.xlsx,1868,AL2021,110100,CM,[A],coalition,CDS-PP.NC.MPT.A.PPM,FAZER CUMPRIR ALENQUER,1162
mapa_1_resultados.xlsx,1868,AL2021,110100,CM,[D],citizen_group,AFE,António Franco/Esperança,1237
mapa_1_resultados.xlsx,1869,AL2021,110100,AM,B.E.,party,B.E.,,1224
mapa_1_resultados.xlsx,1869,AL2021,110100,AM,CH,party,CH,,1527
mapa_1_resultados.xlsx,1869,AL2021,110100,AM,PPD/PSD,party,PPD/PSD,,3026
mapa_1_resultados.xlsx,1869,AL2021,110100,AM,PS,party,PS,,7490
mapa_1_resultados.xlsx,1869,AL2021,110100,AM,PCP-PEV,coalition,PCP-PEV,,2267
mapa_1_resultados.xlsx,1869,AL2021,110100,AM,[A],coalition,CDS-PP.NC.MPT.A.PPM,FAZER CUMPRIR ALENQUER,1488
mapa_1_resultados.xlsx,1870,AL2021,110106,AF,CH,party,CH,,37
mapa_1_resultados.xlsx,1870,AL2021,110106,AF,PPD/PSD,party,PPD/PSD,,249
mapa_1_resultados.xlsx,1870,AL2021,110106,AF,PS,party,PS,,340
mapa_1_resultados.xlsx,1870,AL2021,110106,AF,PCP-PEV,coalition,PCP-PEV,,91
mapa_1_resultados.xlsx,1870,AL2021,110106,AF,[A],coalition,CDS-PP.NC.MPT.A.PPM,FAZER CUMPRIR ALENQUER,22
mapa_1_resultados.xlsx,1871,AL2021,110107,AF,PPD/PSD,party,PPD/PSD,,65
mapa_1_resultados.xlsx,1871,AL2021,110107,AF,PS,party,PS,,593
mapa_1_resultados.xlsx,1871,AL2021,110107,AF,PCP-PEV,coalition,PCP-PEV,,119
mapa_1_resultados.xlsx,1871,AL2021,110107,AF,[A],coalition,CDS-PP.NC.MPT.A.PPM,FAZER CUMPRIR ALENQUER,48
mapa_1_resultados.xlsx,1872,AL2021,110108,AF,PPD/PSD,party,PPD/PSD,,131
mapa_1_resultados.xlsx,1872,AL2021,110108,AF,PS,party,PS,,488
mapa_1_resultados.xlsx,1872,AL2021,110108,AF,PCP-PEV,coalition,PCP-PEV,,213
mapa_1_resultados.xlsx,1873,AL2021,110109,AF,PPD/PSD,party,PPD/PSD,,121
mapa_1_resultados.xlsx,1873,AL2021,110109,AF,PS,party,PS,,325
mapa_1_resultados.xlsx,1873,AL2021,110109,AF,PCP-PEV,coalition,PCP-PEV,,70
mapa_1_resultados.xlsx,1873,AL2021,110109,AF,[A],coalition,CDS-PP.NC.MPT.A.PPM,FAZER CUMPRIR ALENQUER,63
mapa_1_resultados.xlsx,1874,AL2021,110113,AF,PPD/PSD,party,PPD/PSD,,205
mapa_1_resultados.xlsx,1874,AL2021,110113,AF,PS,party,PS,,586
mapa_1_resultados.xlsx,1874,AL2021,110113,AF,PCP-PEV,coalition,PCP-PEV,,130
mapa_1_resultados.xlsx,1875,AL2021,110114,AF,PS,party,PS,,157
mapa_1_resultados.xlsx,1875,AL2021,110114,AF,PCP-PEV,coalition,PCP-PEV,,24
mapa_1_resultados.xlsx,1875,AL2021,110114,AF,[D],citizen_group,FMTPF,Filipa Martinho Todos Pela Freguesia,370
mapa_1_resultados.xlsx,1876,AL2021,110117,AF,PPD/PSD,party,PPD/PSD,,179
mapa_1_resultados.xlsx,1876,AL2021,110117,AF,PS,party,PS,,835
mapa_1_resultados.xlsx,1876,AL2021,110117,AF,PCP-PEV,coalition,PCP-PEV,,412
mapa_1_resultados.xlsx,1876,AL2021,110117,AF,[A],coalition,CDS-PP.NC.MPT.A.PPM,FAZER CUMPRIR ALENQUER,495
mapa_1_resultados.xlsx,1877,AL2021,110118,AF,PS,party,PS,,467
mapa_1_resultados.xlsx,1877,AL2021,110118,AF,PCP-PEV,coalition,PCP-PEV,,141
mapa_1_resultados.xlsx,1877,AL2021,110118,AF,[D],citizen_group,IPF,Independentes pela Freguesia,737
mapa_1_resultados.xlsx,1878,AL2021,110119,AF,B.E.,party,B.E.,,345
mapa_1_resultados.xlsx,1878,AL2021,110119,AF,PPD/PSD,party,PPD/PSD,,842
mapa_1_resultados.xlsx,1878,AL2021,110119,AF,PS,party,PS,,2373
mapa_1_resultados.xlsx,1878,AL2021,110119,AF,PCP-PEV,coalition,PCP-PEV,,525
mapa_1_resultados.xlsx,1878,AL2021,110119,AF,[A],coalition,CDS-PP.NC.MPT.A.PPM,FAZER CUMPRIR ALENQUER,563
mapa_1_resultados.xlsx,1879,AL2021,110120,AF,B.E.,party,B.E.,,349
mapa_1_resultados.xlsx,1879,AL2021,110120,AF,CH,party,CH,,476
mapa_1_resultados.xlsx,1879,AL2021,110120,AF,PPD/PSD,party,PPD/PSD,,716
mapa_1_resultados.xlsx,1879,AL2021,110120,AF,PS,party,PS,,1443
mapa_1_resultados.xlsx,1879,AL2021,110120,AF,PCP-PEV,coalition,PCP-PEV,,639
mapa_1_resultados.xlsx,1879,AL2021,110120,AF,[A],coalition,CDS-PP.NC.MPT.A.PPM,FAZER CUMPRIR ALENQUER,369
mapa_1_resultados.xlsx,1880,AL2021,110121,AF,PPD/PSD,party,PPD/PSD,,263
mapa_1_resultados.xlsx,1880,AL2021,110121,AF,PS,party,PS,,289
mapa_1_resultados.xlsx,1880,AL2021,110121,AF,PCP-PEV,coalition,PCP-PEV,,94
mapa_1_resultados.xlsx,1881,AL2021,110200,CM,CH,party,CH,,325
mapa_1_resultados.xlsx,1881,AL2021,110200,CM,PS,party,PS,,4483
mapa_1_resultados.xlsx,1881,AL2021,110200,CM,PCP-PEV,coalition,PCP-PEV,,367
mapa_1_resultados.xlsx,1881,AL2021,110200,CM,[A],coalition,PPD/PSD.CDS-PP,"ARRUDA, AGORA!",1502
mapa_1_resultados.xlsx,1882,AL2021,110200,AM,CH,party,CH,,377
mapa_1_resultados.xlsx,1882,AL2021,110200,AM,PS,party,PS,,3963
mapa_1_resultados.xlsx,1882,AL2021,110200,AM,PCP-PEV,coalition,PCP-PEV,,541
mapa_1_resultados.xlsx,1882,AL2021,110200,AM,[A],coalition,PPD/PSD.CDS-PP,"ARRUDA, AGORA!",1745
mapa_1_resultados.xlsx,1883,AL2021,110201,AF,CH,party,CH,,41
mapa_1_resultados.xlsx,1883,AL2021,110201,AF,PS,party,PS,,879
mapa_1_resultados.xlsx,1883,AL2021,110201,AF,PCP-PEV,coalition,PCP-PEV,,52
mapa_1_resultados.xlsx,1883,AL2021,110201,AF,[A],coalition,PPD/PSD.CDS-PP,"ARRUDA, AGORA!",298
mapa_1_resultados.xlsx,1884,AL2021,110202,AF,CH,party,CH,,245
mapa_1_resultados.xlsx,1884,AL2021,110202,AF,PS,party,PS,,2621
mapa_1_resultados.xlsx,1884,AL2021,110202,AF,PCP-PEV,coalition,PCP-PEV,,333
mapa_1_resultados.xlsx,1884,AL2021,110202,AF,[A],coalition,PPD/PSD.CDS-PP,"ARRUDA, AGORA!",1066
mapa_1_resultados.xlsx,1885,AL2021,110203,AF,PS,party,PS,,284
mapa_1_resultados.xlsx,1885,AL2021,110203,AF,PCP-PEV,coalition,PCP-PEV,,40
mapa_1_resultados.xlsx,1885,AL2021,110203,AF,[A],coalition,PPD/PSD.CDS-PP,"ARRUDA, AGORA!",147
mapa_1_resultados.xlsx,1886,AL2021,110204,AF,PS,party,PS,,320
mapa_1_resultados.xlsx,1886,AL2021,110204,AF,PCP-PEV,coalition,PCP-PEV,,86
mapa_1_resultados.xlsx,1886,AL2021,110204,AF,[A],coalition,PPD/PSD.CDS-PP,"ARRUDA, AGORA!",218
mapa_1_resultados.xlsx,1887,AL2021,110300,CM,B.E.,party,B.E.,,426
mapa_1_resultados.xlsx,1887,AL2021,110300,CM,CH,party,CH,,926
mapa_1_resultados.xlsx,1887,AL2021,110300,CM,PS,party,PS,,3677
mapa_1_resultados.xlsx,1887,AL2021,110300,CM,PCP-PEV,coalition,PCP-PEV,,1305
mapa_1_resultados.xlsx,1887,AL2021,110300,CM,[A],coalition,PPD/PSD.CDS-PP.MPT.PPM,SEMPRE AO SEU LADO,2376
mapa_1_resultados.xlsx,1888,AL2021,110300,AM,B.E.,party,B.E.,,511
mapa_1_resultados.xlsx,1888,AL2021,110300,AM,CH,party,CH,,896
mapa_1_resultados.xlsx,1888,AL2021,110300,AM,PS,party,PS,,3577
mapa_1_resultados.xlsx,1888,AL2021,110300,AM,PCP-PEV,coalition,PCP-PEV,,1477
mapa_1_resultados.xlsx,1888,AL2021,110300,AM,[A],coalition,PPD/PSD.CDS-PP.MPT.PPM,SEMPRE AO SEU LADO,2268
mapa_1_resultados.xlsx,1889,AL2021,110301,AF,PS,party,PS,,586
mapa_1_resultados.xlsx,1889,AL2021,110301,AF,PCP-PEV,coalition,PCP-PEV,,206
mapa_1_resultados.xlsx,1889,AL2021,110301,AF,[A],coalition,PPD/PSD.CDS-PP.MPT.PPM,SEMPRE AO SEU LADO,258
mapa_1_resultados.xlsx,1890,AL2021,110302,AF,CH,party,CH,,43
mapa_1_resultados.xlsx,1890,AL2021,110302,AF,PS,party,PS,,289
mapa_1_resultados.xlsx,1890,AL2021,110302,AF,PCP-PEV,coalition,PCP-PEV,,63
mapa_1_resultados.xlsx,1890,AL2021,110302,AF,[A],coalition,PPD/PSD.CDS-PP.MPT.PPM,SEMPRE AO SEU LADO,291
mapa_1_resultados.xlsx,1891,AL2021,110303,AF,CH,party,CH,,91
mapa_1_resultados.xlsx,1891,AL2021,110303,AF,PS,party,PS,,473
mapa_1_resultados.xlsx,1891,AL2021,110303,AF,PCP-PEV,coalition,PCP-PEV,,940
mapa_1_resultados.xlsx,1891,AL2021,110303,AF,[A],coalition,PPD/PSD.CDS-PP.MPT.PPM,SEMPRE AO SEU LADO,237
mapa_1_resultados.xlsx,1892,AL2021,110304,AF,B.E.,party,B.E.,,223
mapa_1_resultados.xlsx,1892,AL2021,110304,AF,CH,party,CH,,361
mapa_1_resultados.xlsx,1892,AL2021,110304,AF,PS,party,PS,,1221
mapa_1_resultados.xlsx,1892,AL2021,110304,AF,PCP-PEV,coalition,PCP-PEV,,329
mapa_1_resultados.xlsx,1892,AL2021,110304,AF,[A],coalition,PPD/PSD.CDS-PP.MPT.PPM,SEMPRE AO SEU LADO,1081
mapa_1_resultados.xlsx,1893,AL2021,110306,AF,PS,party,PS,,264
mapa_1_resultados.xlsx,1893,AL2021,110306,AF,PCP-PEV,coalition,PCP-PEV,,43
mapa_1_resultados.xlsx,1893,AL2021,110306,AF,[A],coalition,PPD/PSD.CDS-PP.MPT.PPM,SEMPRE AO SEU LADO,201
mapa_1_resultados.xlsx,1894,AL2021,110307,AF,PS,party,PS,,212
mapa_1_resultados.xlsx,1894,AL2021,110307,AF,PCP-PEV,coalition,PCP-PEV,,46
mapa_1_resultados.xlsx,1894,AL2021,110307,AF,[A],coalition,PPD/PSD.CDS-PP.MPT.PPM,SEMPRE AO SEU LADO,217
mapa_1_resultados.xlsx,1895,AL2021,110310,AF,PS,party,PS,,421
mapa_1_resultados.xlsx,1895,AL2021,110310,AF,PCP-PEV,coalition,PCP-PEV,,470
mapa_1_resultados.xlsx,1895,AL2021,110310,AF,[A],coalition,PPD/PSD.CDS-PP.MPT.PPM,SEMPRE AO SEU LADO,167
mapa_1_resultados.xlsx,1896,AL2021,110400,CM,CDS-PP,party,CDS-PP,,163
mapa_1_resultados.xlsx,1896,AL2021,110400,CM,PPD/PSD,party,PPD/PSD,,3522
mapa_1_resultados.xlsx,1896,AL2021,110400,CM,PS,party,PS,,2360
mapa_1_resultados.xlsx,1896,AL2021,110400,CM,PCP-PEV,coalition,PCP-PEV,,353
mapa_1_resultados.xlsx,1897,AL2021,110400,AM,CDS-PP,party,CDS-PP,,213
mapa_1_resultados.xlsx,1897,AL2021,110400,AM,PPD/PSD,party,PPD/PSD,,3142
mapa_1_resultados.xlsx,1897,AL2021,110400,AM,PS,party,PS,,2569
mapa_1_resultados.xlsx,1897,AL2021,110400,AM,PCP-PEV,coalition,PCP-PEV,,475
mapa_1_resultados.xlsx,1898,AL2021,110401,AF,PPD/PSD,party,PPD/PSD,,353
mapa_1_resultados.xlsx,1898,AL2021,110401,AF,PS,party,PS,,85
mapa_1_resultados.xlsx,1898,AL2021,110401,AF,PCP-PEV,coalition,PCP-PEV,,23
mapa_1_resultados.xlsx,1899,AL2021,110407,AF,PPD/PSD,party,PPD/PSD,,239
mapa_1_resultados.xlsx,1899,AL2021,110407,AF,PS,party,PS,,172
mapa_1_resultados.xlsx,1899,AL2021,110407,AF,PCP-PEV,coalition,PCP-PEV,,32
mapa_1_resultados.xlsx,1900,AL2021,110409,AF,PPD/PSD,party,PPD/PSD,,340
mapa_1_resultados.xlsx,1900,AL2021,110409,AF,PS,party,PS,,249
mapa_1_resultados.xlsx,1900,AL2021,110409,AF,PCP-PEV,coalition,PCP-PEV,,43
mapa_1_resultados.xlsx,1901,AL2021,110410,AF,CDS-PP,party,CDS-PP,,53
mapa_1_resultados.xlsx,1901,AL2021,110410,AF,PPD/PSD,party,PPD/PSD,,407
mapa_1_resultados.xlsx,1901,AL2021,110410,AF,PS,party,PS,,340
mapa_1_resultados.xlsx,1901,AL2021,110410,AF,PCP-PEV,coalition,PCP-PEV,,43
mapa_1_resultados.xlsx,1902,AL2021,110411,AF,CDS-PP,party,CDS-PP,,71
mapa_1_resultados.xlsx,1902,AL2021,110411,AF,PPD/PSD,party,PPD/PSD,,691
mapa_1_resultados.xlsx,1902,AL2021,110411,AF,PS,party,PS,,616
mapa_1_resultados.xlsx,1902,AL2021,110411,AF,PCP-PEV,coalition,PCP-PEV,,125
mapa_1_resultados.xlsx,1903,AL2021,110412,AF,PPD/PSD,party,PPD/PSD,,789
mapa_1_resultados.xlsx,1903,AL2021,110412,AF,PS,party,PS,,873
mapa_1_resultados.xlsx,1903,AL2021,110412,AF,PCP-PEV,coalition,PCP-PEV,,62
mapa_1_resultados.xlsx,1904,AL2021,110413,AF,PPD/PSD,party,PPD/PSD,,407
mapa_1_resultados.xlsx,1904,AL2021,110413,AF,PS,party,PS,,360
mapa_1_resultados.xlsx,1904,AL2021,110413,AF,PCP-PEV,coalition,PCP-PEV,,55
mapa_1_resultados.xlsx,1905,AL2021,110500,CM,B.E.,party,B.E.,,2919
mapa_1_resultados.xlsx,1905,AL2021,110500,CM,CH,party,CH,,5927
mapa_1_resultados.xlsx,1905,AL2021,110500,CM,IL,party,IL,,3469
mapa_1_resultados.xlsx,1905,AL2021,110500,CM,PCP-PEV,coalition,PCP-PEV,,4304
mapa_1_resultados.xlsx,1905,AL2021,110500,CM,[A],coalition,NC/PPM,SALVAR CASCAIS,1471
mapa_1_resultados.xlsx,1905,AL2021,110500,CM,[B],coalition,PPD/PSD.CDS-PP,COLIGAÇÃO VIVA CASCAIS,41963
mapa_1_resultados.xlsx,1905,AL2021,110500,CM,[C],coalition,PS.PAN.L,Todos por Cascais,17265
mapa_1_resultados.xlsx,1906,AL2021,110500,AM,B.E.,party,B.E.,,3779
mapa_1_resultados.xlsx,1906,AL2021,110500,AM,CH,party,CH,,6576
mapa_1_resultados.xlsx,1906,AL2021,110500,AM,IL,party,IL,,4095
mapa_1_resultados.xlsx,1906,AL2021,110500,AM,PCP-PEV,coalition,PCP-PEV,,4981
mapa_1_resultados.xlsx,1906,AL2021,110500,AM,[A],coalition,NC/PPM,SALVAR CASCAIS,1570
mapa_1_resultados.xlsx,1906,AL2021,110500,AM,[B],coalition,PPD/PSD.CDS-PP,COLIGAÇÃO VIVA CASCAIS,37641
mapa_1_resultados.xlsx,1906,AL2021,110500,AM,[C],coalition,PS.PAN.L,Todos por Cascais,18465
mapa_1_resultados.xlsx,1907,AL2021,110501,AF,B.E.,party,B.E.,,538
mapa_1_resultados.xlsx,1907,AL2021,110501,AF,CH,party,CH,,1230
mapa_1_resultados.xlsx,1907,AL2021,110501,AF,IL,party,IL,,551
mapa_1_resultados.xlsx,1907,AL2021,110501,AF,PCP-PEV,coalition,PCP-PEV,,810
mapa_1_resultados.xlsx,1907,AL2021,110501,AF,[A],coalition,NC/PPM,SALVAR CASCAIS,337
mapa_1_resultados.xlsx,1907,AL2021,110501,AF,[B],coalition,PPD/PSD.CDS-PP,COLIGAÇÃO VIVA CASCAIS,7729
mapa_1_resultados.xlsx,1907,AL2021,110501,AF,[C],coalition,PS.PAN.L,Todos por Cascais,3437
mapa_1_resultados.xlsx,1908,AL2021,110506,AF,B.E.,party,B.E.,,1074
mapa_1_resultados.xlsx,1908,AL2021,110506,AF,CH,party,CH,,1586
mapa_1_resultados.xlsx,1908,AL2021,110506,AF,IL,party,IL,,691
mapa_1_resultados.xlsx,1908,AL2021,110506,AF,PCP-PEV,coalition,PCP-PEV,,1807
mapa_1_resultados.xlsx,1908,AL2021,110506,AF,[A],coalition,PPD/PSD.CDS-PP,COLIGAÇÃO VIVA CASCAIS,9291
mapa_1_resultados.xlsx,1908,AL2021,110506,AF,[B],coalition,PS.PAN.L,Todos por Cascais,7264
mapa_1_resultados.xlsx,1909,AL2021,110507,AF,B.E.,party,B.E.,,1042
mapa_1_resultados.xlsx,1909,AL2021,110507,AF,CH,party,CH,,1300
mapa_1_resultados.xlsx,1909,AL2021,110507,AF,IL,party,IL,,1195
mapa_1_resultados.xlsx,1909,AL2021,110507,AF,PCP-PEV,coalition,PCP-PEV,,1301
mapa_1_resultados.xlsx,1909,AL2021,110507,AF,[A],coalition,PPD/PSD.CDS-PP,COLIGAÇÃO VIVA CASCAIS,8204
mapa_1_resultados.xlsx,1909,AL2021,110507,AF,[B],coalition,PS.PAN.L,Todos por Cascais,5037
mapa_1_resultados.xlsx,1910,AL2021,110508,AF,B.E.,party,B.E.,,894
mapa_1_resultados.xlsx,1910,AL2021,110508,AF,CH,party,CH,,2253
mapa_1_resultados.xlsx,1910,AL2021,110508,AF,IL,party,IL,,1620
mapa_1_resultados.xlsx,1910,AL2021,110508,AF,PCP-PEV,coalition,PCP-PEV,,1079
mapa_1_resultados.xlsx,1910,AL2021,110508,AF,[A],coalition,NC/PPM,SALVAR CASCAIS,549
mapa_1_resultados.xlsx,1910,AL2021,110508,AF,[B],coalition,PPD/PSD.CDS-PP,COLIGAÇÃO VIVA CASCAIS,12067
mapa_1_resultados.xlsx,1910,AL2021,110508,AF,[C],coalition,PS.PAN.L,Todos por Cascais,4214
mapa_1_resultados.xlsx,1911,AL2021,110600,CM,B.E.,party,B.E.,,15057
mapa_1_resultados.xlsx,1911,AL2021,110600,CM,CH,party,CH,,10730
mapa_1_resultados.xlsx,1911,AL2021,110600,CM,E,party,E,,338
mapa_1_resultados.xlsx,1911,AL2021,110600,CM,IL,party,IL,,10213
mapa_1_resultados.xlsx,1911,AL2021,110600,CM,NC,party,NC,,494
mapa_1_resultados.xlsx,1911,AL2021,110600,CM,PAN,party,PAN,,6625
mapa_1_resultados.xlsx,1911,AL2021,110600,CM,PDR,party,PDR,,319
mapa_1_resultados.xlsx,1911,AL2021,110600,CM,VP,party,VP,,1016
mapa_1_resultados.xlsx,1911,AL2021,110600,CM,PCP-PEV,coalition,PCP-PEV,,25550
mapa_1_resultados.xlsx,1911,AL2021,110600,CM,[A],coalition,PPD/PSD.CDS-PP.A.MPT.PPM,NOVOS TEMPOS LISBOA,83185
mapa_1_resultados.xlsx,1911,AL2021,110600,CM,[B],coalition,PS.L,MAIS LISBOA,80907
mapa_1_resultados.xlsx,1911,AL2021,110600,CM,[D],citizen_group,STL,Somos Todos Lisboa - STL,864
mapa_1_resultados.xlsx,1912,AL2021,110600,AM,B.E.,party,B.E.,,18528
mapa_1_resultados.xlsx,1912,AL2021,110600,AM,CH,party,CH,,13004
mapa_1_resultados.xlsx,1912,AL2021,110600,AM,E,party,E,,438
mapa_1_resultados.xlsx,1912,AL2021,110600,AM,IL,party,IL,,14447
mapa_1_resultados.xlsx,1912,AL2021,110600,AM,PAN,party,PAN,,8573
mapa_1_resultados.xlsx,1912,AL2021,110600,AM,VP,party,VP,,1401
mapa_1_resultados.xlsx,1912,AL2021,110600,AM,PCP-PEV,coalition,PCP-PEV,,26890
mapa_1_resultados.xlsx,1912,AL2021,110600,AM,[A],coalition,PPD/PSD.CDS-PP.A.MPT.PPM,NOVOS TEMPOS LISBOA,75616
mapa_1_resultados.xlsx,1912,AL2021,110600,AM,[B],coalition,PS.L,MAIS LISBOA,74765
mapa_1_resultados.xlsx,1912,AL2021,110600,AM,[D],citizen_group,STL,Somos Todos Lisboa - STL,1069
mapa_1_resultados.xlsx,1913,AL2021,110601,AF,B.E.,party,B.E.,,399
mapa_1_resultados.xlsx,1913,AL2021,110601,AF,CH,party,CH,,336
mapa_1_resultados.xlsx,1913,AL2021,110601,AF,IL,party,IL,,220
mapa_1_resultados.xlsx,1913,AL2021,110601,AF,PCP-PEV,coalition,PCP-PEV,,830
mapa_1_resultados.xlsx,1913,AL2021,110601,AF,[A],coalition,PPD/PSD.CDS-PP.A.MPT.PPM,NOVOS TEMPOS LISBOA,972
mapa_1_resultados.xlsx,1913,AL2021,110601,AF,[B],coalition,PS.L,MAIS LISBOA,3139
mapa_1_resultados.xlsx,1914,AL2021,110602,AF,B.E.,party,B.E.,,320
mapa_1_resultados.xlsx,1914,AL2021,110602,AF,CH,party,CH,,227
mapa_1_resultados.xlsx,1914,AL2021,110602,AF,IL,party,IL,,375
mapa_1_resultados.xlsx,1914,AL2021,110602,AF,PCP-PEV,coalition,PCP-PEV,,561
mapa_1_resultados.xlsx,1914,AL2021,110602,AF,[A],coalition,PPD/PSD.CDS-PP.A.MPT.PPM,NOVOS TEMPOS LISBOA,1128
mapa_1_resultados.xlsx,1914,AL2021,110602,AF,[B],coalition,PS.L,MAIS LISBOA,3227
mapa_1_resultados.xlsx,1915,AL2021,110607,AF,B.E.,party,B.E.,,458
mapa_1_resultados.xlsx,1915,AL2021,110607,AF,CH,party,CH,,363
mapa_1_resultados.xlsx,1915,AL2021,110607,AF,IL,party,IL,,122
mapa_1_resultados.xlsx,1915,AL2021,110607,AF,PCP-PEV,coalition,PCP-PEV,,634
mapa_1_resultados.xlsx,1915,AL2021,110607,AF,[A],coalition,PPD/PSD.CDS-PP.A.MPT.PPM,NOVOS TEMPOS LISBOA,886
mapa_1_resultados.xlsx,1915,AL2021,110607,AF,[B],coalition,PS.L,MAIS LISBOA,1926
mapa_1_resultados.xlsx,1915,AL2021,110607,AF,[D],citizen_group,NB,Novo Beato - NB,284
mapa_1_resultados.xlsx,1916,AL2021,110608,AF,B.E.,party,B.E.,,1084
mapa_1_resultados.xlsx,1916,AL2021,110608,AF,CH,party,CH,,845
mapa_1_resultados.xlsx,1916,AL2021,110608,AF,IL,party,IL,,631
mapa_1_resultados.xlsx,1916,AL2021,110608,AF,PAN,party,PAN,,555
mapa_1_resultados.xlsx,1916,AL2021,110608,AF,PCP-PEV,coalition,PCP-PEV,,1488
mapa_1_resultados.xlsx,1916,AL2021,110608,AF,[A],coalition,PPD/PSD.CDS-PP.A.MPT.PPM,NOVOS TEMPOS LISBOA,3959
mapa_1_resultados.xlsx,1916,AL2021,110608,AF,[B],coalition,PS.L,MAIS LISBOA,7623
mapa_1_resultados.xlsx,1917,AL2021,110610,AF,B.E.,party,B.E.,,429
mapa_1_resultados.xlsx,1917,AL2021,110610,AF,CH,party,CH,,348
mapa_1_resultados.xlsx,1917,AL2021,110610,AF,IL,party,IL,,432
mapa_1_resultados.xlsx,1917,AL2021,110610,AF,PAN,party,PAN,,234
mapa_1_resultados.xlsx,1917,AL2021,110610,AF,PCP-PEV,coalition,PCP-PEV,,567
mapa_1_resultados.xlsx,1917,AL2021,110610,AF,[A],coalition,PPD/PSD.CDS-PP.A.MPT.PPM,NOVOS TEMPOS LISBOA,1628
mapa_1_resultados.xlsx,1917,AL2021,110610,AF,[B],coalition,PS.L,MAIS LISBOA,2467
mapa_1_resultados.xlsx,1918,AL2021,110611,AF,B.E.,party,B.E.,,295
mapa_1_resultados.xlsx,1918,AL2021,110611,AF,CH,party,CH,,340
mapa_1_resultados.xlsx,1918,AL2021,110611,AF,E,party,E,,16
mapa_1_resultados.xlsx,1918,AL2021,110611,AF,IL,party,IL,,315
mapa_1_resultados.xlsx,1918,AL2021,110611,AF,PAN,party,PAN,,190
mapa_1_resultados.xlsx,1918,AL2021,110611,AF,PCP-PEV,coalition,PCP-PEV,,4086
mapa_1_resultados.xlsx,1918,AL2021,110611,AF,[A],coalition,PPD/PSD.CDS-PP.A.MPT.PPM,NOVOS TEMPOS LISBOA,1800
mapa_1_resultados.xlsx,1918,AL2021,110611,AF,[B],coalition,PS.L,MAIS LISBOA,1636
mapa_1_resultados.xlsx,1919,AL2021,110618,AF,B.E.,party,B.E.,,1178
mapa_1_resultados.xlsx,1919,AL2021,110618,AF,CH,party,CH,,1047
mapa_1_resultados.xlsx,1919,AL2021,110618,AF,IL,party,IL,,1499
mapa_1_resultados.xlsx,1919,AL2021,110618,AF,PAN,party,PAN,,721
mapa_1_resultados.xlsx,1919,AL2021,110618,AF,PCP-PEV,coalition,PCP-PEV,,1968
mapa_1_resultados.xlsx,1919,AL2021,110618,AF,[A],coalition,PPD/PSD.CDS-PP.A.MPT.PPM,NOVOS TEMPOS LISBOA,9383
mapa_1_resultados.xlsx,1919,AL2021,110618,AF,[B],coalition,PS.L,MAIS LISBOA,6150
mapa_1_resultados.xlsx,1920,AL2021,110621,AF,B.E.,party,B.E.,,934
mapa_1_resultados.xlsx,1920,AL2021,110621,AF,CH,party,CH,,1247
mapa_1_resultados.xlsx,1920,AL2021,110621,AF,E,party,E,,55
mapa_1_resultados.xlsx,1920,AL2021,110621,AF,IL,party,IL,,331
mapa_1_resultados.xlsx,1920,AL2021,110621,AF,PAN,party,PAN,,458
mapa_1_resultados.xlsx,1920,AL2021,110621,AF,PCP-PEV,coalition,PCP-PEV,,1593
mapa_1_resultados.xlsx,1920,AL2021,110621,AF,[A],coalition,PPD/PSD.CDS-PP.A.MPT.PPM,NOVOS TEMPOS LISBOA,1853
mapa_1_resultados.xlsx,1920,AL2021,110621,AF,[B],coalition,PS.L,MAIS LISBOA,6586
mapa_1_resultados.xlsx,1921,AL2021,110633,AF,B.E.,party,B.E.,,1188
mapa_1_resultados.xlsx,1921,AL2021,110633,AF,CH,party,CH,,1014
mapa_1_resultados.xlsx,1921,AL2021,110633,AF,IL,party,IL,,504
mapa_1_resultados.xlsx,1921,AL2021,110633,AF,PAN,party,PAN,,672
mapa_1_resultados.xlsx,1921,AL2021,110633,AF,PCP-PEV,coalition,PCP-PEV,,2053
mapa_1_resultados.xlsx,1921,AL2021,110633,AF,[A],coalition,PPD/PSD.CDS-PP.A.MPT.PPM,NOVOS TEMPOS LISBOA,3702
mapa_1_resultados.xlsx,1921,AL2021,110633,AF,[B],coalition,PS.L,MAIS LISBOA,5164
mapa_1_resultados.xlsx,1922,AL2021,110639,AF,B.E.,party,B.E.,,1036
mapa_1_resultados.xlsx,1922,AL2021,110639,AF,CH,party,CH,,709
mapa_1_resultados.xlsx,1922,AL2021,110639,AF,IL,party,IL,,999
mapa_1_resultados.xlsx,1922,AL2021,110639,AF,PAN,party,PAN,,645
mapa_1_resultados.xlsx,1922,AL2021,110639,AF,PCP-PEV,coalition,PCP-PEV,,1467
mapa_1_resultados.xlsx,1922,AL2021,110639,AF,[A],coalition,PPD/PSD.CDS-PP.A.MPT.PPM,NOVOS TEMPOS LISBOA,6028
mapa_1_resultados.xlsx,1922,AL2021,110639,AF,[B],coalition,PS.L,MAIS LISBOA,5601
mapa_1_resultados.xlsx,1923,AL2021,110654,AF,B.E.,party,B.E.,,1069
mapa_1_resultados.xlsx,1923,AL2021,110654,AF,CH,party,CH,,700
mapa_1_resultados.xlsx,1923,AL2021,110654,AF,IL,party,IL,,1065
mapa_1_resultados.xlsx,1923,AL2021,110654,AF,PAN,party,PAN,,538
mapa_1_resultados.xlsx,1923,AL2021,110654,AF,VP,party,VP,,166
mapa_1_resultados.xlsx,1923,AL2021,110654,AF,PCP-PEV,coalition,PCP-PEV,,1428
mapa_1_resultados.xlsx,1923,AL2021,110654,AF,[A],coalition,PPD/PSD.CDS-PP.A.MPT.PPM,NOVOS TEMPOS LISBOA,5518
mapa_1_resultados.xlsx,1923,AL2021,110654,AF,[B],coalition,PS.L,MAIS LISBOA,4765
mapa_1_resultados.xlsx,1923,AL2021,110654,AF,[D],citizen_group,MCIMA,Mudar Alvalade,824
mapa_1_resultados.xlsx,1924,AL2021,110655,AF,B.E.,party,B.E.,,607
mapa_1_resultados.xlsx,1924,AL2021,110655,AF,CH,party,CH,,481
mapa_1_resultados.xlsx,1924,AL2021,110655,AF,IL,party,IL,,729
mapa_1_resultados.xlsx,1924,AL2021,110655,AF,PAN,party,PAN,,351
mapa_1_resultados.xlsx,1924,AL2021,110655,AF,PCP-PEV,coalition,PCP-PEV,,798
mapa_1_resultados.xlsx,1924,AL2021,110655,AF,[A],coalition,PPD/PSD.CDS-PP.A.MPT.PPM,NOVOS TEMPOS LISBOA,4439
mapa_1_resultados.xlsx,1924,AL2021,110655,AF,[B],coalition,PS.L,MAIS LISBOA,2701
mapa_1_resultados.xlsx,1925,AL2021,110656,AF,B.E.,party,B.E.,,1316
mapa_1_resultados.xlsx,1925,AL2021,110656,AF,CH,party,CH,,519
mapa_1_resultados.xlsx,1925,AL2021,110656,AF,E,party,E,,26
mapa_1_resultados.xlsx,1925,AL2021,110656,AF,IL,party,IL,,681
mapa_1_resultados.xlsx,1925,AL2021,110656,AF,NC,party,NC,,176
mapa_1_resultados.xlsx,1925,AL2021,110656,AF,PAN,party,PAN,,665
mapa_1_resultados.xlsx,1925,AL2021,110656,AF,PCP-PEV,coalition,PCP-PEV,,1539
mapa_1_resultados.xlsx,1925,AL2021,110656,AF,[A],coalition,PPD/PSD.CDS-PP.A.MPT.PPM,NOVOS TEMPOS LISBOA,3570
mapa_1_resultados.xlsx,1925,AL2021,110656,AF,[B],coalition,PS.L,MAIS LISBOA,2927
mapa_1_resultados.xlsx,1925,AL2021,110656,AF,[D],citizen_group,AB,Arroios Base,439
mapa_1_resultados.xlsx,1926,AL2021,110657,AF,B.E.,party,B.E.,,673
mapa_1_resultados.xlsx,1926,AL2021,110657,AF,CH,party,CH,,559
mapa_1_resultados.xlsx,1926,AL2021,110657,AF,IL,party,IL,,1063
mapa_1_resultados.xlsx,1926,AL2021,110657,AF,PCP-PEV,coalition,PCP-PEV,,808
mapa_1_resultados.xlsx,1926,AL2021,110657,AF,[A],coalition,PPD/PSD.CDS-PP.A.MPT.PPM,NOVOS TEMPOS LISBOA,5024
mapa_1_resultados.xlsx,1926,AL2021,110657,AF,[B],coalition,PS.L,MAIS LISBOA,3126
mapa_1_resultados.xlsx,1927,AL2021,110658,AF,B.E.,party,B.E.,,327
mapa_1_resultados.xlsx,1927,AL2021,110658,AF,CH,party,CH,,387
mapa_1_resultados.xlsx,1927,AL2021,110658,AF,IL,party,IL,,700
mapa_1_resultados.xlsx,1927,AL2021,110658,AF,PAN,party,PAN,,208
mapa_1_resultados.xlsx,1927,AL2021,110658,AF,PCP-PEV,coalition,PCP-PEV,,539
mapa_1_resultados.xlsx,1927,AL2021,110658,AF,[A],coalition,PPD/PSD.CDS-PP.A.MPT.PPM,NOVOS TEMPOS LISBOA,3768
mapa_1_resultados.xlsx,1927,AL2021,110658,AF,[B],coalition,PS.L,MAIS LISBOA,1964
mapa_1_resultados.xlsx,1928,AL2021,110659,AF,B.E.,party,B.E.,,765
mapa_1_resultados.xlsx,1928,AL2021,110659,AF,CH,party,CH,,488
mapa_1_resultados.xlsx,1928,AL2021,110659,AF,IL,party,IL,,652
mapa_1_resultados.xlsx,1928,AL2021,110659,AF,PDR,party,PDR,,48
mapa_1_resultados.xlsx,1928,AL2021,110659,AF,PCP-PEV,coalition,PCP-PEV,,900
mapa_1_resultados.xlsx,1928,AL2021,110659,AF,[A],coalition,PPD/PSD.CDS-PP.A.MPT.PPM,NOVOS TEMPOS LISBOA,3476
mapa_1_resultados.xlsx,1928,AL2021,110659,AF,[B],coalition,PS.L,MAIS LISBOA,3502
mapa_1_resultados.xlsx,1929,AL2021,110660,AF,B.E.,party,B.E.,,490
mapa_1_resultados.xlsx,1929,AL2021,110660,AF,CH,party,CH,,457
mapa_1_resultados.xlsx,1929,AL2021,110660,AF,IL,party,IL,,638
mapa_1_resultados.xlsx,1929,AL2021,110660,AF,VP,party,VP,,63
mapa_1_resultados.xlsx,1929,AL2021,110660,AF,PCP-PEV,coalition,PCP-PEV,,620
mapa_1_resultados.xlsx,1929,AL2021,110660,AF,[A],coalition,PPD/PSD.CDS-PP.A.MPT.PPM,NOVOS TEMPOS LISBOA,4162
mapa_1_resultados.xlsx,1929,AL2021,110660,AF,[B],coalition,PS.L,MAIS LISBOA,2065
mapa_1_resultados.xlsx,1930,AL2021,110661,AF,B.E.,party,B.E.,,469
mapa_1_resultados.xlsx,1930,AL2021,110661,AF,CH,party,CH,,200
mapa_1_resultados.xlsx,1930,AL2021,110661,AF,IL,party,IL,,226
mapa_1_resultados.xlsx,1930,AL2021,110661,AF,PAN,party,PAN,,177
mapa_1_resultados.xlsx,1930,AL2021,110661,AF,PCP-PEV,coalition,PCP-PEV,,541
mapa_1_resultados.xlsx,1930,AL2021,110661,AF,[A],coalition,PPD/PSD.CDS-PP.A.MPT.PPM,NOVOS TEMPOS LISBOA,1210
mapa_1_resultados.xlsx,1930,AL2021,110661,AF,[B],coalition,PS.L,MAIS LISBOA,1461
mapa_1_resultados.xlsx,1931,AL2021,110662,AF,B.E.,party,B.E.,,410
mapa_1_resultados.xlsx,1931,AL2021,110662,AF,CH,party,CH,,428
mapa_1_resultados.xlsx,1931,AL2021,110662,AF,IL,party,IL,,776
mapa_1_resultados.xlsx,1931,AL2021,110662,AF,PAN,party,PAN,,272
mapa_1_resultados.xlsx,1931,AL2021,110662,AF,PCP-PEV,coalition,PCP-PEV,,720
mapa_1_resultados.xlsx,1931,AL2021,110662,AF,[A],coalition,PPD/PSD.CDS-PP.A.MPT.PPM,NOVOS TEMPOS LISBOA,3494
mapa_1_resultados.xlsx,1931,AL2021,110662,AF,[B],coalition,PS.L,MAIS LISBOA,3348
mapa_1_resultados.xlsx,1932,AL2021,110663,AF,B.E.,party,B.E.,,1243
mapa_1_resultados.xlsx,1932,AL2021,110663,AF,CH,party,CH,,583
mapa_1_resultados.xlsx,1932,AL2021,110663,AF,IL,party,IL,,425
mapa_1_resultados.xlsx,1932,AL2021,110663,AF,PAN,party,PAN,,497
mapa_1_resultados.xlsx,1932,AL2021,110663,AF,VP,party,VP,,90
mapa_1_resultados.xlsx,1932,AL2021,110663,AF,PCP-PEV,coalition,PCP-PEV,,1498
mapa_1_resultados.xlsx,1932,AL2021,110663,AF,[A],coalition,PPD/PSD.CDS-PP.A.MPT.PPM,NOVOS TEMPOS LISBOA,2279
mapa_1_resultados.xlsx,1932,AL2021,110663,AF,[B],coalition,PS.L,MAIS LISBOA,4094
mapa_1_resultados.xlsx,1933,AL2021,110664,AF,B.E.,party,B.E.,,506
mapa_1_resultados.xlsx,1933,AL2021,110664,AF,CH,party,CH,,884
mapa_1_resultados.xlsx,1933,AL2021,110664,AF,E,party,E,,31
mapa_1_resultados.xlsx,1933,AL2021,110664,AF,IL,party,IL,,301
mapa_1_resultados.xlsx,1933,AL2021,110664,AF,R.I.R.,party,R.I.R.,,282
mapa_1_resultados.xlsx,1933,AL2021,110664,AF,PCP-PEV,coalition,PCP-PEV,,978
mapa_1_resultados.xlsx,1933,AL2021,110664,AF,[A],coalition,PPD/PSD.CDS-PP.A.MPT.PPM,NOVOS TEMPOS LISBOA,1732
mapa_1_resultados.xlsx,1933,AL2021,110664,AF,[B],coalition,PS.L,MAIS LISBOA,2850
mapa_1_resultados.xlsx,1934,AL2021,110665,AF,B.E.,party,B.E.,,293
mapa_1_resultados.xlsx,1934,AL2021,110665,AF,CH,party,CH,,159
mapa_1_resultados.xlsx,1934,AL2021,110665,AF,E,party,E,,17
mapa_1_resultados.xlsx,1934,AL2021,110665,AF,IL,party,IL,,137
mapa_1_resultados.xlsx,1934,AL2021,110665,AF,PAN,party,PAN,,125
mapa_1_resultados.xlsx,1934,AL2021,110665,AF,PCP-PEV,coalition,PCP-PEV,,545
mapa_1_resultados.xlsx,1934,AL2021,110665,AF,[A],coalition,PPD/PSD.CDS-PP.A.MPT.PPM,NOVOS TEMPOS LISBOA,624
mapa_1_resultados.xlsx,1934,AL2021,110665,AF,[B],coalition,PS.L,MAIS LISBOA,1710
mapa_1_resultados.xlsx,1934,AL2021,110665,AF,[D],citizen_group,UPR,Unidos pela Rosa - UPR,53
mapa_1_resultados.xlsx,1935,AL2021,110666,AF,B.E.,party,B.E.,,392
mapa_1_resultados.xlsx,1935,AL2021,110666,AF,CH,party,CH,,178
mapa_1_resultados.xlsx,1935,AL2021,110666,AF,IL,party,IL,,352
mapa_1_resultados.xlsx,1935,AL2021,110666,AF,PAN,party,PAN,,179
mapa_1_resultados.xlsx,1935,AL2021,110666,AF,PCP-PEV,coalition,PCP-PEV,,427
mapa_1_resultados.xlsx,1935,AL2021,110666,AF,[A],coalition,PPD/PSD.CDS-PP.A.MPT.PPM,NOVOS TEMPOS LISBOA,2357
mapa_1_resultados.xlsx,1935,AL2021,110666,AF,[B],coalition,PS.L,MAIS LISBOA,1248
mapa_1_resultados.xlsx,1936,AL2021,110667,AF,B.E.,party,B.E.,,625
mapa_1_resultados.xlsx,1936,AL2021,110667,AF,CH,party,CH,,188
mapa_1_resultados.xlsx,1936,AL2021,110667,AF,IL,party,IL,,269
mapa_1_resultados.xlsx,1936,AL2021,110667,AF,PAN,party,PAN,,231
mapa_1_resultados.xlsx,1936,AL2021,110667,AF,VP,party,VP,,60
mapa_1_resultados.xlsx,1936,AL2021,110667,AF,PCP-PEV,coalition,PCP-PEV,,1231
mapa_1_resultados.xlsx,1936,AL2021,110667,AF,[A],coalition,PPD/PSD.CDS-PP.A.MPT.PPM,NOVOS TEMPOS LISBOA,1042
mapa_1_resultados.xlsx,1936,AL2021,110667,AF,[B],coalition,PS.L,MAIS LISBOA,1542
mapa_1_resultados.xlsx,1937,AL2021,110700,CM,B.E.,party,B.E.,,3155
mapa_1_resultados.xlsx,1937,AL2021,110700,CM,CDS-PP,party,CDS-PP,,1246
mapa_1_resultados.xlsx,1937,AL2021,110700,CM,CH,party,CH,,6895
mapa_1_resultados.xlsx,1937,AL2021,110700,CM,IL,party,IL,,2727
mapa_1_resultados.xlsx,1937,AL2021,110700,CM,PAN,party,PAN,,1824
mapa_1_resultados.xlsx,1937,AL2021,110700,CM,PCTP/MRPP,party,PCTP/MRPP,,1248
mapa_1_resultados.xlsx,1937,AL2021,110700,CM,PPD/PSD,party,PPD/PSD,,11456
mapa_1_resultados.xlsx,1937,AL2021,110700,CM,PS,party,PS,,25761
mapa_1_resultados.xlsx,1937,AL2021,110700,CM,PCP-PEV,coalition,PCP-PEV,,23815
mapa_1_resultados.xlsx,1938,AL2021,110700,AM,B.E.,party,B.E.,,3812
mapa_1_resultados.xlsx,1938,AL2021,110700,AM,CDS-PP,party,CDS-PP,,1285
mapa_1_resultados.xlsx,1938,AL2021,110700,AM,CH,party,CH,,7423
mapa_1_resultados.xlsx,1938,AL2021,110700,AM,IL,party,IL,,3023
mapa_1_resultados.xlsx,1938,AL2021,110700,AM,PAN,party,PAN,,2294
mapa_1_resultados.xlsx,1938,AL2021,110700,AM,PCTP/MRPP,party,PCTP/MRPP,,920
mapa_1_resultados.xlsx,1938,AL2021,110700,AM,PPD/PSD,party,PPD/PSD,,11477
mapa_1_resultados.xlsx,1938,AL2021,110700,AM,PS,party,PS,,26865
mapa_1_resultados.xlsx,1938,AL2021,110700,AM,PCP-PEV,coalition,PCP-PEV,,20745
mapa_1_resultados.xlsx,1939,AL2021,110702,AF,B.E.,party,B.E.,,70
mapa_1_resultados.xlsx,1939,AL2021,110702,AF,CDS-PP,party,CDS-PP,,47
mapa_1_resultados.xlsx,1939,AL2021,110702,AF,CH,party,CH,,127
mapa_1_resultados.xlsx,1939,AL2021,110702,AF,PPD/PSD,party,PPD/PSD,,139
mapa_1_resultados.xlsx,1939,AL2021,110702,AF,PS,party,PS,,995
mapa_1_resultados.xlsx,1939,AL2021,110702,AF,PCP-PEV,coalition,PCP-PEV,,780
mapa_1_resultados.xlsx,1940,AL2021,110705,AF,B.E.,party,B.E.,,23
mapa_1_resultados.xlsx,1940,AL2021,110705,AF,CDS-PP,party,CDS-PP,,37
mapa_1_resultados.xlsx,1940,AL2021,110705,AF,CH,party,CH,,80
mapa_1_resultados.xlsx,1940,AL2021,110705,AF,PPD/PSD,party,PPD/PSD,,93
mapa_1_resultados.xlsx,1940,AL2021,110705,AF,PS,party,PS,,265
mapa_1_resultados.xlsx,1940,AL2021,110705,AF,PCP-PEV,coalition,PCP-PEV,,853
mapa_1_resultados.xlsx,1941,AL2021,110707,AF,B.E.,party,B.E.,,680
mapa_1_resultados.xlsx,1941,AL2021,110707,AF,CDS-PP,party,CDS-PP,,289
mapa_1_resultados.xlsx,1941,AL2021,110707,AF,CH,party,CH,,1222
mapa_1_resultados.xlsx,1941,AL2021,110707,AF,NC,party,NC,,364
mapa_1_resultados.xlsx,1941,AL2021,110707,AF,PPD/PSD,party,PPD/PSD,,2413
mapa_1_resultados.xlsx,1941,AL2021,110707,AF,PS,party,PS,,3376
mapa_1_resultados.xlsx,1941,AL2021,110707,AF,PCP-PEV,coalition,PCP-PEV,,3865
mapa_1_resultados.xlsx,1942,AL2021,110708,AF,B.E.,party,B.E.,,29
mapa_1_resultados.xlsx,1942,AL2021,110708,AF,CDS-PP,party,CDS-PP,,29
mapa_1_resultados.xlsx,1942,AL2021,110708,AF,CH,party,CH,,37
mapa_1_resultados.xlsx,1942,AL2021,110708,AF,IL,party,IL,,30
mapa_1_resultados.xlsx,1942,AL2021,110708,AF,PPD/PSD,party,PPD/PSD,,825
mapa_1_resultados.xlsx,1942,AL2021,110708,AF,PS,party,PS,,319
mapa_1_resultados.xlsx,1942,AL2021,110708,AF,PCP-PEV,coalition,PCP-PEV,,237
mapa_1_resultados.xlsx,1943,AL2021,110726,AF,B.E.,party,B.E.,,489
mapa_1_resultados.xlsx,1943,AL2021,110726,AF,CDS-PP,party,CDS-PP,,193
mapa_1_resultados.xlsx,1943,AL2021,110726,AF,CH,party,CH,,541
mapa_1_resultados.xlsx,1943,AL2021,110726,AF,IL,party,IL,,685
mapa_1_resultados.xlsx,1943,AL2021,110726,AF,PCTP/MRPP,party,PCTP/MRPP,,95
mapa_1_resultados.xlsx,1943,AL2021,110726,AF,PPD/PSD,party,PPD/PSD,,2013
mapa_1_resultados.xlsx,1943,AL2021,110726,AF,PS,party,PS,,3894
mapa_1_resultados.xlsx,1943,AL2021,110726,AF,PCP-PEV,coalition,PCP-PEV,,912
mapa_1_resultados.xlsx,1944,AL2021,110727,AF,B.E.,party,B.E.,,515
mapa_1_resultados.xlsx,1944,AL2021,110727,AF,CDS-PP,party,CDS-PP,,207
mapa_1_resultados.xlsx,1944,AL2021,110727,AF,CH,party,CH,,739
mapa_1_resultados.xlsx,1944,AL2021,110727,AF,PPD/PSD,party,PPD/PSD,,1473
mapa_1_resultados.xlsx,1944,AL2021,110727,AF,PS,party,PS,,4320
mapa_1_resultados.xlsx,1944,AL2021,110727,AF,PCP-PEV,coalition,PCP-PEV,,1801
mapa_1_resultados.xlsx,1945,AL2021,110728,AF,B.E.,party,B.E.,,954
mapa_1_resultados.xlsx,1945,AL2021,110728,AF,CDS-PP,party,CDS-PP,,449
mapa_1_resultados.xlsx,1945,AL2021,110728,AF,CH,party,CH,,1825
mapa_1_resultados.xlsx,1945,AL2021,110728,AF,IL,party,IL,,875
mapa_1_resultados.xlsx,1945,AL2021,110728,AF,PPD/PSD,party,PPD/PSD,,1899
mapa_1_resultados.xlsx,1945,AL2021,110728,AF,PS,party,PS,,6889
mapa_1_resultados.xlsx,1945,AL2021,110728,AF,PCP-PEV,coalition,PCP-PEV,,5190
mapa_1_resultados.xlsx,1946,AL2021,110729,AF,B.E.,party,B.E.,,128
mapa_1_resultados.xlsx,1946,AL2021,110729,AF,CH,party,CH,,244
mapa_1_resultados.xlsx,1946,AL2021,110729,AF,PCTP/MRPP,party,PCTP/MRPP,,223
mapa_1_resultados.xlsx,1946,AL2021,110729,AF,PPD/PSD,party,PPD/PSD,,312
mapa_1_resultados.xlsx,1946,AL2021,110729,AF,PS,party,PS,,1110
mapa_1_resultados.xlsx,1946,AL2021,110729,AF,PCP-PEV,coalition,PCP-PEV,,1641
mapa_1_resultados.xlsx,1947,AL2021,110730,AF,B.E.,party,B.E.,,490
mapa_1_resultados.xlsx,1947,AL2021,110730,AF,CH,party,CH,,770
mapa_1_resultados.xlsx,1947,AL2021,110730,AF,IL,party,IL,,343
mapa_1_resultados.xlsx,1947,AL2021,110730,AF,PPD/PSD,party,PPD/PSD,,1145
mapa_1_resultados.xlsx,1947,AL2021,110730,AF,PS,party,PS,,3978
mapa_1_resultados.xlsx,1947,AL2021,110730,AF,PCP-PEV,coalition,PCP-PEV,,1822
mapa_1_resultados.xlsx,1947,AL2021,110730,AF,[D],citizen_group,I-SAC F,Glória Trindade Independente- SAC-F,1404
mapa_1_resultados.xlsx,1948,AL2021,110731,AF,B.E.,party,B.E.,,585
mapa_1_resultados.xlsx,1948,AL2021,110731,AF,CH,party,CH,,1223
mapa_1_resultados.xlsx,1948,AL2021,110731,AF,NC,party,NC,,137
mapa_1_resultados.xlsx,1948,AL2021,110731,AF,PAN,party,PAN,,264
mapa_1_resultados.xlsx,1948,AL2021,110731,AF,PPD/PSD,party,PPD/PSD,,1209
mapa_1_resultados.xlsx,1948,AL2021,110731,AF,PS,party,PS,,4080
mapa_1_resultados.xlsx,1948,AL2021,110731,AF,PCP-PEV,coalition,PCP-PEV,,3551
mapa_1_resultados.xlsx,1949,AL2021,110800,CM,CH,party,CH,,1370
mapa_1_resultados.xlsx,1949,AL2021,110800,CM,PS,party,PS,,5833
mapa_1_resultados.xlsx,1949,AL2021,110800,CM,PCP-PEV,coalition,PCP-PEV,,569
mapa_1_resultados.xlsx,1949,AL2021,110800,CM,[A],coalition,PPD/PSD.CDS-PP,LOURINHÃ SOMOS NÓS,4427
mapa_1_resultados.xlsx,1950,AL2021,110800,AM,CH,party,CH,,1352
mapa_1_resultados.xlsx,1950,AL2021,110800,AM,PS,party,PS,,5115
mapa_1_resultados.xlsx,1950,AL2021,110800,AM,PCP-PEV,coalition,PCP-PEV,,592
mapa_1_resultados.xlsx,1950,AL2021,110800,AM,[A],coalition,PPD/PSD.CDS-PP,LOURINHÃ SOMOS NÓS,5203
mapa_1_resultados.xlsx,1951,AL2021,110803,AF,CH,party,CH,,49
mapa_1_resultados.xlsx,1951,AL2021,110803,AF,PS,party,PS,,425
mapa_1_resultados.xlsx,1951,AL2021,110803,AF,PCP-PEV,coalition,PCP-PEV,,11
mapa_1_resultados.xlsx,1951,AL2021,110803,AF,[A],coalition,PPD/PSD.CDS-PP,LOURINHÃ SOMOS NÓS,371
mapa_1_resultados.xlsx,1952,AL2021,110805,AF,CH,party,CH,,75
mapa_1_resultados.xlsx,1952,AL2021,110805,AF,PS,party,PS,,357
mapa_1_resultados.xlsx,1952,AL2021,110805,AF,PCP-PEV,coalition,PCP-PEV,,32
mapa_1_resultados.xlsx,1952,AL2021,110805,AF,[A],coalition,PPD/PSD.CDS-PP,LOURINHÃ SOMOS NÓS,292
mapa_1_resultados.xlsx,1953,AL2021,110806,AF,CH,party,CH,,61
mapa_1_resultados.xlsx,1953,AL2021,110806,AF,PS,party,PS,,435
mapa_1_resultados.xlsx,1953,AL2021,110806,AF,PCP-PEV,coalition,PCP-PEV,,34
mapa_1_resultados.xlsx,1953,AL2021,110806,AF,[A],coalition,PPD/PSD.CDS-PP,LOURINHÃ SOMOS NÓS,489
mapa_1_resultados.xlsx,1954,AL2021,110808,AF,CH,party,CH,,96
mapa_1_resultados.xlsx,1954,AL2021,110808,AF,PS,party,PS,,263
mapa_1_resultados.xlsx,1954,AL2021,110808,AF,PCP-PEV,coalition,PCP-PEV,,25
mapa_1_resultados.xlsx,1954,AL2021,110808,AF,[A],coalition,PPD/PSD.CDS-PP,LOURINHÃ SOMOS NÓS,285
mapa_1_resultados.xlsx,1955,AL2021,110810,AF,CH,party,CH,,131
mapa_1_resultados.xlsx,1955,AL2021,110810,AF,PS,party,PS,,449
mapa_1_resultados.xlsx,1955,AL2021,110810,AF,PCP-PEV,coalition,PCP-PEV,,22
mapa_1_resultados.xlsx,1955,AL2021,110810,AF,[A],coalition,PPD/PSD.CDS-PP,LOURINHÃ SOMOS NÓS,336
mapa_1_resultados.xlsx,1956,AL2021,110812,AF,CH,party,CH,,579
mapa_1_resultados.xlsx,1956,AL2021,110812,AF,PS,party,PS,,3111
mapa_1_resultados.xlsx,1956,AL2021,110812,AF,PCP-PEV,coalition,PCP-PEV,,281
mapa_1_resultados.xlsx,1956,AL2021,110812,AF,[A],coalition,PPD/PSD.CDS-PP,LOURINHÃ SOMOS NÓS,1641
mapa_1_resultados.xlsx,1957,AL2021,110813,AF,CH,party,CH,,187
mapa_1_resultados.xlsx,1957,AL2021,110813,AF,PS,party,PS,,703
mapa_1_resultados.xlsx,1957,AL2021,110813,AF,PCP-PEV,coalition,PCP-PEV,,71
mapa_1_resultados.xlsx,1957,AL2021,110813,AF,[A],coalition,PPD/PSD.CDS-PP,LOURINHÃ SOMOS NÓS,673
mapa_1_resultados.xlsx,1958,AL2021,110814,AF,CH,party,CH,,47
mapa_1_resultados.xlsx,1958,AL2021,110814,AF,PS,party,PS,,441
mapa_1_resultados.xlsx,1958,AL2021,110814,AF,PCP-PEV,coalition,PCP-PEV,,43
mapa_1_resultados.xlsx,1958,AL2021,110814,AF,[A],coalition,PPD/PSD.CDS-PP,LOURINHÃ SOMOS NÓS,238
mapa_1_resultados.xlsx,1959,AL2021,110900,CM,B.E.,party,B.E.,,955
mapa_1_resultados.xlsx,1959,AL2021,110900,CM,CDS-PP,party,CDS-PP,,354
mapa_1_resultados.xlsx,1959,AL2021,110900,CM,CH,party,CH,,1979
mapa_1_resultados.xlsx,1959,AL2021,110900,CM,IL,party,IL,,927
mapa_1_resultados.xlsx,1959,AL2021,110900,CM,PAN,party,PAN,,1094
mapa_1_resultados.xlsx,1959,AL2021,110900,CM,PPD/PSD,party,PPD/PSD,,20298
mapa_1_resultados.xlsx,1959,AL2021,110900,CM,PS,party,PS,,6684
mapa_1_resultados.xlsx,1959,AL2021,110900,CM,PCP-PEV,coalition,PCP-PEV,,1550
mapa_1_resultados.xlsx,1960,AL2021,110900,AM,B.E.,party,B.E.,,1196
mapa_1_resultados.xlsx,1960,AL2021,110900,AM,CDS-PP,party,CDS-PP,,492
mapa_1_resultados.xlsx,1960,AL2021,110900,AM,CH,party,CH,,2615
mapa_1_resultados.xlsx,1960,AL2021,110900,AM,IL,party,IL,,1270
mapa_1_resultados.xlsx,1960,AL2021,110900,AM,PAN,party,PAN,,1541
mapa_1_resultados.xlsx,1960,AL2021,110900,AM,PPD/PSD,party,PPD/PSD,,17487
mapa_1_resultados.xlsx,1960,AL2021,110900,AM,PS,party,PS,,7573
mapa_1_resultados.xlsx,1960,AL2021,110900,AM,PCP-PEV,coalition,PCP-PEV,,1745
mapa_1_resultados.xlsx,1961,AL2021,110902,AF,CDS-PP,party,CDS-PP,,36
mapa_1_resultados.xlsx,1961,AL2021,110902,AF,CH,party,CH,,82
mapa_1_resultados.xlsx,1961,AL2021,110902,AF,PPD/PSD,party,PPD/PSD,,549
mapa_1_resultados.xlsx,1961,AL2021,110902,AF,PS,party,PS,,258
mapa_1_resultados.xlsx,1961,AL2021,110902,AF,PCP-PEV,coalition,PCP-PEV,,103
mapa_1_resultados.xlsx,1962,AL2021,110904,AF,CH,party,CH,,120
mapa_1_resultados.xlsx,1962,AL2021,110904,AF,PPD/PSD,party,PPD/PSD,,1418
mapa_1_resultados.xlsx,1962,AL2021,110904,AF,PS,party,PS,,356
mapa_1_resultados.xlsx,1962,AL2021,110904,AF,PCP-PEV,coalition,PCP-PEV,,75
mapa_1_resultados.xlsx,1963,AL2021,110906,AF,CDS-PP,party,CDS-PP,,212
mapa_1_resultados.xlsx,1963,AL2021,110906,AF,CH,party,CH,,318
mapa_1_resultados.xlsx,1963,AL2021,110906,AF,PPD/PSD,party,PPD/PSD,,2041
mapa_1_resultados.xlsx,1963,AL2021,110906,AF,PS,party,PS,,1054
mapa_1_resultados.xlsx,1963,AL2021,110906,AF,PCP-PEV,coalition,PCP-PEV,,317
mapa_1_resultados.xlsx,1964,AL2021,110909,AF,CDS-PP,party,CDS-PP,,200
mapa_1_resultados.xlsx,1964,AL2021,110909,AF,CH,party,CH,,491
mapa_1_resultados.xlsx,1964,AL2021,110909,AF,PAN,party,PAN,,510
mapa_1_resultados.xlsx,1964,AL2021,110909,AF,PPD/PSD,party,PPD/PSD,,4406
mapa_1_resultados.xlsx,1964,AL2021,110909,AF,PS,party,PS,,1908
mapa_1_resultados.xlsx,1964,AL2021,110909,AF,PCP-PEV,coalition,PCP-PEV,,488
mapa_1_resultados.xlsx,1965,AL2021,110911,AF,CH,party,CH,,253
mapa_1_resultados.xlsx,1965,AL2021,110911,AF,PPD/PSD,party,PPD/PSD,,1755
mapa_1_resultados.xlsx,1965,AL2021,110911,AF,PS,party,PS,,910
mapa_1_resultados.xlsx,1965,AL2021,110911,AF,PCP-PEV,coalition,PCP-PEV,,253
mapa_1_resultados.xlsx,1966,AL2021,110913,AF,CH,party,CH,,133
mapa_1_resultados.xlsx,1966,AL2021,110913,AF,PPD/PSD,party,PPD/PSD,,909
mapa_1_resultados.xlsx,1966,AL2021,110913,AF,PS,party,PS,,628
mapa_1_resultados.xlsx,1966,AL2021,110913,AF,PCP-PEV,coalition,PCP-PEV,,106
mapa_1_resultados.xlsx,1967,AL2021,110918,AF,CH,party,CH,,118
mapa_1_resultados.xlsx,1967,AL2021,110918,AF,PPD/PSD,party,PPD/PSD,,1098
mapa_1_resultados.xlsx,1967,AL2021,110918,AF,PS,party,PS,,621
mapa_1_resultados.xlsx,1967,AL2021,110918,AF,PCP-PEV,coalition,PCP-PEV,,81
mapa_1_resultados.xlsx,1968,AL2021,110919,AF,CH,party,CH,,107
mapa_1_resultados.xlsx,1968,AL2021,110919,AF,PPD/PSD,party,PPD/PSD,,711
mapa_1_resultados.xlsx,1968,AL2021,110919,AF,PS,party,PS,,646
mapa_1_resultados.xlsx,1968,AL2021,110919,AF,PCP-PEV,coalition,PCP-PEV,,89
mapa_1_resultados.xlsx,1969,AL2021,110920,AF,CH,party,CH,,106
mapa_1_resultados.xlsx,1969,AL2021,110920,AF,PPD/PSD,party,PPD/PSD,,1182
mapa_1_resultados.xlsx,1969,AL2021,110920,AF,PS,party,PS,,575
mapa_1_resultados.xlsx,1969,AL2021,110920,AF,PCP-PEV,coalition,PCP-PEV,,100
mapa_1_resultados.xlsx,1970,AL2021,110921,AF,CH,party,CH,,305
mapa_1_resultados.xlsx,1970,AL2021,110921,AF,PPD/PSD,party,PPD/PSD,,1744
mapa_1_resultados.xlsx,1970,AL2021,110921,AF,PS,party,PS,,1146
mapa_1_resultados.xlsx,1970,AL2021,110921,AF,PCP-PEV,coalition,PCP-PEV,,262
mapa_1_resultados.xlsx,1971,AL2021,110922,AF,CDS-PP,party,CDS-PP,,102
mapa_1_resultados.xlsx,1971,AL2021,110922,AF,CH,party,CH,,413
mapa_1_resultados.xlsx,1971,AL2021,110922,AF,PPD/PSD,party,PPD/PSD,,2587
mapa_1_resultados.xlsx,1971,AL2021,110922,AF,PS,party,PS,,1087
mapa_1_resultados.xlsx,1971,AL2021,110922,AF,PCP-PEV,coalition,PCP-PEV,,360
mapa_1_resultados.xlsx,1972,AL2021,111000,CM,CDS-PP,party,CDS-PP,,1365
mapa_1_resultados.xlsx,1972,AL2021,111000,CM,CH,party,CH,,2822
mapa_1_resultados.xlsx,1972,AL2021,111000,CM,IL,party,IL,,3077
mapa_1_resultados.xlsx,1972,AL2021,111000,CM,PAN,party,PAN,,2253
mapa_1_resultados.xlsx,1972,AL2021,111000,CM,PS,party,PS,,7935
mapa_1_resultados.xlsx,1972,AL2021,111000,CM,PCP-PEV,coalition,PCP-PEV,,3994
mapa_1_resultados.xlsx,1972,AL2021,111000,CM,[A],coalition,A/PDR,VIVER AINDA MELHOR OEIRAS,457
mapa_1_resultados.xlsx,1972,AL2021,111000,CM,[B],coalition,BE-L-VP,Coligação Evoluir Oeiras,5498
mapa_1_resultados.xlsx,1972,AL2021,111000,CM,[C],coalition,PPD/PSD.MPT,A DAR TUDO POR OEIRAS,5971
mapa_1_resultados.xlsx,1972,AL2021,111000,CM,[D],citizen_group,IN-OV,ISALTINO INOVAR OEIRAS,38924
mapa_1_resultados.xlsx,1973,AL2021,111000,AM,CDS-PP,party,CDS-PP,,1590
mapa_1_resultados.xlsx,1973,AL2021,111000,AM,CH,party,CH,,3159
mapa_1_resultados.xlsx,1973,AL2021,111000,AM,IL,party,IL,,3515
mapa_1_resultados.xlsx,1973,AL2021,111000,AM,PAN,party,PAN,,2967
mapa_1_resultados.xlsx,1973,AL2021,111000,AM,PS,party,PS,,9041
mapa_1_resultados.xlsx,1973,AL2021,111000,AM,PCP-PEV,coalition,PCP-PEV,,4558
mapa_1_resultados.xlsx,1973,AL2021,111000,AM,[A],coalition,A/PDR,VIVER AINDA MELHOR OEIRAS,451
mapa_1_resultados.xlsx,1973,AL2021,111000,AM,[B],coalition,BE-L-VP,Coligação Evoluir Oeiras,5754
mapa_1_resultados.xlsx,1973,AL2021,111000,AM,[C],coalition,PPD/PSD.MPT,A DAR TUDO POR OEIRAS,6637
mapa_1_resultados.xlsx,1973,AL2021,111000,AM,[D],citizen_group,IN-OV,ISALTINO INOVAR OEIRAS,34824
mapa_1_resultados.xlsx,1974,AL2021,111002,AF,CDS-PP,party,CDS-PP,,224
mapa_1_resultados.xlsx,1974,AL2021,111002,AF,CH,party,CH,,296
mapa_1_resultados.xlsx,1974,AL2021,111002,AF,IL,party,IL,,231
mapa_1_resultados.xlsx,1974,AL2021,111002,AF,PAN,party,PAN,,258
mapa_1_resultados.xlsx,1974,AL2021,111002,AF,PS,party,PS,,977
mapa_1_resultados.xlsx,1974,AL2021,111002,AF,PCP-PEV,coalition,PCP-PEV,,452
mapa_1_resultados.xlsx,1974,AL2021,111002,AF,[A],coalition,BE-L-VP,Coligação Evoluir Oeiras,281
mapa_1_resultados.xlsx,1974,AL2021,111002,AF,[B],coalition,PPD/PSD.MPT,A DAR TUDO POR OEIRAS,611
mapa_1_resultados.xlsx,1974,AL2021,111002,AF,[D],citizen_group,IN-OV,INOVAR BARCARENA,3007
mapa_1_resultados.xlsx,1975,AL2021,111009,AF,CDS-PP,party,CDS-PP,,66
mapa_1_resultados.xlsx,1975,AL2021,111009,AF,CH,party,CH,,266
mapa_1_resultados.xlsx,1975,AL2021,111009,AF,IL,party,IL,,173
mapa_1_resultados.xlsx,1975,AL2021,111009,AF,PAN,party,PAN,,204
mapa_1_resultados.xlsx,1975,AL2021,111009,AF,PS,party,PS,,1008
mapa_1_resultados.xlsx,1975,AL2021,111009,AF,PCP-PEV,coalition,PCP-PEV,,316
mapa_1_resultados.xlsx,1975,AL2021,111009,AF,[A],coalition,BE-L-VP,Coligação Evoluir Oeiras,289
mapa_1_resultados.xlsx,1975,AL2021,111009,AF,[B],coalition,PPD/PSD.MPT,A DAR TUDO POR OEIRAS,401
mapa_1_resultados.xlsx,1975,AL2021,111009,AF,[D],citizen_group,IN-OV,INOVAR PORTO SALVO,3771
mapa_1_resultados.xlsx,1976,AL2021,111012,AF,CDS-PP,party,CDS-PP,,539
mapa_1_resultados.xlsx,1976,AL2021,111012,AF,CH,party,CH,,898
mapa_1_resultados.xlsx,1976,AL2021,111012,AF,IL,party,IL,,1163
mapa_1_resultados.xlsx,1976,AL2021,111012,AF,PAN,party,PAN,,791
mapa_1_resultados.xlsx,1976,AL2021,111012,AF,PS,party,PS,,2893
mapa_1_resultados.xlsx,1976,AL2021,111012,AF,PCP-PEV,coalition,PCP-PEV,,1370
mapa_1_resultados.xlsx,1976,AL2021,111012,AF,[A],coalition,A/PDR,VIVER AINDA MELHOR OEIRAS,130
mapa_1_resultados.xlsx,1976,AL2021,111012,AF,[B],coalition,BE-L-VP,Coligação Evoluir Oeiras,1831
mapa_1_resultados.xlsx,1976,AL2021,111012,AF,[C],coalition,PPD/PSD.MPT,A DAR TUDO POR OEIRAS,2819
mapa_1_resultados.xlsx,1976,AL2021,111012,AF,[D],citizen_group,IN-OV,INOVAR UNIÃO ALGÉS,7096
mapa_1_resultados.xlsx,1977,AL2021,111013,AF,CDS-PP,party,CDS-PP,,295
mapa_1_resultados.xlsx,1977,AL2021,111013,AF,CH,party,CH,,645
mapa_1_resultados.xlsx,1977,AL2021,111013,AF,IL,party,IL,,668
mapa_1_resultados.xlsx,1977,AL2021,111013,AF,PAN,party,PAN,,588
mapa_1_resultados.xlsx,1977,AL2021,111013,AF,PS,party,PS,,2328
mapa_1_resultados.xlsx,1977,AL2021,111013,AF,PCP-PEV,coalition,PCP-PEV,,1007
mapa_1_resultados.xlsx,1977,AL2021,111013,AF,[A],coalition,BE-L-VP,Coligação Evoluir Oeiras,1027
mapa_1_resultados.xlsx,1977,AL2021,111013,AF,[B],coalition,PPD/PSD.MPT,A DAR TUDO POR OEIRAS,1424
mapa_1_resultados.xlsx,1977,AL2021,111013,AF,[D],citizen_group,IN-OV,INOVAR CARNAXIDE QUEIJAS,6983
mapa_1_resultados.xlsx,1978,AL2021,111014,AF,CDS-PP,party,CDS-PP,,665
mapa_1_resultados.xlsx,1978,AL2021,111014,AF,CH,party,CH,,1131
mapa_1_resultados.xlsx,1978,AL2021,111014,AF,IL,party,IL,,1212
mapa_1_resultados.xlsx,1978,AL2021,111014,AF,PAN,party,PAN,,1179
mapa_1_resultados.xlsx,1978,AL2021,111014,AF,PS,party,PS,,2795
mapa_1_resultados.xlsx,1978,AL2021,111014,AF,PCP-PEV,coalition,PCP-PEV,,1480
mapa_1_resultados.xlsx,1978,AL2021,111014,AF,[A],coalition,A/PDR,VIVER AINDA MELHOR OEIRAS,157
mapa_1_resultados.xlsx,1978,AL2021,111014,AF,[B],coalition,BE-L-VP,Coligação Evoluir Oeiras,2184
mapa_1_resultados.xlsx,1978,AL2021,111014,AF,[C],coalition,PPD/PSD.MPT,A DAR TUDO POR OEIRAS,2262
mapa_1_resultados.xlsx,1978,AL2021,111014,AF,[D],citizen_group,IN-OV,INOVAR OEIRAS PAÇO DE ARCOS CAXIAS,11844
mapa_1_resultados.xlsx,1979,AL2021,111100,CM,B.E.,party,B.E.,,7538
mapa_1_resultados.xlsx,1979,AL2021,111100,CM,CH,party,CH,,11793
mapa_1_resultados.xlsx,1979,AL2021,111100,CM,IL,party,IL,,3488
mapa_1_resultados.xlsx,1979,AL2021,111100,CM,NC,party,NC,,3859
mapa_1_resultados.xlsx,1979,AL2021,111100,CM,PAN,party,PAN,,4216
mapa_1_resultados.xlsx,1979,AL2021,111100,CM,PS,party,PS,,45746
mapa_1_resultados.xlsx,1979,AL2021,111100,CM,PCP-PEV,coalition,PCP-PEV,,11696
mapa_1_resultados.xlsx,1979,AL2021,111100,CM,[A],coalition,PPD/PSD.CDS-PP.A.MPT.PDR.PPM.R.I.R,COLIGAÇÃO VAMOS CURAR SINTRA,35698
mapa_1_resultados.xlsx,1980,AL2021,111100,AM,B.E.,party,B.E.,,8598
mapa_1_resultados.xlsx,1980,AL2021,111100,AM,CH,party,CH,,12787
mapa_1_resultados.xlsx,1980,AL2021,111100,AM,IL,party,IL,,4038
mapa_1_resultados.xlsx,1980,AL2021,111100,AM,NC,party,NC,,3963
mapa_1_resultados.xlsx,1980,AL2021,111100,AM,PAN,party,PAN,,4939
mapa_1_resultados.xlsx,1980,AL2021,111100,AM,PS,party,PS,,43643
mapa_1_resultados.xlsx,1980,AL2021,111100,AM,PCP-PEV,coalition,PCP-PEV,,12573
mapa_1_resultados.xlsx,1980,AL2021,111100,AM,[A],coalition,PPD/PSD.CDS-PP.A.MPT.PDR.PPM.R.I.R,COLIGAÇÃO VAMOS CURAR SINTRA,33211
mapa_1_resultados.xlsx,1981,AL2021,111102,AF,B.E.,party,B.E.,,1520
mapa_1_resultados.xlsx,1981,AL2021,111102,AF,CH,party,CH,,2288
mapa_1_resultados.xlsx,1981,AL2021,111102,AF,IL,party,IL,,797
mapa_1_resultados.xlsx,1981,AL2021,111102,AF,L,party,L,,328
mapa_1_resultados.xlsx,1981,AL2021,111102,AF,PAN,party,PAN,,949
mapa_1_resultados.xlsx,1981,AL2021,111102,AF,PS,party,PS,,7003
mapa_1_resultados.xlsx,1981,AL2021,111102,AF,PCP-PEV,coalition,PCP-PEV,,2337
mapa_1_resultados.xlsx,1981,AL2021,111102,AF,[A],coalition,PPD/PSD.CDS-PP.A.MPT.PDR.PPM.R.I.R,COLIGAÇÃO VAMOS CURAR SINTRA,5537
mapa_1_resultados.xlsx,1982,AL2021,111105,AF,CH,party,CH,,202
mapa_1_resultados.xlsx,1982,AL2021,111105,AF,IL,party,IL,,151
mapa_1_resultados.xlsx,1982,AL2021,111105,AF,PS,party,PS,,1015
mapa_1_resultados.xlsx,1982,AL2021,111105,AF,PCP-PEV,coalition,PCP-PEV,,399
mapa_1_resultados.xlsx,1982,AL2021,111105,AF,[A],coalition,PPD/PSD.CDS-PP.A.MPT.PDR.PPM.R.I.R,COLIGAÇÃO VAMOS CURAR SINTRA,1605
mapa_1_resultados.xlsx,1983,AL2021,111108,AF,B.E.,party,B.E.,,1158
mapa_1_resultados.xlsx,1983,AL2021,111108,AF,CH,party,CH,,1716
mapa_1_resultados.xlsx,1983,AL2021,111108,AF,IL,party,IL,,608
mapa_1_resultados.xlsx,1983,AL2021,111108,AF,PS,party,PS,,5766
mapa_1_resultados.xlsx,1983,AL2021,111108,AF,PCP-PEV,coalition,PCP-PEV,,1932
mapa_1_resultados.xlsx,1983,AL2021,111108,AF,[A],coalition,PPD/PSD.CDS-PP.A.MPT.PDR.PPM.R.I.R,COLIGAÇÃO VAMOS CURAR SINTRA,3649
mapa_1_resultados.xlsx,1984,AL2021,111115,AF,CH,party,CH,,340
mapa_1_resultados.xlsx,1984,AL2021,111115,AF,PS,party,PS,,3175
mapa_1_resultados.xlsx,1984,AL2021,111115,AF,PCP-PEV,coalition,PCP-PEV,,313
mapa_1_resultados.xlsx,1984,AL2021,111115,AF,[A],coalition,PPD/PSD.CDS-PP.A.MPT.PDR.PPM.R.I.R,COLIGAÇÃO VAMOS CURAR SINTRA,574
mapa_1_resultados.xlsx,1985,AL2021,111122,AF,B.E.,party,B.E.,,871
mapa_1_resultados.xlsx,1985,AL2021,111122,AF,CH,party,CH,,1383
mapa_1_resultados.xlsx,1985,AL2021,111122,AF,IL,party,IL,,381
mapa_1_resultados.xlsx,1985,AL2021,111122,AF,PS,party,PS,,5268
mapa_1_resultados.xlsx,1985,AL2021,111122,AF,PCP-PEV,coalition,PCP-PEV,,1334
mapa_1_resultados.xlsx,1985,AL2021,111122,AF,[A],coalition,PPD/PSD.CDS-PP.A.MPT.PDR.PPM.R.I.R,COLIGAÇÃO VAMOS CURAR SINTRA,2708
mapa_1_resultados.xlsx,1986,AL2021,111123,AF,B.E.,party,B.E.,,356
mapa_1_resultados.xlsx,1986,AL2021,111123,AF,CH,party,CH,,667
mapa_1_resultados.xlsx,1986,AL2021,111123,AF,PS,party,PS,,2794
mapa_1_resultados.xlsx,1986,AL2021,111123,AF,PCP-PEV,coalition,PCP-PEV,,575
mapa_1_resultados.xlsx,1986,AL2021,111123,AF,[A],coalition,PPD/PSD.CDS-PP.A.MPT.PDR.PPM.R.I.R,COLIGAÇÃO VAMOS CURAR SINTRA,2552
mapa_1_resultados.xlsx,1987,AL2021,111124,AF,B.E.,party,B.E.,,959
mapa_1_resultados.xlsx,1987,AL2021,111124,AF,CH,party,CH,,1268
mapa_1_resultados.xlsx,1987,AL2021,111124,AF,PS,party,PS,,4012
mapa_1_resultados.xlsx,1987,AL2021,111124,AF,PCP-PEV,coalition,PCP-PEV,,1315
mapa_1_resultados.xlsx,1987,AL2021,111124,AF,[A],coalition,PPD/PSD.CDS-PP.A.MPT.PDR.PPM.R.I.R,COLIGAÇÃO VAMOS CURAR SINTRA,3234
mapa_1_resultados.xlsx,1988,AL2021,111125,AF,B.E.,party,B.E.,,1203
mapa_1_resultados.xlsx,1988,AL2021,111125,AF,CH,party,CH,,1365
mapa_1_resultados.xlsx,1988,AL2021,111125,AF,IL,party,IL,,575
mapa_1_resultados.xlsx,1988,AL2021,111125,AF,PAN,party,PAN,,608
mapa_1_resultados.xlsx,1988,AL2021,111125,AF,PS,party,PS,,6167
mapa_1_resultados.xlsx,1988,AL2021,111125,AF,PCP-PEV,coalition,PCP-PEV,,1736
mapa_1_resultados.xlsx,1988,AL2021,111125,AF,[A],coalition,PPD/PSD.CDS-PP.A.MPT.PDR.PPM.R.I.R,COLIGAÇÃO VAMOS CURAR SINTRA,4051
mapa_1_resultados.xlsx,1989,AL2021,111126,AF,B.E.,party,B.E.,,1477
mapa_1_resultados.xlsx,1989,AL2021,111126,AF,CH,party,CH,,1859
mapa_1_resultados.xlsx,1989,AL2021,111126,AF,IL,party,IL,,807
mapa_1_resultados.xlsx,1989,AL2021,111126,AF,PS,party,PS,,5654
mapa_1_resultados.xlsx,1989,AL2021,111126,AF,PCP-PEV,coalition,PCP-PEV,,2285
mapa_1_resultados.xlsx,1989,AL2021,111126,AF,[A],coalition,PPD/PSD.CDS-PP.A.MPT.PDR.PPM.R.I.R,COLIGAÇÃO VAMOS CURAR SINTRA,3951
mapa_1_resultados.xlsx,1990,AL2021,111127,AF,CH,party,CH,,648
mapa_1_resultados.xlsx,1990,AL2021,111127,AF,PS,party,PS,,2461
mapa_1_resultados.xlsx,1990,AL2021,111127,AF,PCP-PEV,coalition,PCP-PEV,,736
mapa_1_resultados.xlsx,1990,AL2021,111127,AF,[A],coalition,PPD/PSD.CDS-PP.A.MPT.PDR.PPM.R.I.R,COLIGAÇÃO VAMOS CURAR SINTRA,2805
mapa_1_resultados.xlsx,1991,AL2021,111128,AF,B.E.,party,B.E.,,872
mapa_1_resultados.xlsx,1991,AL2021,111128,AF,CH,party,CH,,1073
mapa_1_resultados.xlsx,1991,AL2021,111128,AF,IL,party,IL,,839
mapa_1_resultados.xlsx,1991,AL2021,111128,AF,PS,party,PS,,3626
mapa_1_resultados.xlsx,1991,AL2021,111128,AF,PCP-PEV,coalition,PCP-PEV,,1087
mapa_1_resultados.xlsx,1991,AL2021,111128,AF,[A],coalition,PPD/PSD.CDS-PP.A.MPT.PDR.PPM.R.I.R,COLIGAÇÃO VAMOS CURAR SINTRA,4287
mapa_1_resultados.xlsx,1992,AL2021,111200,CM,PS,party,PS,,1375
mapa_1_resultados.xlsx,1992,AL2021,111200,CM,PCP-PEV,coalition,PCP-PEV,,2124
mapa_1_resultados.xlsx,1992,AL2021,111200,CM,[A],coalition,PPD/PSD.CDS-PP,JUNTOS PELA NOSSA TERRA,1189
mapa_1_resultados.xlsx,1993,AL2021,111200,AM,PS,party,PS,,1425
mapa_1_resultados.xlsx,1993,AL2021,111200,AM,PCP-PEV,coalition,PCP-PEV,,2076
mapa_1_resultados.xlsx,1993,AL2021,111200,AM,[A],coalition,PPD/PSD.CDS-PP,JUNTOS PELA NOSSA TERRA,1176
mapa_1_resultados.xlsx,1994,AL2021,111201,AF,PS,party,PS,,410
mapa_1_resultados.xlsx,1994,AL2021,111201,AF,PCP-PEV,coalition,PCP-PEV,,851
mapa_1_resultados.xlsx,1994,AL2021,111201,AF,[A],coalition,PPD/PSD.CDS-PP,JUNTOS PELA NOSSA TERRA,356
mapa_1_resultados.xlsx,1995,AL2021,111202,AF,PS,party,PS,,223
mapa_1_resultados.xlsx,1995,AL2021,111202,AF,PCP-PEV,coalition,PCP-PEV,,463
mapa_1_resultados.xlsx,1995,AL2021,111202,AF,[A],coalition,PPD/PSD.CDS-PP,JUNTOS PELA NOSSA TERRA,158
mapa_1_resultados.xlsx,1995,AL2021,111202,AF,[D],citizen_group,MOVE-TE,Move-te pela Freguesia,597
mapa_1_resultados.xlsx,1996,AL2021,111203,AF,PS,party,PS,,496
mapa_1_resultados.xlsx,1996,AL2021,111203,AF,PCP-PEV,coalition,PCP-PEV,,717
mapa_1_resultados.xlsx,1996,AL2021,111203,AF,[A],coalition,PPD/PSD.CDS-PP,JUNTOS PELA NOSSA TERRA,456
mapa_1_resultados.xlsx,1997,AL2021,111300,CM,A,party,A,,1977
mapa_1_resultados.xlsx,1997,AL2021,111300,CM,B.E.,party,B.E.,,818
mapa_1_resultados.xlsx,1997,AL2021,111300,CM,CH,party,CH,,1572
mapa_1_resultados.xlsx,1997,AL2021,111300,CM,PS,party,PS,,15257
mapa_1_resultados.xlsx,1997,AL2021,111300,CM,PCP-PEV,coalition,PCP-PEV,,1784
mapa_1_resultados.xlsx,1997,AL2021,111300,CM,[A],coalition,PPD/PSD.CDS-PP.PPM,AFIRMAR TORRES VEDRAS,6973
mapa_1_resultados.xlsx,1997,AL2021,111300,CM,[D],citizen_group,UTV,Unidos por Torres Vedras - Movimento Cívico,8218
mapa_1_resultados.xlsx,1998,AL2021,111300,AM,A,party,A,,2000
mapa_1_resultados.xlsx,1998,AL2021,111300,AM,B.E.,party,B.E.,,1088
mapa_1_resultados.xlsx,1998,AL2021,111300,AM,CH,party,CH,,1768
mapa_1_resultados.xlsx,1998,AL2021,111300,AM,PS,party,PS,,14374
mapa_1_resultados.xlsx,1998,AL2021,111300,AM,PCP-PEV,coalition,PCP-PEV,,2225
mapa_1_resultados.xlsx,1998,AL2021,111300,AM,[A],coalition,PPD/PSD.CDS-PP.PPM,AFIRMAR TORRES VEDRAS,7577
mapa_1_resultados.xlsx,1998,AL2021,111300,AM,[D],citizen_group,UTV,Unidos por Torres Vedras - Movimento Cívico,7363
mapa_1_resultados.xlsx,1999,AL2021,111306,AF,PS,party,PS,,691
mapa_1_resultados.xlsx,1999,AL2021,111306,AF,PCP-PEV,coalition,PCP-PEV,,41
mapa_1_resultados.xlsx,1999,AL2021,111306,AF,[A],coalition,PPD/PSD.CDS-PP.PPM,AFIRMAR TORRES VEDRAS,555
mapa_1_resultados.xlsx,2000,AL2021,111310,AF,PS,party,PS,,350
mapa_1_resultados.xlsx,2000,AL2021,111310,AF,PCP-PEV,coalition,PCP-PEV,,39
mapa_1_resultados.xlsx,2000,AL2021,111310,AF,[A],coalition,PPD/PSD.CDS-PP.PPM,AFIRMAR TORRES VEDRAS,921
mapa_1_resultados.xlsx,2001,AL2021,111311,AF,A,party,A,,394
mapa_1_resultados.xlsx,2001,AL2021,111311,AF,PS,party,PS,,738
mapa_1_resultados.xlsx,2001,AL2021,111311,AF,PCP-PEV,coalition,PCP-PEV,,166
mapa_1_resultados.xlsx,2001,AL2021,111311,AF,[A],coalition,PPD/PSD.CDS-PP.PPM,AFIRMAR TORRES VEDRAS,222
mapa_1_resultados.xlsx,2002,AL2021,111314,AF,A,party,A,,335
mapa_1_resultados.xlsx,2002,AL2021,111314,AF,PS,party,PS,,1477
mapa_1_resultados.xlsx,2002,AL2021,111314,AF,PCP-PEV,coalition,PCP-PEV,,85
mapa_1_resultados.xlsx,2002,AL2021,111314,AF,[A],coalition,PPD/PSD.CDS-PP.PPM,AFIRMAR TORRES VEDRAS,436
mapa_1_resultados.xlsx,2003,AL2021,111316,AF,A,party,A,,273
mapa_1_resultados.xlsx,2003,AL2021,111316,AF,PS,party,PS,,2294
mapa_1_resultados.xlsx,2003,AL2021,111316,AF,PCP-PEV,coalition,PCP-PEV,,217
mapa_1_resultados.xlsx,2003,AL2021,111316,AF,[A],coalition,PPD/PSD.CDS-PP.PPM,AFIRMAR TORRES VEDRAS,1179
mapa_1_resultados.xlsx,2004,AL2021,111317,AF,PS,party,PS,,824
mapa_1_resultados.xlsx,2004,AL2021,111317,AF,PCP-PEV,coalition,PCP-PEV,,115
mapa_1_resultados.xlsx,2004,AL2021,111317,AF,[A],coalition,PPD/PSD.CDS-PP.PPM,AFIRMAR TORRES VEDRAS,576
mapa_1_resultados.xlsx,2005,AL2021,111318,AF,PS,party,PS,,1320
mapa_1_resultados.xlsx,2005,AL2021,111318,AF,PCP-PEV,coalition,PCP-PEV,,119
mapa_1_resultados.xlsx,2005,AL2021,111318,AF,[A],coalition,PPD/PSD.CDS-PP.PPM,AFIRMAR TORRES VEDRAS,688
mapa_1_resultados.xlsx,2006,AL2021,111321,AF,A,party,A,,272
mapa_1_resultados.xlsx,2006,AL2021,111321,AF,PS,party,PS,,2066
mapa_1_resultados.xlsx,2006,AL2021,111321,AF,PCP-PEV,coalition,PCP-PEV,,395
mapa_1_resultados.xlsx,2006,AL2021,111321,AF,[A],coalition,PPD/PSD.CDS-PP.PPM,AFIRMAR TORRES VEDRAS,1733
mapa_1_resultados.xlsx,2007,AL2021,111322,AF,PS,party,PS,,794
mapa_1_resultados.xlsx,2007,AL2021,111322,AF,PCP-PEV,coalition,PCP-PEV,,52
mapa_1_resultados.xlsx,2007,AL2021,111322,AF,[A],coalition,PPD/PSD.CDS-PP.PPM,AFIRMAR TORRES VEDRAS,946
mapa_1_resultados.xlsx,2008,AL2021,111323,AF,PS,party,PS,,719
mapa_1_resultados.xlsx,2008,AL2021,111323,AF,PCP-PEV,coalition,PCP-PEV,,443
mapa_1_resultados.xlsx,2008,AL2021,111323,AF,[A],coalition,PPD/PSD.CDS-PP.PPM,AFIRMAR TORRES VEDRAS,145
mapa_1_resultados.xlsx,2009,AL2021,111324,AF,PS,party,PS,,611
mapa_1_resultados.xlsx,2009,AL2021,111324,AF,PCP-PEV,coalition,PCP-PEV,,250
mapa_1_resultados.xlsx,2009,AL2021,111324,AF,[A],coalition,PPD/PSD.CDS-PP.PPM,AFIRMAR TORRES VEDRAS,558
mapa_1_resultados.xlsx,2010,AL2021,111325,AF,PS,party,PS,,936
mapa_1_resultados.xlsx,2010,AL2021,111325,AF,PCP-PEV,coalition,PCP-PEV,,200
mapa_1_resultados.xlsx,2010,AL2021,111325,AF,[A],coalition,PPD/PSD.CDS-PP.PPM,AFIRMAR TORRES VEDRAS,281
mapa_1_resultados.xlsx,2011,AL2021,111326,AF,A,party,A,,895
mapa_1_resultados.xlsx,2011,AL2021,111326,AF,B.E.,party,B.E.,,336
mapa_1_resultados.xlsx,2011,AL2021,111326,AF,CH,party,CH,,452
mapa_1_resultados.xlsx,2011,AL2021,111326,AF,PS,party,PS,,4118
mapa_1_resultados.xlsx,2011,AL2021,111326,AF,PCP-PEV,coalition,PCP-PEV,,862
mapa_1_resultados.xlsx,2011,AL2021,111326,AF,[A],coalition,PPD/PSD.CDS-PP.PPM,AFIRMAR TORRES VEDRAS,1823
mapa_1_resultados.xlsx,2011,AL2021,111326,AF,[D],citizen_group,UTV,Unidos por Torres Vedras - Movimento Cívico,3306
mapa_1_resultados.xlsx,2012,AL2021,111400,CM,B.E.,party,B.E.,,3120
mapa_1_resultados.xlsx,2012,AL2021,111400,CM,CH,party,CH,,4441
mapa_1_resultados.xlsx,2012,AL2021,111400,CM,PAN,party,PAN,,2017
mapa_1_resultados.xlsx,2012,AL2021,111400,CM,PS,party,PS,,20684
mapa_1_resultados.xlsx,2012,AL2021,111400,CM,PCP-PEV,coalition,PCP-PEV,,11368
mapa_1_resultados.xlsx,2012,AL2021,111400,CM,[A],coalition,[A],,7687
mapa_1_resultados.xlsx,2013,AL2021,111400,AM,B.E.,party,B.E.,,3468
mapa_1_resultados.xlsx,2013,AL2021,111400,AM,CH,party,CH,,4623
mapa_1_resultados.xlsx,2013,AL2021,111400,AM,PAN,party,PAN,,2265
mapa_1_resultados.xlsx,2013,AL2021,111400,AM,PS,party,PS,,19449
mapa_1_resultados.xlsx,2013,AL2021,111400,AM,PCP-PEV,coalition,PCP-PEV,,11621
mapa_1_resultados.xlsx,2013,AL2021,111400,AM,[A],coalition,[A],,7816
mapa_1_resultados.xlsx,2014,AL2021,111408,AF,B.E.,party,B.E.,,404
mapa_1_resultados.xlsx,2014,AL2021,111408,AF,CH,party,CH,,744
mapa_1_resultados.xlsx,2014,AL2021,111408,AF,PS,party,PS,,3081
mapa_1_resultados.xlsx,2014,AL2021,111408,AF,PCP-PEV,coalition,PCP-PEV,,1794
mapa_1_resultados.xlsx,2014,AL2021,111408,AF,[A],coalition,PPD/PSD.CDS-PP.MPT.PPM,NOVA GERAÇÃO 2021,976
mapa_1_resultados.xlsx,2015,AL2021,111409,AF,B.E.,party,B.E.,,437
mapa_1_resultados.xlsx,2015,AL2021,111409,AF,CH,party,CH,,508
mapa_1_resultados.xlsx,2015,AL2021,111409,AF,PS,party,PS,,2777
mapa_1_resultados.xlsx,2015,AL2021,111409,AF,PCP-PEV,coalition,PCP-PEV,,2028
mapa_1_resultados.xlsx,2015,AL2021,111409,AF,[A],coalition,PPD/PSD.CDS-PP.MPT.PPM,NOVA GERAÇÃO 2021,913
mapa_1_resultados.xlsx,2016,AL2021,111412,AF,B.E.,party,B.E.,,392
mapa_1_resultados.xlsx,2016,AL2021,111412,AF,PS,party,PS,,2161
mapa_1_resultados.xlsx,2016,AL2021,111412,AF,PCP-PEV,coalition,PCP-PEV,,1631
mapa_1_resultados.xlsx,2016,AL2021,111412,AF,[A],coalition,PPD/PSD.CDS-PP.MPT.PPM,NOVA GERAÇÃO 2021,804
mapa_1_resultados.xlsx,2017,AL2021,111413,AF,B.E.,party,B.E.,,1133
mapa_1_resultados.xlsx,2017,AL2021,111413,AF,PS,party,PS,,4865
mapa_1_resultados.xlsx,2017,AL2021,111413,AF,PCP-PEV,coalition,PCP-PEV,,4355
mapa_1_resultados.xlsx,2017,AL2021,111413,AF,[A],coalition,PPD/PSD.CDS-PP.MPT.PPM,NOVA GERAÇÃO 2021,2433
mapa_1_resultados.xlsx,2018,AL2021,111414,AF,B.E.,party,B.E.,,114
mapa_1_resultados.xlsx,2018,AL2021,111414,AF,PS,party,PS,,978
mapa_1_resultados.xlsx,2018,AL2021,111414,AF,PCP-PEV,coalition,PCP-PEV,,648
mapa_1_resultados.xlsx,2018,AL2021,111414,AF,[A],coalition,PPD/PSD.CDS-PP.MPT.PPM,NOVA GERAÇÃO 2021,306
mapa_1_resultados.xlsx,2018,AL2021,111414,AF,[D],citizen_group,U-MICRC,Unidos- Movimento Independente pela Castanheira do Ribatejo e Cachoeiras,878
mapa_1_resultados.xlsx,2019,AL2021,111415,AF,B.E.,party,B.E.,,1200
mapa_1_resultados.xlsx,2019,AL2021,111415,AF,CH,party,CH,,1308
mapa_1_resultados.xlsx,2019,AL2021,111415,AF,PS,party,PS,,4420
mapa_1_resultados.xlsx,2019,AL2021,111415,AF,PCP-PEV,coalition,PCP-PEV,,1862
mapa_1_resultados.xlsx,2019,AL2021,111415,AF,[A],coalition,PPD/PSD.CDS-PP.MPT.PPM,NOVA GERAÇÃO 2021,2206
mapa_1_resultados.xlsx,2019,AL2021,111415,AF,[D],citizen_group,AIPMF,António Inácio - Póvoa Mais Forte,3731
mapa_1_resultados.xlsx,2020,AL2021,111500,CM,B.E.,party,B.E.,,3305
mapa_1_resultados.xlsx,2020,AL2021,111500,CM,CH,party,CH,,3390
mapa_1_resultados.xlsx,2020,AL2021,111500,CM,IL,party,IL,,1729
mapa_1_resultados.xlsx,2020,AL2021,111500,CM,MAS,party,MAS,,227
mapa_1_resultados.xlsx,2020,AL2021,111500,CM,PAN,party,PAN,,1916
mapa_1_resultados.xlsx,2020,AL2021,111500,CM,PS,party,PS,,27220
mapa_1_resultados.xlsx,2020,AL2021,111500,CM,PCP-PEV,coalition,PCP-PEV,,6162
mapa_1_resultados.xlsx,2020,AL2021,111500,CM,[A],coalition,[A],,15230
mapa_1_resultados.xlsx,2020,AL2021,111500,CM,[B],coalition,[B],,379
mapa_1_resultados.xlsx,2021,AL2021,111500,AM,B.E.,party,B.E.,,4224
mapa_1_resultados.xlsx,2021,AL2021,111500,AM,CH,party,CH,,4185
mapa_1_resultados.xlsx,2021,AL2021,111500,AM,MAS,party,MAS,,310
mapa_1_resultados.xlsx,2021,AL2021,111500,AM,PAN,party,PAN,,2752
mapa_1_resultados.xlsx,2021,AL2021,111500,AM,PS,party,PS,,25300
mapa_1_resultados.xlsx,2021,AL2021,111500,AM,PCP-PEV,coalition,PCP-PEV,,6946
mapa_1_resultados.xlsx,2021,AL2021,111500,AM,[A],coalition,[A],,14922
mapa_1_resultados.xlsx,2021,AL2021,111500,AM,[B],coalition,[B],,539
mapa_1_resultados.xlsx,2022,AL2021,111512,AF,B.E.,party,B.E.,,436
mapa_1_resultados.xlsx,2022,AL2021,111512,AF,CH,party,CH,,404
mapa_1_resultados.xlsx,2022,AL2021,111512,AF,IL,party,IL,,393
mapa_1_resultados.xlsx,2022,AL2021,111512,AF,PAN,party,PAN,,276
mapa_1_resultados.xlsx,2022,AL2021,111512,AF,PS,party,PS,,2405
mapa_1_resultados.xlsx,2022,AL2021,111512,AF,PCP-PEV,coalition,PCP-PEV,,476
mapa_1_resultados.xlsx,2022,AL2021,111512,AF,[A],coalition,PPD/PSD.CDS-PP.A.MPT.PDR,DAR VOZ À AMADORA,2274
mapa_1_resultados.xlsx,2023,AL2021,111513,AF,B.E.,party,B.E.,,977
mapa_1_resultados.xlsx,2023,AL2021,111513,AF,CH,party,CH,,875
mapa_1_resultados.xlsx,2023,AL2021,111513,AF,PAN,party,PAN,,577
mapa_1_resultados.xlsx,2023,AL2021,111513,AF,PS,party,PS,,5117
mapa_1_resultados.xlsx,2023,AL2021,111513,AF,PCP-PEV,coalition,PCP-PEV,,1739
mapa_1_resultados.xlsx,2023,AL2021,111513,AF,[A],coalition,PPD/PSD.CDS-PP.A.MPT.PDR,DAR VOZ À AMADORA,3065
mapa_1_resultados.xlsx,2024,AL2021,111514,AF,B.E.,party,B.E.,,523
mapa_1_resultados.xlsx,2024,AL2021,111514,AF,CH,party,CH,,654
mapa_1_resultados.xlsx,2024,AL2021,111514,AF,PAN,party,PAN,,346
mapa_1_resultados.xlsx,2024,AL2021,111514,AF,PS,party,PS,,4432
mapa_1_resultados.xlsx,2024,AL2021,111514,AF,PCP-PEV,coalition,PCP-PEV,,1155
mapa_1_resultados.xlsx,2024,AL2021,111514,AF,[A],coalition,PPD/PSD.CDS-PP.A.MPT.PDR,DAR VOZ À AMADORA,1827
mapa_1_resultados.xlsx,2024,AL2021,111514,AF,[B],coalition,PPM/R.I.R.,Amadora Contigo,84
mapa_1_resultados.xlsx,2025,AL2021,111515,AF,B.E.,party,B.E.,,508
mapa_1_resultados.xlsx,2025,AL2021,111515,AF,CH,party,CH,,517
mapa_1_resultados.xlsx,2025,AL2021,111515,AF,PAN,party,PAN,,369
mapa_1_resultados.xlsx,2025,AL2021,111515,AF,PS,party,PS,,3396
mapa_1_resultados.xlsx,2025,AL2021,111515,AF,PCP-PEV,coalition,PCP-PEV,,985
mapa_1_resultados.xlsx,2025,AL2021,111515,AF,[A],coalition,PPD/PSD.CDS-PP.A.MPT.PDR,DAR VOZ À AMADORA,1480
mapa_1_resultados.xlsx,2026,AL2021,111516,AF,B.E.,party,B.E.,,1036
mapa_1_resultados.xlsx,2026,AL2021,111516,AF,CH,party,CH,,1084
mapa_1_resultados.xlsx,2026,AL2021,111516,AF,PAN,party,PAN,,739
mapa_1_resultados.xlsx,2026,AL2021,111516,AF,PS,party,PS,,6425
mapa_1_resultados.xlsx,2026,AL2021,111516,AF,PCP-PEV,coalition,PCP-PEV,,1707
mapa_1_resultados.xlsx,2026,AL2021,111516,AF,[A],coalition,PPD/PSD.CDS-PP.A.MPT.PDR,DAR VOZ À AMADORA,3839
mapa_1_resultados.xlsx,2026,AL2021,111516,AF,[B],coalition,PPM/R.I.R.,Amadora Contigo,127
mapa_1_resultados.xlsx,2027,AL2021,111517,AF,B.E.,party,B.E.,,668
mapa_1_resultados.xlsx,2027,AL2021,111517,AF,CH,party,CH,,553
mapa_1_resultados.xlsx,2027,AL2021,111517,AF,PAN,party,PAN,,438
mapa_1_resultados.xlsx,2027,AL2021,111517,AF,PS,party,PS,,3649
mapa_1_resultados.xlsx,2027,AL2021,111517,AF,PCP-PEV,coalition,PCP-PEV,,1241
mapa_1_resultados.xlsx,2027,AL2021,111517,AF,[A],coalition,PPD/PSD.CDS-PP.A.MPT.PDR,DAR VOZ À AMADORA,2444
mapa_1_resultados.xlsx,2027,AL2021,111517,AF,[B],coalition,PPM/R.I.R.,Amadora Contigo,117
mapa_1_resultados.xlsx,2028,AL2021,111600,CM,B.E.,party,B.E.,,2602
mapa_1_resultados.xlsx,2028,AL2021,111600,CM,CH,party,CH,,4790
mapa_1_resultados.xlsx,2028,AL2021,111600,CM,IL,party,IL,,1680
mapa_1_resultados.xlsx,2028,AL2021,111600,CM,PAN,party,PAN,,1763
mapa_1_resultados.xlsx,2028,AL2021,111600,CM,PS,party,PS,,24700
mapa_1_resultados.xlsx,2028,AL2021,111600,CM,PCP-PEV,coalition,PCP-PEV,,5957
mapa_1_resultados.xlsx,2028,AL2021,111600,CM,[A],coalition,PPD/PSD.CDS-PP.A.MPT.PDR.PPM.R.I.R,ODIVELAS: A MUDANÇA É AGORA!,11094
mapa_1_resultados.xlsx,2029,AL2021,111600,AM,B.E.,party,B.E.,,3098
mapa_1_resultados.xlsx,2029,AL2021,111600,AM,CH,party,CH,,5193
mapa_1_resultados.xlsx,2029,AL2021,111600,AM,IL,party,IL,,1943
mapa_1_resultados.xlsx,2029,AL2021,111600,AM,PAN,party,PAN,,2062
mapa_1_resultados.xlsx,2029,AL2021,111600,AM,PS,party,PS,,23116
mapa_1_resultados.xlsx,2029,AL2021,111600,AM,PCP-PEV,coalition,PCP-PEV,,6429
mapa_1_resultados.xlsx,2029,AL2021,111600,AM,[A],coalition,PPD/PSD.CDS-PP.A.MPT.PDR.PPM.R.I.R,ODIVELAS: A MUDANÇA É AGORA!,10630
mapa_1_resultados.xlsx,2030,AL2021,111603,AF,B.E.,party,B.E.,,1379
mapa_1_resultados.xlsx,2030,AL2021,111603,AF,CH,party,CH,,1848
mapa_1_resultados.xlsx,2030,AL2021,111603,AF,IL,party,IL,,889
mapa_1_resultados.xlsx,2030,AL2021,111603,AF,PS,party,PS,,10208
mapa_1_resultados.xlsx,2030,AL2021,111603,AF,PCP-PEV,coalition,PCP-PEV,,2267
mapa_1_resultados.xlsx,2030,AL2021,111603,AF,[A],coalition,PPD/PSD.CDS-PP.A.MPT.PDR.PPM.R.I.R,ODIVELAS: A MUDANÇA É AGORA!,4507
mapa_1_resultados.xlsx,2031,AL2021,111608,AF,B.E.,party,B.E.,,606
mapa_1_resultados.xlsx,2031,AL2021,111608,AF,CH,party,CH,,1327
mapa_1_resultados.xlsx,2031,AL2021,111608,AF,IL,party,IL,,444
mapa_1_resultados.xlsx,2031,AL2021,111608,AF,PAN,party,PAN,,438
mapa_1_resultados.xlsx,2031,AL2021,111608,AF,PS,party,PS,,5255
mapa_1_resultados.xlsx,2031,AL2021,111608,AF,PCP-PEV,coalition,PCP-PEV,,1963
mapa_1_resultados.xlsx,2031,AL2021,111608,AF,[A],coalition,PPD/PSD.CDS-PP.A.MPT.PDR.PPM.R.I.R,ODIVELAS: A MUDANÇA É AGORA!,2507
mapa_1_resultados.xlsx,2032,AL2021,111609,AF,B.E.,party,B.E.,,431
mapa_1_resultados.xlsx,2032,AL2021,111609,AF,CH,party,CH,,564
mapa_1_resultados.xlsx,2032,AL2021,111609,AF,IL,party,IL,,175
mapa_1_resultados.xlsx,2032,AL2021,111609,AF,PS,party,PS,,2940
mapa_1_resultados.xlsx,2032,AL2021,111609,AF,PCP-PEV,coalition,PCP-PEV,,843
mapa_1_resultados.xlsx,2032,AL2021,111609,AF,[A],coalition,PPD/PSD.CDS-PP.A.MPT.PDR.PPM.R.I.R,ODIVELAS: A MUDANÇA É AGORA!,1123
mapa_1_resultados.xlsx,2033,AL2021,111610,AF,B.E.,party,B.E.,,709
mapa_1_resultados.xlsx,2033,AL2021,111610,AF,CH,party,CH,,1247
mapa_1_resultados.xlsx,2033,AL2021,111610,AF,IL,party,IL,,490
mapa_1_resultados.xlsx,2033,AL2021,111610,AF,PAN,party,PAN,,530
mapa_1_resultados.xlsx,2033,AL2021,111610,AF,PS,party,PS,,4989
mapa_1_resultados.xlsx,2033,AL2021,111610,AF,PCP-PEV,coalition,PCP-PEV,,2349
mapa_1_resultados.xlsx,2033,AL2021,111610,AF,[A],coalition,PPD/PSD.CDS-PP.A.MPT.PDR.PPM.R.I.R,ODIVELAS: A MUDANÇA É AGORA!,2384
mapa_1_resultados.xlsx,2035,AL2021,120100,CM,B.E.,party,B.E.,,59
mapa_1_resultados.xlsx,2035,AL2021,120100,CM,CH,party,CH,,64
mapa_1_resultados.xlsx,2035,AL2021,120100,CM,PS,party,PS,,779
mapa_1_resultados.xlsx,2035,AL2021,120100,CM,PCP-PEV,coalition,PCP-PEV,,140
mapa_1_resultados.xlsx,2035,AL2021,120100,CM,[A],coalition,PPD/PSD.CDS-PP,FAZEMOS MELHOR,856
mapa_1_resultados.xlsx,2036,AL2021,120100,AM,B.E.,party,B.E.,,74
mapa_1_resultados.xlsx,2036,AL2021,120100,AM,PS,party,PS,,748
mapa_1_resultados.xlsx,2036,AL2021,120100,AM,PCP-PEV,coalition,PCP-PEV,,219
mapa_1_resultados.xlsx,2036,AL2021,120100,AM,[A],coalition,PPD/PSD.CDS-PP,FAZEMOS MELHOR,846
mapa_1_resultados.xlsx,2037,AL2021,120101,AF,B.E.,party,B.E.,,48
mapa_1_resultados.xlsx,2037,AL2021,120101,AF,PS,party,PS,,465
mapa_1_resultados.xlsx,2037,AL2021,120101,AF,PCP-PEV,coalition,PCP-PEV,,107
mapa_1_resultados.xlsx,2037,AL2021,120101,AF,[A],coalition,PPD/PSD.CDS-PP,FAZEMOS MELHOR,588
mapa_1_resultados.xlsx,2038,AL2021,120102,AF,PS,party,PS,,150
mapa_1_resultados.xlsx,2038,AL2021,120102,AF,PCP-PEV,coalition,PCP-PEV,,31
mapa_1_resultados.xlsx,2038,AL2021,120102,AF,[A],coalition,PPD/PSD.CDS-PP,FAZEMOS MELHOR,95
mapa_1_resultados.xlsx,2039,AL2021,120103,AF,PS,party,PS,,110
mapa_1_resultados.xlsx,2039,AL2021,120103,AF,PCP-PEV,coalition,PCP-PEV,,65
mapa_1_resultados.xlsx,2039,AL2021,120103,AF,[A],coalition,PPD/PSD.CDS-PP,FAZEMOS MELHOR,30
mapa_1_resultados.xlsx,2040,AL2021,120104,AF,PS,party,PS,,32
mapa_1_resultados.xlsx,2040,AL2021,120104,AF,PCP-PEV,coalition,PCP-PEV,,73
mapa_1_resultados.xlsx,2040,AL2021,120104,AF,[A],coalition,PPD/PSD.CDS-PP,FAZEMOS MELHOR,88
mapa_1_resultados.xlsx,2041,AL2021,120200,CM,CH,party,CH,,30
mapa_1_resultados.xlsx,2041,AL2021,120200,CM,PPD/PSD,party,PPD/PSD,,1038
mapa_1_resultados.xlsx,2041,AL2021,120200,CM,PS,party,PS,,788
mapa_1_resultados.xlsx,2041,AL2021,120200,CM,PCP-PEV,coalition,PCP-PEV,,50
mapa_1_resultados.xlsx,2042,AL2021,120200,AM,CH,party,CH,,46
mapa_1_resultados.xlsx,2042,AL2021,120200,AM,PPD/PSD,party,PPD/PSD,,1052
mapa_1_resultados.xlsx,2042,AL2021,120200,AM,PS,party,PS,,735
mapa_1_resultados.xlsx,2042,AL2021,120200,AM,PCP-PEV,coalition,PCP-PEV,,67
mapa_1_resultados.xlsx,2043,AL2021,120201,AF,PPD/PSD,party,PPD/PSD,,747
mapa_1_resultados.xlsx,2043,AL2021,120201,AF,PS,party,PS,,412
mapa_1_resultados.xlsx,2043,AL2021,120201,AF,PCP-PEV,coalition,PCP-PEV,,44
mapa_1_resultados.xlsx,2044,AL2021,120202,AF,PPD/PSD,party,PPD/PSD,,199
mapa_1_resultados.xlsx,2044,AL2021,120202,AF,PS,party,PS,,222
mapa_1_resultados.xlsx,2044,AL2021,120202,AF,PCP-PEV,coalition,PCP-PEV,,6
mapa_1_resultados.xlsx,2045,AL2021,120203,AF,PPD/PSD,party,PPD/PSD,,186
mapa_1_resultados.xlsx,2045,AL2021,120203,AF,PS,party,PS,,73
mapa_1_resultados.xlsx,2045,AL2021,120203,AF,PCP-PEV,coalition,PCP-PEV,,2
mapa_1_resultados.xlsx,2046,AL2021,120300,CM,PPD/PSD,party,PPD/PSD,,152
mapa_1_resultados.xlsx,2046,AL2021,120300,CM,PS,party,PS,,501
mapa_1_resultados.xlsx,2046,AL2021,120300,CM,PCP-PEV,coalition,PCP-PEV,,1338
mapa_1_resultados.xlsx,2046,AL2021,120300,CM,[D],citizen_group,GCA,Grupo de Cidadãos por Avis,339
mapa_1_resultados.xlsx,2047,AL2021,120300,AM,PPD/PSD,party,PPD/PSD,,145
mapa_1_resultados.xlsx,2047,AL2021,120300,AM,PS,party,PS,,551
mapa_1_resultados.xlsx,2047,AL2021,120300,AM,PCP-PEV,coalition,PCP-PEV,,1193
mapa_1_resultados.xlsx,2047,AL2021,120300,AM,[D],citizen_group,GCA,Grupo de Cidadãos por Avis,410
mapa_1_resultados.xlsx,2048,AL2021,120302,AF,PS,party,PS,,53
mapa_1_resultados.xlsx,2048,AL2021,120302,AF,PCP-PEV,coalition,PCP-PEV,,92
mapa_1_resultados.xlsx,2049,AL2021,120303,AF,PPD/PSD,party,PPD/PSD,,65
mapa_1_resultados.xlsx,2049,AL2021,120303,AF,PS,party,PS,,223
mapa_1_resultados.xlsx,2049,AL2021,120303,AF,PCP-PEV,coalition,PCP-PEV,,433
mapa_1_resultados.xlsx,2049,AL2021,120303,AF,[D],citizen_group,GCA,Grupo de Cidadãos por Avis,186
mapa_1_resultados.xlsx,2050,AL2021,120305,AF,PPD/PSD,party,PPD/PSD,,21
mapa_1_resultados.xlsx,2050,AL2021,120305,AF,PS,party,PS,,62
mapa_1_resultados.xlsx,2050,AL2021,120305,AF,PCP-PEV,coalition,PCP-PEV,,136
mapa_1_resultados.xlsx,2050,AL2021,120305,AF,[D],citizen_group,GCA,Grupo de Cidadãos por Avis,75
mapa_1_resultados.xlsx,2051,AL2021,120306,AF,PPD/PSD,party,PPD/PSD,,0
mapa_1_resultados.xlsx,2051,AL2021,120306,AF,PS,party,PS,,59
mapa_1_resultados.xlsx,2051,AL2021,120306,AF,PCP-PEV,coalition,PCP-PEV,,105
mapa_1_resultados.xlsx,2051,AL2021,120306,AF,[D],citizen_group,GCA,Grupo de Cidadãos por Avis,13
mapa_1_resultados.xlsx,2052,AL2021,120309,AF,PCP-PEV,coalition,PCP-PEV,,204
mapa_1_resultados.xlsx,2052,AL2021,120309,AF,[D],citizen_group,GCA,Grupo de Cidadãos por Avis,53
mapa_1_resultados.xlsx,2053,AL2021,120310,AF,PPD/PSD,party,PPD/PSD,,18
mapa_1_resultados.xlsx,2053,AL2021,120310,AF,PS,party,PS,,163
mapa_1_resultados.xlsx,2053,AL2021,120310,AF,PCP-PEV,coalition,PCP-PEV,,255
mapa_1_resultados.xlsx,2053,AL2021,120310,AF,[D],citizen_group,GCA,Grupo de Cidadãos por Avis,91
mapa_1_resultados.xlsx,2054,AL2021,120400,CM,B.E.,party,B.E.,,91
mapa_1_resultados.xlsx,2054,AL2021,120400,CM,CH,party,CH,,492
mapa_1_resultados.xlsx,2054,AL2021,120400,CM,PS,party,PS,,2225
mapa_1_resultados.xlsx,2054,AL2021,120400,CM,PCP-PEV,coalition,PCP-PEV,,1271
mapa_1_resultados.xlsx,2055,AL2021,120400,AM,B.E.,party,B.E.,,107
mapa_1_resultados.xlsx,2055,AL2021,120400,AM,CH,party,CH,,470
mapa_1_resultados.xlsx,2055,AL2021,120400,AM,PS,party,PS,,1989
mapa_1_resultados.xlsx,2055,AL2021,120400,AM,PCP-PEV,coalition,PCP-PEV,,1510
mapa_1_resultados.xlsx,2056,AL2021,120401,AF,B.E.,party,B.E.,,70
mapa_1_resultados.xlsx,2056,AL2021,120401,AF,CH,party,CH,,193
mapa_1_resultados.xlsx,2056,AL2021,120401,AF,PS,party,PS,,733
mapa_1_resultados.xlsx,2056,AL2021,120401,AF,PCP-PEV,coalition,PCP-PEV,,807
mapa_1_resultados.xlsx,2057,AL2021,120402,AF,B.E.,party,B.E.,,3
mapa_1_resultados.xlsx,2057,AL2021,120402,AF,CH,party,CH,,37
mapa_1_resultados.xlsx,2057,AL2021,120402,AF,PS,party,PS,,199
mapa_1_resultados.xlsx,2057,AL2021,120402,AF,PCP-PEV,coalition,PCP-PEV,,109
mapa_1_resultados.xlsx,2058,AL2021,120403,AF,B.E.,party,B.E.,,60
mapa_1_resultados.xlsx,2058,AL2021,120403,AF,PS,party,PS,,1115
mapa_1_resultados.xlsx,2058,AL2021,120403,AF,PCP-PEV,coalition,PCP-PEV,,711
mapa_1_resultados.xlsx,2059,AL2021,120500,CM,CDS-PP,party,CDS-PP,,24
mapa_1_resultados.xlsx,2059,AL2021,120500,CM,PPD/PSD,party,PPD/PSD,,1004
mapa_1_resultados.xlsx,2059,AL2021,120500,CM,PS,party,PS,,839
mapa_1_resultados.xlsx,2059,AL2021,120500,CM,PCP-PEV,coalition,PCP-PEV,,57
mapa_1_resultados.xlsx,2060,AL2021,120500,AM,PPD/PSD,party,PPD/PSD,,960
mapa_1_resultados.xlsx,2060,AL2021,120500,AM,PS,party,PS,,887
mapa_1_resultados.xlsx,2060,AL2021,120500,AM,PCP-PEV,coalition,PCP-PEV,,81
mapa_1_resultados.xlsx,2061,AL2021,120501,AF,PPD/PSD,party,PPD/PSD,,78
mapa_1_resultados.xlsx,2061,AL2021,120501,AF,PS,party,PS,,234
mapa_1_resultados.xlsx,2061,AL2021,120501,AF,PCP-PEV,coalition,PCP-PEV,,18
mapa_1_resultados.xlsx,2062,AL2021,120502,AF,PPD/PSD,party,PPD/PSD,,439
mapa_1_resultados.xlsx,2062,AL2021,120502,AF,PS,party,PS,,447
mapa_1_resultados.xlsx,2062,AL2021,120502,AF,PCP-PEV,coalition,PCP-PEV,,45
mapa_1_resultados.xlsx,2063,AL2021,120503,AF,PPD/PSD,party,PPD/PSD,,129
mapa_1_resultados.xlsx,2063,AL2021,120503,AF,PS,party,PS,,39
mapa_1_resultados.xlsx,2063,AL2021,120503,AF,PCP-PEV,coalition,PCP-PEV,,3
mapa_1_resultados.xlsx,2064,AL2021,120504,AF,PPD/PSD,party,PPD/PSD,,285
mapa_1_resultados.xlsx,2064,AL2021,120504,AF,PS,party,PS,,178
mapa_1_resultados.xlsx,2064,AL2021,120504,AF,PCP-PEV,coalition,PCP-PEV,,17
mapa_1_resultados.xlsx,2065,AL2021,120600,CM,CH,party,CH,,20
mapa_1_resultados.xlsx,2065,AL2021,120600,CM,NC,party,NC,,440
mapa_1_resultados.xlsx,2065,AL2021,120600,CM,PPD/PSD,party,PPD/PSD,,423
mapa_1_resultados.xlsx,2065,AL2021,120600,CM,PS,party,PS,,1009
mapa_1_resultados.xlsx,2065,AL2021,120600,CM,PCP-PEV,coalition,PCP-PEV,,351
mapa_1_resultados.xlsx,2066,AL2021,120600,AM,NC,party,NC,,380
mapa_1_resultados.xlsx,2066,AL2021,120600,AM,PPD/PSD,party,PPD/PSD,,454
mapa_1_resultados.xlsx,2066,AL2021,120600,AM,PS,party,PS,,1023
mapa_1_resultados.xlsx,2066,AL2021,120600,AM,PCP-PEV,coalition,PCP-PEV,,372
mapa_1_resultados.xlsx,2067,AL2021,120601,AF,NC,party,NC,,4
mapa_1_resultados.xlsx,2067,AL2021,120601,AF,PPD/PSD,party,PPD/PSD,,139
mapa_1_resultados.xlsx,2067,AL2021,120601,AF,PS,party,PS,,83
mapa_1_resultados.xlsx,2067,AL2021,120601,AF,PCP-PEV,coalition,PCP-PEV,,10
mapa_1_resultados.xlsx,2068,AL2021,120604,AF,NC,party,NC,,137
mapa_1_resultados.xlsx,2068,AL2021,120604,AF,PPD/PSD,party,PPD/PSD,,82
mapa_1_resultados.xlsx,2068,AL2021,120604,AF,PS,party,PS,,227
mapa_1_resultados.xlsx,2068,AL2021,120604,AF,PCP-PEV,coalition,PCP-PEV,,56
mapa_1_resultados.xlsx,2069,AL2021,120605,AF,NC,party,NC,,4
mapa_1_resultados.xlsx,2069,AL2021,120605,AF,PPD/PSD,party,PPD/PSD,,95
mapa_1_resultados.xlsx,2069,AL2021,120605,AF,PS,party,PS,,44
mapa_1_resultados.xlsx,2069,AL2021,120605,AF,PCP-PEV,coalition,PCP-PEV,,15
mapa_1_resultados.xlsx,2070,AL2021,120607,AF,NC,party,NC,,218
mapa_1_resultados.xlsx,2070,AL2021,120607,AF,PPD/PSD,party,PPD/PSD,,200
mapa_1_resultados.xlsx,2070,AL2021,120607,AF,PS,party,PS,,633
mapa_1_resultados.xlsx,2070,AL2021,120607,AF,PCP-PEV,coalition,PCP-PEV,,290
mapa_1_resultados.xlsx,2071,AL2021,120700,CM,CH,party,CH,,1008
mapa_1_resultados.xlsx,2071,AL2021,120700,CM,PS,party,PS,,3218
mapa_1_resultados.xlsx,2071,AL2021,120700,CM,PCP-PEV,coalition,PCP-PEV,,396
mapa_1_resultados.xlsx,2071,AL2021,120700,CM,[A],coalition,PPD/PSD.CDS-PP,ELVAS SOMOS NÓS,1431
mapa_1_resultados.xlsx,2071,AL2021,120700,CM,[D],citizen_group,MCPE,Movimento Cívico por Elvas,3904
mapa_1_resultados.xlsx,2072,AL2021,120700,AM,CH,party,CH,,1137
mapa_1_resultados.xlsx,2072,AL2021,120700,AM,PS,party,PS,,3148
mapa_1_resultados.xlsx,2072,AL2021,120700,AM,PCP-PEV,coalition,PCP-PEV,,459
mapa_1_resultados.xlsx,2072,AL2021,120700,AM,[A],coalition,PPD/PSD.CDS-PP,ELVAS SOMOS NÓS,1520
mapa_1_resultados.xlsx,2072,AL2021,120700,AM,[D],citizen_group,MCPE,Movimento Cívico por Elvas,3677
mapa_1_resultados.xlsx,2073,AL2021,120706,AF,PS,party,PS,,248
mapa_1_resultados.xlsx,2073,AL2021,120706,AF,PCP-PEV,coalition,PCP-PEV,,13
mapa_1_resultados.xlsx,2073,AL2021,120706,AF,[A],coalition,PPD/PSD.CDS-PP,ELVAS SOMOS NÓS,40
mapa_1_resultados.xlsx,2073,AL2021,120706,AF,[D],citizen_group,MCPE,Movimento Cívico por Elvas,296
mapa_1_resultados.xlsx,2074,AL2021,120707,AF,CH,party,CH,,94
mapa_1_resultados.xlsx,2074,AL2021,120707,AF,PS,party,PS,,434
mapa_1_resultados.xlsx,2074,AL2021,120707,AF,PCP-PEV,coalition,PCP-PEV,,18
mapa_1_resultados.xlsx,2074,AL2021,120707,AF,[A],coalition,PPD/PSD.CDS-PP,ELVAS SOMOS NÓS,87
mapa_1_resultados.xlsx,2074,AL2021,120707,AF,[D],citizen_group,MCPE,Movimento Cívico por Elvas,194
mapa_1_resultados.xlsx,2075,AL2021,120708,AF,CH,party,CH,,29
mapa_1_resultados.xlsx,2075,AL2021,120708,AF,PS,party,PS,,302
mapa_1_resultados.xlsx,2075,AL2021,120708,AF,PCP-PEV,coalition,PCP-PEV,,16
mapa_1_resultados.xlsx,2075,AL2021,120708,AF,[A],coalition,PPD/PSD.CDS-PP,ELVAS SOMOS NÓS,38
mapa_1_resultados.xlsx,2075,AL2021,120708,AF,[D],citizen_group,MCPE,Movimento Cívico por Elvas,72
mapa_1_resultados.xlsx,2076,AL2021,120712,AF,CH,party,CH,,477
mapa_1_resultados.xlsx,2076,AL2021,120712,AF,PS,party,PS,,1370
mapa_1_resultados.xlsx,2076,AL2021,120712,AF,PCP-PEV,coalition,PCP-PEV,,211
mapa_1_resultados.xlsx,2076,AL2021,120712,AF,[A],coalition,PPD/PSD.CDS-PP,ELVAS SOMOS NÓS,720
mapa_1_resultados.xlsx,2076,AL2021,120712,AF,[D],citizen_group,MCPE,Movimento Cívico por Elvas,1421
mapa_1_resultados.xlsx,2077,AL2021,120713,AF,PS,party,PS,,750
mapa_1_resultados.xlsx,2077,AL2021,120713,AF,PCP-PEV,coalition,PCP-PEV,,93
mapa_1_resultados.xlsx,2077,AL2021,120713,AF,[A],coalition,PPD/PSD.CDS-PP,ELVAS SOMOS NÓS,249
mapa_1_resultados.xlsx,2077,AL2021,120713,AF,[D],citizen_group,MCPE,Movimento Cívico por Elvas,1115
mapa_1_resultados.xlsx,2078,AL2021,120714,AF,CH,party,CH,,21
mapa_1_resultados.xlsx,2078,AL2021,120714,AF,PS,party,PS,,158
mapa_1_resultados.xlsx,2078,AL2021,120714,AF,PCP-PEV,coalition,PCP-PEV,,29
mapa_1_resultados.xlsx,2078,AL2021,120714,AF,[A],coalition,PPD/PSD.CDS-PP,ELVAS SOMOS NÓS,59
mapa_1_resultados.xlsx,2078,AL2021,120714,AF,[D],citizen_group,MCPE,Movimento Cívico por Elvas,162
mapa_1_resultados.xlsx,2079,AL2021,120715,AF,CH,party,CH,,61
mapa_1_resultados.xlsx,2079,AL2021,120715,AF,PS,party,PS,,413
mapa_1_resultados.xlsx,2079,AL2021,120715,AF,PCP-PEV,coalition,PCP-PEV,,175
mapa_1_resultados.xlsx,2079,AL2021,120715,AF,[A],coalition,PPD/PSD.CDS-PP,ELVAS SOMOS NÓS,86
mapa_1_resultados.xlsx,2079,AL2021,120715,AF,[D],citizen_group,MCPE,Movimento Cívico por Elvas,470
mapa_1_resultados.xlsx,2080,AL2021,120800,CM,CH,party,CH,,157
mapa_1_resultados.xlsx,2080,AL2021,120800,CM,PPD/PSD,party,PPD/PSD,,1082
mapa_1_resultados.xlsx,2080,AL2021,120800,CM,PS,party,PS,,413
mapa_1_resultados.xlsx,2080,AL2021,120800,CM,PCP-PEV,coalition,PCP-PEV,,101
mapa_1_resultados.xlsx,2081,AL2021,120800,AM,CH,party,CH,,152
mapa_1_resultados.xlsx,2081,AL2021,120800,AM,PPD/PSD,party,PPD/PSD,,1107
mapa_1_resultados.xlsx,2081,AL2021,120800,AM,PS,party,PS,,368
mapa_1_resultados.xlsx,2081,AL2021,120800,AM,PCP-PEV,coalition,PCP-PEV,,117
mapa_1_resultados.xlsx,2082,AL2021,120801,AF,CH,party,CH,,30
mapa_1_resultados.xlsx,2082,AL2021,120801,AF,PPD/PSD,party,PPD/PSD,,313
mapa_1_resultados.xlsx,2082,AL2021,120801,AF,PS,party,PS,,101
mapa_1_resultados.xlsx,2082,AL2021,120801,AF,PCP-PEV,coalition,PCP-PEV,,52
mapa_1_resultados.xlsx,2083,AL2021,120802,AF,CH,party,CH,,42
mapa_1_resultados.xlsx,2083,AL2021,120802,AF,PPD/PSD,party,PPD/PSD,,374
mapa_1_resultados.xlsx,2083,AL2021,120802,AF,PS,party,PS,,105
mapa_1_resultados.xlsx,2083,AL2021,120802,AF,PCP-PEV,coalition,PCP-PEV,,68
mapa_1_resultados.xlsx,2083,AL2021,120802,AF,[A],coalition,MPT.PDR,VALORIZAR FRONTEIRA,531
mapa_1_resultados.xlsx,2084,AL2021,120803,AF,PPD/PSD,party,PPD/PSD,,99
mapa_1_resultados.xlsx,2084,AL2021,120803,AF,PS,party,PS,,55
mapa_1_resultados.xlsx,2084,AL2021,120803,AF,PCP-PEV,coalition,PCP-PEV,,18
mapa_1_resultados.xlsx,2085,AL2021,120900,CM,CH,party,CH,,82
mapa_1_resultados.xlsx,2085,AL2021,120900,CM,PPD/PSD,party,PPD/PSD,,451
mapa_1_resultados.xlsx,2085,AL2021,120900,CM,PS,party,PS,,1051
mapa_1_resultados.xlsx,2085,AL2021,120900,CM,PCP-PEV,coalition,PCP-PEV,,546
mapa_1_resultados.xlsx,2086,AL2021,120900,AM,CH,party,CH,,126
mapa_1_resultados.xlsx,2086,AL2021,120900,AM,PPD/PSD,party,PPD/PSD,,487
mapa_1_resultados.xlsx,2086,AL2021,120900,AM,PS,party,PS,,1069
mapa_1_resultados.xlsx,2086,AL2021,120900,AM,PCP-PEV,coalition,PCP-PEV,,467
mapa_1_resultados.xlsx,2087,AL2021,120902,AF,PS,party,PS,,280
mapa_1_resultados.xlsx,2087,AL2021,120902,AF,PCP-PEV,coalition,PCP-PEV,,88
mapa_1_resultados.xlsx,2088,AL2021,120903,AF,PPD/PSD,party,PPD/PSD,,20
mapa_1_resultados.xlsx,2088,AL2021,120903,AF,PS,party,PS,,212
mapa_1_resultados.xlsx,2088,AL2021,120903,AF,PCP-PEV,coalition,PCP-PEV,,236
mapa_1_resultados.xlsx,2089,AL2021,120905,AF,PPD/PSD,party,PPD/PSD,,78
mapa_1_resultados.xlsx,2089,AL2021,120905,AF,PS,party,PS,,171
mapa_1_resultados.xlsx,2089,AL2021,120905,AF,PCP-PEV,coalition,PCP-PEV,,106
mapa_1_resultados.xlsx,2090,AL2021,120906,AF,CH,party,CH,,168
mapa_1_resultados.xlsx,2090,AL2021,120906,AF,PPD/PSD,party,PPD/PSD,,216
mapa_1_resultados.xlsx,2090,AL2021,120906,AF,PS,party,PS,,490
mapa_1_resultados.xlsx,2090,AL2021,120906,AF,PCP-PEV,coalition,PCP-PEV,,102
mapa_1_resultados.xlsx,2091,AL2021,121000,CM,CH,party,CH,,41
mapa_1_resultados.xlsx,2091,AL2021,121000,CM,PS,party,PS,,912
mapa_1_resultados.xlsx,2091,AL2021,121000,CM,PCP-PEV,coalition,PCP-PEV,,52
mapa_1_resultados.xlsx,2091,AL2021,121000,CM,[A],coalition,PPD/PSD.CDS-PP,MARVÃO À FRENTE,989
mapa_1_resultados.xlsx,2092,AL2021,121000,AM,CH,party,CH,,48
mapa_1_resultados.xlsx,2092,AL2021,121000,AM,PS,party,PS,,1032
mapa_1_resultados.xlsx,2092,AL2021,121000,AM,PCP-PEV,coalition,PCP-PEV,,57
mapa_1_resultados.xlsx,2092,AL2021,121000,AM,[A],coalition,PPD/PSD.CDS-PP,MARVÃO À FRENTE,854
mapa_1_resultados.xlsx,2093,AL2021,121001,AF,PS,party,PS,,103
mapa_1_resultados.xlsx,2093,AL2021,121001,AF,PCP-PEV,coalition,PCP-PEV,,2
mapa_1_resultados.xlsx,2093,AL2021,121001,AF,[A],coalition,PPD/PSD.CDS-PP,MARVÃO À FRENTE,201
mapa_1_resultados.xlsx,2094,AL2021,121002,AF,PS,party,PS,,166
mapa_1_resultados.xlsx,2094,AL2021,121002,AF,PCP-PEV,coalition,PCP-PEV,,8
mapa_1_resultados.xlsx,2094,AL2021,121002,AF,[A],coalition,PPD/PSD.CDS-PP,MARVÃO À FRENTE,70
mapa_1_resultados.xlsx,2095,AL2021,121003,AF,PS,party,PS,,324
mapa_1_resultados.xlsx,2095,AL2021,121003,AF,PCP-PEV,coalition,PCP-PEV,,34
mapa_1_resultados.xlsx,2095,AL2021,121003,AF,[A],coalition,PPD/PSD.CDS-PP,MARVÃO À FRENTE,317
mapa_1_resultados.xlsx,2096,AL2021,121004,AF,PS,party,PS,,476
mapa_1_resultados.xlsx,2096,AL2021,121004,AF,PCP-PEV,coalition,PCP-PEV,,16
mapa_1_resultados.xlsx,2096,AL2021,121004,AF,[A],coalition,PPD/PSD.CDS-PP,MARVÃO À FRENTE,277
mapa_1_resultados.xlsx,2097,AL2021,121100,CM,CH,party,CH,,128
mapa_1_resultados.xlsx,2097,AL2021,121100,CM,PPD/PSD,party,PPD/PSD,,94
mapa_1_resultados.xlsx,2097,AL2021,121100,CM,PS,party,PS,,402
mapa_1_resultados.xlsx,2097,AL2021,121100,CM,PCP-PEV,coalition,PCP-PEV,,1119
mapa_1_resultados.xlsx,2098,AL2021,121100,AM,CH,party,CH,,130
mapa_1_resultados.xlsx,2098,AL2021,121100,AM,PPD/PSD,party,PPD/PSD,,156
mapa_1_resultados.xlsx,2098,AL2021,121100,AM,PS,party,PS,,442
mapa_1_resultados.xlsx,2098,AL2021,121100,AM,PCP-PEV,coalition,PCP-PEV,,997
mapa_1_resultados.xlsx,2099,AL2021,121101,AF,PPD/PSD,party,PPD/PSD,,23
mapa_1_resultados.xlsx,2099,AL2021,121101,AF,PS,party,PS,,138
mapa_1_resultados.xlsx,2099,AL2021,121101,AF,PCP-PEV,coalition,PCP-PEV,,139
mapa_1_resultados.xlsx,2100,AL2021,121102,AF,PS,party,PS,,207
mapa_1_resultados.xlsx,2100,AL2021,121102,AF,PCP-PEV,coalition,PCP-PEV,,498
mapa_1_resultados.xlsx,2101,AL2021,121103,AF,PPD/PSD,party,PPD/PSD,,54
mapa_1_resultados.xlsx,2101,AL2021,121103,AF,PS,party,PS,,102
mapa_1_resultados.xlsx,2101,AL2021,121103,AF,PCP-PEV,coalition,PCP-PEV,,172
mapa_1_resultados.xlsx,2102,AL2021,121104,AF,PS,party,PS,,136
mapa_1_resultados.xlsx,2102,AL2021,121104,AF,PCP-PEV,coalition,PCP-PEV,,214
mapa_1_resultados.xlsx,2103,AL2021,121200,CM,CH,party,CH,,157
mapa_1_resultados.xlsx,2103,AL2021,121200,CM,PPD/PSD,party,PPD/PSD,,549
mapa_1_resultados.xlsx,2103,AL2021,121200,CM,PS,party,PS,,2071
mapa_1_resultados.xlsx,2103,AL2021,121200,CM,PCP-PEV,coalition,PCP-PEV,,906
mapa_1_resultados.xlsx,2104,AL2021,121200,AM,CH,party,CH,,159
mapa_1_resultados.xlsx,2104,AL2021,121200,AM,PPD/PSD,party,PPD/PSD,,712
mapa_1_resultados.xlsx,2104,AL2021,121200,AM,PS,party,PS,,1873
mapa_1_resultados.xlsx,2104,AL2021,121200,AM,PCP-PEV,coalition,PCP-PEV,,907
mapa_1_resultados.xlsx,2105,AL2021,121201,AF,PPD/PSD,party,PPD/PSD,,133
mapa_1_resultados.xlsx,2105,AL2021,121201,AF,PS,party,PS,,412
mapa_1_resultados.xlsx,2105,AL2021,121201,AF,PCP-PEV,coalition,PCP-PEV,,83
mapa_1_resultados.xlsx,2106,AL2021,121205,AF,PPD/PSD,party,PPD/PSD,,19
mapa_1_resultados.xlsx,2106,AL2021,121205,AF,PS,party,PS,,129
mapa_1_resultados.xlsx,2106,AL2021,121205,AF,PCP-PEV,coalition,PCP-PEV,,75
mapa_1_resultados.xlsx,2107,AL2021,121207,AF,PS,party,PS,,116
mapa_1_resultados.xlsx,2107,AL2021,121207,AF,PCP-PEV,coalition,PCP-PEV,,54
mapa_1_resultados.xlsx,2108,AL2021,121208,AF,PPD/PSD,party,PPD/PSD,,50
mapa_1_resultados.xlsx,2108,AL2021,121208,AF,PS,party,PS,,85
mapa_1_resultados.xlsx,2108,AL2021,121208,AF,PCP-PEV,coalition,PCP-PEV,,18
mapa_1_resultados.xlsx,2109,AL2021,121210,AF,PPD/PSD,party,PPD/PSD,,81
mapa_1_resultados.xlsx,2109,AL2021,121210,AF,PS,party,PS,,311
mapa_1_resultados.xlsx,2109,AL2021,121210,AF,PCP-PEV,coalition,PCP-PEV,,116
mapa_1_resultados.xlsx,2110,AL2021,121211,AF,PPD/PSD,party,PPD/PSD,,46
mapa_1_resultados.xlsx,2110,AL2021,121211,AF,PS,party,PS,,141
mapa_1_resultados.xlsx,2110,AL2021,121211,AF,PCP-PEV,coalition,PCP-PEV,,47
mapa_1_resultados.xlsx,2111,AL2021,121212,AF,CH,party,CH,,49
mapa_1_resultados.xlsx,2111,AL2021,121212,AF,PPD/PSD,party,PPD/PSD,,166
mapa_1_resultados.xlsx,2111,AL2021,121212,AF,PS,party,PS,,540
mapa_1_resultados.xlsx,2111,AL2021,121212,AF,PCP-PEV,coalition,PCP-PEV,,1005
mapa_1_resultados.xlsx,2112,AL2021,121300,CM,B.E.,party,B.E.,,244
mapa_1_resultados.xlsx,2112,AL2021,121300,CM,CH,party,CH,,513
mapa_1_resultados.xlsx,2112,AL2021,121300,CM,PS,party,PS,,4559
mapa_1_resultados.xlsx,2112,AL2021,121300,CM,PCP-PEV,coalition,PCP-PEV,,1020
mapa_1_resultados.xlsx,2112,AL2021,121300,CM,[A],coalition,[A],,447
mapa_1_resultados.xlsx,2113,AL2021,121300,AM,B.E.,party,B.E.,,308
mapa_1_resultados.xlsx,2113,AL2021,121300,AM,CH,party,CH,,534
mapa_1_resultados.xlsx,2113,AL2021,121300,AM,PS,party,PS,,4253
mapa_1_resultados.xlsx,2113,AL2021,121300,AM,PCP-PEV,coalition,PCP-PEV,,1101
mapa_1_resultados.xlsx,2113,AL2021,121300,AM,[A],coalition,[A],,573
mapa_1_resultados.xlsx,2114,AL2021,121301,AF,PS,party,PS,,254
mapa_1_resultados.xlsx,2114,AL2021,121301,AF,PCP-PEV,coalition,PCP-PEV,,289
mapa_1_resultados.xlsx,2115,AL2021,121302,AF,B.E.,party,B.E.,,24
mapa_1_resultados.xlsx,2115,AL2021,121302,AF,PS,party,PS,,446
mapa_1_resultados.xlsx,2115,AL2021,121302,AF,PCP-PEV,coalition,PCP-PEV,,266
mapa_1_resultados.xlsx,2115,AL2021,121302,AF,[A],coalition,PPD/PSD.CDS-PP,"SIM, É POSSÍVEL FAZER MELHOR!",64
mapa_1_resultados.xlsx,2116,AL2021,121304,AF,PS,party,PS,,250
mapa_1_resultados.xlsx,2116,AL2021,121304,AF,PCP-PEV,coalition,PCP-PEV,,237
mapa_1_resultados.xlsx,2117,AL2021,121305,AF,PS,party,PS,,395
mapa_1_resultados.xlsx,2117,AL2021,121305,AF,PCP-PEV,coalition,PCP-PEV,,80
mapa_1_resultados.xlsx,2117,AL2021,121305,AF,[A],coalition,PPD/PSD.CDS-PP,"SIM, É POSSÍVEL FAZER MELHOR!",67
mapa_1_resultados.xlsx,2118,AL2021,121308,AF,B.E.,party,B.E.,,238
mapa_1_resultados.xlsx,2118,AL2021,121308,AF,PS,party,PS,,2963
mapa_1_resultados.xlsx,2118,AL2021,121308,AF,PCP-PEV,coalition,PCP-PEV,,529
mapa_1_resultados.xlsx,2118,AL2021,121308,AF,[A],coalition,PPD/PSD.CDS-PP,"SIM, É POSSÍVEL FAZER MELHOR!",582
mapa_1_resultados.xlsx,2119,AL2021,121400,CM,B.E.,party,B.E.,,53
mapa_1_resultados.xlsx,2119,AL2021,121400,CM,CH,party,CH,,253
mapa_1_resultados.xlsx,2119,AL2021,121400,CM,PS,party,PS,,3297
mapa_1_resultados.xlsx,2119,AL2021,121400,CM,PCP-PEV,coalition,PCP-PEV,,853
mapa_1_resultados.xlsx,2119,AL2021,121400,CM,[A],coalition,PPD/PSD.CDS-PP,POR PORTALEGRE,4993
mapa_1_resultados.xlsx,2119,AL2021,121400,CM,[D],citizen_group,CLIP,Candidatura Livre Independente por Portalegre,3268
mapa_1_resultados.xlsx,2120,AL2021,121400,AM,B.E.,party,B.E.,,85
mapa_1_resultados.xlsx,2120,AL2021,121400,AM,CH,party,CH,,389
mapa_1_resultados.xlsx,2120,AL2021,121400,AM,PS,party,PS,,3671
mapa_1_resultados.xlsx,2120,AL2021,121400,AM,PCP-PEV,coalition,PCP-PEV,,1028
mapa_1_resultados.xlsx,2120,AL2021,121400,AM,[A],coalition,PPD/PSD.CDS-PP,POR PORTALEGRE,4476
mapa_1_resultados.xlsx,2120,AL2021,121400,AM,[D],citizen_group,CLIP,Candidatura Livre Independente por Portalegre,3004
mapa_1_resultados.xlsx,2121,AL2021,121401,AF,PS,party,PS,,160
mapa_1_resultados.xlsx,2121,AL2021,121401,AF,PCP-PEV,coalition,PCP-PEV,,4
mapa_1_resultados.xlsx,2121,AL2021,121401,AF,[A],coalition,PPD/PSD.CDS-PP,POR PORTALEGRE,45
mapa_1_resultados.xlsx,2121,AL2021,121401,AF,[D],citizen_group,CLIP,Candidatura Livre Independente por Portalegre,161
mapa_1_resultados.xlsx,2122,AL2021,121402,AF,PS,party,PS,,268
mapa_1_resultados.xlsx,2122,AL2021,121402,AF,PCP-PEV,coalition,PCP-PEV,,18
mapa_1_resultados.xlsx,2122,AL2021,121402,AF,[A],coalition,PPD/PSD.CDS-PP,POR PORTALEGRE,280
mapa_1_resultados.xlsx,2122,AL2021,121402,AF,[D],citizen_group,CLIP,Candidatura Livre Independente por Portalegre,319
mapa_1_resultados.xlsx,2123,AL2021,121404,AF,PS,party,PS,,196
mapa_1_resultados.xlsx,2123,AL2021,121404,AF,PCP-PEV,coalition,PCP-PEV,,57
mapa_1_resultados.xlsx,2123,AL2021,121404,AF,[A],coalition,PPD/PSD.CDS-PP,POR PORTALEGRE,499
mapa_1_resultados.xlsx,2123,AL2021,121404,AF,[D],citizen_group,CLIP,Candidatura Livre Independente por Portalegre,239
mapa_1_resultados.xlsx,2124,AL2021,121410,AF,PS,party,PS,,509
mapa_1_resultados.xlsx,2124,AL2021,121410,AF,PCP-PEV,coalition,PCP-PEV,,17
mapa_1_resultados.xlsx,2124,AL2021,121410,AF,[A],coalition,PPD/PSD.CDS-PP,POR PORTALEGRE,407
mapa_1_resultados.xlsx,2124,AL2021,121410,AF,[D],citizen_group,CLIP,Candidatura Livre Independente por Portalegre,102
mapa_1_resultados.xlsx,2125,AL2021,121411,AF,B.E.,party,B.E.,,59
mapa_1_resultados.xlsx,2125,AL2021,121411,AF,CH,party,CH,,218
mapa_1_resultados.xlsx,2125,AL2021,121411,AF,PS,party,PS,,2276
mapa_1_resultados.xlsx,2125,AL2021,121411,AF,PCP-PEV,coalition,PCP-PEV,,855
mapa_1_resultados.xlsx,2125,AL2021,121411,AF,[A],coalition,PPD/PSD.CDS-PP,POR PORTALEGRE,2526
mapa_1_resultados.xlsx,2125,AL2021,121411,AF,[D],citizen_group,CLIP,Candidatura Livre Independente por Portalegre,1861
mapa_1_resultados.xlsx,2126,AL2021,121412,AF,PS,party,PS,,134
mapa_1_resultados.xlsx,2126,AL2021,121412,AF,PCP-PEV,coalition,PCP-PEV,,9
mapa_1_resultados.xlsx,2126,AL2021,121412,AF,[A],coalition,PPD/PSD.CDS-PP,POR PORTALEGRE,127
mapa_1_resultados.xlsx,2126,AL2021,121412,AF,[D],citizen_group,CLIP,Candidatura Livre Independente por Portalegre,271
mapa_1_resultados.xlsx,2127,AL2021,121413,AF,PS,party,PS,,229
mapa_1_resultados.xlsx,2127,AL2021,121413,AF,PCP-PEV,coalition,PCP-PEV,,56
mapa_1_resultados.xlsx,2127,AL2021,121413,AF,[A],coalition,PPD/PSD.CDS-PP,POR PORTALEGRE,284
mapa_1_resultados.xlsx,2127,AL2021,121413,AF,[D],citizen_group,CLIP,Candidatura Livre Independente por Portalegre,459
mapa_1_resultados.xlsx,2128,AL2021,121500,CM,CH,party,CH,,74
mapa_1_resultados.xlsx,2128,AL2021,121500,CM,PPD/PSD,party,PPD/PSD,,787
mapa_1_resultados.xlsx,2128,AL2021,121500,CM,PS,party,PS,,1769
mapa_1_resultados.xlsx,2128,AL2021,121500,CM,PCP-PEV,coalition,PCP-PEV,,123
mapa_1_resultados.xlsx,2129,AL2021,121500,AM,CH,party,CH,,108
mapa_1_resultados.xlsx,2129,AL2021,121500,AM,PPD/PSD,party,PPD/PSD,,764
mapa_1_resultados.xlsx,2129,AL2021,121500,AM,PS,party,PS,,1656
mapa_1_resultados.xlsx,2129,AL2021,121500,AM,PCP-PEV,coalition,PCP-PEV,,203
mapa_1_resultados.xlsx,2130,AL2021,121501,AF,PPD/PSD,party,PPD/PSD,,292
mapa_1_resultados.xlsx,2130,AL2021,121501,AF,PS,party,PS,,334
mapa_1_resultados.xlsx,2130,AL2021,121501,AF,PCP-PEV,coalition,PCP-PEV,,25
mapa_1_resultados.xlsx,2131,AL2021,121502,AF,PPD/PSD,party,PPD/PSD,,188
mapa_1_resultados.xlsx,2131,AL2021,121502,AF,PS,party,PS,,359
mapa_1_resultados.xlsx,2131,AL2021,121502,AF,PCP-PEV,coalition,PCP-PEV,,61
mapa_1_resultados.xlsx,2132,AL2021,121503,AF,PPD/PSD,party,PPD/PSD,,228
mapa_1_resultados.xlsx,2132,AL2021,121503,AF,PS,party,PS,,159
mapa_1_resultados.xlsx,2132,AL2021,121503,AF,PCP-PEV,coalition,PCP-PEV,,14
mapa_1_resultados.xlsx,2133,AL2021,121504,AF,CH,party,CH,,29
mapa_1_resultados.xlsx,2133,AL2021,121504,AF,PPD/PSD,party,PPD/PSD,,372
mapa_1_resultados.xlsx,2133,AL2021,121504,AF,PS,party,PS,,605
mapa_1_resultados.xlsx,2133,AL2021,121504,AF,PCP-PEV,coalition,PCP-PEV,,80
mapa_1_resultados.xlsx,2135,AL2021,130100,CM,A,party,A,,16226
mapa_1_resultados.xlsx,2135,AL2021,130100,CM,B.E.,party,B.E.,,659
mapa_1_resultados.xlsx,2135,AL2021,130100,CM,CH,party,CH,,623
mapa_1_resultados.xlsx,2135,AL2021,130100,CM,PS,party,PS,,12046
mapa_1_resultados.xlsx,2135,AL2021,130100,CM,PCP-PEV,coalition,PCP-PEV,,511
mapa_1_resultados.xlsx,2136,AL2021,130100,AM,A,party,A,,15136
mapa_1_resultados.xlsx,2136,AL2021,130100,AM,B.E.,party,B.E.,,831
mapa_1_resultados.xlsx,2136,AL2021,130100,AM,CH,party,CH,,771
mapa_1_resultados.xlsx,2136,AL2021,130100,AM,PS,party,PS,,12632
mapa_1_resultados.xlsx,2136,AL2021,130100,AM,PCP-PEV,coalition,PCP-PEV,,628
mapa_1_resultados.xlsx,2137,AL2021,130103,AF,PCP-PEV,coalition,PCP-PEV,,73
mapa_1_resultados.xlsx,2137,AL2021,130103,AF,[D],citizen_group,JPA,Grupo de Cidadãos Eleitores- Juntos por Ansiães-JPA,197
mapa_1_resultados.xlsx,2138,AL2021,130107,AF,A,party,A,,196
mapa_1_resultados.xlsx,2138,AL2021,130107,AF,PS,party,PS,,222
mapa_1_resultados.xlsx,2138,AL2021,130107,AF,PCP-PEV,coalition,PCP-PEV,,7
mapa_1_resultados.xlsx,2139,AL2021,130112,AF,A,party,A,,437
mapa_1_resultados.xlsx,2139,AL2021,130112,AF,PS,party,PS,,824
mapa_1_resultados.xlsx,2140,AL2021,130115,AF,A,party,A,,293
mapa_1_resultados.xlsx,2140,AL2021,130115,AF,PS,party,PS,,194
mapa_1_resultados.xlsx,2141,AL2021,130117,AF,A,party,A,,425
mapa_1_resultados.xlsx,2141,AL2021,130117,AF,PS,party,PS,,566
mapa_1_resultados.xlsx,2142,AL2021,130118,AF,A,party,A,,222
mapa_1_resultados.xlsx,2142,AL2021,130118,AF,PS,party,PS,,204
mapa_1_resultados.xlsx,2143,AL2021,130119,AF,A,party,A,,264
mapa_1_resultados.xlsx,2143,AL2021,130119,AF,PS,party,PS,,276
mapa_1_resultados.xlsx,2144,AL2021,130120,AF,PPD/PSD,party,PPD/PSD,,105
mapa_1_resultados.xlsx,2144,AL2021,130120,AF,PS,party,PS,,337
mapa_1_resultados.xlsx,2145,AL2021,130121,AF,A,party,A,,450
mapa_1_resultados.xlsx,2145,AL2021,130121,AF,PS,party,PS,,618
mapa_1_resultados.xlsx,2145,AL2021,130121,AF,PCP-PEV,coalition,PCP-PEV,,30
mapa_1_resultados.xlsx,2146,AL2021,130123,AF,A,party,A,,771
mapa_1_resultados.xlsx,2146,AL2021,130123,AF,PS,party,PS,,895
mapa_1_resultados.xlsx,2146,AL2021,130123,AF,PCP-PEV,coalition,PCP-PEV,,31
mapa_1_resultados.xlsx,2147,AL2021,130126,AF,A,party,A,,149
mapa_1_resultados.xlsx,2147,AL2021,130126,AF,PS,party,PS,,268
mapa_1_resultados.xlsx,2147,AL2021,130126,AF,PCP-PEV,coalition,PCP-PEV,,12
mapa_1_resultados.xlsx,2148,AL2021,130128,AF,A,party,A,,123
mapa_1_resultados.xlsx,2148,AL2021,130128,AF,CH,party,CH,,3
mapa_1_resultados.xlsx,2148,AL2021,130128,AF,PS,party,PS,,77
mapa_1_resultados.xlsx,2149,AL2021,130129,AF,A,party,A,,382
mapa_1_resultados.xlsx,2149,AL2021,130129,AF,PS,party,PS,,219
mapa_1_resultados.xlsx,2150,AL2021,130134,AF,A,party,A,,229
mapa_1_resultados.xlsx,2150,AL2021,130134,AF,PS,party,PS,,193
mapa_1_resultados.xlsx,2151,AL2021,130135,AF,A,party,A,,1049
mapa_1_resultados.xlsx,2151,AL2021,130135,AF,CH,party,CH,,74
mapa_1_resultados.xlsx,2151,AL2021,130135,AF,PS,party,PS,,951
mapa_1_resultados.xlsx,2151,AL2021,130135,AF,PCP-PEV,coalition,PCP-PEV,,83
mapa_1_resultados.xlsx,2152,AL2021,130136,AF,A,party,A,,566
mapa_1_resultados.xlsx,2152,AL2021,130136,AF,CH,party,CH,,102
mapa_1_resultados.xlsx,2152,AL2021,130136,AF,PS,party,PS,,418
mapa_1_resultados.xlsx,2153,AL2021,130138,AF,A,party,A,,802
mapa_1_resultados.xlsx,2153,AL2021,130138,AF,B.E.,party,B.E.,,109
mapa_1_resultados.xlsx,2153,AL2021,130138,AF,PS,party,PS,,799
mapa_1_resultados.xlsx,2153,AL2021,130138,AF,PCP-PEV,coalition,PCP-PEV,,31
mapa_1_resultados.xlsx,2154,AL2021,130139,AF,A,party,A,,349
mapa_1_resultados.xlsx,2154,AL2021,130139,AF,PS,party,PS,,268
mapa_1_resultados.xlsx,2155,AL2021,130141,AF,A,party,A,,308
mapa_1_resultados.xlsx,2155,AL2021,130141,AF,PS,party,PS,,630
mapa_1_resultados.xlsx,2156,AL2021,130142,AF,A,party,A,,2658
mapa_1_resultados.xlsx,2156,AL2021,130142,AF,B.E.,party,B.E.,,317
mapa_1_resultados.xlsx,2156,AL2021,130142,AF,CH,party,CH,,115
mapa_1_resultados.xlsx,2156,AL2021,130142,AF,PS,party,PS,,2838
mapa_1_resultados.xlsx,2156,AL2021,130142,AF,PCP-PEV,coalition,PCP-PEV,,187
mapa_1_resultados.xlsx,2157,AL2021,130143,AF,A,party,A,,354
mapa_1_resultados.xlsx,2158,AL2021,130144,AF,A,party,A,,1069
mapa_1_resultados.xlsx,2158,AL2021,130144,AF,CH,party,CH,,58
mapa_1_resultados.xlsx,2158,AL2021,130144,AF,PS,party,PS,,758
mapa_1_resultados.xlsx,2158,AL2021,130144,AF,PCP-PEV,coalition,PCP-PEV,,33
mapa_1_resultados.xlsx,2159,AL2021,130145,AF,A,party,A,,551
mapa_1_resultados.xlsx,2159,AL2021,130145,AF,CH,party,CH,,107
mapa_1_resultados.xlsx,2159,AL2021,130145,AF,PS,party,PS,,998
mapa_1_resultados.xlsx,2159,AL2021,130145,AF,PCP-PEV,coalition,PCP-PEV,,36
mapa_1_resultados.xlsx,2160,AL2021,130146,AF,A,party,A,,205
mapa_1_resultados.xlsx,2160,AL2021,130146,AF,PS,party,PS,,170
mapa_1_resultados.xlsx,2161,AL2021,130147,AF,A,party,A,,1085
mapa_1_resultados.xlsx,2161,AL2021,130147,AF,CH,party,CH,,30
mapa_1_resultados.xlsx,2161,AL2021,130147,AF,PS,party,PS,,1439
mapa_1_resultados.xlsx,2161,AL2021,130147,AF,PCP-PEV,coalition,PCP-PEV,,57
mapa_1_resultados.xlsx,2162,AL2021,130148,AF,A,party,A,,672
mapa_1_resultados.xlsx,2162,AL2021,130148,AF,PS,party,PS,,313
mapa_1_resultados.xlsx,2163,AL2021,130200,CM,CH,party,CH,,294
mapa_1_resultados.xlsx,2163,AL2021,130200,CM,PS,party,PS,,6927
mapa_1_resultados.xlsx,2163,AL2021,130200,CM,PCP-PEV,coalition,PCP-PEV,,136
mapa_1_resultados.xlsx,2163,AL2021,130200,CM,[A],coalition,PPD/PSD.CDS-PP,COM DETERMINAÇÃO POR BAIÃO,3692
mapa_1_resultados.xlsx,2164,AL2021,130200,AM,CH,party,CH,,336
mapa_1_resultados.xlsx,2164,AL2021,130200,AM,PS,party,PS,,6931
mapa_1_resultados.xlsx,2164,AL2021,130200,AM,PCP-PEV,coalition,PCP-PEV,,208
mapa_1_resultados.xlsx,2164,AL2021,130200,AM,[A],coalition,PPD/PSD.CDS-PP,COM DETERMINAÇÃO POR BAIÃO,3564
mapa_1_resultados.xlsx,2165,AL2021,130204,AF,PS,party,PS,,267
mapa_1_resultados.xlsx,2165,AL2021,130204,AF,PCP-PEV,coalition,PCP-PEV,,3
mapa_1_resultados.xlsx,2165,AL2021,130204,AF,[A],coalition,PPD/PSD.CDS-PP,COM DETERMINAÇÃO POR BAIÃO,131
mapa_1_resultados.xlsx,2166,AL2021,130205,AF,CH,party,CH,,28
mapa_1_resultados.xlsx,2166,AL2021,130205,AF,PS,party,PS,,477
mapa_1_resultados.xlsx,2166,AL2021,130205,AF,PCP-PEV,coalition,PCP-PEV,,5
mapa_1_resultados.xlsx,2166,AL2021,130205,AF,[A],coalition,PPD/PSD.CDS-PP,COM DETERMINAÇÃO POR BAIÃO,159
mapa_1_resultados.xlsx,2167,AL2021,130206,AF,PS,party,PS,,566
mapa_1_resultados.xlsx,2167,AL2021,130206,AF,[A],coalition,PPD/PSD.CDS-PP,COM DETERMINAÇÃO POR BAIÃO,427
mapa_1_resultados.xlsx,2168,AL2021,130207,AF,CH,party,CH,,15
mapa_1_resultados.xlsx,2168,AL2021,130207,AF,PS,party,PS,,156
mapa_1_resultados.xlsx,2168,AL2021,130207,AF,[A],coalition,PPD/PSD.CDS-PP,COM DETERMINAÇÃO POR BAIÃO,192
mapa_1_resultados.xlsx,2169,AL2021,130208,AF,PS,party,PS,,131
mapa_1_resultados.xlsx,2169,AL2021,130208,AF,[A],coalition,PPD/PSD.CDS-PP,COM DETERMINAÇÃO POR BAIÃO,115
mapa_1_resultados.xlsx,2170,AL2021,130215,AF,CH,party,CH,,41
mapa_1_resultados.xlsx,2170,AL2021,130215,AF,PS,party,PS,,1029
mapa_1_resultados.xlsx,2170,AL2021,130215,AF,PCP-PEV,coalition,PCP-PEV,,20
mapa_1_resultados.xlsx,2170,AL2021,130215,AF,[A],coalition,PPD/PSD.CDS-PP,COM DETERMINAÇÃO POR BAIÃO,320
mapa_1_resultados.xlsx,2171,AL2021,130219,AF,PS,party,PS,,308
mapa_1_resultados.xlsx,2171,AL2021,130219,AF,[A],coalition,PPD/PSD.CDS-PP,COM DETERMINAÇÃO POR BAIÃO,208
mapa_1_resultados.xlsx,2172,AL2021,130220,AF,PS,party,PS,,139
mapa_1_resultados.xlsx,2172,AL2021,130220,AF,[A],coalition,PPD/PSD.CDS-PP,COM DETERMINAÇÃO POR BAIÃO,84
mapa_1_resultados.xlsx,2173,AL2021,130221,AF,CH,party,CH,,51
mapa_1_resultados.xlsx,2173,AL2021,130221,AF,PS,party,PS,,941
mapa_1_resultados.xlsx,2173,AL2021,130221,AF,PCP-PEV,coalition,PCP-PEV,,12
mapa_1_resultados.xlsx,2173,AL2021,130221,AF,[A],coalition,PPD/PSD.CDS-PP,COM DETERMINAÇÃO POR BAIÃO,387
mapa_1_resultados.xlsx,2174,AL2021,130222,AF,PS,party,PS,,356
mapa_1_resultados.xlsx,2174,AL2021,130222,AF,[A],coalition,PPD/PSD.CDS-PP,COM DETERMINAÇÃO POR BAIÃO,105
mapa_1_resultados.xlsx,2175,AL2021,130223,AF,CH,party,CH,,47
mapa_1_resultados.xlsx,2175,AL2021,130223,AF,PS,party,PS,,1482
mapa_1_resultados.xlsx,2175,AL2021,130223,AF,PCP-PEV,coalition,PCP-PEV,,69
mapa_1_resultados.xlsx,2175,AL2021,130223,AF,[A],coalition,PPD/PSD.CDS-PP,COM DETERMINAÇÃO POR BAIÃO,639
mapa_1_resultados.xlsx,2176,AL2021,130224,AF,PS,party,PS,,347
mapa_1_resultados.xlsx,2176,AL2021,130224,AF,[A],coalition,PPD/PSD.CDS-PP,COM DETERMINAÇÃO POR BAIÃO,195
mapa_1_resultados.xlsx,2177,AL2021,130225,AF,CH,party,CH,,21
mapa_1_resultados.xlsx,2177,AL2021,130225,AF,PS,party,PS,,524
mapa_1_resultados.xlsx,2177,AL2021,130225,AF,PCP-PEV,coalition,PCP-PEV,,14
mapa_1_resultados.xlsx,2177,AL2021,130225,AF,[A],coalition,PPD/PSD.CDS-PP,COM DETERMINAÇÃO POR BAIÃO,465
mapa_1_resultados.xlsx,2178,AL2021,130226,AF,PS,party,PS,,335
mapa_1_resultados.xlsx,2178,AL2021,130226,AF,[A],coalition,PPD/PSD.CDS-PP,COM DETERMINAÇÃO POR BAIÃO,255
mapa_1_resultados.xlsx,2179,AL2021,130300,CM,CDS-PP,party,CDS-PP,,606
mapa_1_resultados.xlsx,2179,AL2021,130300,CM,CH,party,CH,,640
mapa_1_resultados.xlsx,2179,AL2021,130300,CM,IL,party,IL,,481
mapa_1_resultados.xlsx,2179,AL2021,130300,CM,PCP-PEV,coalition,PCP-PEV,,607
mapa_1_resultados.xlsx,2179,AL2021,130300,CM,[A],coalition,L.PS,SIM ACREDITA,22083
mapa_1_resultados.xlsx,2179,AL2021,130300,CM,[B],coalition,PPD/PSD.PPM,«JUNTOS POR FELGUEIRAS»,7062
mapa_1_resultados.xlsx,2180,AL2021,130300,AM,CDS-PP,party,CDS-PP,,734
mapa_1_resultados.xlsx,2180,AL2021,130300,AM,CH,party,CH,,733
mapa_1_resultados.xlsx,2180,AL2021,130300,AM,IL,party,IL,,582
mapa_1_resultados.xlsx,2180,AL2021,130300,AM,PCP-PEV,coalition,PCP-PEV,,738
mapa_1_resultados.xlsx,2180,AL2021,130300,AM,[A],coalition,L.PS,SIM ACREDITA,20742
mapa_1_resultados.xlsx,2180,AL2021,130300,AM,[B],coalition,PPD/PSD.PPM,«JUNTOS POR FELGUEIRAS»,7772
mapa_1_resultados.xlsx,2181,AL2021,130301,AF,[A],coalition,L.PS,SIM ACREDITA,352
mapa_1_resultados.xlsx,2182,AL2021,130302,AF,PCP-PEV,coalition,PCP-PEV,,11
mapa_1_resultados.xlsx,2182,AL2021,130302,AF,[A],coalition,L.PS,SIM ACREDITA,314
mapa_1_resultados.xlsx,2182,AL2021,130302,AF,[B],coalition,PPD/PSD.PPM,«JUNTOS POR FELGUEIRAS»,1188
mapa_1_resultados.xlsx,2183,AL2021,130305,AF,PCP-PEV,coalition,PCP-PEV,,32
mapa_1_resultados.xlsx,2183,AL2021,130305,AF,[A],coalition,L.PS,SIM ACREDITA,645
mapa_1_resultados.xlsx,2183,AL2021,130305,AF,[B],coalition,PPD/PSD.PPM,«JUNTOS POR FELGUEIRAS»,353
mapa_1_resultados.xlsx,2184,AL2021,130306,AF,PCP-PEV,coalition,PCP-PEV,,68
mapa_1_resultados.xlsx,2184,AL2021,130306,AF,[A],coalition,L.PS,SIM ACREDITA,873
mapa_1_resultados.xlsx,2184,AL2021,130306,AF,[B],coalition,PPD/PSD.PPM,«JUNTOS POR FELGUEIRAS»,395
mapa_1_resultados.xlsx,2184,AL2021,130306,AF,[D],citizen_group,V.I.,Movimento Independente Viver Idães,398
mapa_1_resultados.xlsx,2185,AL2021,130307,AF,PCP-PEV,coalition,PCP-PEV,,15
mapa_1_resultados.xlsx,2185,AL2021,130307,AF,[A],coalition,L.PS,SIM ACREDITA,397
mapa_1_resultados.xlsx,2185,AL2021,130307,AF,[B],coalition,PPD/PSD.PPM,«JUNTOS POR FELGUEIRAS»,398
mapa_1_resultados.xlsx,2186,AL2021,130313,AF,PCP-PEV,coalition,PCP-PEV,,160
mapa_1_resultados.xlsx,2186,AL2021,130313,AF,[A],coalition,L.PS,SIM ACREDITA,497
mapa_1_resultados.xlsx,2187,AL2021,130314,AF,[A],coalition,L.PS,SIM ACREDITA,447
mapa_1_resultados.xlsx,2187,AL2021,130314,AF,[B],coalition,PPD/PSD.PPM,«JUNTOS POR FELGUEIRAS»,209
mapa_1_resultados.xlsx,2188,AL2021,130315,AF,CDS-PP,party,CDS-PP,,34
mapa_1_resultados.xlsx,2188,AL2021,130315,AF,PCP-PEV,coalition,PCP-PEV,,43
mapa_1_resultados.xlsx,2188,AL2021,130315,AF,[A],coalition,L.PS,SIM ACREDITA,953
mapa_1_resultados.xlsx,2188,AL2021,130315,AF,[B],coalition,PPD/PSD.PPM,«JUNTOS POR FELGUEIRAS»,248
mapa_1_resultados.xlsx,2189,AL2021,130317,AF,[A],coalition,L.PS,SIM ACREDITA,648
mapa_1_resultados.xlsx,2189,AL2021,130317,AF,[B],coalition,PPD/PSD.PPM,«JUNTOS POR FELGUEIRAS»,502
mapa_1_resultados.xlsx,2190,AL2021,130318,AF,PCP-PEV,coalition,PCP-PEV,,48
mapa_1_resultados.xlsx,2190,AL2021,130318,AF,[A],coalition,L.PS,SIM ACREDITA,583
mapa_1_resultados.xlsx,2191,AL2021,130319,AF,PCP-PEV,coalition,PCP-PEV,,51
mapa_1_resultados.xlsx,2191,AL2021,130319,AF,[A],coalition,L.PS,SIM ACREDITA,372
mapa_1_resultados.xlsx,2192,AL2021,130324,AF,CDS-PP,party,CDS-PP,,55
mapa_1_resultados.xlsx,2192,AL2021,130324,AF,[A],coalition,L.PS,SIM ACREDITA,806
mapa_1_resultados.xlsx,2192,AL2021,130324,AF,[B],coalition,PPD/PSD.PPM,«JUNTOS POR FELGUEIRAS»,121
mapa_1_resultados.xlsx,2193,AL2021,130334,AF,PCP-PEV,coalition,PCP-PEV,,41
mapa_1_resultados.xlsx,2193,AL2021,130334,AF,[A],coalition,L.PS,SIM ACREDITA,1450
mapa_1_resultados.xlsx,2193,AL2021,130334,AF,[B],coalition,PPD/PSD.PPM,«JUNTOS POR FELGUEIRAS»,779
mapa_1_resultados.xlsx,2194,AL2021,130335,AF,CDS-PP,party,CDS-PP,,288
mapa_1_resultados.xlsx,2194,AL2021,130335,AF,PCP-PEV,coalition,PCP-PEV,,239
mapa_1_resultados.xlsx,2194,AL2021,130335,AF,[A],coalition,L.PS,SIM ACREDITA,6314
mapa_1_resultados.xlsx,2194,AL2021,130335,AF,[B],coalition,PPD/PSD.PPM,«JUNTOS POR FELGUEIRAS»,1956
mapa_1_resultados.xlsx,2195,AL2021,130336,AF,PCP-PEV,coalition,PCP-PEV,,156
mapa_1_resultados.xlsx,2195,AL2021,130336,AF,[A],coalition,L.PS,SIM ACREDITA,929
mapa_1_resultados.xlsx,2195,AL2021,130336,AF,[B],coalition,PPD/PSD.PPM,«JUNTOS POR FELGUEIRAS»,648
mapa_1_resultados.xlsx,2196,AL2021,130337,AF,PCP-PEV,coalition,PCP-PEV,,26
mapa_1_resultados.xlsx,2196,AL2021,130337,AF,[A],coalition,L.PS,SIM ACREDITA,1483
mapa_1_resultados.xlsx,2196,AL2021,130337,AF,[B],coalition,PPD/PSD.PPM,«JUNTOS POR FELGUEIRAS»,330
mapa_1_resultados.xlsx,2197,AL2021,130338,AF,PCP-PEV,coalition,PCP-PEV,,26
mapa_1_resultados.xlsx,2197,AL2021,130338,AF,[A],coalition,L.PS,SIM ACREDITA,464
mapa_1_resultados.xlsx,2197,AL2021,130338,AF,[B],coalition,PPD/PSD.PPM,«JUNTOS POR FELGUEIRAS»,282
mapa_1_resultados.xlsx,2198,AL2021,130339,AF,CDS-PP,party,CDS-PP,,91
mapa_1_resultados.xlsx,2198,AL2021,130339,AF,PCP-PEV,coalition,PCP-PEV,,61
mapa_1_resultados.xlsx,2198,AL2021,130339,AF,[A],coalition,L.PS,SIM ACREDITA,2028
mapa_1_resultados.xlsx,2198,AL2021,130339,AF,[B],coalition,PPD/PSD.PPM,«JUNTOS POR FELGUEIRAS»,928
mapa_1_resultados.xlsx,2199,AL2021,130340,AF,PCP-PEV,coalition,PCP-PEV,,161
mapa_1_resultados.xlsx,2199,AL2021,130340,AF,[A],coalition,L.PS,SIM ACREDITA,504
mapa_1_resultados.xlsx,2200,AL2021,130341,AF,PCP-PEV,coalition,PCP-PEV,,84
mapa_1_resultados.xlsx,2200,AL2021,130341,AF,[D],citizen_group,SI,Somos Independentes,665
mapa_1_resultados.xlsx,2201,AL2021,130400,CM,B.E.,party,B.E.,,4114
mapa_1_resultados.xlsx,2201,AL2021,130400,CM,CH,party,CH,,2853
mapa_1_resultados.xlsx,2201,AL2021,130400,CM,IL,party,IL,,1944
mapa_1_resultados.xlsx,2201,AL2021,130400,CM,PAN,party,PAN,,2055
mapa_1_resultados.xlsx,2201,AL2021,130400,CM,PS,party,PS,,33541
mapa_1_resultados.xlsx,2201,AL2021,130400,CM,PCP-PEV,coalition,PCP-PEV,,7702
mapa_1_resultados.xlsx,2201,AL2021,130400,CM,[A],coalition,[A],,15394
mapa_1_resultados.xlsx,2202,AL2021,130400,AM,B.E.,party,B.E.,,4643
mapa_1_resultados.xlsx,2202,AL2021,130400,AM,CH,party,CH,,3294
mapa_1_resultados.xlsx,2202,AL2021,130400,AM,IL,party,IL,,2192
mapa_1_resultados.xlsx,2202,AL2021,130400,AM,PAN,party,PAN,,2545
mapa_1_resultados.xlsx,2202,AL2021,130400,AM,PS,party,PS,,30039
mapa_1_resultados.xlsx,2202,AL2021,130400,AM,PCP-PEV,coalition,PCP-PEV,,9097
mapa_1_resultados.xlsx,2202,AL2021,130400,AM,[A],coalition,[A],,15563
mapa_1_resultados.xlsx,2203,AL2021,130405,AF,B.E.,party,B.E.,,14
mapa_1_resultados.xlsx,2203,AL2021,130405,AF,CH,party,CH,,15
mapa_1_resultados.xlsx,2203,AL2021,130405,AF,PS,party,PS,,485
mapa_1_resultados.xlsx,2203,AL2021,130405,AF,PCP-PEV,coalition,PCP-PEV,,15
mapa_1_resultados.xlsx,2203,AL2021,130405,AF,[A],coalition,PPD/PSD.CDS-PP,GONDOMAR NAS TUAS MÃOS,235
mapa_1_resultados.xlsx,2204,AL2021,130408,AF,B.E.,party,B.E.,,1580
mapa_1_resultados.xlsx,2204,AL2021,130408,AF,CH,party,CH,,918
mapa_1_resultados.xlsx,2204,AL2021,130408,AF,IL,party,IL,,755
mapa_1_resultados.xlsx,2204,AL2021,130408,AF,PS,party,PS,,10501
mapa_1_resultados.xlsx,2204,AL2021,130408,AF,PCP-PEV,coalition,PCP-PEV,,1687
mapa_1_resultados.xlsx,2204,AL2021,130408,AF,[A],coalition,PPD/PSD.CDS-PP,GONDOMAR NAS TUAS MÃOS,3965
mapa_1_resultados.xlsx,2205,AL2021,130412,AF,B.E.,party,B.E.,,421
mapa_1_resultados.xlsx,2205,AL2021,130412,AF,CH,party,CH,,351
mapa_1_resultados.xlsx,2205,AL2021,130412,AF,PS,party,PS,,3079
mapa_1_resultados.xlsx,2205,AL2021,130412,AF,PCP-PEV,coalition,PCP-PEV,,475
mapa_1_resultados.xlsx,2205,AL2021,130412,AF,[A],coalition,PPD/PSD.CDS-PP,GONDOMAR NAS TUAS MÃOS,1566
mapa_1_resultados.xlsx,2206,AL2021,130413,AF,B.E.,party,B.E.,,879
mapa_1_resultados.xlsx,2206,AL2021,130413,AF,CH,party,CH,,813
mapa_1_resultados.xlsx,2206,AL2021,130413,AF,PS,party,PS,,5615
mapa_1_resultados.xlsx,2206,AL2021,130413,AF,PCP-PEV,coalition,PCP-PEV,,4849
mapa_1_resultados.xlsx,2206,AL2021,130413,AF,[A],coalition,PPD/PSD.CDS-PP,GONDOMAR NAS TUAS MÃOS,2297
mapa_1_resultados.xlsx,2207,AL2021,130414,AF,CH,party,CH,,95
mapa_1_resultados.xlsx,2207,AL2021,130414,AF,PS,party,PS,,1140
mapa_1_resultados.xlsx,2207,AL2021,130414,AF,PCP-PEV,coalition,PCP-PEV,,311
mapa_1_resultados.xlsx,2207,AL2021,130414,AF,[A],coalition,PPD/PSD.CDS-PP,GONDOMAR NAS TUAS MÃOS,1005
mapa_1_resultados.xlsx,2207,AL2021,130414,AF,[D],citizen_group,CT,Contamos Com Todos,782
mapa_1_resultados.xlsx,2207,AL2021,130414,AF,[E],citizen_group,IS,Movimento Independente Isidro Sousa - IS,791
mapa_1_resultados.xlsx,2208,AL2021,130415,AF,B.E.,party,B.E.,,1726
mapa_1_resultados.xlsx,2208,AL2021,130415,AF,CH,party,CH,,869
mapa_1_resultados.xlsx,2208,AL2021,130415,AF,IL,party,IL,,897
mapa_1_resultados.xlsx,2208,AL2021,130415,AF,PS,party,PS,,8054
mapa_1_resultados.xlsx,2208,AL2021,130415,AF,PCP-PEV,coalition,PCP-PEV,,2338
mapa_1_resultados.xlsx,2208,AL2021,130415,AF,[A],coalition,PPD/PSD.CDS-PP,GONDOMAR NAS TUAS MÃOS,5598
mapa_1_resultados.xlsx,2209,AL2021,130416,AF,CH,party,CH,,75
mapa_1_resultados.xlsx,2209,AL2021,130416,AF,PS,party,PS,,1353
mapa_1_resultados.xlsx,2209,AL2021,130416,AF,PCP-PEV,coalition,PCP-PEV,,493
mapa_1_resultados.xlsx,2209,AL2021,130416,AF,[A],coalition,PPD/PSD.CDS-PP,GONDOMAR NAS TUAS MÃOS,958
mapa_1_resultados.xlsx,2210,AL2021,130500,CM,B.E.,party,B.E.,,423
mapa_1_resultados.xlsx,2210,AL2021,130500,CM,CH,party,CH,,430
mapa_1_resultados.xlsx,2210,AL2021,130500,CM,PS,party,PS,,16565
mapa_1_resultados.xlsx,2210,AL2021,130500,CM,R.I.R.,party,R.I.R.,,179
mapa_1_resultados.xlsx,2210,AL2021,130500,CM,PCP-PEV,coalition,PCP-PEV,,325
mapa_1_resultados.xlsx,2210,AL2021,130500,CM,[A],coalition,PPD/PSD.CDS-PP,ACREDITAR LOUSADA,9573
mapa_1_resultados.xlsx,2211,AL2021,130500,AM,B.E.,party,B.E.,,563
mapa_1_resultados.xlsx,2211,AL2021,130500,AM,CH,party,CH,,581
mapa_1_resultados.xlsx,2211,AL2021,130500,AM,PS,party,PS,,15422
mapa_1_resultados.xlsx,2211,AL2021,130500,AM,R.I.R.,party,R.I.R.,,225
mapa_1_resultados.xlsx,2211,AL2021,130500,AM,PCP-PEV,coalition,PCP-PEV,,413
mapa_1_resultados.xlsx,2211,AL2021,130500,AM,[A],coalition,PPD/PSD.CDS-PP,ACREDITAR LOUSADA,10196
mapa_1_resultados.xlsx,2212,AL2021,130502,AF,PS,party,PS,,625
mapa_1_resultados.xlsx,2212,AL2021,130502,AF,PCP-PEV,coalition,PCP-PEV,,32
mapa_1_resultados.xlsx,2212,AL2021,130502,AF,[A],coalition,PPD/PSD.CDS-PP,ACREDITAR LOUSADA,483
mapa_1_resultados.xlsx,2213,AL2021,130504,AF,PS,party,PS,,713
mapa_1_resultados.xlsx,2213,AL2021,130504,AF,[A],coalition,PPD/PSD.CDS-PP,ACREDITAR LOUSADA,731
mapa_1_resultados.xlsx,2214,AL2021,130510,AF,PS,party,PS,,807
mapa_1_resultados.xlsx,2214,AL2021,130510,AF,[A],coalition,PPD/PSD.CDS-PP,ACREDITAR LOUSADA,442
mapa_1_resultados.xlsx,2215,AL2021,130512,AF,PS,party,PS,,697
mapa_1_resultados.xlsx,2215,AL2021,130512,AF,[A],coalition,PPD/PSD.CDS-PP,ACREDITAR LOUSADA,275
mapa_1_resultados.xlsx,2216,AL2021,130513,AF,PS,party,PS,,1286
mapa_1_resultados.xlsx,2216,AL2021,130513,AF,PCP-PEV,coalition,PCP-PEV,,55
mapa_1_resultados.xlsx,2216,AL2021,130513,AF,[A],coalition,PPD/PSD.CDS-PP,ACREDITAR LOUSADA,1144
mapa_1_resultados.xlsx,2217,AL2021,130515,AF,PS,party,PS,,1010
mapa_1_resultados.xlsx,2217,AL2021,130515,AF,PCP-PEV,coalition,PCP-PEV,,14
mapa_1_resultados.xlsx,2217,AL2021,130515,AF,[A],coalition,PPD/PSD.CDS-PP,ACREDITAR LOUSADA,529
mapa_1_resultados.xlsx,2218,AL2021,130524,AF,PS,party,PS,,231
mapa_1_resultados.xlsx,2218,AL2021,130524,AF,[A],coalition,PPD/PSD.CDS-PP,ACREDITAR LOUSADA,857
mapa_1_resultados.xlsx,2219,AL2021,130525,AF,PS,party,PS,,840
mapa_1_resultados.xlsx,2219,AL2021,130525,AF,PCP-PEV,coalition,PCP-PEV,,28
mapa_1_resultados.xlsx,2219,AL2021,130525,AF,[A],coalition,PPD/PSD.CDS-PP,ACREDITAR LOUSADA,515
mapa_1_resultados.xlsx,2220,AL2021,130526,AF,PS,party,PS,,614
mapa_1_resultados.xlsx,2221,AL2021,130527,AF,PS,party,PS,,799
mapa_1_resultados.xlsx,2221,AL2021,130527,AF,[A],coalition,PPD/PSD.CDS-PP,ACREDITAR LOUSADA,437
mapa_1_resultados.xlsx,2222,AL2021,130528,AF,PS,party,PS,,2279
mapa_1_resultados.xlsx,2222,AL2021,130528,AF,PCP-PEV,coalition,PCP-PEV,,99
mapa_1_resultados.xlsx,2222,AL2021,130528,AF,[A],coalition,PPD/PSD.CDS-PP,ACREDITAR LOUSADA,1394
mapa_1_resultados.xlsx,2223,AL2021,130529,AF,PS,party,PS,,539
mapa_1_resultados.xlsx,2223,AL2021,130529,AF,PCP-PEV,coalition,PCP-PEV,,20
mapa_1_resultados.xlsx,2223,AL2021,130529,AF,[A],coalition,PPD/PSD.CDS-PP,ACREDITAR LOUSADA,868
mapa_1_resultados.xlsx,2224,AL2021,130530,AF,PS,party,PS,,1361
mapa_1_resultados.xlsx,2224,AL2021,130530,AF,PCP-PEV,coalition,PCP-PEV,,109
mapa_1_resultados.xlsx,2224,AL2021,130530,AF,[A],coalition,PPD/PSD.CDS-PP,ACREDITAR LOUSADA,1704
mapa_1_resultados.xlsx,2225,AL2021,130531,AF,PS,party,PS,,778
mapa_1_resultados.xlsx,2225,AL2021,130531,AF,[A],coalition,PPD/PSD.CDS-PP,ACREDITAR LOUSADA,1271
mapa_1_resultados.xlsx,2226,AL2021,130532,AF,PS,party,PS,,1521
mapa_1_resultados.xlsx,2226,AL2021,130532,AF,PCP-PEV,coalition,PCP-PEV,,80
mapa_1_resultados.xlsx,2226,AL2021,130532,AF,[A],coalition,PPD/PSD.CDS-PP,ACREDITAR LOUSADA,2037
mapa_1_resultados.xlsx,2227,AL2021,130600,CM,B.E.,party,B.E.,,3159
mapa_1_resultados.xlsx,2227,AL2021,130600,CM,CH,party,CH,,2355
mapa_1_resultados.xlsx,2227,AL2021,130600,CM,IL,party,IL,,2240
mapa_1_resultados.xlsx,2227,AL2021,130600,CM,PAN,party,PAN,,2291
mapa_1_resultados.xlsx,2227,AL2021,130600,CM,PPM,party,PPM,,128
mapa_1_resultados.xlsx,2227,AL2021,130600,CM,PS,party,PS,,19741
mapa_1_resultados.xlsx,2227,AL2021,130600,CM,PCP-PEV,coalition,PCP-PEV,,2946
mapa_1_resultados.xlsx,2227,AL2021,130600,CM,[A],coalition,PPD/PSD.CDS-PP,MAIA EM PRIMEIRO,24732
mapa_1_resultados.xlsx,2228,AL2021,130600,AM,B.E.,party,B.E.,,3567
mapa_1_resultados.xlsx,2228,AL2021,130600,AM,CH,party,CH,,2600
mapa_1_resultados.xlsx,2228,AL2021,130600,AM,IL,party,IL,,2472
mapa_1_resultados.xlsx,2228,AL2021,130600,AM,PAN,party,PAN,,2756
mapa_1_resultados.xlsx,2228,AL2021,130600,AM,PS,party,PS,,19031
mapa_1_resultados.xlsx,2228,AL2021,130600,AM,PCP-PEV,coalition,PCP-PEV,,3166
mapa_1_resultados.xlsx,2228,AL2021,130600,AM,[A],coalition,PPD/PSD.CDS-PP,MAIA EM PRIMEIRO,23969
mapa_1_resultados.xlsx,2229,AL2021,130601,AF,B.E.,party,B.E.,,854
mapa_1_resultados.xlsx,2229,AL2021,130601,AF,CH,party,CH,,522
mapa_1_resultados.xlsx,2229,AL2021,130601,AF,PS,party,PS,,4519
mapa_1_resultados.xlsx,2229,AL2021,130601,AF,PCP-PEV,coalition,PCP-PEV,,683
mapa_1_resultados.xlsx,2229,AL2021,130601,AF,[A],coalition,PPD/PSD.CDS-PP,MAIA EM PRIMEIRO,3879
mapa_1_resultados.xlsx,2230,AL2021,130603,AF,CH,party,CH,,92
mapa_1_resultados.xlsx,2230,AL2021,130603,AF,PS,party,PS,,575
mapa_1_resultados.xlsx,2230,AL2021,130603,AF,PCP-PEV,coalition,PCP-PEV,,118
mapa_1_resultados.xlsx,2230,AL2021,130603,AF,[A],coalition,PPD/PSD.CDS-PP,MAIA EM PRIMEIRO,866
mapa_1_resultados.xlsx,2231,AL2021,130608,AF,B.E.,party,B.E.,,89
mapa_1_resultados.xlsx,2231,AL2021,130608,AF,CH,party,CH,,54
mapa_1_resultados.xlsx,2231,AL2021,130608,AF,PS,party,PS,,964
mapa_1_resultados.xlsx,2231,AL2021,130608,AF,PCP-PEV,coalition,PCP-PEV,,102
mapa_1_resultados.xlsx,2231,AL2021,130608,AF,[A],coalition,PPD/PSD.CDS-PP,MAIA EM PRIMEIRO,1245
mapa_1_resultados.xlsx,2232,AL2021,130609,AF,B.E.,party,B.E.,,364
mapa_1_resultados.xlsx,2232,AL2021,130609,AF,CH,party,CH,,252
mapa_1_resultados.xlsx,2232,AL2021,130609,AF,PS,party,PS,,1562
mapa_1_resultados.xlsx,2232,AL2021,130609,AF,PCP-PEV,coalition,PCP-PEV,,253
mapa_1_resultados.xlsx,2232,AL2021,130609,AF,[A],coalition,PPD/PSD.CDS-PP,MAIA EM PRIMEIRO,3065
mapa_1_resultados.xlsx,2233,AL2021,130613,AF,B.E.,party,B.E.,,30
mapa_1_resultados.xlsx,2233,AL2021,130613,AF,CH,party,CH,,20
mapa_1_resultados.xlsx,2233,AL2021,130613,AF,PS,party,PS,,333
mapa_1_resultados.xlsx,2233,AL2021,130613,AF,PCP-PEV,coalition,PCP-PEV,,22
mapa_1_resultados.xlsx,2233,AL2021,130613,AF,[A],coalition,PPD/PSD.CDS-PP,MAIA EM PRIMEIRO,621
mapa_1_resultados.xlsx,2234,AL2021,130616,AF,CH,party,CH,,105
mapa_1_resultados.xlsx,2234,AL2021,130616,AF,PS,party,PS,,795
mapa_1_resultados.xlsx,2234,AL2021,130616,AF,PCP-PEV,coalition,PCP-PEV,,169
mapa_1_resultados.xlsx,2234,AL2021,130616,AF,[A],coalition,NC/RIR,MOVIMENTO INDEPENDENTE POR VILA NOVA,378
mapa_1_resultados.xlsx,2234,AL2021,130616,AF,[B],coalition,PPD/PSD.CDS-PP,MAIA EM PRIMEIRO,1293
mapa_1_resultados.xlsx,2235,AL2021,130617,AF,B.E.,party,B.E.,,290
mapa_1_resultados.xlsx,2235,AL2021,130617,AF,CH,party,CH,,187
mapa_1_resultados.xlsx,2235,AL2021,130617,AF,PS,party,PS,,1167
mapa_1_resultados.xlsx,2235,AL2021,130617,AF,PCP-PEV,coalition,PCP-PEV,,347
mapa_1_resultados.xlsx,2235,AL2021,130617,AF,[A],coalition,PPD/PSD.CDS-PP,MAIA EM PRIMEIRO,1891
mapa_1_resultados.xlsx,2235,AL2021,130617,AF,[D],citizen_group,INDEP,Hugo Salgueiro. Por Pedrouços,969
mapa_1_resultados.xlsx,2236,AL2021,130618,AF,B.E.,party,B.E.,,442
mapa_1_resultados.xlsx,2236,AL2021,130618,AF,CH,party,CH,,334
mapa_1_resultados.xlsx,2236,AL2021,130618,AF,PPM,party,PPM,,47
mapa_1_resultados.xlsx,2236,AL2021,130618,AF,PS,party,PS,,2649
mapa_1_resultados.xlsx,2236,AL2021,130618,AF,PCP-PEV,coalition,PCP-PEV,,284
mapa_1_resultados.xlsx,2236,AL2021,130618,AF,[A],coalition,PPD/PSD.CDS-PP,MAIA EM PRIMEIRO,2960
mapa_1_resultados.xlsx,2236,AL2021,130618,AF,[D],citizen_group,CC,CC-Compromisso Castelo Movimento Independente,1042
mapa_1_resultados.xlsx,2237,AL2021,130619,AF,B.E.,party,B.E.,,1202
mapa_1_resultados.xlsx,2237,AL2021,130619,AF,CH,party,CH,,836
mapa_1_resultados.xlsx,2237,AL2021,130619,AF,PAN,party,PAN,,967
mapa_1_resultados.xlsx,2237,AL2021,130619,AF,PS,party,PS,,5449
mapa_1_resultados.xlsx,2237,AL2021,130619,AF,PCP-PEV,coalition,PCP-PEV,,932
mapa_1_resultados.xlsx,2237,AL2021,130619,AF,[A],coalition,PPD/PSD.CDS-PP,MAIA EM PRIMEIRO,7790
mapa_1_resultados.xlsx,2238,AL2021,130620,AF,B.E.,party,B.E.,,158
mapa_1_resultados.xlsx,2238,AL2021,130620,AF,CH,party,CH,,142
mapa_1_resultados.xlsx,2238,AL2021,130620,AF,PS,party,PS,,1422
mapa_1_resultados.xlsx,2238,AL2021,130620,AF,PCP-PEV,coalition,PCP-PEV,,128
mapa_1_resultados.xlsx,2238,AL2021,130620,AF,[A],coalition,PPD/PSD.CDS-PP,MAIA EM PRIMEIRO,1819
mapa_1_resultados.xlsx,2239,AL2021,130700,CM,B.E.,party,B.E.,,388
mapa_1_resultados.xlsx,2239,AL2021,130700,CM,CH,party,CH,,438
mapa_1_resultados.xlsx,2239,AL2021,130700,CM,PS,party,PS,,17860
mapa_1_resultados.xlsx,2239,AL2021,130700,CM,PCP-PEV,coalition,PCP-PEV,,462
mapa_1_resultados.xlsx,2239,AL2021,130700,CM,[A],coalition,[A],,10346
mapa_1_resultados.xlsx,2240,AL2021,130700,AM,B.E.,party,B.E.,,671
mapa_1_resultados.xlsx,2240,AL2021,130700,AM,PS,party,PS,,16779
mapa_1_resultados.xlsx,2240,AL2021,130700,AM,PCP-PEV,coalition,PCP-PEV,,635
mapa_1_resultados.xlsx,2240,AL2021,130700,AM,[A],coalition,[A],,11257
mapa_1_resultados.xlsx,2241,AL2021,130704,AF,PCP-PEV,coalition,PCP-PEV,,35
mapa_1_resultados.xlsx,2241,AL2021,130704,AF,[A],coalition,PPD/PSD.CDS-PP,MAIS PELAS PESSOAS,175
mapa_1_resultados.xlsx,2241,AL2021,130704,AF,[D],citizen_group,BEC,Banho e Carvalhosa Primeiro,521
mapa_1_resultados.xlsx,2242,AL2021,130705,AF,PS,party,PS,,535
mapa_1_resultados.xlsx,2242,AL2021,130705,AF,PCP-PEV,coalition,PCP-PEV,,28
mapa_1_resultados.xlsx,2242,AL2021,130705,AF,[A],coalition,PPD/PSD.CDS-PP,MAIS PELAS PESSOAS,446
mapa_1_resultados.xlsx,2243,AL2021,130722,AF,PS,party,PS,,1129
mapa_1_resultados.xlsx,2243,AL2021,130722,AF,[A],coalition,PPD/PSD.CDS-PP,MAIS PELAS PESSOAS,880
mapa_1_resultados.xlsx,2244,AL2021,130723,AF,PS,party,PS,,304
mapa_1_resultados.xlsx,2244,AL2021,130723,AF,PCP-PEV,coalition,PCP-PEV,,10
mapa_1_resultados.xlsx,2244,AL2021,130723,AF,[A],coalition,PPD/PSD.CDS-PP,MAIS PELAS PESSOAS,431
mapa_1_resultados.xlsx,2245,AL2021,130724,AF,PS,party,PS,,497
mapa_1_resultados.xlsx,2245,AL2021,130724,AF,[A],coalition,PPD/PSD.CDS-PP,MAIS PELAS PESSOAS,420
mapa_1_resultados.xlsx,2246,AL2021,130730,AF,PS,party,PS,,962
mapa_1_resultados.xlsx,2246,AL2021,130730,AF,PCP-PEV,coalition,PCP-PEV,,12
mapa_1_resultados.xlsx,2246,AL2021,130730,AF,[A],coalition,PPD/PSD.CDS-PP,MAIS PELAS PESSOAS,591
mapa_1_resultados.xlsx,2247,AL2021,130732,AF,PS,party,PS,,2290
mapa_1_resultados.xlsx,2247,AL2021,130732,AF,[A],coalition,PPD/PSD.CDS-PP,MAIS PELAS PESSOAS,2497
mapa_1_resultados.xlsx,2248,AL2021,130733,AF,[A],coalition,PPD/PSD.CDS-PP,MAIS PELAS PESSOAS,399
mapa_1_resultados.xlsx,2248,AL2021,130733,AF,[D],citizen_group,AER,Avessadas e Rosém Sempre,423
mapa_1_resultados.xlsx,2249,AL2021,130734,AF,PS,party,PS,,1542
mapa_1_resultados.xlsx,2249,AL2021,130734,AF,[A],coalition,PPD/PSD.CDS-PP,MAIS PELAS PESSOAS,526
mapa_1_resultados.xlsx,2250,AL2021,130735,AF,PS,party,PS,,647
mapa_1_resultados.xlsx,2250,AL2021,130735,AF,PCP-PEV,coalition,PCP-PEV,,264
mapa_1_resultados.xlsx,2250,AL2021,130735,AF,[D],citizen_group,TDTI,Todos Diferentes Todos Iguais,346
mapa_1_resultados.xlsx,2251,AL2021,130736,AF,B.E.,party,B.E.,,205
mapa_1_resultados.xlsx,2251,AL2021,130736,AF,PS,party,PS,,3643
mapa_1_resultados.xlsx,2251,AL2021,130736,AF,PCP-PEV,coalition,PCP-PEV,,120
mapa_1_resultados.xlsx,2251,AL2021,130736,AF,[A],coalition,PPD/PSD.CDS-PP,MAIS PELAS PESSOAS,1903
mapa_1_resultados.xlsx,2252,AL2021,130737,AF,PS,party,PS,,519
mapa_1_resultados.xlsx,2252,AL2021,130737,AF,[A],coalition,PPD/PSD.CDS-PP,MAIS PELAS PESSOAS,379
mapa_1_resultados.xlsx,2253,AL2021,130738,AF,PS,party,PS,,830
mapa_1_resultados.xlsx,2253,AL2021,130738,AF,PCP-PEV,coalition,PCP-PEV,,31
mapa_1_resultados.xlsx,2253,AL2021,130738,AF,[A],coalition,PPD/PSD.CDS-PP,MAIS PELAS PESSOAS,529
mapa_1_resultados.xlsx,2254,AL2021,130739,AF,PS,party,PS,,733
mapa_1_resultados.xlsx,2254,AL2021,130739,AF,PCP-PEV,coalition,PCP-PEV,,15
mapa_1_resultados.xlsx,2254,AL2021,130739,AF,[A],coalition,PPD/PSD.CDS-PP,MAIS PELAS PESSOAS,720
mapa_1_resultados.xlsx,2255,AL2021,130740,AF,PS,party,PS,,567
mapa_1_resultados.xlsx,2255,AL2021,130740,AF,[A],coalition,PPD/PSD.CDS-PP,MAIS PELAS PESSOAS,937
mapa_1_resultados.xlsx,2256,AL2021,130741,AF,PS,party,PS,,856
mapa_1_resultados.xlsx,2256,AL2021,130741,AF,PCP-PEV,coalition,PCP-PEV,,43
mapa_1_resultados.xlsx,2256,AL2021,130741,AF,[A],coalition,PPD/PSD.CDS-PP,MAIS PELAS PESSOAS,1404
mapa_1_resultados.xlsx,2257,AL2021,130800,CM,B.E.,party,B.E.,,3940
mapa_1_resultados.xlsx,2257,AL2021,130800,CM,CH,party,CH,,2647
mapa_1_resultados.xlsx,2257,AL2021,130800,CM,IL,party,IL,,3267
mapa_1_resultados.xlsx,2257,AL2021,130800,CM,PAN,party,PAN,,1888
mapa_1_resultados.xlsx,2257,AL2021,130800,CM,PS,party,PS,,30382
mapa_1_resultados.xlsx,2257,AL2021,130800,CM,PCP-PEV,coalition,PCP-PEV,,4576
mapa_1_resultados.xlsx,2257,AL2021,130800,CM,[A],coalition,PPD/PSD.CDS-PP,MATOSINHOS O FUTURO É AGORA,12013
mapa_1_resultados.xlsx,2257,AL2021,130800,CM,[D],citizen_group,ANTÓNIO PARADA SIM!,ANTÓNIO PARADA SIM!,6877
mapa_1_resultados.xlsx,2257,AL2021,130800,CM,[E],citizen_group,MI,Matosinhos Independente,650
mapa_1_resultados.xlsx,2258,AL2021,130800,AM,B.E.,party,B.E.,,4553
mapa_1_resultados.xlsx,2258,AL2021,130800,AM,CH,party,CH,,2880
mapa_1_resultados.xlsx,2258,AL2021,130800,AM,IL,party,IL,,3520
mapa_1_resultados.xlsx,2258,AL2021,130800,AM,PAN,party,PAN,,2417
mapa_1_resultados.xlsx,2258,AL2021,130800,AM,PS,party,PS,,27810
mapa_1_resultados.xlsx,2258,AL2021,130800,AM,PCP-PEV,coalition,PCP-PEV,,4865
mapa_1_resultados.xlsx,2258,AL2021,130800,AM,[A],coalition,PPD/PSD.CDS-PP,MATOSINHOS O FUTURO É AGORA,12543
mapa_1_resultados.xlsx,2258,AL2021,130800,AM,[D],citizen_group,ANTÓNIO PARADA SIM!,ANTÓNIO PARADA SIM!,6719
mapa_1_resultados.xlsx,2258,AL2021,130800,AM,[E],citizen_group,MI,Matosinhos Independente,666
mapa_1_resultados.xlsx,2259,AL2021,130811,AF,B.E.,party,B.E.,,1245
mapa_1_resultados.xlsx,2259,AL2021,130811,AF,CH,party,CH,,750
mapa_1_resultados.xlsx,2259,AL2021,130811,AF,IL,party,IL,,617
mapa_1_resultados.xlsx,2259,AL2021,130811,AF,PS,party,PS,,7978
mapa_1_resultados.xlsx,2259,AL2021,130811,AF,PCP-PEV,coalition,PCP-PEV,,1297
mapa_1_resultados.xlsx,2259,AL2021,130811,AF,[A],coalition,PPD/PSD.CDS-PP,MATOSINHOS O FUTURO É AGORA,2886
mapa_1_resultados.xlsx,2259,AL2021,130811,AF,[D],citizen_group,MI,Matosinhos Independente,307
mapa_1_resultados.xlsx,2259,AL2021,130811,AF,[E],citizen_group,SUSANA SANTOS - MOVIMENTO SIM!,SUSANA SANTOS - MOVIMENTO SIM!,1489
mapa_1_resultados.xlsx,2260,AL2021,130812,AF,B.E.,party,B.E.,,1338
mapa_1_resultados.xlsx,2260,AL2021,130812,AF,CH,party,CH,,833
mapa_1_resultados.xlsx,2260,AL2021,130812,AF,IL,party,IL,,1672
mapa_1_resultados.xlsx,2260,AL2021,130812,AF,PS,party,PS,,7642
mapa_1_resultados.xlsx,2260,AL2021,130812,AF,PCP-PEV,coalition,PCP-PEV,,1381
mapa_1_resultados.xlsx,2260,AL2021,130812,AF,[A],coalition,PPD/PSD.CDS-PP,MATOSINHOS O FUTURO É AGORA,4218
mapa_1_resultados.xlsx,2260,AL2021,130812,AF,[D],citizen_group,FERNANDO MACHADO - MOVIMENTO SIM!,FERNANDO MACHADO - MOVIMENTO SIM!,2139
mapa_1_resultados.xlsx,2261,AL2021,130813,AF,B.E.,party,B.E.,,707
mapa_1_resultados.xlsx,2261,AL2021,130813,AF,CH,party,CH,,604
mapa_1_resultados.xlsx,2261,AL2021,130813,AF,IL,party,IL,,581
mapa_1_resultados.xlsx,2261,AL2021,130813,AF,PS,party,PS,,5150
mapa_1_resultados.xlsx,2261,AL2021,130813,AF,PCP-PEV,coalition,PCP-PEV,,656
mapa_1_resultados.xlsx,2261,AL2021,130813,AF,[A],coalition,PPD/PSD.CDS-PP,MATOSINHOS O FUTURO É AGORA,2052
mapa_1_resultados.xlsx,2261,AL2021,130813,AF,[D],citizen_group,INÊS MORAIS- MOVIMENTO SIM!,INÊS MORAIS - MOVIMENTO SIM!,1264
mapa_1_resultados.xlsx,2262,AL2021,130814,AF,B.E.,party,B.E.,,1558
mapa_1_resultados.xlsx,2262,AL2021,130814,AF,CH,party,CH,,749
mapa_1_resultados.xlsx,2262,AL2021,130814,AF,IL,party,IL,,938
mapa_1_resultados.xlsx,2262,AL2021,130814,AF,PAN,party,PAN,,746
mapa_1_resultados.xlsx,2262,AL2021,130814,AF,PS,party,PS,,8132
mapa_1_resultados.xlsx,2262,AL2021,130814,AF,PCP-PEV,coalition,PCP-PEV,,1579
mapa_1_resultados.xlsx,2262,AL2021,130814,AF,[A],coalition,PPD/PSD.CDS-PP,MATOSINHOS O FUTURO É AGORA,3808
mapa_1_resultados.xlsx,2262,AL2021,130814,AF,[D],citizen_group,JOSÉ TEIXEIRA - MOVIMENTO SIM!,JOSÉ TEIXEIRA - MOVIMENTO SIM!,943
mapa_1_resultados.xlsx,2262,AL2021,130814,AF,[E],citizen_group,MI,Matosinhos Independente,231
mapa_1_resultados.xlsx,2263,AL2021,130900,CM,CDS-PP,party,CDS-PP,,500
mapa_1_resultados.xlsx,2263,AL2021,130900,CM,CH,party,CH,,714
mapa_1_resultados.xlsx,2263,AL2021,130900,CM,PPD/PSD,party,PPD/PSD,,10889
mapa_1_resultados.xlsx,2263,AL2021,130900,CM,PS,party,PS,,17905
mapa_1_resultados.xlsx,2263,AL2021,130900,CM,PCP-PEV,coalition,PCP-PEV,,1039
mapa_1_resultados.xlsx,2264,AL2021,130900,AM,CDS-PP,party,CDS-PP,,561
mapa_1_resultados.xlsx,2264,AL2021,130900,AM,CH,party,CH,,918
mapa_1_resultados.xlsx,2264,AL2021,130900,AM,IL,party,IL,,593
mapa_1_resultados.xlsx,2264,AL2021,130900,AM,PPD/PSD,party,PPD/PSD,,11920
mapa_1_resultados.xlsx,2264,AL2021,130900,AM,PS,party,PS,,15787
mapa_1_resultados.xlsx,2264,AL2021,130900,AM,PCP-PEV,coalition,PCP-PEV,,1206
mapa_1_resultados.xlsx,2265,AL2021,130902,AF,CDS-PP,party,CDS-PP,,32
mapa_1_resultados.xlsx,2265,AL2021,130902,AF,CH,party,CH,,73
mapa_1_resultados.xlsx,2265,AL2021,130902,AF,PPD/PSD,party,PPD/PSD,,952
mapa_1_resultados.xlsx,2265,AL2021,130902,AF,PS,party,PS,,1343
mapa_1_resultados.xlsx,2265,AL2021,130902,AF,PCP-PEV,coalition,PCP-PEV,,32
mapa_1_resultados.xlsx,2266,AL2021,130904,AF,CH,party,CH,,10
mapa_1_resultados.xlsx,2266,AL2021,130904,AF,PPD/PSD,party,PPD/PSD,,541
mapa_1_resultados.xlsx,2266,AL2021,130904,AF,PS,party,PS,,848
mapa_1_resultados.xlsx,2266,AL2021,130904,AF,PCP-PEV,coalition,PCP-PEV,,21
mapa_1_resultados.xlsx,2267,AL2021,130905,AF,CDS-PP,party,CDS-PP,,83
mapa_1_resultados.xlsx,2267,AL2021,130905,AF,CH,party,CH,,48
mapa_1_resultados.xlsx,2267,AL2021,130905,AF,PPD/PSD,party,PPD/PSD,,681
mapa_1_resultados.xlsx,2267,AL2021,130905,AF,PS,party,PS,,1676
mapa_1_resultados.xlsx,2267,AL2021,130905,AF,PCP-PEV,coalition,PCP-PEV,,31
mapa_1_resultados.xlsx,2268,AL2021,130906,AF,CDS-PP,party,CDS-PP,,36
mapa_1_resultados.xlsx,2268,AL2021,130906,AF,CH,party,CH,,10
mapa_1_resultados.xlsx,2268,AL2021,130906,AF,PPD/PSD,party,PPD/PSD,,540
mapa_1_resultados.xlsx,2268,AL2021,130906,AF,PS,party,PS,,877
mapa_1_resultados.xlsx,2268,AL2021,130906,AF,PCP-PEV,coalition,PCP-PEV,,12
mapa_1_resultados.xlsx,2269,AL2021,130908,AF,CDS-PP,party,CDS-PP,,111
mapa_1_resultados.xlsx,2269,AL2021,130908,AF,CH,party,CH,,79
mapa_1_resultados.xlsx,2269,AL2021,130908,AF,PPD/PSD,party,PPD/PSD,,1158
mapa_1_resultados.xlsx,2269,AL2021,130908,AF,PS,party,PS,,1999
mapa_1_resultados.xlsx,2269,AL2021,130908,AF,PCP-PEV,coalition,PCP-PEV,,788
mapa_1_resultados.xlsx,2270,AL2021,130910,AF,CH,party,CH,,29
mapa_1_resultados.xlsx,2270,AL2021,130910,AF,PPD/PSD,party,PPD/PSD,,1303
mapa_1_resultados.xlsx,2270,AL2021,130910,AF,PS,party,PS,,784
mapa_1_resultados.xlsx,2270,AL2021,130910,AF,PCP-PEV,coalition,PCP-PEV,,41
mapa_1_resultados.xlsx,2271,AL2021,130913,AF,CDS-PP,party,CDS-PP,,34
mapa_1_resultados.xlsx,2271,AL2021,130913,AF,CH,party,CH,,35
mapa_1_resultados.xlsx,2271,AL2021,130913,AF,PPD/PSD,party,PPD/PSD,,1051
mapa_1_resultados.xlsx,2271,AL2021,130913,AF,PS,party,PS,,934
mapa_1_resultados.xlsx,2271,AL2021,130913,AF,PCP-PEV,coalition,PCP-PEV,,27
mapa_1_resultados.xlsx,2272,AL2021,130914,AF,CH,party,CH,,34
mapa_1_resultados.xlsx,2272,AL2021,130914,AF,PPD/PSD,party,PPD/PSD,,359
mapa_1_resultados.xlsx,2272,AL2021,130914,AF,PS,party,PS,,1117
mapa_1_resultados.xlsx,2272,AL2021,130914,AF,PCP-PEV,coalition,PCP-PEV,,16
mapa_1_resultados.xlsx,2273,AL2021,130916,AF,CH,party,CH,,39
mapa_1_resultados.xlsx,2273,AL2021,130916,AF,PPD/PSD,party,PPD/PSD,,1148
mapa_1_resultados.xlsx,2273,AL2021,130916,AF,PS,party,PS,,398
mapa_1_resultados.xlsx,2273,AL2021,130916,AF,PCP-PEV,coalition,PCP-PEV,,23
mapa_1_resultados.xlsx,2274,AL2021,130917,AF,CDS-PP,party,CDS-PP,,84
mapa_1_resultados.xlsx,2274,AL2021,130917,AF,CH,party,CH,,62
mapa_1_resultados.xlsx,2274,AL2021,130917,AF,PPD/PSD,party,PPD/PSD,,2426
mapa_1_resultados.xlsx,2274,AL2021,130917,AF,PS,party,PS,,744
mapa_1_resultados.xlsx,2274,AL2021,130917,AF,PCP-PEV,coalition,PCP-PEV,,48
mapa_1_resultados.xlsx,2275,AL2021,130918,AF,CDS-PP,party,CDS-PP,,110
mapa_1_resultados.xlsx,2275,AL2021,130918,AF,CH,party,CH,,158
mapa_1_resultados.xlsx,2275,AL2021,130918,AF,PPD/PSD,party,PPD/PSD,,2613
mapa_1_resultados.xlsx,2275,AL2021,130918,AF,PS,party,PS,,1973
mapa_1_resultados.xlsx,2275,AL2021,130918,AF,PCP-PEV,coalition,PCP-PEV,,120
mapa_1_resultados.xlsx,2276,AL2021,130919,AF,CDS-PP,party,CDS-PP,,43
mapa_1_resultados.xlsx,2276,AL2021,130919,AF,CH,party,CH,,57
mapa_1_resultados.xlsx,2276,AL2021,130919,AF,PPD/PSD,party,PPD/PSD,,1103
mapa_1_resultados.xlsx,2276,AL2021,130919,AF,PS,party,PS,,1991
mapa_1_resultados.xlsx,2276,AL2021,130919,AF,PCP-PEV,coalition,PCP-PEV,,26
mapa_1_resultados.xlsx,2277,AL2021,131000,CM,B.E.,party,B.E.,,681
mapa_1_resultados.xlsx,2277,AL2021,131000,CM,CH,party,CH,,821
mapa_1_resultados.xlsx,2277,AL2021,131000,CM,PS,party,PS,,31015
mapa_1_resultados.xlsx,2277,AL2021,131000,CM,PCP-PEV,coalition,PCP-PEV,,1166
mapa_1_resultados.xlsx,2277,AL2021,131000,CM,[A],coalition,“NC/A”,Juntos por Paredes,1325
mapa_1_resultados.xlsx,2277,AL2021,131000,CM,[B],coalition,PPD/PSD.CDS-PP,PRIMEIRO AS PESSOAS,12663
mapa_1_resultados.xlsx,2278,AL2021,131000,AM,B.E.,party,B.E.,,916
mapa_1_resultados.xlsx,2278,AL2021,131000,AM,CH,party,CH,,1004
mapa_1_resultados.xlsx,2278,AL2021,131000,AM,PS,party,PS,,27662
mapa_1_resultados.xlsx,2278,AL2021,131000,AM,PCP-PEV,coalition,PCP-PEV,,1495
mapa_1_resultados.xlsx,2278,AL2021,131000,AM,[A],coalition,“NC/A”,Juntos por Paredes,1537
mapa_1_resultados.xlsx,2278,AL2021,131000,AM,[B],coalition,PPD/PSD.CDS-PP,PRIMEIRO AS PESSOAS,14497
mapa_1_resultados.xlsx,2279,AL2021,131001,AF,PS,party,PS,,576
mapa_1_resultados.xlsx,2279,AL2021,131001,AF,PCP-PEV,coalition,PCP-PEV,,37
mapa_1_resultados.xlsx,2279,AL2021,131001,AF,[A],coalition,PPD/PSD.CDS-PP,PRIMEIRO AS PESSOAS,311
mapa_1_resultados.xlsx,2280,AL2021,131002,AF,B.E.,party,B.E.,,17
mapa_1_resultados.xlsx,2280,AL2021,131002,AF,PS,party,PS,,381
mapa_1_resultados.xlsx,2280,AL2021,131002,AF,PCP-PEV,coalition,PCP-PEV,,17
mapa_1_resultados.xlsx,2280,AL2021,131002,AF,[A],coalition,PPD/PSD.CDS-PP,PRIMEIRO AS PESSOAS,224
mapa_1_resultados.xlsx,2281,AL2021,131003,AF,B.E.,party,B.E.,,31
mapa_1_resultados.xlsx,2281,AL2021,131003,AF,CH,party,CH,,59
mapa_1_resultados.xlsx,2281,AL2021,131003,AF,PS,party,PS,,1952
mapa_1_resultados.xlsx,2281,AL2021,131003,AF,PCP-PEV,coalition,PCP-PEV,,47
mapa_1_resultados.xlsx,2281,AL2021,131003,AF,[A],coalition,PPD/PSD.CDS-PP,PRIMEIRO AS PESSOAS,568
mapa_1_resultados.xlsx,2282,AL2021,131004,AF,PS,party,PS,,900
mapa_1_resultados.xlsx,2282,AL2021,131004,AF,PCP-PEV,coalition,PCP-PEV,,8
mapa_1_resultados.xlsx,2282,AL2021,131004,AF,[A],coalition,PPD/PSD.CDS-PP,PRIMEIRO AS PESSOAS,378
mapa_1_resultados.xlsx,2283,AL2021,131008,AF,B.E.,party,B.E.,,23
mapa_1_resultados.xlsx,2283,AL2021,131008,AF,PS,party,PS,,959
mapa_1_resultados.xlsx,2283,AL2021,131008,AF,PCP-PEV,coalition,PCP-PEV,,238
mapa_1_resultados.xlsx,2283,AL2021,131008,AF,[A],coalition,“NC/A”,Juntos por Paredes,81
mapa_1_resultados.xlsx,2283,AL2021,131008,AF,[B],coalition,PPD/PSD.CDS-PP,PRIMEIRO AS PESSOAS,467
mapa_1_resultados.xlsx,2284,AL2021,131009,AF,PS,party,PS,,602
mapa_1_resultados.xlsx,2284,AL2021,131009,AF,PCP-PEV,coalition,PCP-PEV,,10
mapa_1_resultados.xlsx,2284,AL2021,131009,AF,[A],coalition,PPD/PSD.CDS-PP,PRIMEIRO AS PESSOAS,599
mapa_1_resultados.xlsx,2285,AL2021,131010,AF,PS,party,PS,,644
mapa_1_resultados.xlsx,2285,AL2021,131010,AF,PCP-PEV,coalition,PCP-PEV,,15
mapa_1_resultados.xlsx,2285,AL2021,131010,AF,[A],coalition,PPD/PSD.CDS-PP,PRIMEIRO AS PESSOAS,980
mapa_1_resultados.xlsx,2285,AL2021,131010,AF,[D],citizen_group,FADI,FAZER ACONTECER DUAS IGREJAS,519
mapa_1_resultados.xlsx,2286,AL2021,131011,AF,B.E.,party,B.E.,,63
mapa_1_resultados.xlsx,2286,AL2021,131011,AF,PS,party,PS,,1895
mapa_1_resultados.xlsx,2286,AL2021,131011,AF,PCP-PEV,coalition,PCP-PEV,,94
mapa_1_resultados.xlsx,2286,AL2021,131011,AF,[A],coalition,PPD/PSD.CDS-PP,PRIMEIRO AS PESSOAS,1616
mapa_1_resultados.xlsx,2287,AL2021,131013,AF,B.E.,party,B.E.,,139
mapa_1_resultados.xlsx,2287,AL2021,131013,AF,PS,party,PS,,1439
mapa_1_resultados.xlsx,2287,AL2021,131013,AF,PCP-PEV,coalition,PCP-PEV,,103
mapa_1_resultados.xlsx,2287,AL2021,131013,AF,[A],coalition,“NC/A”,Juntos por Paredes,1176
mapa_1_resultados.xlsx,2287,AL2021,131013,AF,[B],coalition,PPD/PSD.CDS-PP,PRIMEIRO AS PESSOAS,2250
mapa_1_resultados.xlsx,2288,AL2021,131014,AF,PS,party,PS,,539
mapa_1_resultados.xlsx,2288,AL2021,131014,AF,PCP-PEV,coalition,PCP-PEV,,5
mapa_1_resultados.xlsx,2288,AL2021,131014,AF,[A],coalition,PPD/PSD.CDS-PP,PRIMEIRO AS PESSOAS,383
mapa_1_resultados.xlsx,2289,AL2021,131017,AF,PS,party,PS,,728
mapa_1_resultados.xlsx,2289,AL2021,131017,AF,PCP-PEV,coalition,PCP-PEV,,321
mapa_1_resultados.xlsx,2289,AL2021,131017,AF,[A],coalition,PPD/PSD.CDS-PP,PRIMEIRO AS PESSOAS,74
mapa_1_resultados.xlsx,2290,AL2021,131018,AF,B.E.,party,B.E.,,219
mapa_1_resultados.xlsx,2290,AL2021,131018,AF,PS,party,PS,,3186
mapa_1_resultados.xlsx,2290,AL2021,131018,AF,PCP-PEV,coalition,PCP-PEV,,66
mapa_1_resultados.xlsx,2290,AL2021,131018,AF,[A],coalition,PPD/PSD.CDS-PP,PRIMEIRO AS PESSOAS,1135
mapa_1_resultados.xlsx,2291,AL2021,131019,AF,B.E.,party,B.E.,,34
mapa_1_resultados.xlsx,2291,AL2021,131019,AF,PS,party,PS,,1198
mapa_1_resultados.xlsx,2291,AL2021,131019,AF,PCP-PEV,coalition,PCP-PEV,,162
mapa_1_resultados.xlsx,2291,AL2021,131019,AF,[A],coalition,“NC/A”,Juntos por Paredes,154
mapa_1_resultados.xlsx,2291,AL2021,131019,AF,[B],coalition,PPD/PSD.CDS-PP,PRIMEIRO AS PESSOAS,943
mapa_1_resultados.xlsx,2292,AL2021,131020,AF,PS,party,PS,,1729
mapa_1_resultados.xlsx,2292,AL2021,131020,AF,PCP-PEV,coalition,PCP-PEV,,129
mapa_1_resultados.xlsx,2292,AL2021,131020,AF,[A],coalition,PPD/PSD.CDS-PP,PRIMEIRO AS PESSOAS,430
mapa_1_resultados.xlsx,2293,AL2021,131021,AF,PS,party,PS,,472
mapa_1_resultados.xlsx,2293,AL2021,131021,AF,PCP-PEV,coalition,PCP-PEV,,10
mapa_1_resultados.xlsx,2293,AL2021,131021,AF,[D],citizen_group,SSMI,Sentir Sobrosa Movimento Independente,1232
mapa_1_resultados.xlsx,2294,AL2021,131022,AF,B.E.,party,B.E.,,37
mapa_1_resultados.xlsx,2294,AL2021,131022,AF,PS,party,PS,,805
mapa_1_resultados.xlsx,2294,AL2021,131022,AF,PCP-PEV,coalition,PCP-PEV,,19
mapa_1_resultados.xlsx,2294,AL2021,131022,AF,[A],coalition,PPD/PSD.CDS-PP,PRIMEIRO AS PESSOAS,497
mapa_1_resultados.xlsx,2295,AL2021,131024,AF,B.E.,party,B.E.,,18
mapa_1_resultados.xlsx,2295,AL2021,131024,AF,PS,party,PS,,1355
mapa_1_resultados.xlsx,2295,AL2021,131024,AF,PCP-PEV,coalition,PCP-PEV,,19
mapa_1_resultados.xlsx,2295,AL2021,131024,AF,[A],coalition,PPD/PSD.CDS-PP,PRIMEIRO AS PESSOAS,1480
mapa_1_resultados.xlsx,2296,AL2021,131025,AF,B.E.,party,B.E.,,189
mapa_1_resultados.xlsx,2296,AL2021,131025,AF,PS,party,PS,,6589
mapa_1_resultados.xlsx,2296,AL2021,131025,AF,PCP-PEV,coalition,PCP-PEV,,179
mapa_1_resultados.xlsx,2296,AL2021,131025,AF,[A],coalition,“NC/A”,Juntos por Paredes,216
mapa_1_resultados.xlsx,2296,AL2021,131025,AF,[B],coalition,PPD/PSD.CDS-PP,PRIMEIRO AS PESSOAS,3343
mapa_1_resultados.xlsx,2297,AL2021,131100,CM,B.E.,party,B.E.,,727
mapa_1_resultados.xlsx,2297,AL2021,131100,CM,CH,party,CH,,947
mapa_1_resultados.xlsx,2297,AL2021,131100,CM,PCP-PEV,coalition,PCP-PEV,,843
mapa_1_resultados.xlsx,2297,AL2021,131100,CM,[A],coalition,PPD/PSD.CDS-PP,PENAFIEL QUER,26422
mapa_1_resultados.xlsx,2297,AL2021,131100,CM,[B],coalition,PS.RIR,PENAFIEL UNIDO,13506
mapa_1_resultados.xlsx,2298,AL2021,131100,AM,B.E.,party,B.E.,,860
mapa_1_resultados.xlsx,2298,AL2021,131100,AM,CH,party,CH,,1067
mapa_1_resultados.xlsx,2298,AL2021,131100,AM,PCP-PEV,coalition,PCP-PEV,,1102
mapa_1_resultados.xlsx,2298,AL2021,131100,AM,[A],coalition,PPD/PSD.CDS-PP,PENAFIEL QUER,25402
mapa_1_resultados.xlsx,2298,AL2021,131100,AM,[B],coalition,PS.RIR,PENAFIEL UNIDO,13955
mapa_1_resultados.xlsx,2299,AL2021,131101,AF,PCP-PEV,coalition,PCP-PEV,,9
mapa_1_resultados.xlsx,2299,AL2021,131101,AF,[A],coalition,PPD/PSD.CDS-PP,PENAFIEL QUER,554
mapa_1_resultados.xlsx,2299,AL2021,131101,AF,[B],coalition,PS.RIR,PENAFIEL UNIDO,1041
mapa_1_resultados.xlsx,2300,AL2021,131102,AF,PCP-PEV,coalition,PCP-PEV,,89
mapa_1_resultados.xlsx,2300,AL2021,131102,AF,[A],coalition,PPD/PSD.CDS-PP,PENAFIEL QUER,608
mapa_1_resultados.xlsx,2300,AL2021,131102,AF,[B],coalition,PS.RIR,PENAFIEL UNIDO,376
mapa_1_resultados.xlsx,2301,AL2021,131103,AF,PCP-PEV,coalition,PCP-PEV,,196
mapa_1_resultados.xlsx,2301,AL2021,131103,AF,[D],citizen_group,MIBS,MOVIMENTO INDEPENDENTE BUSTELO SEMPRE,771
mapa_1_resultados.xlsx,2302,AL2021,131104,AF,PCP-PEV,coalition,PCP-PEV,,19
mapa_1_resultados.xlsx,2302,AL2021,131104,AF,[A],coalition,PS.RIR,PENAFIEL UNIDO,219
mapa_1_resultados.xlsx,2302,AL2021,131104,AF,[D],citizen_group,MIPCS,MOVIMENTO INDEPENDENTE PRIMEIRO CABEÇA SANTA,1264
mapa_1_resultados.xlsx,2303,AL2021,131105,AF,PCP-PEV,coalition,PCP-PEV,,5
mapa_1_resultados.xlsx,2303,AL2021,131105,AF,[A],coalition,PPD/PSD.CDS-PP,PENAFIEL QUER,436
mapa_1_resultados.xlsx,2303,AL2021,131105,AF,[B],coalition,PS.RIR,PENAFIEL UNIDO,647
mapa_1_resultados.xlsx,2304,AL2021,131106,AF,PCP-PEV,coalition,PCP-PEV,,22
mapa_1_resultados.xlsx,2304,AL2021,131106,AF,[A],coalition,PS.RIR,PENAFIEL UNIDO,215
mapa_1_resultados.xlsx,2304,AL2021,131106,AF,[D],citizen_group,MIVC,MOVIMENTO INDEPENDENTE VIVER CAPELA,422
mapa_1_resultados.xlsx,2305,AL2021,131107,AF,PCP-PEV,coalition,PCP-PEV,,64
mapa_1_resultados.xlsx,2305,AL2021,131107,AF,[A],coalition,PPD/PSD.CDS-PP,PENAFIEL QUER,592
mapa_1_resultados.xlsx,2305,AL2021,131107,AF,[B],coalition,PS.RIR,PENAFIEL UNIDO,272
mapa_1_resultados.xlsx,2306,AL2021,131108,AF,PCP-PEV,coalition,PCP-PEV,,31
mapa_1_resultados.xlsx,2306,AL2021,131108,AF,[A],coalition,PS.RIR,PENAFIEL UNIDO,254
mapa_1_resultados.xlsx,2306,AL2021,131108,AF,[D],citizen_group,MPC,MOVIMENTO POR CROCA,719
mapa_1_resultados.xlsx,2307,AL2021,131109,AF,PCP-PEV,coalition,PCP-PEV,,28
mapa_1_resultados.xlsx,2307,AL2021,131109,AF,[A],coalition,PS.RIR,PENAFIEL UNIDO,632
mapa_1_resultados.xlsx,2307,AL2021,131109,AF,[D],citizen_group,JDI,JUNTOS POR DUAS IGREJAS,755
mapa_1_resultados.xlsx,2308,AL2021,131110,AF,PCP-PEV,coalition,PCP-PEV,,17
mapa_1_resultados.xlsx,2308,AL2021,131110,AF,[A],coalition,PS.RIR,PENAFIEL UNIDO,165
mapa_1_resultados.xlsx,2308,AL2021,131110,AF,[D],citizen_group,MIME,MOVIMENTO INDEPENDENTE MAIS EJA - MIME,408
mapa_1_resultados.xlsx,2309,AL2021,131112,AF,PCP-PEV,coalition,PCP-PEV,,13
mapa_1_resultados.xlsx,2309,AL2021,131112,AF,[A],coalition,PPD/PSD.CDS-PP,PENAFIEL QUER,538
mapa_1_resultados.xlsx,2309,AL2021,131112,AF,[B],coalition,PS.RIR,PENAFIEL UNIDO,421
mapa_1_resultados.xlsx,2310,AL2021,131113,AF,[A],coalition,PPD/PSD.CDS-PP,PENAFIEL QUER,898
mapa_1_resultados.xlsx,2310,AL2021,131113,AF,[B],coalition,PS.RIR,PENAFIEL UNIDO,647
mapa_1_resultados.xlsx,2311,AL2021,131115,AF,PCP-PEV,coalition,PCP-PEV,,30
mapa_1_resultados.xlsx,2311,AL2021,131115,AF,[A],coalition,PPD/PSD.CDS-PP,PENAFIEL QUER,1073
mapa_1_resultados.xlsx,2311,AL2021,131115,AF,[B],coalition,PS.RIR,PENAFIEL UNIDO,247
mapa_1_resultados.xlsx,2312,AL2021,131121,AF,PCP-PEV,coalition,PCP-PEV,,33
mapa_1_resultados.xlsx,2312,AL2021,131121,AF,[A],coalition,PPD/PSD.CDS-PP,PENAFIEL QUER,807
mapa_1_resultados.xlsx,2312,AL2021,131121,AF,[B],coalition,PS.RIR,PENAFIEL UNIDO,429
mapa_1_resultados.xlsx,2313,AL2021,131122,AF,PCP-PEV,coalition,PCP-PEV,,86
mapa_1_resultados.xlsx,2313,AL2021,131122,AF,[A],coalition,PPD/PSD.CDS-PP,PENAFIEL QUER,1183
mapa_1_resultados.xlsx,2313,AL2021,131122,AF,[B],coalition,PS.RIR,PENAFIEL UNIDO,1096
mapa_1_resultados.xlsx,2314,AL2021,131125,AF,PCP-PEV,coalition,PCP-PEV,,24
mapa_1_resultados.xlsx,2314,AL2021,131125,AF,[A],coalition,PPD/PSD.CDS-PP,PENAFIEL QUER,515
mapa_1_resultados.xlsx,2314,AL2021,131125,AF,[D],citizen_group,MIP,MOVIMENTO INDEPENDENTE POR PEROSELO,314
mapa_1_resultados.xlsx,2315,AL2021,131128,AF,PCP-PEV,coalition,PCP-PEV,,138
mapa_1_resultados.xlsx,2315,AL2021,131128,AF,[D],citizen_group,UR,UNIDOS POR RANS,755
mapa_1_resultados.xlsx,2316,AL2021,131129,AF,PCP-PEV,coalition,PCP-PEV,,14
mapa_1_resultados.xlsx,2316,AL2021,131129,AF,[A],coalition,PPD/PSD.CDS-PP,PENAFIEL QUER,1027
mapa_1_resultados.xlsx,2316,AL2021,131129,AF,[B],coalition,PS.RIR,PENAFIEL UNIDO,618
mapa_1_resultados.xlsx,2317,AL2021,131132,AF,PCP-PEV,coalition,PCP-PEV,,15
mapa_1_resultados.xlsx,2317,AL2021,131132,AF,[A],coalition,PS.RIR,PENAFIEL UNIDO,231
mapa_1_resultados.xlsx,2317,AL2021,131132,AF,[D],citizen_group,VSM,VIVER S. MAMEDE,672
mapa_1_resultados.xlsx,2318,AL2021,131133,AF,PCP-PEV,coalition,PCP-PEV,,20
mapa_1_resultados.xlsx,2318,AL2021,131133,AF,[A],coalition,PS.RIR,PENAFIEL UNIDO,383
mapa_1_resultados.xlsx,2318,AL2021,131133,AF,[D],citizen_group,SMS,SÃO MARTINHO SEMPRE,665
mapa_1_resultados.xlsx,2319,AL2021,131134,AF,PCP-PEV,coalition,PCP-PEV,,13
mapa_1_resultados.xlsx,2319,AL2021,131134,AF,[A],coalition,PPD/PSD.CDS-PP,PENAFIEL QUER,246
mapa_1_resultados.xlsx,2319,AL2021,131134,AF,[B],coalition,PS.RIR,PENAFIEL UNIDO,239
mapa_1_resultados.xlsx,2320,AL2021,131136,AF,PCP-PEV,coalition,PCP-PEV,,7
mapa_1_resultados.xlsx,2320,AL2021,131136,AF,[A],coalition,PPD/PSD.CDS-PP,PENAFIEL QUER,602
mapa_1_resultados.xlsx,2320,AL2021,131136,AF,[B],coalition,PS.RIR,PENAFIEL UNIDO,387
mapa_1_resultados.xlsx,2321,AL2021,131138,AF,B.E.,party,B.E.,,27
mapa_1_resultados.xlsx,2321,AL2021,131138,AF,PCP-PEV,coalition,PCP-PEV,,58
mapa_1_resultados.xlsx,2321,AL2021,131138,AF,[A],coalition,PS.RIR,PENAFIEL UNIDO,400
mapa_1_resultados.xlsx,2321,AL2021,131138,AF,[D],citizen_group,CFRM,CONFIANÇA NO FUTURO DE RIO MAU,488
mapa_1_resultados.xlsx,2322,AL2021,131139,AF,CH,party,CH,,326
mapa_1_resultados.xlsx,2322,AL2021,131139,AF,PCP-PEV,coalition,PCP-PEV,,276
mapa_1_resultados.xlsx,2322,AL2021,131139,AF,[A],coalition,PPD/PSD.CDS-PP,PENAFIEL QUER,4562
mapa_1_resultados.xlsx,2322,AL2021,131139,AF,[B],coalition,PS.RIR,PENAFIEL UNIDO,2896
mapa_1_resultados.xlsx,2323,AL2021,131140,AF,PCP-PEV,coalition,PCP-PEV,,13
mapa_1_resultados.xlsx,2323,AL2021,131140,AF,[A],coalition,PPD/PSD.CDS-PP,PENAFIEL QUER,454
mapa_1_resultados.xlsx,2323,AL2021,131140,AF,[B],coalition,PS.RIR,PENAFIEL UNIDO,501
mapa_1_resultados.xlsx,2324,AL2021,131141,AF,PCP-PEV,coalition,PCP-PEV,,124
mapa_1_resultados.xlsx,2324,AL2021,131141,AF,[A],coalition,PS.RIR,PENAFIEL UNIDO,587
mapa_1_resultados.xlsx,2324,AL2021,131141,AF,[D],citizen_group,DMGU,DAR AS MÃOS POR GUILHUFE E URRÔ,1563
mapa_1_resultados.xlsx,2325,AL2021,131142,AF,PCP-PEV,coalition,PCP-PEV,,13
mapa_1_resultados.xlsx,2325,AL2021,131142,AF,[A],coalition,PPD/PSD.CDS-PP,PENAFIEL QUER,1190
mapa_1_resultados.xlsx,2325,AL2021,131142,AF,[B],coalition,PS.RIR,PENAFIEL UNIDO,593
mapa_1_resultados.xlsx,2326,AL2021,131143,AF,PCP-PEV,coalition,PCP-PEV,,37
mapa_1_resultados.xlsx,2326,AL2021,131143,AF,[A],coalition,PPD/PSD.CDS-PP,PENAFIEL QUER,2059
mapa_1_resultados.xlsx,2326,AL2021,131143,AF,[B],coalition,PS.RIR,PENAFIEL UNIDO,828
mapa_1_resultados.xlsx,2327,AL2021,131200,CM,B.E.,party,B.E.,,6321
mapa_1_resultados.xlsx,2327,AL2021,131200,CM,CH,party,CH,,2983
mapa_1_resultados.xlsx,2327,AL2021,131200,CM,E,party,E,,79
mapa_1_resultados.xlsx,2327,AL2021,131200,CM,L,party,L,,461
mapa_1_resultados.xlsx,2327,AL2021,131200,CM,PAN,party,PAN,,2821
mapa_1_resultados.xlsx,2327,AL2021,131200,CM,PPD/PSD,party,PPD/PSD,,17481
mapa_1_resultados.xlsx,2327,AL2021,131200,CM,PPM,party,PPM,,211
mapa_1_resultados.xlsx,2327,AL2021,131200,CM,PS,party,PS,,18192
mapa_1_resultados.xlsx,2327,AL2021,131200,CM,VP,party,VP,,424
mapa_1_resultados.xlsx,2327,AL2021,131200,CM,PCP-PEV,coalition,PCP-PEV,,7610
mapa_1_resultados.xlsx,2327,AL2021,131200,CM,[D],citizen_group,RM,"""Rui Moreira: Aqui há Porto""",41213
mapa_1_resultados.xlsx,2328,AL2021,131200,AM,A,party,A,,205
mapa_1_resultados.xlsx,2328,AL2021,131200,AM,B.E.,party,B.E.,,7619
mapa_1_resultados.xlsx,2328,AL2021,131200,AM,CH,party,CH,,3445
mapa_1_resultados.xlsx,2328,AL2021,131200,AM,E,party,E,,106
mapa_1_resultados.xlsx,2328,AL2021,131200,AM,L,party,L,,630
mapa_1_resultados.xlsx,2328,AL2021,131200,AM,PAN,party,PAN,,3624
mapa_1_resultados.xlsx,2328,AL2021,131200,AM,PPD/PSD,party,PPD/PSD,,18918
mapa_1_resultados.xlsx,2328,AL2021,131200,AM,PPM,party,PPM,,276
mapa_1_resultados.xlsx,2328,AL2021,131200,AM,PS,party,PS,,19370
mapa_1_resultados.xlsx,2328,AL2021,131200,AM,PCP-PEV,coalition,PCP-PEV,,8478
mapa_1_resultados.xlsx,2328,AL2021,131200,AM,[D],citizen_group,RM,"""Rui Moreira: Aqui há Porto""",35007
mapa_1_resultados.xlsx,2329,AL2021,131202,AF,B.E.,party,B.E.,,1020
mapa_1_resultados.xlsx,2329,AL2021,131202,AF,CH,party,CH,,359
mapa_1_resultados.xlsx,2329,AL2021,131202,AF,PAN,party,PAN,,472
mapa_1_resultados.xlsx,2329,AL2021,131202,AF,PPD/PSD,party,PPD/PSD,,2360
mapa_1_resultados.xlsx,2329,AL2021,131202,AF,PS,party,PS,,2166
mapa_1_resultados.xlsx,2329,AL2021,131202,AF,PCP-PEV,coalition,PCP-PEV,,1026
mapa_1_resultados.xlsx,2329,AL2021,131202,AF,[D],citizen_group,RM,"""Rui Moreira: Aqui há Porto""",2634
mapa_1_resultados.xlsx,2330,AL2021,131203,AF,B.E.,party,B.E.,,1086
mapa_1_resultados.xlsx,2330,AL2021,131203,AF,CH,party,CH,,691
mapa_1_resultados.xlsx,2330,AL2021,131203,AF,PAN,party,PAN,,721
mapa_1_resultados.xlsx,2330,AL2021,131203,AF,PPD/PSD,party,PPD/PSD,,2641
mapa_1_resultados.xlsx,2330,AL2021,131203,AF,PS,party,PS,,5538
mapa_1_resultados.xlsx,2330,AL2021,131203,AF,PCP-PEV,coalition,PCP-PEV,,1515
mapa_1_resultados.xlsx,2331,AL2021,131210,AF,B.E.,party,B.E.,,1493
mapa_1_resultados.xlsx,2331,AL2021,131210,AF,CH,party,CH,,530
mapa_1_resultados.xlsx,2331,AL2021,131210,AF,PAN,party,PAN,,736
mapa_1_resultados.xlsx,2331,AL2021,131210,AF,PPD/PSD,party,PPD/PSD,,6207
mapa_1_resultados.xlsx,2331,AL2021,131210,AF,PS,party,PS,,4023
mapa_1_resultados.xlsx,2331,AL2021,131210,AF,PCP-PEV,coalition,PCP-PEV,,1361
mapa_1_resultados.xlsx,2331,AL2021,131210,AF,[D],citizen_group,RM,"""Rui Moreira: Aqui há Porto""",4294
mapa_1_resultados.xlsx,2332,AL2021,131211,AF,B.E.,party,B.E.,,1343
mapa_1_resultados.xlsx,2332,AL2021,131211,AF,CH,party,CH,,614
mapa_1_resultados.xlsx,2332,AL2021,131211,AF,PAN,party,PAN,,642
mapa_1_resultados.xlsx,2332,AL2021,131211,AF,PPD/PSD,party,PPD/PSD,,3449
mapa_1_resultados.xlsx,2332,AL2021,131211,AF,PS,party,PS,,3795
mapa_1_resultados.xlsx,2332,AL2021,131211,AF,PCP-PEV,coalition,PCP-PEV,,1153
mapa_1_resultados.xlsx,2332,AL2021,131211,AF,[D],citizen_group,RM,"""Rui Moreira: Aqui há Porto""",5374
mapa_1_resultados.xlsx,2333,AL2021,131216,AF,A,party,A,,91
mapa_1_resultados.xlsx,2333,AL2021,131216,AF,B.E.,party,B.E.,,867
mapa_1_resultados.xlsx,2333,AL2021,131216,AF,CH,party,CH,,599
mapa_1_resultados.xlsx,2333,AL2021,131216,AF,PPD/PSD,party,PPD/PSD,,3878
mapa_1_resultados.xlsx,2333,AL2021,131216,AF,PPM,party,PPM,,85
mapa_1_resultados.xlsx,2333,AL2021,131216,AF,PS,party,PS,,2142
mapa_1_resultados.xlsx,2333,AL2021,131216,AF,PCP-PEV,coalition,PCP-PEV,,704
mapa_1_resultados.xlsx,2333,AL2021,131216,AF,[D],citizen_group,RM,"""Rui Moreira: Aqui há Porto""",5200
mapa_1_resultados.xlsx,2334,AL2021,131217,AF,B.E.,party,B.E.,,1778
mapa_1_resultados.xlsx,2334,AL2021,131217,AF,CH,party,CH,,472
mapa_1_resultados.xlsx,2334,AL2021,131217,AF,PAN,party,PAN,,696
mapa_1_resultados.xlsx,2334,AL2021,131217,AF,PPD/PSD,party,PPD/PSD,,2764
mapa_1_resultados.xlsx,2334,AL2021,131217,AF,PS,party,PS,,3124
mapa_1_resultados.xlsx,2334,AL2021,131217,AF,PCP-PEV,coalition,PCP-PEV,,1433
mapa_1_resultados.xlsx,2334,AL2021,131217,AF,[D],citizen_group,RM,"""Rui Moreira: Aqui há Porto""",3931
mapa_1_resultados.xlsx,2335,AL2021,131218,AF,A,party,A,,63
mapa_1_resultados.xlsx,2335,AL2021,131218,AF,B.E.,party,B.E.,,912
mapa_1_resultados.xlsx,2335,AL2021,131218,AF,CH,party,CH,,497
mapa_1_resultados.xlsx,2335,AL2021,131218,AF,E,party,E,,41
mapa_1_resultados.xlsx,2335,AL2021,131218,AF,PAN,party,PAN,,380
mapa_1_resultados.xlsx,2335,AL2021,131218,AF,PPD/PSD,party,PPD/PSD,,2677
mapa_1_resultados.xlsx,2335,AL2021,131218,AF,PS,party,PS,,2250
mapa_1_resultados.xlsx,2335,AL2021,131218,AF,PCP-PEV,coalition,PCP-PEV,,1112
mapa_1_resultados.xlsx,2335,AL2021,131218,AF,[D],citizen_group,RM,"""Rui Moreira: Aqui há Porto""",4018
mapa_1_resultados.xlsx,2336,AL2021,131300,CM,B.E.,party,B.E.,,826
mapa_1_resultados.xlsx,2336,AL2021,131300,CM,CDS-PP,party,CDS-PP,,982
mapa_1_resultados.xlsx,2336,AL2021,131300,CM,CH,party,CH,,1593
mapa_1_resultados.xlsx,2336,AL2021,131300,CM,IL,party,IL,,1003
mapa_1_resultados.xlsx,2336,AL2021,131300,CM,PAN,party,PAN,,683
mapa_1_resultados.xlsx,2336,AL2021,131300,CM,PPD/PSD,party,PPD/PSD,,14946
mapa_1_resultados.xlsx,2336,AL2021,131300,CM,PS,party,PS,,6343
mapa_1_resultados.xlsx,2336,AL2021,131300,CM,PCP-PEV,coalition,PCP-PEV,,1211
mapa_1_resultados.xlsx,2337,AL2021,131300,AM,B.E.,party,B.E.,,1009
mapa_1_resultados.xlsx,2337,AL2021,131300,AM,CDS-PP,party,CDS-PP,,1169
mapa_1_resultados.xlsx,2337,AL2021,131300,AM,CH,party,CH,,1748
mapa_1_resultados.xlsx,2337,AL2021,131300,AM,IL,party,IL,,1026
mapa_1_resultados.xlsx,2337,AL2021,131300,AM,PAN,party,PAN,,870
mapa_1_resultados.xlsx,2337,AL2021,131300,AM,PPD/PSD,party,PPD/PSD,,14066
mapa_1_resultados.xlsx,2337,AL2021,131300,AM,PS,party,PS,,6371
mapa_1_resultados.xlsx,2337,AL2021,131300,AM,PCP-PEV,coalition,PCP-PEV,,1253
mapa_1_resultados.xlsx,2338,AL2021,131305,AF,CH,party,CH,,34
mapa_1_resultados.xlsx,2338,AL2021,131305,AF,PPD/PSD,party,PPD/PSD,,986
mapa_1_resultados.xlsx,2338,AL2021,131305,AF,PCP-PEV,coalition,PCP-PEV,,13
mapa_1_resultados.xlsx,2338,AL2021,131305,AF,[D],citizen_group,CABEM,Cidadãos da Alternativa Balasar Em Movimento - CABEM,605
mapa_1_resultados.xlsx,2339,AL2021,131307,AF,CH,party,CH,,18
mapa_1_resultados.xlsx,2339,AL2021,131307,AF,PPD/PSD,party,PPD/PSD,,636
mapa_1_resultados.xlsx,2339,AL2021,131307,AF,PS,party,PS,,114
mapa_1_resultados.xlsx,2339,AL2021,131307,AF,PCP-PEV,coalition,PCP-PEV,,6
mapa_1_resultados.xlsx,2339,AL2021,131307,AF,[D],citizen_group,LEI,Lista Estela Independente,695
mapa_1_resultados.xlsx,2340,AL2021,131308,AF,CH,party,CH,,143
mapa_1_resultados.xlsx,2340,AL2021,131308,AF,PPD/PSD,party,PPD/PSD,,747
mapa_1_resultados.xlsx,2340,AL2021,131308,AF,PS,party,PS,,182
mapa_1_resultados.xlsx,2340,AL2021,131308,AF,PCP-PEV,coalition,PCP-PEV,,22
mapa_1_resultados.xlsx,2341,AL2021,131311,AF,CH,party,CH,,164
mapa_1_resultados.xlsx,2341,AL2021,131311,AF,PPD/PSD,party,PPD/PSD,,959
mapa_1_resultados.xlsx,2341,AL2021,131311,AF,PS,party,PS,,139
mapa_1_resultados.xlsx,2341,AL2021,131311,AF,PCP-PEV,coalition,PCP-PEV,,14
mapa_1_resultados.xlsx,2342,AL2021,131313,AF,B.E.,party,B.E.,,279
mapa_1_resultados.xlsx,2342,AL2021,131313,AF,CH,party,CH,,406
mapa_1_resultados.xlsx,2342,AL2021,131313,AF,PS,party,PS,,2229
mapa_1_resultados.xlsx,2342,AL2021,131313,AF,PCP-PEV,coalition,PCP-PEV,,276
mapa_1_resultados.xlsx,2342,AL2021,131313,AF,[D],citizen_group,U.A.A.T.,A Força da União,2566
mapa_1_resultados.xlsx,2343,AL2021,131314,AF,CH,party,CH,,183
mapa_1_resultados.xlsx,2343,AL2021,131314,AF,PPD/PSD,party,PPD/PSD,,1620
mapa_1_resultados.xlsx,2343,AL2021,131314,AF,PS,party,PS,,696
mapa_1_resultados.xlsx,2343,AL2021,131314,AF,PCP-PEV,coalition,PCP-PEV,,62
mapa_1_resultados.xlsx,2344,AL2021,131315,AF,B.E.,party,B.E.,,687
mapa_1_resultados.xlsx,2344,AL2021,131315,AF,CH,party,CH,,835
mapa_1_resultados.xlsx,2344,AL2021,131315,AF,IL,party,IL,,632
mapa_1_resultados.xlsx,2344,AL2021,131315,AF,PPD/PSD,party,PPD/PSD,,7317
mapa_1_resultados.xlsx,2344,AL2021,131315,AF,PS,party,PS,,3022
mapa_1_resultados.xlsx,2344,AL2021,131315,AF,PCP-PEV,coalition,PCP-PEV,,929
mapa_1_resultados.xlsx,2345,AL2021,131400,CM,B.E.,party,B.E.,,2148
mapa_1_resultados.xlsx,2345,AL2021,131400,CM,CH,party,CH,,1577
mapa_1_resultados.xlsx,2345,AL2021,131400,CM,PS,party,PS,,21429
mapa_1_resultados.xlsx,2345,AL2021,131400,CM,PCP-PEV,coalition,PCP-PEV,,1233
mapa_1_resultados.xlsx,2345,AL2021,131400,CM,[A],coalition,NC/PPM,PRÁ FRENTE SANTO TIRSO,562
mapa_1_resultados.xlsx,2345,AL2021,131400,CM,[B],coalition,PPD/PSD.CDS-PP,VALORIZAR MAIS,6613
mapa_1_resultados.xlsx,2346,AL2021,131400,AM,B.E.,party,B.E.,,2381
mapa_1_resultados.xlsx,2346,AL2021,131400,AM,CH,party,CH,,1565
mapa_1_resultados.xlsx,2346,AL2021,131400,AM,PS,party,PS,,19956
mapa_1_resultados.xlsx,2346,AL2021,131400,AM,PCP-PEV,coalition,PCP-PEV,,1468
mapa_1_resultados.xlsx,2346,AL2021,131400,AM,[A],coalition,NC/PPM,PRÁ FRENTE SANTO TIRSO,575
mapa_1_resultados.xlsx,2346,AL2021,131400,AM,[B],coalition,PPD/PSD.CDS-PP,VALORIZAR MAIS,7513
mapa_1_resultados.xlsx,2347,AL2021,131401,AF,PCP-PEV,coalition,PCP-PEV,,26
mapa_1_resultados.xlsx,2347,AL2021,131401,AF,[A],coalition,PPD/PSD.CDS-PP,VALORIZAR MAIS,350
mapa_1_resultados.xlsx,2347,AL2021,131401,AF,[D],citizen_group,MIAP,Movimento Independente Agrela Primeiro,504
mapa_1_resultados.xlsx,2348,AL2021,131402,AF,PCP-PEV,coalition,PCP-PEV,,54
mapa_1_resultados.xlsx,2348,AL2021,131402,AF,[D],citizen_group,ALEDT,Água Longa É de Todos,839
mapa_1_resultados.xlsx,2348,AL2021,131402,AF,[E],citizen_group,UPAL,Unidos por Água Longa,339
mapa_1_resultados.xlsx,2349,AL2021,131405,AF,B.E.,party,B.E.,,157
mapa_1_resultados.xlsx,2349,AL2021,131405,AF,PS,party,PS,,2358
mapa_1_resultados.xlsx,2349,AL2021,131405,AF,PCP-PEV,coalition,PCP-PEV,,126
mapa_1_resultados.xlsx,2349,AL2021,131405,AF,[A],coalition,PPD/PSD.CDS-PP,VALORIZAR MAIS,601
mapa_1_resultados.xlsx,2349,AL2021,131405,AF,[D],citizen_group,A.,Movimento Independente Aves,504
mapa_1_resultados.xlsx,2350,AL2021,131413,AF,PCP-PEV,coalition,PCP-PEV,,129
mapa_1_resultados.xlsx,2350,AL2021,131413,AF,[A],coalition,PPD/PSD.CDS-PP,VALORIZAR MAIS,645
mapa_1_resultados.xlsx,2350,AL2021,131413,AF,[D],citizen_group,MIPMC,MOVIMENTO INDEPENDENTE POR MONTE CÓRDOVA,1298
mapa_1_resultados.xlsx,2351,AL2021,131416,AF,PS,party,PS,,1178
mapa_1_resultados.xlsx,2351,AL2021,131416,AF,PCP-PEV,coalition,PCP-PEV,,116
mapa_1_resultados.xlsx,2351,AL2021,131416,AF,[A],coalition,PPD/PSD.CDS-PP,VALORIZAR MAIS,339
mapa_1_resultados.xlsx,2352,AL2021,131418,AF,PS,party,PS,,423
mapa_1_resultados.xlsx,2352,AL2021,131418,AF,PCP-PEV,coalition,PCP-PEV,,5
mapa_1_resultados.xlsx,2352,AL2021,131418,AF,[A],coalition,PPD/PSD.CDS-PP,VALORIZAR MAIS,182
mapa_1_resultados.xlsx,2352,AL2021,131418,AF,[D],citizen_group,MIR,MOVIMENTO INDEPENDENTE DA REGUENGA,257
mapa_1_resultados.xlsx,2353,AL2021,131419,AF,PS,party,PS,,1109
mapa_1_resultados.xlsx,2353,AL2021,131419,AF,PCP-PEV,coalition,PCP-PEV,,227
mapa_1_resultados.xlsx,2353,AL2021,131419,AF,[A],coalition,PPD/PSD.CDS-PP,VALORIZAR MAIS,563
mapa_1_resultados.xlsx,2354,AL2021,131430,AF,PS,party,PS,,1627
mapa_1_resultados.xlsx,2354,AL2021,131430,AF,PCP-PEV,coalition,PCP-PEV,,74
mapa_1_resultados.xlsx,2354,AL2021,131430,AF,[A],coalition,PPD/PSD.CDS-PP,VALORIZAR MAIS,282
mapa_1_resultados.xlsx,2355,AL2021,131432,AF,PS,party,PS,,861
mapa_1_resultados.xlsx,2355,AL2021,131432,AF,PCP-PEV,coalition,PCP-PEV,,246
mapa_1_resultados.xlsx,2355,AL2021,131432,AF,[A],coalition,PPD/PSD.CDS-PP,VALORIZAR MAIS,743
mapa_1_resultados.xlsx,2356,AL2021,131433,AF,B.E.,party,B.E.,,262
mapa_1_resultados.xlsx,2356,AL2021,131433,AF,PS,party,PS,,2004
mapa_1_resultados.xlsx,2356,AL2021,131433,AF,PCP-PEV,coalition,PCP-PEV,,69
mapa_1_resultados.xlsx,2356,AL2021,131433,AF,[A],coalition,PPD/PSD.CDS-PP,VALORIZAR MAIS,763
mapa_1_resultados.xlsx,2357,AL2021,131434,AF,B.E.,party,B.E.,,129
mapa_1_resultados.xlsx,2357,AL2021,131434,AF,CH,party,CH,,164
mapa_1_resultados.xlsx,2357,AL2021,131434,AF,PS,party,PS,,2645
mapa_1_resultados.xlsx,2357,AL2021,131434,AF,PCP-PEV,coalition,PCP-PEV,,199
mapa_1_resultados.xlsx,2357,AL2021,131434,AF,[A],coalition,PPD/PSD.CDS-PP,VALORIZAR MAIS,412
mapa_1_resultados.xlsx,2358,AL2021,131435,AF,PS,party,PS,,896
mapa_1_resultados.xlsx,2358,AL2021,131435,AF,PCP-PEV,coalition,PCP-PEV,,229
mapa_1_resultados.xlsx,2359,AL2021,131436,AF,PS,party,PS,,533
mapa_1_resultados.xlsx,2359,AL2021,131436,AF,PCP-PEV,coalition,PCP-PEV,,74
mapa_1_resultados.xlsx,2359,AL2021,131436,AF,[A],coalition,PPD/PSD.CDS-PP,VALORIZAR MAIS,216
mapa_1_resultados.xlsx,2360,AL2021,131437,AF,B.E.,party,B.E.,,766
mapa_1_resultados.xlsx,2360,AL2021,131437,AF,PS,party,PS,,5498
mapa_1_resultados.xlsx,2360,AL2021,131437,AF,PCP-PEV,coalition,PCP-PEV,,337
mapa_1_resultados.xlsx,2360,AL2021,131437,AF,[A],coalition,PPD/PSD.CDS-PP,VALORIZAR MAIS,2107
mapa_1_resultados.xlsx,2361,AL2021,131500,CM,B.E.,party,B.E.,,1948
mapa_1_resultados.xlsx,2361,AL2021,131500,CM,CH,party,CH,,1691
mapa_1_resultados.xlsx,2361,AL2021,131500,CM,NC,party,NC,,1099
mapa_1_resultados.xlsx,2361,AL2021,131500,CM,PAN,party,PAN,,1198
mapa_1_resultados.xlsx,2361,AL2021,131500,CM,PS,party,PS,,20214
mapa_1_resultados.xlsx,2361,AL2021,131500,CM,PCP-PEV,coalition,PCP-PEV,,2059
mapa_1_resultados.xlsx,2361,AL2021,131500,CM,[A],coalition,PPD/PSD.CDS-PP,UNIDOS POR TODOS,9731
mapa_1_resultados.xlsx,2362,AL2021,131500,AM,B.E.,party,B.E.,,2318
mapa_1_resultados.xlsx,2362,AL2021,131500,AM,CH,party,CH,,1934
mapa_1_resultados.xlsx,2362,AL2021,131500,AM,NC,party,NC,,1347
mapa_1_resultados.xlsx,2362,AL2021,131500,AM,PAN,party,PAN,,1577
mapa_1_resultados.xlsx,2362,AL2021,131500,AM,PS,party,PS,,18217
mapa_1_resultados.xlsx,2362,AL2021,131500,AM,PCP-PEV,coalition,PCP-PEV,,2332
mapa_1_resultados.xlsx,2362,AL2021,131500,AM,[A],coalition,PPD/PSD.CDS-PP,UNIDOS POR TODOS,10054
mapa_1_resultados.xlsx,2363,AL2021,131501,AF,B.E.,party,B.E.,,230
mapa_1_resultados.xlsx,2363,AL2021,131501,AF,CH,party,CH,,256
mapa_1_resultados.xlsx,2363,AL2021,131501,AF,PS,party,PS,,3329
mapa_1_resultados.xlsx,2363,AL2021,131501,AF,PCP-PEV,coalition,PCP-PEV,,235
mapa_1_resultados.xlsx,2363,AL2021,131501,AF,[A],coalition,PPD/PSD.CDS-PP,UNIDOS POR TODOS,2076
mapa_1_resultados.xlsx,2364,AL2021,131503,AF,B.E.,party,B.E.,,1383
mapa_1_resultados.xlsx,2364,AL2021,131503,AF,CH,party,CH,,876
mapa_1_resultados.xlsx,2364,AL2021,131503,AF,PS,party,PS,,6958
mapa_1_resultados.xlsx,2364,AL2021,131503,AF,PCP-PEV,coalition,PCP-PEV,,963
mapa_1_resultados.xlsx,2364,AL2021,131503,AF,[A],coalition,PPD/PSD.CDS-PP,UNIDOS POR TODOS,4094
mapa_1_resultados.xlsx,2365,AL2021,131505,AF,B.E.,party,B.E.,,730
mapa_1_resultados.xlsx,2365,AL2021,131505,AF,CH,party,CH,,529
mapa_1_resultados.xlsx,2365,AL2021,131505,AF,PS,party,PS,,5458
mapa_1_resultados.xlsx,2365,AL2021,131505,AF,PCP-PEV,coalition,PCP-PEV,,571
mapa_1_resultados.xlsx,2365,AL2021,131505,AF,[A],coalition,PPD/PSD.CDS-PP,UNIDOS POR TODOS,2838
mapa_1_resultados.xlsx,2366,AL2021,131506,AF,B.E.,party,B.E.,,232
mapa_1_resultados.xlsx,2366,AL2021,131506,AF,CH,party,CH,,224
mapa_1_resultados.xlsx,2366,AL2021,131506,AF,PS,party,PS,,3072
mapa_1_resultados.xlsx,2366,AL2021,131506,AF,PCP-PEV,coalition,PCP-PEV,,659
mapa_1_resultados.xlsx,2366,AL2021,131506,AF,[A],coalition,PPD/PSD.CDS-PP,UNIDOS POR TODOS,2989
mapa_1_resultados.xlsx,2367,AL2021,131600,CM,B.E.,party,B.E.,,686
mapa_1_resultados.xlsx,2367,AL2021,131600,CM,CDS-PP,party,CDS-PP,,461
mapa_1_resultados.xlsx,2367,AL2021,131600,CM,CH,party,CH,,1095
mapa_1_resultados.xlsx,2367,AL2021,131600,CM,IL,party,IL,,725
mapa_1_resultados.xlsx,2367,AL2021,131600,CM,PAN,party,PAN,,725
mapa_1_resultados.xlsx,2367,AL2021,131600,CM,PPD/PSD,party,PPD/PSD,,5975
mapa_1_resultados.xlsx,2367,AL2021,131600,CM,PS,party,PS,,18408
mapa_1_resultados.xlsx,2367,AL2021,131600,CM,PCP-PEV,coalition,PCP-PEV,,859
mapa_1_resultados.xlsx,2367,AL2021,131600,CM,[D],citizen_group,NAU,ELISA FERRAZ - NÓS AVANÇAMOS UNIDOS,13089
mapa_1_resultados.xlsx,2368,AL2021,131600,AM,B.E.,party,B.E.,,967
mapa_1_resultados.xlsx,2368,AL2021,131600,AM,CDS-PP,party,CDS-PP,,738
mapa_1_resultados.xlsx,2368,AL2021,131600,AM,CH,party,CH,,1359
mapa_1_resultados.xlsx,2368,AL2021,131600,AM,IL,party,IL,,836
mapa_1_resultados.xlsx,2368,AL2021,131600,AM,PAN,party,PAN,,1002
mapa_1_resultados.xlsx,2368,AL2021,131600,AM,PPD/PSD,party,PPD/PSD,,6351
mapa_1_resultados.xlsx,2368,AL2021,131600,AM,PS,party,PS,,17780
mapa_1_resultados.xlsx,2368,AL2021,131600,AM,PCP-PEV,coalition,PCP-PEV,,1153
mapa_1_resultados.xlsx,2368,AL2021,131600,AM,[D],citizen_group,NAU,ELISA FERRAZ - NÓS AVANÇAMOS UNIDOS,11699
mapa_1_resultados.xlsx,2369,AL2021,131602,AF,CDS-PP,party,CDS-PP,,93
mapa_1_resultados.xlsx,2369,AL2021,131602,AF,PPD/PSD,party,PPD/PSD,,423
mapa_1_resultados.xlsx,2369,AL2021,131602,AF,PS,party,PS,,939
mapa_1_resultados.xlsx,2369,AL2021,131602,AF,PCP-PEV,coalition,PCP-PEV,,111
mapa_1_resultados.xlsx,2369,AL2021,131602,AF,[D],citizen_group,NAU,CARLOS CORREIA - NÓS AVANÇAMOS UNIDOS,1298
mapa_1_resultados.xlsx,2370,AL2021,131603,AF,PPD/PSD,party,PPD/PSD,,125
mapa_1_resultados.xlsx,2370,AL2021,131603,AF,PS,party,PS,,482
mapa_1_resultados.xlsx,2370,AL2021,131603,AF,PCP-PEV,coalition,PCP-PEV,,29
mapa_1_resultados.xlsx,2371,AL2021,131604,AF,PPD/PSD,party,PPD/PSD,,129
mapa_1_resultados.xlsx,2371,AL2021,131604,AF,PS,party,PS,,317
mapa_1_resultados.xlsx,2371,AL2021,131604,AF,PCP-PEV,coalition,PCP-PEV,,60
mapa_1_resultados.xlsx,2371,AL2021,131604,AF,[D],citizen_group,NAU,CARLOS SILVA - NÓS AVANÇAMOS UNIDOS,639
mapa_1_resultados.xlsx,2372,AL2021,131607,AF,PPD/PSD,party,PPD/PSD,,106
mapa_1_resultados.xlsx,2372,AL2021,131607,AF,PS,party,PS,,119
mapa_1_resultados.xlsx,2372,AL2021,131607,AF,PCP-PEV,coalition,PCP-PEV,,25
mapa_1_resultados.xlsx,2372,AL2021,131607,AF,[D],citizen_group,NAU,SILVIA LOMBA - NÓS AVANÇAMOS UNIDOS,526
mapa_1_resultados.xlsx,2373,AL2021,131610,AF,PPD/PSD,party,PPD/PSD,,96
mapa_1_resultados.xlsx,2373,AL2021,131610,AF,PS,party,PS,,839
mapa_1_resultados.xlsx,2373,AL2021,131610,AF,PCP-PEV,coalition,PCP-PEV,,13
mapa_1_resultados.xlsx,2373,AL2021,131610,AF,[D],citizen_group,LIG-NAU,LISTA INDEPENDENTE GIÃO - NÓS AVANÇAMOS UNIDOS,169
mapa_1_resultados.xlsx,2374,AL2021,131611,AF,PPD/PSD,party,PPD/PSD,,194
mapa_1_resultados.xlsx,2374,AL2021,131611,AF,PS,party,PS,,887
mapa_1_resultados.xlsx,2374,AL2021,131611,AF,PCP-PEV,coalition,PCP-PEV,,16
mapa_1_resultados.xlsx,2374,AL2021,131611,AF,[D],citizen_group,NAU,JOAQUIM AZEVEDO - NÓS AVANÇAMOS UNIDOS,258
mapa_1_resultados.xlsx,2375,AL2021,131612,AF,PPD/PSD,party,PPD/PSD,,527
mapa_1_resultados.xlsx,2375,AL2021,131612,AF,PS,party,PS,,646
mapa_1_resultados.xlsx,2375,AL2021,131612,AF,PCP-PEV,coalition,PCP-PEV,,12
mapa_1_resultados.xlsx,2375,AL2021,131612,AF,[D],citizen_group,NAU,ELISABETE FERNANDES - NÓS AVANÇAMOS UNIDOS,68
mapa_1_resultados.xlsx,2376,AL2021,131613,AF,PS,party,PS,,788
mapa_1_resultados.xlsx,2376,AL2021,131613,AF,PCP-PEV,coalition,PCP-PEV,,66
mapa_1_resultados.xlsx,2376,AL2021,131613,AF,[D],citizen_group,M.P.L.,SILVINO MARQUES - MOVIMENTO POR LABRUGE,613
mapa_1_resultados.xlsx,2377,AL2021,131614,AF,PPD/PSD,party,PPD/PSD,,134
mapa_1_resultados.xlsx,2377,AL2021,131614,AF,PS,party,PS,,395
mapa_1_resultados.xlsx,2377,AL2021,131614,AF,PCP-PEV,coalition,PCP-PEV,,33
mapa_1_resultados.xlsx,2377,AL2021,131614,AF,[D],citizen_group,NAU,FILIPE SANTOS - NÓS AVANÇAMOS UNIDOS,854
mapa_1_resultados.xlsx,2378,AL2021,131616,AF,B.E.,party,B.E.,,57
mapa_1_resultados.xlsx,2378,AL2021,131616,AF,PPD/PSD,party,PPD/PSD,,287
mapa_1_resultados.xlsx,2378,AL2021,131616,AF,PS,party,PS,,511
mapa_1_resultados.xlsx,2378,AL2021,131616,AF,PCP-PEV,coalition,PCP-PEV,,39
mapa_1_resultados.xlsx,2378,AL2021,131616,AF,[D],citizen_group,MMM,Muito Mais Mindelo - Claúdio Matos,1284
mapa_1_resultados.xlsx,2379,AL2021,131617,AF,PPD/PSD,party,PPD/PSD,,155
mapa_1_resultados.xlsx,2379,AL2021,131617,AF,PS,party,PS,,580
mapa_1_resultados.xlsx,2379,AL2021,131617,AF,PCP-PEV,coalition,PCP-PEV,,27
mapa_1_resultados.xlsx,2379,AL2021,131617,AF,[D],citizen_group,NAU,ANTÓNIO COSTA - NÓS AVANÇAMOS UNIDOS,277
mapa_1_resultados.xlsx,2380,AL2021,131627,AF,PPD/PSD,party,PPD/PSD,,134
mapa_1_resultados.xlsx,2380,AL2021,131627,AF,PS,party,PS,,646
mapa_1_resultados.xlsx,2380,AL2021,131627,AF,PCP-PEV,coalition,PCP-PEV,,35
mapa_1_resultados.xlsx,2380,AL2021,131627,AF,[D],citizen_group,NAU,JOAQUIM MOREIRA - NÓS AVANÇAMOS UNIDOS,1032
mapa_1_resultados.xlsx,2381,AL2021,131628,AF,B.E.,party,B.E.,,392
mapa_1_resultados.xlsx,2381,AL2021,131628,AF,CDS-PP,party,CDS-PP,,462
mapa_1_resultados.xlsx,2381,AL2021,131628,AF,CH,party,CH,,344
mapa_1_resultados.xlsx,2381,AL2021,131628,AF,IL,party,IL,,345
mapa_1_resultados.xlsx,2381,AL2021,131628,AF,PPD/PSD,party,PPD/PSD,,1866
mapa_1_resultados.xlsx,2381,AL2021,131628,AF,PS,party,PS,,6446
mapa_1_resultados.xlsx,2381,AL2021,131628,AF,PCP-PEV,coalition,PCP-PEV,,704
mapa_1_resultados.xlsx,2381,AL2021,131628,AF,[D],citizen_group,NAU,CRISTINA CAMPOS - NÓS AVANÇAMOS UNIDOS,2327
mapa_1_resultados.xlsx,2382,AL2021,131630,AF,PPD/PSD,party,PPD/PSD,,752
mapa_1_resultados.xlsx,2382,AL2021,131630,AF,PS,party,PS,,445
mapa_1_resultados.xlsx,2382,AL2021,131630,AF,PCP-PEV,coalition,PCP-PEV,,40
mapa_1_resultados.xlsx,2382,AL2021,131630,AF,[D],citizen_group,NAU,TÂNIA CAMPOS - NÓS AVANÇAMOS UNIDOS,150
mapa_1_resultados.xlsx,2383,AL2021,131631,AF,PCP-PEV,coalition,PCP-PEV,,138
mapa_1_resultados.xlsx,2383,AL2021,131631,AF,[D],citizen_group,PPT,PROJETO PARA TODOS,1096
mapa_1_resultados.xlsx,2384,AL2021,131632,AF,PPD/PSD,party,PPD/PSD,,191
mapa_1_resultados.xlsx,2384,AL2021,131632,AF,PS,party,PS,,538
mapa_1_resultados.xlsx,2384,AL2021,131632,AF,PCP-PEV,coalition,PCP-PEV,,22
mapa_1_resultados.xlsx,2384,AL2021,131632,AF,[D],citizen_group,M.I.F.V.,Movimento Independente Fornelo e Vairão,408
mapa_1_resultados.xlsx,2384,AL2021,131632,AF,[E],citizen_group,NAU,RAQUEL SOUSA - NÓS AVANÇAMOS UNIDOS,262
mapa_1_resultados.xlsx,2385,AL2021,131633,AF,PPD/PSD,party,PPD/PSD,,79
mapa_1_resultados.xlsx,2385,AL2021,131633,AF,PS,party,PS,,487
mapa_1_resultados.xlsx,2385,AL2021,131633,AF,PCP-PEV,coalition,PCP-PEV,,10
mapa_1_resultados.xlsx,2385,AL2021,131633,AF,[D],citizen_group,NAU,NELSON LOPES - NÓS AVANÇAMOS UNIDOS,871
mapa_1_resultados.xlsx,2386,AL2021,131634,AF,PPD/PSD,party,PPD/PSD,,121
mapa_1_resultados.xlsx,2386,AL2021,131634,AF,PS,party,PS,,825
mapa_1_resultados.xlsx,2386,AL2021,131634,AF,PCP-PEV,coalition,PCP-PEV,,18
mapa_1_resultados.xlsx,2386,AL2021,131634,AF,[D],citizen_group,NAU,RITA COSTA - NÓS AVANÇAMOS UNIDOS,420
mapa_1_resultados.xlsx,2387,AL2021,131635,AF,CDS-PP,party,CDS-PP,,57
mapa_1_resultados.xlsx,2387,AL2021,131635,AF,PPD/PSD,party,PPD/PSD,,534
mapa_1_resultados.xlsx,2387,AL2021,131635,AF,PS,party,PS,,1022
mapa_1_resultados.xlsx,2387,AL2021,131635,AF,PCP-PEV,coalition,PCP-PEV,,33
mapa_1_resultados.xlsx,2388,AL2021,131636,AF,CH,party,CH,,154
mapa_1_resultados.xlsx,2388,AL2021,131636,AF,PPD/PSD,party,PPD/PSD,,747
mapa_1_resultados.xlsx,2388,AL2021,131636,AF,PCP-PEV,coalition,PCP-PEV,,60
mapa_1_resultados.xlsx,2388,AL2021,131636,AF,[D],citizen_group,UTT,União por Touguinha e Touguinhó,706
mapa_1_resultados.xlsx,2389,AL2021,131637,AF,PS,party,PS,,526
mapa_1_resultados.xlsx,2389,AL2021,131637,AF,PCP-PEV,coalition,PCP-PEV,,47
mapa_1_resultados.xlsx,2389,AL2021,131637,AF,[D],citizen_group,VIMOS,Movimento Independente de Vilar e Mosteiró,817
mapa_1_resultados.xlsx,2390,AL2021,131700,CM,B.E.,party,B.E.,,5887
mapa_1_resultados.xlsx,2390,AL2021,131700,CM,CH,party,CH,,5368
mapa_1_resultados.xlsx,2390,AL2021,131700,CM,IL,party,IL,,3760
mapa_1_resultados.xlsx,2390,AL2021,131700,CM,L,party,L,,582
mapa_1_resultados.xlsx,2390,AL2021,131700,CM,PAN,party,PAN,,3484
mapa_1_resultados.xlsx,2390,AL2021,131700,CM,PS,party,PS,,73713
mapa_1_resultados.xlsx,2390,AL2021,131700,CM,PCP-PEV,coalition,PCP-PEV,,6162
mapa_1_resultados.xlsx,2390,AL2021,131700,CM,[A],coalition,MPT-PDR,Movimento Por Gaia,606
mapa_1_resultados.xlsx,2390,AL2021,131700,CM,[B],coalition,PPD/PSD.CDS-PP.PPM,ALIANÇA DEMOCRÁTICA,22409
mapa_1_resultados.xlsx,2391,AL2021,131700,AM,B.E.,party,B.E.,,8694
mapa_1_resultados.xlsx,2391,AL2021,131700,AM,CH,party,CH,,5748
mapa_1_resultados.xlsx,2391,AL2021,131700,AM,IL,party,IL,,4376
mapa_1_resultados.xlsx,2391,AL2021,131700,AM,PAN,party,PAN,,4769
mapa_1_resultados.xlsx,2391,AL2021,131700,AM,PS,party,PS,,63988
mapa_1_resultados.xlsx,2391,AL2021,131700,AM,PCP-PEV,coalition,PCP-PEV,,7177
mapa_1_resultados.xlsx,2391,AL2021,131700,AM,[A],coalition,MPT-PDR,Movimento Por Gaia,906
mapa_1_resultados.xlsx,2391,AL2021,131700,AM,[B],coalition,PPD/PSD.CDS-PP.PPM,ALIANÇA DEMOCRÁTICA,25466
mapa_1_resultados.xlsx,2392,AL2021,131701,AF,B.E.,party,B.E.,,366
mapa_1_resultados.xlsx,2392,AL2021,131701,AF,CH,party,CH,,332
mapa_1_resultados.xlsx,2392,AL2021,131701,AF,PS,party,PS,,3211
mapa_1_resultados.xlsx,2392,AL2021,131701,AF,PCP-PEV,coalition,PCP-PEV,,304
mapa_1_resultados.xlsx,2392,AL2021,131701,AF,[A],coalition,PPD/PSD.CDS-PP.PPM,ALIANÇA DEMOCRÁTICA,1945
mapa_1_resultados.xlsx,2393,AL2021,131702,AF,B.E.,party,B.E.,,296
mapa_1_resultados.xlsx,2393,AL2021,131702,AF,CH,party,CH,,150
mapa_1_resultados.xlsx,2393,AL2021,131702,AF,PS,party,PS,,3073
mapa_1_resultados.xlsx,2393,AL2021,131702,AF,PCP-PEV,coalition,PCP-PEV,,401
mapa_1_resultados.xlsx,2393,AL2021,131702,AF,[A],coalition,PPD/PSD.CDS-PP.PPM,ALIANÇA DEMOCRÁTICA,776
mapa_1_resultados.xlsx,2394,AL2021,131703,AF,B.E.,party,B.E.,,338
mapa_1_resultados.xlsx,2394,AL2021,131703,AF,CH,party,CH,,280
mapa_1_resultados.xlsx,2394,AL2021,131703,AF,PS,party,PS,,3949
mapa_1_resultados.xlsx,2394,AL2021,131703,AF,PCP-PEV,coalition,PCP-PEV,,231
mapa_1_resultados.xlsx,2394,AL2021,131703,AF,[A],coalition,PPD/PSD.CDS-PP.PPM,ALIANÇA DEMOCRÁTICA,834
mapa_1_resultados.xlsx,2395,AL2021,131704,AF,B.E.,party,B.E.,,1101
mapa_1_resultados.xlsx,2395,AL2021,131704,AF,CH,party,CH,,494
mapa_1_resultados.xlsx,2395,AL2021,131704,AF,PS,party,PS,,5719
mapa_1_resultados.xlsx,2395,AL2021,131704,AF,PCP-PEV,coalition,PCP-PEV,,783
mapa_1_resultados.xlsx,2395,AL2021,131704,AF,[A],coalition,PPD/PSD.CDS-PP.PPM,ALIANÇA DEMOCRÁTICA,2295
mapa_1_resultados.xlsx,2396,AL2021,131709,AF,CH,party,CH,,170
mapa_1_resultados.xlsx,2396,AL2021,131709,AF,PS,party,PS,,2337
mapa_1_resultados.xlsx,2396,AL2021,131709,AF,PCP-PEV,coalition,PCP-PEV,,313
mapa_1_resultados.xlsx,2396,AL2021,131709,AF,[A],coalition,NC/RIR,UNIDOS PELA MADALENA,616
mapa_1_resultados.xlsx,2396,AL2021,131709,AF,[B],coalition,PPD/PSD.CDS-PP.PPM,ALIANÇA DEMOCRÁTICA,879
mapa_1_resultados.xlsx,2397,AL2021,131712,AF,B.E.,party,B.E.,,633
mapa_1_resultados.xlsx,2397,AL2021,131712,AF,CH,party,CH,,402
mapa_1_resultados.xlsx,2397,AL2021,131712,AF,PS,party,PS,,5210
mapa_1_resultados.xlsx,2397,AL2021,131712,AF,PCP-PEV,coalition,PCP-PEV,,751
mapa_1_resultados.xlsx,2397,AL2021,131712,AF,[A],coalition,PPD/PSD.CDS-PP.PPM,ALIANÇA DEMOCRÁTICA,2073
mapa_1_resultados.xlsx,2398,AL2021,131717,AF,CH,party,CH,,263
mapa_1_resultados.xlsx,2398,AL2021,131717,AF,PS,party,PS,,3328
mapa_1_resultados.xlsx,2398,AL2021,131717,AF,PCP-PEV,coalition,PCP-PEV,,378
mapa_1_resultados.xlsx,2398,AL2021,131717,AF,[A],coalition,PPD/PSD.CDS-PP.PPM,ALIANÇA DEMOCRÁTICA,1991
mapa_1_resultados.xlsx,2399,AL2021,131723,AF,B.E.,party,B.E.,,569
mapa_1_resultados.xlsx,2399,AL2021,131723,AF,IL,party,IL,,142
mapa_1_resultados.xlsx,2399,AL2021,131723,AF,PS,party,PS,,3476
mapa_1_resultados.xlsx,2399,AL2021,131723,AF,PCP-PEV,coalition,PCP-PEV,,361
mapa_1_resultados.xlsx,2399,AL2021,131723,AF,[A],coalition,PPD/PSD.CDS-PP.PPM,ALIANÇA DEMOCRÁTICA,1185
mapa_1_resultados.xlsx,2399,AL2021,131723,AF,[D],citizen_group,JpV,Grupo cidadãos Juntos por Vilar,370
mapa_1_resultados.xlsx,2400,AL2021,131725,AF,CH,party,CH,,205
mapa_1_resultados.xlsx,2400,AL2021,131725,AF,PS,party,PS,,2833
mapa_1_resultados.xlsx,2400,AL2021,131725,AF,PCP-PEV,coalition,PCP-PEV,,278
mapa_1_resultados.xlsx,2400,AL2021,131725,AF,[A],coalition,PPD/PSD.CDS-PP.PPM,ALIANÇA DEMOCRÁTICA,2060
mapa_1_resultados.xlsx,2401,AL2021,131726,AF,B.E.,party,B.E.,,716
mapa_1_resultados.xlsx,2401,AL2021,131726,AF,CH,party,CH,,457
mapa_1_resultados.xlsx,2401,AL2021,131726,AF,PS,party,PS,,4336
mapa_1_resultados.xlsx,2401,AL2021,131726,AF,PCP-PEV,coalition,PCP-PEV,,768
mapa_1_resultados.xlsx,2401,AL2021,131726,AF,[A],coalition,PPD/PSD.CDS-PP.PPM,ALIANÇA DEMOCRÁTICA,2255
mapa_1_resultados.xlsx,2402,AL2021,131727,AF,B.E.,party,B.E.,,1703
mapa_1_resultados.xlsx,2402,AL2021,131727,AF,CH,party,CH,,949
mapa_1_resultados.xlsx,2402,AL2021,131727,AF,IL,party,IL,,812
mapa_1_resultados.xlsx,2402,AL2021,131727,AF,PAN,party,PAN,,833
mapa_1_resultados.xlsx,2402,AL2021,131727,AF,PS,party,PS,,9352
mapa_1_resultados.xlsx,2402,AL2021,131727,AF,PCP-PEV,coalition,PCP-PEV,,1281
mapa_1_resultados.xlsx,2402,AL2021,131727,AF,[A],coalition,PPD/PSD.CDS-PP.PPM,ALIANÇA DEMOCRÁTICA,4192
mapa_1_resultados.xlsx,2403,AL2021,131728,AF,CH,party,CH,,440
mapa_1_resultados.xlsx,2403,AL2021,131728,AF,PS,party,PS,,6057
mapa_1_resultados.xlsx,2403,AL2021,131728,AF,PCP-PEV,coalition,PCP-PEV,,464
mapa_1_resultados.xlsx,2403,AL2021,131728,AF,[A],coalition,PPD/PSD.CDS-PP.PPM,ALIANÇA DEMOCRÁTICA,1695
mapa_1_resultados.xlsx,2404,AL2021,131729,AF,CH,party,CH,,343
mapa_1_resultados.xlsx,2404,AL2021,131729,AF,PS,party,PS,,4058
mapa_1_resultados.xlsx,2404,AL2021,131729,AF,PCP-PEV,coalition,PCP-PEV,,353
mapa_1_resultados.xlsx,2404,AL2021,131729,AF,[A],coalition,PPD/PSD.CDS-PP.PPM,ALIANÇA DEMOCRÁTICA,2099
mapa_1_resultados.xlsx,2404,AL2021,131729,AF,[D],citizen_group,MU SOLC,"Movimento União Sandim, Olival, Lever e Crestuma",1183
mapa_1_resultados.xlsx,2405,AL2021,131730,AF,B.E.,party,B.E.,,1403
mapa_1_resultados.xlsx,2405,AL2021,131730,AF,CH,party,CH,,646
mapa_1_resultados.xlsx,2405,AL2021,131730,AF,PS,party,PS,,6372
mapa_1_resultados.xlsx,2405,AL2021,131730,AF,PCP-PEV,coalition,PCP-PEV,,1002
mapa_1_resultados.xlsx,2405,AL2021,131730,AF,[A],coalition,PPD/PSD.CDS-PP.PPM,ALIANÇA DEMOCRÁTICA,2837
mapa_1_resultados.xlsx,2406,AL2021,131731,AF,CH,party,CH,,322
mapa_1_resultados.xlsx,2406,AL2021,131731,AF,PS,party,PS,,3363
mapa_1_resultados.xlsx,2406,AL2021,131731,AF,PCP-PEV,coalition,PCP-PEV,,383
mapa_1_resultados.xlsx,2406,AL2021,131731,AF,[A],coalition,PPD/PSD.CDS-PP.PPM,ALIANÇA DEMOCRÁTICA,1630
mapa_1_resultados.xlsx,2407,AL2021,131800,CM,CH,party,CH,,512
mapa_1_resultados.xlsx,2407,AL2021,131800,CM,PAN,party,PAN,,567
mapa_1_resultados.xlsx,2407,AL2021,131800,CM,PS,party,PS,,6791
mapa_1_resultados.xlsx,2407,AL2021,131800,CM,PCP-PEV,coalition,PCP-PEV,,484
mapa_1_resultados.xlsx,2407,AL2021,131800,CM,[A],coalition,PPD/PSD.CDS-PP,UNIDOS PELA TROFA,11897
mapa_1_resultados.xlsx,2408,AL2021,131800,AM,CH,party,CH,,647
mapa_1_resultados.xlsx,2408,AL2021,131800,AM,PAN,party,PAN,,1038
mapa_1_resultados.xlsx,2408,AL2021,131800,AM,PS,party,PS,,6842
mapa_1_resultados.xlsx,2408,AL2021,131800,AM,PCP-PEV,coalition,PCP-PEV,,682
mapa_1_resultados.xlsx,2408,AL2021,131800,AM,[A],coalition,PPD/PSD.CDS-PP,UNIDOS PELA TROFA,10946
mapa_1_resultados.xlsx,2409,AL2021,131806,AF,CH,party,CH,,13
mapa_1_resultados.xlsx,2409,AL2021,131806,AF,PS,party,PS,,418
mapa_1_resultados.xlsx,2409,AL2021,131806,AF,PCP-PEV,coalition,PCP-PEV,,14
mapa_1_resultados.xlsx,2409,AL2021,131806,AF,[A],coalition,PPD/PSD.CDS-PP,UNIDOS PELA TROFA,523
mapa_1_resultados.xlsx,2410,AL2021,131808,AF,CH,party,CH,,21
mapa_1_resultados.xlsx,2410,AL2021,131808,AF,PS,party,PS,,275
mapa_1_resultados.xlsx,2410,AL2021,131808,AF,PCP-PEV,coalition,PCP-PEV,,23
mapa_1_resultados.xlsx,2410,AL2021,131808,AF,[A],coalition,PPD/PSD.CDS-PP,UNIDOS PELA TROFA,706
mapa_1_resultados.xlsx,2411,AL2021,131809,AF,CH,party,CH,,48
mapa_1_resultados.xlsx,2411,AL2021,131809,AF,PS,party,PS,,917
mapa_1_resultados.xlsx,2411,AL2021,131809,AF,PCP-PEV,coalition,PCP-PEV,,88
mapa_1_resultados.xlsx,2411,AL2021,131809,AF,[A],coalition,PPD/PSD.CDS-PP,UNIDOS PELA TROFA,1734
mapa_1_resultados.xlsx,2412,AL2021,131810,AF,CH,party,CH,,327
mapa_1_resultados.xlsx,2412,AL2021,131810,AF,PAN,party,PAN,,393
mapa_1_resultados.xlsx,2412,AL2021,131810,AF,PS,party,PS,,3196
mapa_1_resultados.xlsx,2412,AL2021,131810,AF,PCP-PEV,coalition,PCP-PEV,,301
mapa_1_resultados.xlsx,2412,AL2021,131810,AF,[A],coalition,PPD/PSD.CDS-PP,UNIDOS PELA TROFA,6784
mapa_1_resultados.xlsx,2413,AL2021,131811,AF,CH,party,CH,,157
mapa_1_resultados.xlsx,2413,AL2021,131811,AF,PS,party,PS,,2720
mapa_1_resultados.xlsx,2413,AL2021,131811,AF,PCP-PEV,coalition,PCP-PEV,,148
mapa_1_resultados.xlsx,2413,AL2021,131811,AF,[A],coalition,PPD/PSD.CDS-PP,UNIDOS PELA TROFA,1435
mapa_1_resultados.xlsx,2415,AL2021,140100,CM,B.E.,party,B.E.,,1071
mapa_1_resultados.xlsx,2415,AL2021,140100,CM,CH,party,CH,,912
mapa_1_resultados.xlsx,2415,AL2021,140100,CM,PPD/PSD,party,PPD/PSD,,2422
mapa_1_resultados.xlsx,2415,AL2021,140100,CM,PS,party,PS,,9623
mapa_1_resultados.xlsx,2415,AL2021,140100,CM,PCP-PEV,coalition,PCP-PEV,,901
mapa_1_resultados.xlsx,2415,AL2021,140100,CM,[D],citizen_group,ALTERNATIVAcom,Movimento ALTERNATIVAcom,1622
mapa_1_resultados.xlsx,2416,AL2021,140100,AM,B.E.,party,B.E.,,1299
mapa_1_resultados.xlsx,2416,AL2021,140100,AM,CH,party,CH,,1030
mapa_1_resultados.xlsx,2416,AL2021,140100,AM,PPD/PSD,party,PPD/PSD,,2717
mapa_1_resultados.xlsx,2416,AL2021,140100,AM,PS,party,PS,,8721
mapa_1_resultados.xlsx,2416,AL2021,140100,AM,PCP-PEV,coalition,PCP-PEV,,1046
mapa_1_resultados.xlsx,2416,AL2021,140100,AM,[D],citizen_group,ALTERNATIVAcom,Movimento ALTERNATIVAcom,1647
mapa_1_resultados.xlsx,2417,AL2021,140104,AF,PS,party,PS,,571
mapa_1_resultados.xlsx,2417,AL2021,140104,AF,PCP-PEV,coalition,PCP-PEV,,113
mapa_1_resultados.xlsx,2418,AL2021,140105,AF,PPD/PSD,party,PPD/PSD,,44
mapa_1_resultados.xlsx,2418,AL2021,140105,AF,PS,party,PS,,179
mapa_1_resultados.xlsx,2418,AL2021,140105,AF,[D],citizen_group,ALTERNATIVAcom,Movimento ALTERNATIVAcom,53
mapa_1_resultados.xlsx,2419,AL2021,140106,AF,PPD/PSD,party,PPD/PSD,,93
mapa_1_resultados.xlsx,2419,AL2021,140106,AF,PS,party,PS,,578
mapa_1_resultados.xlsx,2419,AL2021,140106,AF,PCP-PEV,coalition,PCP-PEV,,210
mapa_1_resultados.xlsx,2420,AL2021,140107,AF,PS,party,PS,,684
mapa_1_resultados.xlsx,2420,AL2021,140107,AF,PCP-PEV,coalition,PCP-PEV,,196
mapa_1_resultados.xlsx,2421,AL2021,140108,AF,PS,party,PS,,232
mapa_1_resultados.xlsx,2421,AL2021,140108,AF,PCP-PEV,coalition,PCP-PEV,,50
mapa_1_resultados.xlsx,2421,AL2021,140108,AF,[D],citizen_group,MIFRM,Movimento Independente Freguesia Rio de Moinhos,243
mapa_1_resultados.xlsx,2422,AL2021,140115,AF,B.E.,party,B.E.,,38
mapa_1_resultados.xlsx,2422,AL2021,140115,AF,PPD/PSD,party,PPD/PSD,,65
mapa_1_resultados.xlsx,2422,AL2021,140115,AF,PS,party,PS,,701
mapa_1_resultados.xlsx,2422,AL2021,140115,AF,PCP-PEV,coalition,PCP-PEV,,76
mapa_1_resultados.xlsx,2422,AL2021,140115,AF,[D],citizen_group,MIFT,Movimento Independente Freguesia Tramagal,717
mapa_1_resultados.xlsx,2423,AL2021,140118,AF,PPD/PSD,party,PPD/PSD,,109
mapa_1_resultados.xlsx,2423,AL2021,140118,AF,PS,party,PS,,176
mapa_1_resultados.xlsx,2424,AL2021,140119,AF,PPD/PSD,party,PPD/PSD,,147
mapa_1_resultados.xlsx,2424,AL2021,140119,AF,PS,party,PS,,219
mapa_1_resultados.xlsx,2425,AL2021,140120,AF,B.E.,party,B.E.,,530
mapa_1_resultados.xlsx,2425,AL2021,140120,AF,PPD/PSD,party,PPD/PSD,,1382
mapa_1_resultados.xlsx,2425,AL2021,140120,AF,PS,party,PS,,3467
mapa_1_resultados.xlsx,2425,AL2021,140120,AF,PCP-PEV,coalition,PCP-PEV,,379
mapa_1_resultados.xlsx,2425,AL2021,140120,AF,[D],citizen_group,ALTERNATIVAcom,Movimento ALTERNATIVAcom,895
mapa_1_resultados.xlsx,2426,AL2021,140121,AF,PPD/PSD,party,PPD/PSD,,348
mapa_1_resultados.xlsx,2426,AL2021,140121,AF,PS,party,PS,,128
mapa_1_resultados.xlsx,2427,AL2021,140122,AF,B.E.,party,B.E.,,280
mapa_1_resultados.xlsx,2427,AL2021,140122,AF,PPD/PSD,party,PPD/PSD,,337
mapa_1_resultados.xlsx,2427,AL2021,140122,AF,PS,party,PS,,360
mapa_1_resultados.xlsx,2427,AL2021,140122,AF,PCP-PEV,coalition,PCP-PEV,,57
mapa_1_resultados.xlsx,2428,AL2021,140123,AF,PS,party,PS,,461
mapa_1_resultados.xlsx,2428,AL2021,140123,AF,PCP-PEV,coalition,PCP-PEV,,89
mapa_1_resultados.xlsx,2428,AL2021,140123,AF,[D],citizen_group,ALTERNATIVAcom,Movimento ALTERNATIVAcom,184
mapa_1_resultados.xlsx,2429,AL2021,140124,AF,B.E.,party,B.E.,,132
mapa_1_resultados.xlsx,2429,AL2021,140124,AF,PPD/PSD,party,PPD/PSD,,527
mapa_1_resultados.xlsx,2429,AL2021,140124,AF,PS,party,PS,,1087
mapa_1_resultados.xlsx,2429,AL2021,140124,AF,PCP-PEV,coalition,PCP-PEV,,102
mapa_1_resultados.xlsx,2429,AL2021,140124,AF,[D],citizen_group,ALTERNATIVAcom,Movimento ALTERNATIVAcom,157
mapa_1_resultados.xlsx,2430,AL2021,140200,CM,CH,party,CH,,235
mapa_1_resultados.xlsx,2430,AL2021,140200,CM,PS,party,PS,,2667
mapa_1_resultados.xlsx,2430,AL2021,140200,CM,PCP-PEV,coalition,PCP-PEV,,457
mapa_1_resultados.xlsx,2430,AL2021,140200,CM,[A],coalition,PPD/PSD.CDS-PP.MPT.,CIDADÃOS POR ALCANENA - CONCELHO COM FUTURO,3150
mapa_1_resultados.xlsx,2431,AL2021,140200,AM,PS,party,PS,,2642
mapa_1_resultados.xlsx,2431,AL2021,140200,AM,PCP-PEV,coalition,PCP-PEV,,580
mapa_1_resultados.xlsx,2431,AL2021,140200,AM,[A],coalition,PPD/PSD.CDS-PP.MPT.,CIDADÃOS POR ALCANENA - CONCELHO COM FUTURO,3244
mapa_1_resultados.xlsx,2432,AL2021,140202,AF,PS,party,PS,,269
mapa_1_resultados.xlsx,2432,AL2021,140202,AF,PCP-PEV,coalition,PCP-PEV,,36
mapa_1_resultados.xlsx,2432,AL2021,140202,AF,[A],coalition,PPD/PSD.CDS-PP.MPT.,CIDADÃOS POR ALCANENA - CONCELHO COM FUTURO,193
mapa_1_resultados.xlsx,2433,AL2021,140206,AF,PS,party,PS,,592
mapa_1_resultados.xlsx,2433,AL2021,140206,AF,PCP-PEV,coalition,PCP-PEV,,76
mapa_1_resultados.xlsx,2433,AL2021,140206,AF,[A],coalition,PPD/PSD.CDS-PP.MPT.,CIDADÃOS POR ALCANENA - CONCELHO COM FUTURO,785
mapa_1_resultados.xlsx,2434,AL2021,140207,AF,PS,party,PS,,291
mapa_1_resultados.xlsx,2434,AL2021,140207,AF,[A],coalition,PPD/PSD.CDS-PP.MPT.,CIDADÃOS POR ALCANENA - CONCELHO COM FUTURO,216
mapa_1_resultados.xlsx,2435,AL2021,140208,AF,PS,party,PS,,312
mapa_1_resultados.xlsx,2435,AL2021,140208,AF,[A],coalition,PPD/PSD.CDS-PP.MPT.,CIDADÃOS POR ALCANENA - CONCELHO COM FUTURO,100
mapa_1_resultados.xlsx,2436,AL2021,140209,AF,PS,party,PS,,126
mapa_1_resultados.xlsx,2436,AL2021,140209,AF,[A],coalition,PPD/PSD.CDS-PP.MPT.,CIDADÃOS POR ALCANENA - CONCELHO COM FUTURO,271
mapa_1_resultados.xlsx,2437,AL2021,140211,AF,PS,party,PS,,1028
mapa_1_resultados.xlsx,2437,AL2021,140211,AF,PCP-PEV,coalition,PCP-PEV,,234
mapa_1_resultados.xlsx,2437,AL2021,140211,AF,[A],coalition,PPD/PSD.CDS-PP.MPT.,CIDADÃOS POR ALCANENA - CONCELHO COM FUTURO,1002
mapa_1_resultados.xlsx,2438,AL2021,140212,AF,PS,party,PS,,396
mapa_1_resultados.xlsx,2438,AL2021,140212,AF,PCP-PEV,coalition,PCP-PEV,,72
mapa_1_resultados.xlsx,2438,AL2021,140212,AF,[A],coalition,PPD/PSD.CDS-PP.MPT.,CIDADÃOS POR ALCANENA - CONCELHO COM FUTURO,501
mapa_1_resultados.xlsx,2439,AL2021,140300,CM,CH,party,CH,,654
mapa_1_resultados.xlsx,2439,AL2021,140300,CM,PS,party,PS,,5647
mapa_1_resultados.xlsx,2439,AL2021,140300,CM,PCP-PEV,coalition,PCP-PEV,,881
mapa_1_resultados.xlsx,2439,AL2021,140300,CM,[A],coalition,PPD/PSD.CDS-PP,PREPARAR O FUTURO,741
mapa_1_resultados.xlsx,2440,AL2021,140300,AM,CH,party,CH,,782
mapa_1_resultados.xlsx,2440,AL2021,140300,AM,PS,party,PS,,5270
mapa_1_resultados.xlsx,2440,AL2021,140300,AM,PCP-PEV,coalition,PCP-PEV,,1016
mapa_1_resultados.xlsx,2440,AL2021,140300,AM,[A],coalition,PPD/PSD.CDS-PP,PREPARAR O FUTURO,830
mapa_1_resultados.xlsx,2441,AL2021,140301,AF,CH,party,CH,,391
mapa_1_resultados.xlsx,2441,AL2021,140301,AF,PS,party,PS,,2814
mapa_1_resultados.xlsx,2441,AL2021,140301,AF,PCP-PEV,coalition,PCP-PEV,,441
mapa_1_resultados.xlsx,2441,AL2021,140301,AF,[A],coalition,PPD/PSD.CDS-PP,PREPARAR O FUTURO,436
mapa_1_resultados.xlsx,2442,AL2021,140302,AF,CH,party,CH,,79
mapa_1_resultados.xlsx,2442,AL2021,140302,AF,PS,party,PS,,748
mapa_1_resultados.xlsx,2442,AL2021,140302,AF,PCP-PEV,coalition,PCP-PEV,,317
mapa_1_resultados.xlsx,2443,AL2021,140303,AF,CH,party,CH,,261
mapa_1_resultados.xlsx,2443,AL2021,140303,AF,PS,party,PS,,1416
mapa_1_resultados.xlsx,2443,AL2021,140303,AF,PCP-PEV,coalition,PCP-PEV,,239
mapa_1_resultados.xlsx,2443,AL2021,140303,AF,[A],coalition,PPD/PSD.CDS-PP,PREPARAR O FUTURO,449
mapa_1_resultados.xlsx,2444,AL2021,140304,AF,CH,party,CH,,10
mapa_1_resultados.xlsx,2444,AL2021,140304,AF,PS,party,PS,,185
mapa_1_resultados.xlsx,2444,AL2021,140304,AF,PCP-PEV,coalition,PCP-PEV,,21
mapa_1_resultados.xlsx,2444,AL2021,140304,AF,[A],coalition,PPD/PSD.CDS-PP,PREPARAR O FUTURO,100
mapa_1_resultados.xlsx,2445,AL2021,140400,CM,CH,party,CH,,113
mapa_1_resultados.xlsx,2445,AL2021,140400,CM,PS,party,PS,,1618
mapa_1_resultados.xlsx,2445,AL2021,140400,CM,PCP-PEV,coalition,PCP-PEV,,1506
mapa_1_resultados.xlsx,2445,AL2021,140400,CM,[A],coalition,PPD/PSD.MPT,TPA – TODOS POR ALPIARÇA,348
mapa_1_resultados.xlsx,2446,AL2021,140400,AM,PS,party,PS,,1612
mapa_1_resultados.xlsx,2446,AL2021,140400,AM,PCP-PEV,coalition,PCP-PEV,,1544
mapa_1_resultados.xlsx,2446,AL2021,140400,AM,[A],coalition,PPD/PSD.MPT,TPA – TODOS POR ALPIARÇA,407
mapa_1_resultados.xlsx,2447,AL2021,140401,AF,PS,party,PS,,1591
mapa_1_resultados.xlsx,2447,AL2021,140401,AF,PCP-PEV,coalition,PCP-PEV,,1555
mapa_1_resultados.xlsx,2447,AL2021,140401,AF,[A],coalition,PPD/PSD.MPT,TPA – TODOS POR ALPIARÇA,424
mapa_1_resultados.xlsx,2448,AL2021,140500,CM,CDS-PP,party,CDS-PP,,128
mapa_1_resultados.xlsx,2448,AL2021,140500,CM,CH,party,CH,,1296
mapa_1_resultados.xlsx,2448,AL2021,140500,CM,PPD/PSD,party,PPD/PSD,,2808
mapa_1_resultados.xlsx,2448,AL2021,140500,CM,PS,party,PS,,1988
mapa_1_resultados.xlsx,2448,AL2021,140500,CM,PCP-PEV,coalition,PCP-PEV,,3592
mapa_1_resultados.xlsx,2448,AL2021,140500,CM,[D],citizen_group,[D],,527
mapa_1_resultados.xlsx,2449,AL2021,140500,AM,CH,party,CH,,1415
mapa_1_resultados.xlsx,2449,AL2021,140500,AM,PPD/PSD,party,PPD/PSD,,2746
mapa_1_resultados.xlsx,2449,AL2021,140500,AM,PS,party,PS,,2118
mapa_1_resultados.xlsx,2449,AL2021,140500,AM,PCP-PEV,coalition,PCP-PEV,,3380
mapa_1_resultados.xlsx,2449,AL2021,140500,AM,[D],citizen_group,[D],,654
mapa_1_resultados.xlsx,2450,AL2021,140501,AF,CH,party,CH,,394
mapa_1_resultados.xlsx,2450,AL2021,140501,AF,PPD/PSD,party,PPD/PSD,,1112
mapa_1_resultados.xlsx,2450,AL2021,140501,AF,PS,party,PS,,734
mapa_1_resultados.xlsx,2450,AL2021,140501,AF,PCP-PEV,coalition,PCP-PEV,,1181
mapa_1_resultados.xlsx,2451,AL2021,140502,AF,CH,party,CH,,951
mapa_1_resultados.xlsx,2451,AL2021,140502,AF,PPD/PSD,party,PPD/PSD,,959
mapa_1_resultados.xlsx,2451,AL2021,140502,AF,PS,party,PS,,1312
mapa_1_resultados.xlsx,2451,AL2021,140502,AF,PCP-PEV,coalition,PCP-PEV,,2295
mapa_1_resultados.xlsx,2452,AL2021,140503,AF,CH,party,CH,,75
mapa_1_resultados.xlsx,2452,AL2021,140503,AF,PPD/PSD,party,PPD/PSD,,708
mapa_1_resultados.xlsx,2452,AL2021,140503,AF,PS,party,PS,,100
mapa_1_resultados.xlsx,2452,AL2021,140503,AF,PCP-PEV,coalition,PCP-PEV,,114
mapa_1_resultados.xlsx,2453,AL2021,140504,AF,CH,party,CH,,14
mapa_1_resultados.xlsx,2453,AL2021,140504,AF,PPD/PSD,party,PPD/PSD,,128
mapa_1_resultados.xlsx,2453,AL2021,140504,AF,PS,party,PS,,170
mapa_1_resultados.xlsx,2453,AL2021,140504,AF,PCP-PEV,coalition,PCP-PEV,,50
mapa_1_resultados.xlsx,2454,AL2021,140600,CM,B.E.,party,B.E.,,473
mapa_1_resultados.xlsx,2454,AL2021,140600,CM,CH,party,CH,,936
mapa_1_resultados.xlsx,2454,AL2021,140600,CM,PPD/PSD,party,PPD/PSD,,5047
mapa_1_resultados.xlsx,2454,AL2021,140600,CM,PS,party,PS,,3146
mapa_1_resultados.xlsx,2454,AL2021,140600,CM,PCP-PEV,coalition,PCP-PEV,,778
mapa_1_resultados.xlsx,2455,AL2021,140600,AM,B.E.,party,B.E.,,582
mapa_1_resultados.xlsx,2455,AL2021,140600,AM,CH,party,CH,,1103
mapa_1_resultados.xlsx,2455,AL2021,140600,AM,PPD/PSD,party,PPD/PSD,,4607
mapa_1_resultados.xlsx,2455,AL2021,140600,AM,PS,party,PS,,3182
mapa_1_resultados.xlsx,2455,AL2021,140600,AM,PCP-PEV,coalition,PCP-PEV,,906
mapa_1_resultados.xlsx,2456,AL2021,140604,AF,PS,party,PS,,670
mapa_1_resultados.xlsx,2456,AL2021,140604,AF,PCP-PEV,coalition,PCP-PEV,,210
mapa_1_resultados.xlsx,2456,AL2021,140604,AF,[D],citizen_group,MIP,Movimento Independente Pluralista,1030
mapa_1_resultados.xlsx,2457,AL2021,140605,AF,PPD/PSD,party,PPD/PSD,,130
mapa_1_resultados.xlsx,2457,AL2021,140605,AF,PS,party,PS,,152
mapa_1_resultados.xlsx,2457,AL2021,140605,AF,PCP-PEV,coalition,PCP-PEV,,55
mapa_1_resultados.xlsx,2458,AL2021,140607,AF,PPD/PSD,party,PPD/PSD,,341
mapa_1_resultados.xlsx,2458,AL2021,140607,AF,PS,party,PS,,796
mapa_1_resultados.xlsx,2458,AL2021,140607,AF,PCP-PEV,coalition,PCP-PEV,,74
mapa_1_resultados.xlsx,2459,AL2021,140608,AF,PPD/PSD,party,PPD/PSD,,220
mapa_1_resultados.xlsx,2459,AL2021,140608,AF,PS,party,PS,,327
mapa_1_resultados.xlsx,2459,AL2021,140608,AF,PCP-PEV,coalition,PCP-PEV,,141
mapa_1_resultados.xlsx,2460,AL2021,140609,AF,CH,party,CH,,626
mapa_1_resultados.xlsx,2460,AL2021,140609,AF,PPD/PSD,party,PPD/PSD,,2493
mapa_1_resultados.xlsx,2460,AL2021,140609,AF,PS,party,PS,,1673
mapa_1_resultados.xlsx,2460,AL2021,140609,AF,PCP-PEV,coalition,PCP-PEV,,523
mapa_1_resultados.xlsx,2461,AL2021,140610,AF,PPD/PSD,party,PPD/PSD,,511
mapa_1_resultados.xlsx,2461,AL2021,140610,AF,PS,party,PS,,242
mapa_1_resultados.xlsx,2461,AL2021,140610,AF,PCP-PEV,coalition,PCP-PEV,,133
mapa_1_resultados.xlsx,2462,AL2021,140700,CM,CH,party,CH,,448
mapa_1_resultados.xlsx,2462,AL2021,140700,CM,PS,party,PS,,2056
mapa_1_resultados.xlsx,2462,AL2021,140700,CM,PCP-PEV,coalition,PCP-PEV,,1047
mapa_1_resultados.xlsx,2462,AL2021,140700,CM,[A],coalition,[A],,894
mapa_1_resultados.xlsx,2463,AL2021,140700,AM,CH,party,CH,,404
mapa_1_resultados.xlsx,2463,AL2021,140700,AM,PS,party,PS,,2051
mapa_1_resultados.xlsx,2463,AL2021,140700,AM,PCP-PEV,coalition,PCP-PEV,,1058
mapa_1_resultados.xlsx,2463,AL2021,140700,AM,[A],coalition,[A],,935
mapa_1_resultados.xlsx,2464,AL2021,140704,AF,PS,party,PS,,295
mapa_1_resultados.xlsx,2464,AL2021,140704,AF,PCP-PEV,coalition,PCP-PEV,,162
mapa_1_resultados.xlsx,2464,AL2021,140704,AF,[A],coalition,PPD/PSD.CDS-PP,CHAMUSCA CONCELHO COM FUTURO!,79
mapa_1_resultados.xlsx,2465,AL2021,140705,AF,PS,party,PS,,255
mapa_1_resultados.xlsx,2465,AL2021,140705,AF,PCP-PEV,coalition,PCP-PEV,,240
mapa_1_resultados.xlsx,2466,AL2021,140707,AF,PS,party,PS,,448
mapa_1_resultados.xlsx,2466,AL2021,140707,AF,PCP-PEV,coalition,PCP-PEV,,183
mapa_1_resultados.xlsx,2466,AL2021,140707,AF,[A],coalition,PPD/PSD.CDS-PP,CHAMUSCA CONCELHO COM FUTURO!,248
mapa_1_resultados.xlsx,2467,AL2021,140708,AF,PS,party,PS,,553
mapa_1_resultados.xlsx,2467,AL2021,140708,AF,PCP-PEV,coalition,PCP-PEV,,498
mapa_1_resultados.xlsx,2467,AL2021,140708,AF,[A],coalition,PPD/PSD.CDS-PP,CHAMUSCA CONCELHO COM FUTURO!,877
mapa_1_resultados.xlsx,2468,AL2021,140709,AF,PS,party,PS,,495
mapa_1_resultados.xlsx,2468,AL2021,140709,AF,PCP-PEV,coalition,PCP-PEV,,57
mapa_1_resultados.xlsx,2468,AL2021,140709,AF,[A],coalition,PPD/PSD.CDS-PP,CHAMUSCA CONCELHO COM FUTURO!,86
mapa_1_resultados.xlsx,2469,AL2021,140800,CM,CDS-PP,party,CDS-PP,,61
mapa_1_resultados.xlsx,2469,AL2021,140800,CM,CH,party,CH,,85
mapa_1_resultados.xlsx,2469,AL2021,140800,CM,PPD/PSD,party,PPD/PSD,,67
mapa_1_resultados.xlsx,2469,AL2021,140800,CM,PS,party,PS,,1355
mapa_1_resultados.xlsx,2469,AL2021,140800,CM,PCP-PEV,coalition,PCP-PEV,,651
mapa_1_resultados.xlsx,2470,AL2021,140800,AM,CDS-PP,party,CDS-PP,,104
mapa_1_resultados.xlsx,2470,AL2021,140800,AM,PPD/PSD,party,PPD/PSD,,106
mapa_1_resultados.xlsx,2470,AL2021,140800,AM,PS,party,PS,,1287
mapa_1_resultados.xlsx,2470,AL2021,140800,AM,PCP-PEV,coalition,PCP-PEV,,707
mapa_1_resultados.xlsx,2471,AL2021,140801,AF,PPD/PSD,party,PPD/PSD,,61
mapa_1_resultados.xlsx,2471,AL2021,140801,AF,PS,party,PS,,281
mapa_1_resultados.xlsx,2471,AL2021,140801,AF,PCP-PEV,coalition,PCP-PEV,,210
mapa_1_resultados.xlsx,2472,AL2021,140802,AF,PPD/PSD,party,PPD/PSD,,25
mapa_1_resultados.xlsx,2472,AL2021,140802,AF,PS,party,PS,,398
mapa_1_resultados.xlsx,2472,AL2021,140802,AF,PCP-PEV,coalition,PCP-PEV,,302
mapa_1_resultados.xlsx,2473,AL2021,140803,AF,PPD/PSD,party,PPD/PSD,,45
mapa_1_resultados.xlsx,2473,AL2021,140803,AF,PS,party,PS,,477
mapa_1_resultados.xlsx,2473,AL2021,140803,AF,PCP-PEV,coalition,PCP-PEV,,411
mapa_1_resultados.xlsx,2474,AL2021,140900,CM,CH,party,CH,,471
mapa_1_resultados.xlsx,2474,AL2021,140900,CM,PPD/PSD,party,PPD/PSD,,1263
mapa_1_resultados.xlsx,2474,AL2021,140900,CM,PS,party,PS,,4210
mapa_1_resultados.xlsx,2474,AL2021,140900,CM,PCP-PEV,coalition,PCP-PEV,,1929
mapa_1_resultados.xlsx,2475,AL2021,140900,AM,CH,party,CH,,542
mapa_1_resultados.xlsx,2475,AL2021,140900,AM,PPD/PSD,party,PPD/PSD,,1420
mapa_1_resultados.xlsx,2475,AL2021,140900,AM,PS,party,PS,,4049
mapa_1_resultados.xlsx,2475,AL2021,140900,AM,PCP-PEV,coalition,PCP-PEV,,1979
mapa_1_resultados.xlsx,2476,AL2021,140902,AF,CH,party,CH,,19
mapa_1_resultados.xlsx,2476,AL2021,140902,AF,PPD/PSD,party,PPD/PSD,,66
mapa_1_resultados.xlsx,2476,AL2021,140902,AF,PS,party,PS,,610
mapa_1_resultados.xlsx,2476,AL2021,140902,AF,PCP-PEV,coalition,PCP-PEV,,638
mapa_1_resultados.xlsx,2477,AL2021,140903,AF,CH,party,CH,,19
mapa_1_resultados.xlsx,2477,AL2021,140903,AF,PPD/PSD,party,PPD/PSD,,114
mapa_1_resultados.xlsx,2477,AL2021,140903,AF,PS,party,PS,,353
mapa_1_resultados.xlsx,2477,AL2021,140903,AF,PCP-PEV,coalition,PCP-PEV,,202
mapa_1_resultados.xlsx,2478,AL2021,140905,AF,CH,party,CH,,43
mapa_1_resultados.xlsx,2478,AL2021,140905,AF,PPD/PSD,party,PPD/PSD,,74
mapa_1_resultados.xlsx,2478,AL2021,140905,AF,PS,party,PS,,304
mapa_1_resultados.xlsx,2478,AL2021,140905,AF,PCP-PEV,coalition,PCP-PEV,,146
mapa_1_resultados.xlsx,2479,AL2021,140907,AF,CH,party,CH,,75
mapa_1_resultados.xlsx,2479,AL2021,140907,AF,PPD/PSD,party,PPD/PSD,,91
mapa_1_resultados.xlsx,2479,AL2021,140907,AF,PS,party,PS,,241
mapa_1_resultados.xlsx,2479,AL2021,140907,AF,PCP-PEV,coalition,PCP-PEV,,23
mapa_1_resultados.xlsx,2480,AL2021,140908,AF,CH,party,CH,,10
mapa_1_resultados.xlsx,2480,AL2021,140908,AF,PPD/PSD,party,PPD/PSD,,195
mapa_1_resultados.xlsx,2480,AL2021,140908,AF,PS,party,PS,,199
mapa_1_resultados.xlsx,2480,AL2021,140908,AF,PCP-PEV,coalition,PCP-PEV,,122
mapa_1_resultados.xlsx,2481,AL2021,140909,AF,CH,party,CH,,302
mapa_1_resultados.xlsx,2481,AL2021,140909,AF,PPD/PSD,party,PPD/PSD,,739
mapa_1_resultados.xlsx,2481,AL2021,140909,AF,PS,party,PS,,2402
mapa_1_resultados.xlsx,2481,AL2021,140909,AF,PCP-PEV,coalition,PCP-PEV,,1038
mapa_1_resultados.xlsx,2482,AL2021,141000,CM,B.E.,party,B.E.,,568
mapa_1_resultados.xlsx,2482,AL2021,141000,CM,CDS-PP,party,CDS-PP,,607
mapa_1_resultados.xlsx,2482,AL2021,141000,CM,CH,party,CH,,949
mapa_1_resultados.xlsx,2482,AL2021,141000,CM,PPD/PSD,party,PPD/PSD,,2678
mapa_1_resultados.xlsx,2482,AL2021,141000,CM,PS,party,PS,,2743
mapa_1_resultados.xlsx,2482,AL2021,141000,CM,PCP-PEV,coalition,PCP-PEV,,502
mapa_1_resultados.xlsx,2483,AL2021,141000,AM,B.E.,party,B.E.,,669
mapa_1_resultados.xlsx,2483,AL2021,141000,AM,CDS-PP,party,CDS-PP,,618
mapa_1_resultados.xlsx,2483,AL2021,141000,AM,CH,party,CH,,1033
mapa_1_resultados.xlsx,2483,AL2021,141000,AM,PPD/PSD,party,PPD/PSD,,2434
mapa_1_resultados.xlsx,2483,AL2021,141000,AM,PS,party,PS,,2722
mapa_1_resultados.xlsx,2483,AL2021,141000,AM,PCP-PEV,coalition,PCP-PEV,,555
mapa_1_resultados.xlsx,2484,AL2021,141001,AF,B.E.,party,B.E.,,319
mapa_1_resultados.xlsx,2484,AL2021,141001,AF,CDS-PP,party,CDS-PP,,276
mapa_1_resultados.xlsx,2484,AL2021,141001,AF,PPD/PSD,party,PPD/PSD,,1067
mapa_1_resultados.xlsx,2484,AL2021,141001,AF,PS,party,PS,,1210
mapa_1_resultados.xlsx,2484,AL2021,141001,AF,PCP-PEV,coalition,PCP-PEV,,302
mapa_1_resultados.xlsx,2485,AL2021,141002,AF,B.E.,party,B.E.,,439
mapa_1_resultados.xlsx,2485,AL2021,141002,AF,CDS-PP,party,CDS-PP,,514
mapa_1_resultados.xlsx,2485,AL2021,141002,AF,PPD/PSD,party,PPD/PSD,,1687
mapa_1_resultados.xlsx,2485,AL2021,141002,AF,PS,party,PS,,1783
mapa_1_resultados.xlsx,2485,AL2021,141002,AF,PCP-PEV,coalition,PCP-PEV,,319
mapa_1_resultados.xlsx,2486,AL2021,141100,CM,CH,party,CH,,68
mapa_1_resultados.xlsx,2486,AL2021,141100,CM,NC,party,NC,,148
mapa_1_resultados.xlsx,2486,AL2021,141100,CM,PPD/PSD,party,PPD/PSD,,1698
mapa_1_resultados.xlsx,2486,AL2021,141100,CM,PS,party,PS,,2823
mapa_1_resultados.xlsx,2486,AL2021,141100,CM,PCP-PEV,coalition,PCP-PEV,,43
mapa_1_resultados.xlsx,2487,AL2021,141100,AM,NC,party,NC,,182
mapa_1_resultados.xlsx,2487,AL2021,141100,AM,PPD/PSD,party,PPD/PSD,,1932
mapa_1_resultados.xlsx,2487,AL2021,141100,AM,PS,party,PS,,2579
mapa_1_resultados.xlsx,2487,AL2021,141100,AM,PCP-PEV,coalition,PCP-PEV,,69
mapa_1_resultados.xlsx,2488,AL2021,141101,AF,PPD/PSD,party,PPD/PSD,,265
mapa_1_resultados.xlsx,2488,AL2021,141101,AF,PS,party,PS,,461
mapa_1_resultados.xlsx,2488,AL2021,141101,AF,PCP-PEV,coalition,PCP-PEV,,12
mapa_1_resultados.xlsx,2489,AL2021,141103,AF,PPD/PSD,party,PPD/PSD,,204
mapa_1_resultados.xlsx,2489,AL2021,141103,AF,PS,party,PS,,254
mapa_1_resultados.xlsx,2490,AL2021,141104,AF,PPD/PSD,party,PPD/PSD,,121
mapa_1_resultados.xlsx,2490,AL2021,141104,AF,PS,party,PS,,146
mapa_1_resultados.xlsx,2491,AL2021,141106,AF,PPD/PSD,party,PPD/PSD,,598
mapa_1_resultados.xlsx,2491,AL2021,141106,AF,PS,party,PS,,751
mapa_1_resultados.xlsx,2491,AL2021,141106,AF,PCP-PEV,coalition,PCP-PEV,,23
mapa_1_resultados.xlsx,2492,AL2021,141107,AF,PPD/PSD,party,PPD/PSD,,150
mapa_1_resultados.xlsx,2492,AL2021,141107,AF,PS,party,PS,,192
mapa_1_resultados.xlsx,2493,AL2021,141110,AF,NC,party,NC,,21
mapa_1_resultados.xlsx,2493,AL2021,141110,AF,PPD/PSD,party,PPD/PSD,,259
mapa_1_resultados.xlsx,2493,AL2021,141110,AF,PS,party,PS,,391
mapa_1_resultados.xlsx,2494,AL2021,141111,AF,PPD/PSD,party,PPD/PSD,,479
mapa_1_resultados.xlsx,2494,AL2021,141111,AF,PS,party,PS,,378
mapa_1_resultados.xlsx,2494,AL2021,141111,AF,PCP-PEV,coalition,PCP-PEV,,35
mapa_1_resultados.xlsx,2495,AL2021,141200,CM,CH,party,CH,,81
mapa_1_resultados.xlsx,2495,AL2021,141200,CM,PS,party,PS,,1351
mapa_1_resultados.xlsx,2495,AL2021,141200,CM,PCP-PEV,coalition,PCP-PEV,,125
mapa_1_resultados.xlsx,2495,AL2021,141200,CM,[D],citizen_group,2021ÉOANO,Grupo de Cidadãos Eleitores 2021 É O ANO,1500
mapa_1_resultados.xlsx,2496,AL2021,141200,AM,PS,party,PS,,1294
mapa_1_resultados.xlsx,2496,AL2021,141200,AM,PCP-PEV,coalition,PCP-PEV,,197
mapa_1_resultados.xlsx,2496,AL2021,141200,AM,[D],citizen_group,2021ÉOANO,Grupo de Cidadãos Eleitores 2021 É O ANO,1506
mapa_1_resultados.xlsx,2497,AL2021,141201,AF,PS,party,PS,,472
mapa_1_resultados.xlsx,2497,AL2021,141201,AF,PCP-PEV,coalition,PCP-PEV,,114
mapa_1_resultados.xlsx,2497,AL2021,141201,AF,[D],citizen_group,2021ÉOANO,Grupo de Cidadãos Eleitores 2021 É O ANO,224
mapa_1_resultados.xlsx,2498,AL2021,141202,AF,PS,party,PS,,784
mapa_1_resultados.xlsx,2498,AL2021,141202,AF,PCP-PEV,coalition,PCP-PEV,,61
mapa_1_resultados.xlsx,2498,AL2021,141202,AF,[D],citizen_group,2021ÉOANO,Grupo de Cidadãos Eleitores 2021 É O ANO,1068
mapa_1_resultados.xlsx,2499,AL2021,141203,AF,PS,party,PS,,102
mapa_1_resultados.xlsx,2499,AL2021,141203,AF,PCP-PEV,coalition,PCP-PEV,,13
mapa_1_resultados.xlsx,2499,AL2021,141203,AF,[D],citizen_group,2021ÉOANO,Grupo de Cidadãos Eleitores 2021 É O ANO,156
mapa_1_resultados.xlsx,2500,AL2021,141300,CM,CDS-PP,party,CDS-PP,,57
mapa_1_resultados.xlsx,2500,AL2021,141300,CM,CH,party,CH,,102
mapa_1_resultados.xlsx,2500,AL2021,141300,CM,PPD/PSD,party,PPD/PSD,,2649
mapa_1_resultados.xlsx,2500,AL2021,141300,CM,PS,party,PS,,1091
mapa_1_resultados.xlsx,2500,AL2021,141300,CM,PCP-PEV,coalition,PCP-PEV,,109
mapa_1_resultados.xlsx,2501,AL2021,141300,AM,PPD/PSD,party,PPD/PSD,,2204
mapa_1_resultados.xlsx,2501,AL2021,141300,AM,PS,party,PS,,1625
mapa_1_resultados.xlsx,2501,AL2021,141300,AM,PCP-PEV,coalition,PCP-PEV,,161
mapa_1_resultados.xlsx,2502,AL2021,141302,AF,[D],citizen_group,PNT,Pela Nossa Terra,200
mapa_1_resultados.xlsx,2503,AL2021,141303,AF,PPD/PSD,party,PPD/PSD,,422
mapa_1_resultados.xlsx,2504,AL2021,141304,AF,PPD/PSD,party,PPD/PSD,,190
mapa_1_resultados.xlsx,2504,AL2021,141304,AF,PS,party,PS,,159
mapa_1_resultados.xlsx,2504,AL2021,141304,AF,PCP-PEV,coalition,PCP-PEV,,7
mapa_1_resultados.xlsx,2505,AL2021,141305,AF,PPD/PSD,party,PPD/PSD,,248
mapa_1_resultados.xlsx,2505,AL2021,141305,AF,PS,party,PS,,261
mapa_1_resultados.xlsx,2505,AL2021,141305,AF,PCP-PEV,coalition,PCP-PEV,,21
mapa_1_resultados.xlsx,2506,AL2021,141307,AF,PPD/PSD,party,PPD/PSD,,110
mapa_1_resultados.xlsx,2506,AL2021,141307,AF,PS,party,PS,,215
mapa_1_resultados.xlsx,2506,AL2021,141307,AF,PCP-PEV,coalition,PCP-PEV,,17
mapa_1_resultados.xlsx,2507,AL2021,141309,AF,PPD/PSD,party,PPD/PSD,,887
mapa_1_resultados.xlsx,2507,AL2021,141309,AF,PS,party,PS,,1058
mapa_1_resultados.xlsx,2507,AL2021,141309,AF,PCP-PEV,coalition,PCP-PEV,,63
mapa_1_resultados.xlsx,2508,AL2021,141400,CM,B.E.,party,B.E.,,144
mapa_1_resultados.xlsx,2508,AL2021,141400,CM,CH,party,CH,,405
mapa_1_resultados.xlsx,2508,AL2021,141400,CM,PS,party,PS,,2870
mapa_1_resultados.xlsx,2508,AL2021,141400,CM,PCP-PEV,coalition,PCP-PEV,,509
mapa_1_resultados.xlsx,2508,AL2021,141400,CM,[A],coalition,PPD/PSD.CDS-PP,JUNTOS PELO FUTURO,5674
mapa_1_resultados.xlsx,2509,AL2021,141400,AM,B.E.,party,B.E.,,260
mapa_1_resultados.xlsx,2509,AL2021,141400,AM,PS,party,PS,,2943
mapa_1_resultados.xlsx,2509,AL2021,141400,AM,PCP-PEV,coalition,PCP-PEV,,628
mapa_1_resultados.xlsx,2509,AL2021,141400,AM,[A],coalition,PPD/PSD.CDS-PP,JUNTOS PELO FUTURO,5655
mapa_1_resultados.xlsx,2510,AL2021,141401,AF,PS,party,PS,,288
mapa_1_resultados.xlsx,2510,AL2021,141401,AF,PCP-PEV,coalition,PCP-PEV,,74
mapa_1_resultados.xlsx,2510,AL2021,141401,AF,[A],coalition,PPD/PSD.CDS-PP,JUNTOS PELO FUTURO,631
mapa_1_resultados.xlsx,2511,AL2021,141402,AF,PS,party,PS,,170
mapa_1_resultados.xlsx,2511,AL2021,141402,AF,[A],coalition,PPD/PSD.CDS-PP,JUNTOS PELO FUTURO,70
mapa_1_resultados.xlsx,2511,AL2021,141402,AF,[D],citizen_group,Arrouquelas SIM,Movimento Independente de Cidadãos por Arrouquelas,153
mapa_1_resultados.xlsx,2512,AL2021,141405,AF,PS,party,PS,,309
mapa_1_resultados.xlsx,2512,AL2021,141405,AF,PCP-PEV,coalition,PCP-PEV,,6
mapa_1_resultados.xlsx,2512,AL2021,141405,AF,[A],coalition,PPD/PSD.CDS-PP,JUNTOS PELO FUTURO,229
mapa_1_resultados.xlsx,2513,AL2021,141408,AF,B.E.,party,B.E.,,127
mapa_1_resultados.xlsx,2513,AL2021,141408,AF,PS,party,PS,,1314
mapa_1_resultados.xlsx,2513,AL2021,141408,AF,PCP-PEV,coalition,PCP-PEV,,211
mapa_1_resultados.xlsx,2513,AL2021,141408,AF,[A],coalition,PPD/PSD.CDS-PP,JUNTOS PELO FUTURO,3015
mapa_1_resultados.xlsx,2514,AL2021,141410,AF,PS,party,PS,,155
mapa_1_resultados.xlsx,2514,AL2021,141410,AF,PCP-PEV,coalition,PCP-PEV,,60
mapa_1_resultados.xlsx,2514,AL2021,141410,AF,[A],coalition,PPD/PSD.CDS-PP,JUNTOS PELO FUTURO,360
mapa_1_resultados.xlsx,2515,AL2021,141411,AF,PS,party,PS,,101
mapa_1_resultados.xlsx,2515,AL2021,141411,AF,PCP-PEV,coalition,PCP-PEV,,8
mapa_1_resultados.xlsx,2515,AL2021,141411,AF,[A],coalition,PPD/PSD.CDS-PP,JUNTOS PELO FUTURO,161
mapa_1_resultados.xlsx,2516,AL2021,141415,AF,PCP-PEV,coalition,PCP-PEV,,17
mapa_1_resultados.xlsx,2516,AL2021,141415,AF,[A],coalition,PPD/PSD.CDS-PP,JUNTOS PELO FUTURO,157
mapa_1_resultados.xlsx,2516,AL2021,141415,AF,[D],citizen_group,MAIS,Movimento Alternativo Independente Solidário - MAIS,264
mapa_1_resultados.xlsx,2517,AL2021,141416,AF,PS,party,PS,,145
mapa_1_resultados.xlsx,2517,AL2021,141416,AF,PCP-PEV,coalition,PCP-PEV,,119
mapa_1_resultados.xlsx,2517,AL2021,141416,AF,[A],coalition,PPD/PSD.CDS-PP,JUNTOS PELO FUTURO,210
mapa_1_resultados.xlsx,2518,AL2021,141417,AF,PS,party,PS,,311
mapa_1_resultados.xlsx,2518,AL2021,141417,AF,PCP-PEV,coalition,PCP-PEV,,18
mapa_1_resultados.xlsx,2518,AL2021,141417,AF,[A],coalition,PPD/PSD.CDS-PP,JUNTOS PELO FUTURO,226
mapa_1_resultados.xlsx,2519,AL2021,141418,AF,PS,party,PS,,169
mapa_1_resultados.xlsx,2519,AL2021,141418,AF,PCP-PEV,coalition,PCP-PEV,,36
mapa_1_resultados.xlsx,2519,AL2021,141418,AF,[A],coalition,PPD/PSD.CDS-PP,JUNTOS PELO FUTURO,410
mapa_1_resultados.xlsx,2520,AL2021,141500,CM,B.E.,party,B.E.,,1093
mapa_1_resultados.xlsx,2520,AL2021,141500,CM,CH,party,CH,,1106
mapa_1_resultados.xlsx,2520,AL2021,141500,CM,PS,party,PS,,4126
mapa_1_resultados.xlsx,2520,AL2021,141500,CM,PCP-PEV,coalition,PCP-PEV,,740
mapa_1_resultados.xlsx,2520,AL2021,141500,CM,[A],coalition,PPD/PSD.CDS-PP,CORAGEM E ESPERANÇA,773
mapa_1_resultados.xlsx,2521,AL2021,141500,AM,B.E.,party,B.E.,,1246
mapa_1_resultados.xlsx,2521,AL2021,141500,AM,CH,party,CH,,1125
mapa_1_resultados.xlsx,2521,AL2021,141500,AM,PS,party,PS,,3758
mapa_1_resultados.xlsx,2521,AL2021,141500,AM,PCP-PEV,coalition,PCP-PEV,,804
mapa_1_resultados.xlsx,2521,AL2021,141500,AM,[A],coalition,PPD/PSD.CDS-PP,CORAGEM E ESPERANÇA,877
mapa_1_resultados.xlsx,2522,AL2021,141502,AF,B.E.,party,B.E.,,879
mapa_1_resultados.xlsx,2522,AL2021,141502,AF,PS,party,PS,,999
mapa_1_resultados.xlsx,2522,AL2021,141502,AF,PCP-PEV,coalition,PCP-PEV,,162
mapa_1_resultados.xlsx,2522,AL2021,141502,AF,[A],coalition,PPD/PSD.CDS-PP,CORAGEM E ESPERANÇA,269
mapa_1_resultados.xlsx,2523,AL2021,141503,AF,B.E.,party,B.E.,,62
mapa_1_resultados.xlsx,2523,AL2021,141503,AF,PS,party,PS,,232
mapa_1_resultados.xlsx,2523,AL2021,141503,AF,PCP-PEV,coalition,PCP-PEV,,42
mapa_1_resultados.xlsx,2523,AL2021,141503,AF,[A],coalition,PPD/PSD.CDS-PP,CORAGEM E ESPERANÇA,234
mapa_1_resultados.xlsx,2524,AL2021,141507,AF,B.E.,party,B.E.,,329
mapa_1_resultados.xlsx,2524,AL2021,141507,AF,PS,party,PS,,711
mapa_1_resultados.xlsx,2524,AL2021,141507,AF,PCP-PEV,coalition,PCP-PEV,,213
mapa_1_resultados.xlsx,2524,AL2021,141507,AF,[A],coalition,PPD/PSD.CDS-PP,CORAGEM E ESPERANÇA,104
mapa_1_resultados.xlsx,2525,AL2021,141508,AF,B.E.,party,B.E.,,435
mapa_1_resultados.xlsx,2525,AL2021,141508,AF,PS,party,PS,,2101
mapa_1_resultados.xlsx,2525,AL2021,141508,AF,PCP-PEV,coalition,PCP-PEV,,354
mapa_1_resultados.xlsx,2525,AL2021,141508,AF,[A],coalition,PPD/PSD.CDS-PP,CORAGEM E ESPERANÇA,599
mapa_1_resultados.xlsx,2526,AL2021,141600,CM,B.E.,party,B.E.,,1132
mapa_1_resultados.xlsx,2526,AL2021,141600,CM,CDS-PP,party,CDS-PP,,706
mapa_1_resultados.xlsx,2526,AL2021,141600,CM,CH,party,CH,,2134
mapa_1_resultados.xlsx,2526,AL2021,141600,CM,IL,party,IL,,574
mapa_1_resultados.xlsx,2526,AL2021,141600,CM,PAN,party,PAN,,306
mapa_1_resultados.xlsx,2526,AL2021,141600,CM,PPD/PSD,party,PPD/PSD,,10071
mapa_1_resultados.xlsx,2526,AL2021,141600,CM,PS,party,PS,,8950
mapa_1_resultados.xlsx,2526,AL2021,141600,CM,PCP-PEV,coalition,PCP-PEV,,1927
mapa_1_resultados.xlsx,2527,AL2021,141600,AM,B.E.,party,B.E.,,1259
mapa_1_resultados.xlsx,2527,AL2021,141600,AM,CDS-PP,party,CDS-PP,,841
mapa_1_resultados.xlsx,2527,AL2021,141600,AM,CH,party,CH,,2308
mapa_1_resultados.xlsx,2527,AL2021,141600,AM,IL,party,IL,,640
mapa_1_resultados.xlsx,2527,AL2021,141600,AM,PAN,party,PAN,,411
mapa_1_resultados.xlsx,2527,AL2021,141600,AM,PPD/PSD,party,PPD/PSD,,8854
mapa_1_resultados.xlsx,2527,AL2021,141600,AM,PS,party,PS,,9305
mapa_1_resultados.xlsx,2527,AL2021,141600,AM,PCP-PEV,coalition,PCP-PEV,,2096
mapa_1_resultados.xlsx,2528,AL2021,141601,AF,PPD/PSD,party,PPD/PSD,,266
mapa_1_resultados.xlsx,2528,AL2021,141601,AF,PS,party,PS,,245
mapa_1_resultados.xlsx,2529,AL2021,141602,AF,CDS-PP,party,CDS-PP,,22
mapa_1_resultados.xlsx,2529,AL2021,141602,AF,PPD/PSD,party,PPD/PSD,,179
mapa_1_resultados.xlsx,2529,AL2021,141602,AF,PS,party,PS,,373
mapa_1_resultados.xlsx,2530,AL2021,141604,AF,CDS-PP,party,CDS-PP,,310
mapa_1_resultados.xlsx,2530,AL2021,141604,AF,CH,party,CH,,92
mapa_1_resultados.xlsx,2530,AL2021,141604,AF,PPD/PSD,party,PPD/PSD,,896
mapa_1_resultados.xlsx,2530,AL2021,141604,AF,PS,party,PS,,657
mapa_1_resultados.xlsx,2530,AL2021,141604,AF,PCP-PEV,coalition,PCP-PEV,,53
mapa_1_resultados.xlsx,2531,AL2021,141605,AF,CDS-PP,party,CDS-PP,,19
mapa_1_resultados.xlsx,2531,AL2021,141605,AF,PPD/PSD,party,PPD/PSD,,277
mapa_1_resultados.xlsx,2531,AL2021,141605,AF,PS,party,PS,,358
mapa_1_resultados.xlsx,2531,AL2021,141605,AF,PCP-PEV,coalition,PCP-PEV,,128
mapa_1_resultados.xlsx,2532,AL2021,141606,AF,B.E.,party,B.E.,,14
mapa_1_resultados.xlsx,2532,AL2021,141606,AF,PPD/PSD,party,PPD/PSD,,264
mapa_1_resultados.xlsx,2532,AL2021,141606,AF,PS,party,PS,,399
mapa_1_resultados.xlsx,2532,AL2021,141606,AF,PCP-PEV,coalition,PCP-PEV,,98
mapa_1_resultados.xlsx,2533,AL2021,141607,AF,PS,party,PS,,459
mapa_1_resultados.xlsx,2533,AL2021,141607,AF,PCP-PEV,coalition,PCP-PEV,,80
mapa_1_resultados.xlsx,2533,AL2021,141607,AF,[D],citizen_group,MIAB,Movimento Independente Amiais de Baixo,390
mapa_1_resultados.xlsx,2534,AL2021,141608,AF,PPD/PSD,party,PPD/PSD,,222
mapa_1_resultados.xlsx,2534,AL2021,141608,AF,PS,party,PS,,113
mapa_1_resultados.xlsx,2534,AL2021,141608,AF,PCP-PEV,coalition,PCP-PEV,,84
mapa_1_resultados.xlsx,2535,AL2021,141613,AF,PS,party,PS,,346
mapa_1_resultados.xlsx,2535,AL2021,141613,AF,PCP-PEV,coalition,PCP-PEV,,33
mapa_1_resultados.xlsx,2535,AL2021,141613,AF,[D],citizen_group,MIMO,Movimento Independente Feguesia de Moçarria,232
mapa_1_resultados.xlsx,2536,AL2021,141614,AF,PPD/PSD,party,PPD/PSD,,346
mapa_1_resultados.xlsx,2536,AL2021,141614,AF,PS,party,PS,,345
mapa_1_resultados.xlsx,2536,AL2021,141614,AF,PCP-PEV,coalition,PCP-PEV,,159
mapa_1_resultados.xlsx,2537,AL2021,141616,AF,PPD/PSD,party,PPD/PSD,,210
mapa_1_resultados.xlsx,2537,AL2021,141616,AF,PS,party,PS,,156
mapa_1_resultados.xlsx,2537,AL2021,141616,AF,PCP-PEV,coalition,PCP-PEV,,97
mapa_1_resultados.xlsx,2538,AL2021,141625,AF,CH,party,CH,,97
mapa_1_resultados.xlsx,2538,AL2021,141625,AF,PPD/PSD,party,PPD/PSD,,274
mapa_1_resultados.xlsx,2538,AL2021,141625,AF,PS,party,PS,,583
mapa_1_resultados.xlsx,2538,AL2021,141625,AF,PCP-PEV,coalition,PCP-PEV,,227
mapa_1_resultados.xlsx,2539,AL2021,141628,AF,PPD/PSD,party,PPD/PSD,,153
mapa_1_resultados.xlsx,2539,AL2021,141628,AF,PS,party,PS,,113
mapa_1_resultados.xlsx,2540,AL2021,141629,AF,B.E.,party,B.E.,,109
mapa_1_resultados.xlsx,2540,AL2021,141629,AF,PCP-PEV,coalition,PCP-PEV,,152
mapa_1_resultados.xlsx,2540,AL2021,141629,AF,[D],citizen_group,MIAAP,"Movimento Independente de Achete, Azóia de Baixo e Povoa de Santarém",813
mapa_1_resultados.xlsx,2541,AL2021,141630,AF,PCP-PEV,coalition,PCP-PEV,,212
mapa_1_resultados.xlsx,2541,AL2021,141630,AF,[D],citizen_group,LITA,Lista Independente Tremez Azóia,604
mapa_1_resultados.xlsx,2542,AL2021,141631,AF,PPD/PSD,party,PPD/PSD,,442
mapa_1_resultados.xlsx,2542,AL2021,141631,AF,PS,party,PS,,192
mapa_1_resultados.xlsx,2543,AL2021,141632,AF,B.E.,party,B.E.,,36
mapa_1_resultados.xlsx,2543,AL2021,141632,AF,PS,party,PS,,825
mapa_1_resultados.xlsx,2543,AL2021,141632,AF,PCP-PEV,coalition,PCP-PEV,,43
mapa_1_resultados.xlsx,2543,AL2021,141632,AF,[D],citizen_group,MIRVA,Movimento Independente Romeira e Várzea,208
mapa_1_resultados.xlsx,2544,AL2021,141633,AF,B.E.,party,B.E.,,828
mapa_1_resultados.xlsx,2544,AL2021,141633,AF,CDS-PP,party,CDS-PP,,487
mapa_1_resultados.xlsx,2544,AL2021,141633,AF,CH,party,CH,,1280
mapa_1_resultados.xlsx,2544,AL2021,141633,AF,PPD/PSD,party,PPD/PSD,,3872
mapa_1_resultados.xlsx,2544,AL2021,141633,AF,PS,party,PS,,3894
mapa_1_resultados.xlsx,2544,AL2021,141633,AF,PCP-PEV,coalition,PCP-PEV,,939
mapa_1_resultados.xlsx,2545,AL2021,141634,AF,PS,party,PS,,383
mapa_1_resultados.xlsx,2545,AL2021,141634,AF,PCP-PEV,coalition,PCP-PEV,,132
mapa_1_resultados.xlsx,2545,AL2021,141634,AF,[D],citizen_group,MIFU,Movimento Independente das Freguesias Unidas,636
mapa_1_resultados.xlsx,2546,AL2021,141700,CM,CDS-PP,party,CDS-PP,,14
mapa_1_resultados.xlsx,2546,AL2021,141700,CM,CH,party,CH,,114
mapa_1_resultados.xlsx,2546,AL2021,141700,CM,PPD/PSD,party,PPD/PSD,,1049
mapa_1_resultados.xlsx,2546,AL2021,141700,CM,PS,party,PS,,1015
mapa_1_resultados.xlsx,2546,AL2021,141700,CM,PCP-PEV,coalition,PCP-PEV,,54
mapa_1_resultados.xlsx,2547,AL2021,141700,AM,PPD/PSD,party,PPD/PSD,,1117
mapa_1_resultados.xlsx,2547,AL2021,141700,AM,PS,party,PS,,1013
mapa_1_resultados.xlsx,2547,AL2021,141700,AM,PCP-PEV,coalition,PCP-PEV,,96
mapa_1_resultados.xlsx,2548,AL2021,141701,AF,PPD/PSD,party,PPD/PSD,,305
mapa_1_resultados.xlsx,2548,AL2021,141701,AF,PS,party,PS,,220
mapa_1_resultados.xlsx,2549,AL2021,141702,AF,PPD/PSD,party,PPD/PSD,,112
mapa_1_resultados.xlsx,2549,AL2021,141702,AF,PS,party,PS,,65
mapa_1_resultados.xlsx,2550,AL2021,141703,AF,PPD/PSD,party,PPD/PSD,,621
mapa_1_resultados.xlsx,2550,AL2021,141703,AF,PS,party,PS,,649
mapa_1_resultados.xlsx,2551,AL2021,141704,AF,PPD/PSD,party,PPD/PSD,,121
mapa_1_resultados.xlsx,2551,AL2021,141704,AF,PS,party,PS,,117
mapa_1_resultados.xlsx,2552,AL2021,141800,CM,B.E.,party,B.E.,,854
mapa_1_resultados.xlsx,2552,AL2021,141800,CM,CH,party,CH,,1108
mapa_1_resultados.xlsx,2552,AL2021,141800,CM,PPD/PSD,party,PPD/PSD,,6248
mapa_1_resultados.xlsx,2552,AL2021,141800,CM,PS,party,PS,,7157
mapa_1_resultados.xlsx,2552,AL2021,141800,CM,VP,party,VP,,220
mapa_1_resultados.xlsx,2552,AL2021,141800,CM,PCP-PEV,coalition,PCP-PEV,,915
mapa_1_resultados.xlsx,2552,AL2021,141800,CM,[A],coalition,CDS-PP.MPT.PPM,TOMAR QUEREMOS RESPONDER,572
mapa_1_resultados.xlsx,2553,AL2021,141800,AM,B.E.,party,B.E.,,1026
mapa_1_resultados.xlsx,2553,AL2021,141800,AM,CH,party,CH,,1167
mapa_1_resultados.xlsx,2553,AL2021,141800,AM,PPD/PSD,party,PPD/PSD,,5882
mapa_1_resultados.xlsx,2553,AL2021,141800,AM,PS,party,PS,,6594
mapa_1_resultados.xlsx,2553,AL2021,141800,AM,VP,party,VP,,246
mapa_1_resultados.xlsx,2553,AL2021,141800,AM,PCP-PEV,coalition,PCP-PEV,,1134
mapa_1_resultados.xlsx,2553,AL2021,141800,AM,[A],coalition,CDS-PP.MPT.PPM,TOMAR QUEREMOS RESPONDER,861
mapa_1_resultados.xlsx,2554,AL2021,141802,AF,PPD/PSD,party,PPD/PSD,,202
mapa_1_resultados.xlsx,2554,AL2021,141802,AF,PS,party,PS,,901
mapa_1_resultados.xlsx,2554,AL2021,141802,AF,PCP-PEV,coalition,PCP-PEV,,84
mapa_1_resultados.xlsx,2555,AL2021,141804,AF,PPD/PSD,party,PPD/PSD,,164
mapa_1_resultados.xlsx,2555,AL2021,141804,AF,PS,party,PS,,207
mapa_1_resultados.xlsx,2555,AL2021,141804,AF,PCP-PEV,coalition,PCP-PEV,,210
mapa_1_resultados.xlsx,2556,AL2021,141808,AF,PPD/PSD,party,PPD/PSD,,427
mapa_1_resultados.xlsx,2556,AL2021,141808,AF,[D],citizen_group,Pensar Olalhas,Movimento Independente Pensar Olalhas,221
mapa_1_resultados.xlsx,2557,AL2021,141809,AF,PPD/PSD,party,PPD/PSD,,135
mapa_1_resultados.xlsx,2557,AL2021,141809,AF,PS,party,PS,,681
mapa_1_resultados.xlsx,2557,AL2021,141809,AF,PCP-PEV,coalition,PCP-PEV,,222
mapa_1_resultados.xlsx,2557,AL2021,141809,AF,[A],coalition,CDS-PP.MPT.PPM,TOMAR QUEREMOS RESPONDER,60
mapa_1_resultados.xlsx,2558,AL2021,141813,AF,B.E.,party,B.E.,,66
mapa_1_resultados.xlsx,2558,AL2021,141813,AF,PPD/PSD,party,PPD/PSD,,738
mapa_1_resultados.xlsx,2558,AL2021,141813,AF,PS,party,PS,,427
mapa_1_resultados.xlsx,2558,AL2021,141813,AF,PCP-PEV,coalition,PCP-PEV,,52
mapa_1_resultados.xlsx,2559,AL2021,141814,AF,PPD/PSD,party,PPD/PSD,,117
mapa_1_resultados.xlsx,2559,AL2021,141814,AF,PS,party,PS,,275
mapa_1_resultados.xlsx,2559,AL2021,141814,AF,PCP-PEV,coalition,PCP-PEV,,45
mapa_1_resultados.xlsx,2559,AL2021,141814,AF,[A],coalition,CDS-PP.MPT.PPM,TOMAR QUEREMOS RESPONDER,51
mapa_1_resultados.xlsx,2560,AL2021,141817,AF,PPD/PSD,party,PPD/PSD,,342
mapa_1_resultados.xlsx,2560,AL2021,141817,AF,PS,party,PS,,233
mapa_1_resultados.xlsx,2560,AL2021,141817,AF,PCP-PEV,coalition,PCP-PEV,,48
mapa_1_resultados.xlsx,2561,AL2021,141818,AF,B.E.,party,B.E.,,80
mapa_1_resultados.xlsx,2561,AL2021,141818,AF,CH,party,CH,,83
mapa_1_resultados.xlsx,2561,AL2021,141818,AF,PPD/PSD,party,PPD/PSD,,786
mapa_1_resultados.xlsx,2561,AL2021,141818,AF,PS,party,PS,,347
mapa_1_resultados.xlsx,2561,AL2021,141818,AF,PCP-PEV,coalition,PCP-PEV,,21
mapa_1_resultados.xlsx,2561,AL2021,141818,AF,[A],coalition,CDS-PP.MPT.PPM,TOMAR QUEREMOS RESPONDER,31
mapa_1_resultados.xlsx,2562,AL2021,141819,AF,B.E.,party,B.E.,,129
mapa_1_resultados.xlsx,2562,AL2021,141819,AF,PPD/PSD,party,PPD/PSD,,592
mapa_1_resultados.xlsx,2562,AL2021,141819,AF,PS,party,PS,,811
mapa_1_resultados.xlsx,2562,AL2021,141819,AF,PCP-PEV,coalition,PCP-PEV,,95
mapa_1_resultados.xlsx,2562,AL2021,141819,AF,[A],coalition,CDS-PP.MPT.PPM,TOMAR QUEREMOS RESPONDER,63
mapa_1_resultados.xlsx,2563,AL2021,141820,AF,PPD/PSD,party,PPD/PSD,,317
mapa_1_resultados.xlsx,2563,AL2021,141820,AF,[D],citizen_group,Independentes do Nordeste,Movimento de Cidadãos Independentes do Nordeste,571
mapa_1_resultados.xlsx,2564,AL2021,141821,AF,B.E.,party,B.E.,,446
mapa_1_resultados.xlsx,2564,AL2021,141821,AF,CH,party,CH,,469
mapa_1_resultados.xlsx,2564,AL2021,141821,AF,PPD/PSD,party,PPD/PSD,,2511
mapa_1_resultados.xlsx,2564,AL2021,141821,AF,PS,party,PS,,2982
mapa_1_resultados.xlsx,2564,AL2021,141821,AF,PCP-PEV,coalition,PCP-PEV,,419
mapa_1_resultados.xlsx,2564,AL2021,141821,AF,[A],coalition,CDS-PP.MPT.PPM,TOMAR QUEREMOS RESPONDER,447
mapa_1_resultados.xlsx,2565,AL2021,141900,CM,B.E.,party,B.E.,,1195
mapa_1_resultados.xlsx,2565,AL2021,141900,CM,CH,party,CH,,541
mapa_1_resultados.xlsx,2565,AL2021,141900,CM,IL,party,IL,,221
mapa_1_resultados.xlsx,2565,AL2021,141900,CM,PS,party,PS,,7866
mapa_1_resultados.xlsx,2565,AL2021,141900,CM,PCP-PEV,coalition,PCP-PEV,,1048
mapa_1_resultados.xlsx,2565,AL2021,141900,CM,[A],coalition,PPD/PSD.CDS-PP,AFIRMAR TORRES NOVAS,2938
mapa_1_resultados.xlsx,2565,AL2021,141900,CM,[D],citizen_group,MPNT,Movimento P´la Nossa Terra,2882
mapa_1_resultados.xlsx,2566,AL2021,141900,AM,B.E.,party,B.E.,,1374
mapa_1_resultados.xlsx,2566,AL2021,141900,AM,CH,party,CH,,629
mapa_1_resultados.xlsx,2566,AL2021,141900,AM,IL,party,IL,,264
mapa_1_resultados.xlsx,2566,AL2021,141900,AM,PS,party,PS,,7189
mapa_1_resultados.xlsx,2566,AL2021,141900,AM,PCP-PEV,coalition,PCP-PEV,,1283
mapa_1_resultados.xlsx,2566,AL2021,141900,AM,[A],coalition,PPD/PSD.CDS-PP,AFIRMAR TORRES NOVAS,3252
mapa_1_resultados.xlsx,2566,AL2021,141900,AM,[D],citizen_group,MPNT,Movimento P´la Nossa Terra,2632
mapa_1_resultados.xlsx,2567,AL2021,141902,AF,B.E.,party,B.E.,,96
mapa_1_resultados.xlsx,2567,AL2021,141902,AF,PS,party,PS,,567
mapa_1_resultados.xlsx,2567,AL2021,141902,AF,PCP-PEV,coalition,PCP-PEV,,68
mapa_1_resultados.xlsx,2567,AL2021,141902,AF,[D],citizen_group,GIFA,Grupo Independentes Freguesia de Assentis,808
mapa_1_resultados.xlsx,2568,AL2021,141904,AF,PS,party,PS,,620
mapa_1_resultados.xlsx,2568,AL2021,141904,AF,[A],coalition,PPD/PSD.CDS-PP,AFIRMAR TORRES NOVAS,269
mapa_1_resultados.xlsx,2568,AL2021,141904,AF,[D],citizen_group,MPNT,Movimento P´la Nossa Terra,43
mapa_1_resultados.xlsx,2569,AL2021,141909,AF,PS,party,PS,,444
mapa_1_resultados.xlsx,2569,AL2021,141909,AF,PCP-PEV,coalition,PCP-PEV,,113
mapa_1_resultados.xlsx,2569,AL2021,141909,AF,[A],coalition,PPD/PSD.CDS-PP,AFIRMAR TORRES NOVAS,196
mapa_1_resultados.xlsx,2569,AL2021,141909,AF,[D],citizen_group,MPNT,Movimento P´la Nossa Terra,245
mapa_1_resultados.xlsx,2570,AL2021,141910,AF,B.E.,party,B.E.,,151
mapa_1_resultados.xlsx,2570,AL2021,141910,AF,PS,party,PS,,988
mapa_1_resultados.xlsx,2570,AL2021,141910,AF,PCP-PEV,coalition,PCP-PEV,,250
mapa_1_resultados.xlsx,2570,AL2021,141910,AF,[A],coalition,PPD/PSD.CDS-PP,AFIRMAR TORRES NOVAS,409
mapa_1_resultados.xlsx,2570,AL2021,141910,AF,[D],citizen_group,MPNT,Movimento P´la Nossa Terra,358
mapa_1_resultados.xlsx,2571,AL2021,141916,AF,PS,party,PS,,291
mapa_1_resultados.xlsx,2571,AL2021,141916,AF,PCP-PEV,coalition,PCP-PEV,,41
mapa_1_resultados.xlsx,2571,AL2021,141916,AF,[A],coalition,PPD/PSD.CDS-PP,AFIRMAR TORRES NOVAS,96
mapa_1_resultados.xlsx,2571,AL2021,141916,AF,[D],citizen_group,MPNT,Movimento P´la Nossa Terra,71
mapa_1_resultados.xlsx,2572,AL2021,141917,AF,B.E.,party,B.E.,,74
mapa_1_resultados.xlsx,2572,AL2021,141917,AF,PS,party,PS,,286
mapa_1_resultados.xlsx,2572,AL2021,141917,AF,PCP-PEV,coalition,PCP-PEV,,60
mapa_1_resultados.xlsx,2572,AL2021,141917,AF,[A],coalition,PPD/PSD.CDS-PP,AFIRMAR TORRES NOVAS,160
mapa_1_resultados.xlsx,2572,AL2021,141917,AF,[D],citizen_group,MPNT,Movimento P´la Nossa Terra,131
mapa_1_resultados.xlsx,2573,AL2021,141918,AF,B.E.,party,B.E.,,71
mapa_1_resultados.xlsx,2573,AL2021,141918,AF,PS,party,PS,,629
mapa_1_resultados.xlsx,2573,AL2021,141918,AF,PCP-PEV,coalition,PCP-PEV,,121
mapa_1_resultados.xlsx,2573,AL2021,141918,AF,[A],coalition,PPD/PSD.CDS-PP,AFIRMAR TORRES NOVAS,273
mapa_1_resultados.xlsx,2573,AL2021,141918,AF,[D],citizen_group,MPNT,Movimento P´la Nossa Terra,136
mapa_1_resultados.xlsx,2574,AL2021,141919,AF,B.E.,party,B.E.,,68
mapa_1_resultados.xlsx,2574,AL2021,141919,AF,PS,party,PS,,299
mapa_1_resultados.xlsx,2574,AL2021,141919,AF,PCP-PEV,coalition,PCP-PEV,,137
mapa_1_resultados.xlsx,2574,AL2021,141919,AF,[A],coalition,PPD/PSD.CDS-PP,AFIRMAR TORRES NOVAS,406
mapa_1_resultados.xlsx,2574,AL2021,141919,AF,[D],citizen_group,MPNT,Movimento P´la Nossa Terra,206
mapa_1_resultados.xlsx,2575,AL2021,141920,AF,B.E.,party,B.E.,,375
mapa_1_resultados.xlsx,2575,AL2021,141920,AF,PS,party,PS,,1402
mapa_1_resultados.xlsx,2575,AL2021,141920,AF,PCP-PEV,coalition,PCP-PEV,,203
mapa_1_resultados.xlsx,2575,AL2021,141920,AF,[A],coalition,PPD/PSD.CDS-PP,AFIRMAR TORRES NOVAS,994
mapa_1_resultados.xlsx,2575,AL2021,141920,AF,[D],citizen_group,M,Alternativa Autárquicas 2021,101
mapa_1_resultados.xlsx,2575,AL2021,141920,AF,[E],citizen_group,MPNT,Movimento P´la Nossa Terra,583
mapa_1_resultados.xlsx,2576,AL2021,141921,AF,B.E.,party,B.E.,,362
mapa_1_resultados.xlsx,2576,AL2021,141921,AF,PS,party,PS,,1562
mapa_1_resultados.xlsx,2576,AL2021,141921,AF,PCP-PEV,coalition,PCP-PEV,,391
mapa_1_resultados.xlsx,2576,AL2021,141921,AF,[A],coalition,PPD/PSD.CDS-PP,AFIRMAR TORRES NOVAS,656
mapa_1_resultados.xlsx,2576,AL2021,141921,AF,[D],citizen_group,MPNT,Movimento P´la Nossa Terra,782
mapa_1_resultados.xlsx,2577,AL2021,142000,CM,CDS-PP,party,CDS-PP,,28
mapa_1_resultados.xlsx,2577,AL2021,142000,CM,CH,party,CH,,401
mapa_1_resultados.xlsx,2577,AL2021,142000,CM,PPD/PSD,party,PPD/PSD,,523
mapa_1_resultados.xlsx,2577,AL2021,142000,CM,PS,party,PS,,1775
mapa_1_resultados.xlsx,2577,AL2021,142000,CM,PCP-PEV,coalition,PCP-PEV,,320
mapa_1_resultados.xlsx,2578,AL2021,142000,AM,CH,party,CH,,431
mapa_1_resultados.xlsx,2578,AL2021,142000,AM,PPD/PSD,party,PPD/PSD,,542
mapa_1_resultados.xlsx,2578,AL2021,142000,AM,PS,party,PS,,1708
mapa_1_resultados.xlsx,2578,AL2021,142000,AM,PCP-PEV,coalition,PCP-PEV,,360
mapa_1_resultados.xlsx,2579,AL2021,142001,AF,PS,party,PS,,502
mapa_1_resultados.xlsx,2579,AL2021,142001,AF,PCP-PEV,coalition,PCP-PEV,,204
mapa_1_resultados.xlsx,2580,AL2021,142002,AF,PPD/PSD,party,PPD/PSD,,205
mapa_1_resultados.xlsx,2580,AL2021,142002,AF,PS,party,PS,,328
mapa_1_resultados.xlsx,2580,AL2021,142002,AF,PCP-PEV,coalition,PCP-PEV,,67
mapa_1_resultados.xlsx,2581,AL2021,142003,AF,PS,party,PS,,92
mapa_1_resultados.xlsx,2581,AL2021,142003,AF,PCP-PEV,coalition,PCP-PEV,,16
mapa_1_resultados.xlsx,2582,AL2021,142006,AF,PPD/PSD,party,PPD/PSD,,319
mapa_1_resultados.xlsx,2582,AL2021,142006,AF,PS,party,PS,,992
mapa_1_resultados.xlsx,2582,AL2021,142006,AF,PCP-PEV,coalition,PCP-PEV,,239
mapa_1_resultados.xlsx,2583,AL2021,142100,CM,CH,party,CH,,1078
mapa_1_resultados.xlsx,2583,AL2021,142100,CM,PS,party,PS,,4122
mapa_1_resultados.xlsx,2583,AL2021,142100,CM,PCP-PEV,coalition,PCP-PEV,,482
mapa_1_resultados.xlsx,2583,AL2021,142100,CM,[A],coalition,PPD/PSD.CDS-PP,OURÉM SEMPRE,13854
mapa_1_resultados.xlsx,2583,AL2021,142100,CM,[D],citizen_group,MOVE,Movimento Independente,1316
mapa_1_resultados.xlsx,2584,AL2021,142100,AM,CH,party,CH,,1261
mapa_1_resultados.xlsx,2584,AL2021,142100,AM,PS,party,PS,,4512
mapa_1_resultados.xlsx,2584,AL2021,142100,AM,PCP-PEV,coalition,PCP-PEV,,749
mapa_1_resultados.xlsx,2584,AL2021,142100,AM,[A],coalition,PPD/PSD.CDS-PP,OURÉM SEMPRE,12608
mapa_1_resultados.xlsx,2584,AL2021,142100,AM,[D],citizen_group,MOVE,Movimento Independente,1541
mapa_1_resultados.xlsx,2585,AL2021,142101,AF,PS,party,PS,,221
mapa_1_resultados.xlsx,2585,AL2021,142101,AF,[A],coalition,PPD/PSD.CDS-PP,OURÉM SEMPRE,391
mapa_1_resultados.xlsx,2586,AL2021,142102,AF,PS,party,PS,,379
mapa_1_resultados.xlsx,2586,AL2021,142102,AF,PCP-PEV,coalition,PCP-PEV,,36
mapa_1_resultados.xlsx,2586,AL2021,142102,AF,[A],coalition,PPD/PSD.CDS-PP,OURÉM SEMPRE,669
mapa_1_resultados.xlsx,2586,AL2021,142102,AF,[D],citizen_group,MOVE,Movimento Independente,74
mapa_1_resultados.xlsx,2587,AL2021,142104,AF,PS,party,PS,,431
mapa_1_resultados.xlsx,2587,AL2021,142104,AF,[A],coalition,PPD/PSD.CDS-PP,OURÉM SEMPRE,400
mapa_1_resultados.xlsx,2587,AL2021,142104,AF,[D],citizen_group,MOVE,Movimento Independente,163
mapa_1_resultados.xlsx,2588,AL2021,142105,AF,PS,party,PS,,197
mapa_1_resultados.xlsx,2588,AL2021,142105,AF,[A],coalition,PPD/PSD.CDS-PP,OURÉM SEMPRE,288
mapa_1_resultados.xlsx,2589,AL2021,142106,AF,PS,party,PS,,949
mapa_1_resultados.xlsx,2589,AL2021,142106,AF,PCP-PEV,coalition,PCP-PEV,,142
mapa_1_resultados.xlsx,2589,AL2021,142106,AF,[A],coalition,PPD/PSD.CDS-PP,OURÉM SEMPRE,3443
mapa_1_resultados.xlsx,2589,AL2021,142106,AF,[D],citizen_group,MOVE,Movimento Independente,579
mapa_1_resultados.xlsx,2590,AL2021,142111,AF,PS,party,PS,,487
mapa_1_resultados.xlsx,2590,AL2021,142111,AF,PCP-PEV,coalition,PCP-PEV,,76
mapa_1_resultados.xlsx,2590,AL2021,142111,AF,[A],coalition,PPD/PSD.CDS-PP,OURÉM SEMPRE,1499
mapa_1_resultados.xlsx,2590,AL2021,142111,AF,[D],citizen_group,MOVE,Movimento Independente,205
mapa_1_resultados.xlsx,2591,AL2021,142113,AF,PS,party,PS,,404
mapa_1_resultados.xlsx,2591,AL2021,142113,AF,PCP-PEV,coalition,PCP-PEV,,23
mapa_1_resultados.xlsx,2591,AL2021,142113,AF,[A],coalition,PPD/PSD.CDS-PP,OURÉM SEMPRE,446
mapa_1_resultados.xlsx,2591,AL2021,142113,AF,[D],citizen_group,MOVE,Movimento Independente,66
mapa_1_resultados.xlsx,2592,AL2021,142114,AF,PS,party,PS,,166
mapa_1_resultados.xlsx,2592,AL2021,142114,AF,PCP-PEV,coalition,PCP-PEV,,32
mapa_1_resultados.xlsx,2592,AL2021,142114,AF,[A],coalition,PPD/PSD.CDS-PP,OURÉM SEMPRE,541
mapa_1_resultados.xlsx,2592,AL2021,142114,AF,[D],citizen_group,MOVE,Movimento Independente,56
mapa_1_resultados.xlsx,2593,AL2021,142115,AF,PS,party,PS,,1197
mapa_1_resultados.xlsx,2593,AL2021,142115,AF,PCP-PEV,coalition,PCP-PEV,,133
mapa_1_resultados.xlsx,2593,AL2021,142115,AF,[A],coalition,PPD/PSD.CDS-PP,OURÉM SEMPRE,1513
mapa_1_resultados.xlsx,2593,AL2021,142115,AF,[D],citizen_group,MOVE,Movimento Independente,222
mapa_1_resultados.xlsx,2594,AL2021,142119,AF,PCP-PEV,coalition,PCP-PEV,,132
mapa_1_resultados.xlsx,2594,AL2021,142119,AF,[A],coalition,PPD/PSD.CDS-PP,OURÉM SEMPRE,1150
mapa_1_resultados.xlsx,2594,AL2021,142119,AF,[D],citizen_group,MOVE,Movimento Independente,351
mapa_1_resultados.xlsx,2595,AL2021,142120,AF,PS,party,PS,,664
mapa_1_resultados.xlsx,2595,AL2021,142120,AF,[A],coalition,PPD/PSD.CDS-PP,OURÉM SEMPRE,706
mapa_1_resultados.xlsx,2595,AL2021,142120,AF,[D],citizen_group,MOVE,Movimento Independente,78
mapa_1_resultados.xlsx,2596,AL2021,142121,AF,[A],coalition,PPD/PSD.CDS-PP,OURÉM SEMPRE,633
mapa_1_resultados.xlsx,2596,AL2021,142121,AF,[D],citizen_group,MOVE,Movimento Independente,257
mapa_1_resultados.xlsx,2597,AL2021,142122,AF,[A],coalition,PPD/PSD.CDS-PP,OURÉM SEMPRE,817
mapa_1_resultados.xlsx,2597,AL2021,142122,AF,[D],citizen_group,MOVE,Movimento Independente,321
mapa_1_resultados.xlsx,2599,AL2021,150100,CM,CH,party,CH,,147
mapa_1_resultados.xlsx,2599,AL2021,150100,CM,PS,party,PS,,2782
mapa_1_resultados.xlsx,2599,AL2021,150100,CM,PCP-PEV,coalition,PCP-PEV,,3041
mapa_1_resultados.xlsx,2599,AL2021,150100,CM,[A],coalition,PPD/PSD CDS-PP.MPT.PPM.A,TODOS JUNTOS PARA QUE ALCÁCER GANHE,175
mapa_1_resultados.xlsx,2600,AL2021,150100,AM,PS,party,PS,,2780
mapa_1_resultados.xlsx,2600,AL2021,150100,AM,PCP-PEV,coalition,PCP-PEV,,2998
mapa_1_resultados.xlsx,2600,AL2021,150100,AM,[A],coalition,PPD/PSD CDS-PP.MPT.PPM.A,TODOS JUNTOS PARA QUE ALCÁCER GANHE,327
mapa_1_resultados.xlsx,2601,AL2021,150104,AF,PS,party,PS,,639
mapa_1_resultados.xlsx,2601,AL2021,150104,AF,PCP-PEV,coalition,PCP-PEV,,425
mapa_1_resultados.xlsx,2602,AL2021,150105,AF,PS,party,PS,,85
mapa_1_resultados.xlsx,2602,AL2021,150105,AF,PCP-PEV,coalition,PCP-PEV,,165
mapa_1_resultados.xlsx,2603,AL2021,150106,AF,PS,party,PS,,231
mapa_1_resultados.xlsx,2603,AL2021,150106,AF,PCP-PEV,coalition,PCP-PEV,,274
mapa_1_resultados.xlsx,2603,AL2021,150106,AF,[A],coalition,PPD/PSD CDS-PP.MPT.PPM.A,TODOS JUNTOS PARA QUE ALCÁCER GANHE,37
mapa_1_resultados.xlsx,2604,AL2021,150107,AF,PS,party,PS,,1872
mapa_1_resultados.xlsx,2604,AL2021,150107,AF,PCP-PEV,coalition,PCP-PEV,,2157
mapa_1_resultados.xlsx,2604,AL2021,150107,AF,[A],coalition,PPD/PSD CDS-PP.MPT.PPM.A,TODOS JUNTOS PARA QUE ALCÁCER GANHE,240
mapa_1_resultados.xlsx,2605,AL2021,150200,CM,CDS-PP,party,CDS-PP,,856
mapa_1_resultados.xlsx,2605,AL2021,150200,CM,CH,party,CH,,468
mapa_1_resultados.xlsx,2605,AL2021,150200,CM,PPD/PSD,party,PPD/PSD,,602
mapa_1_resultados.xlsx,2605,AL2021,150200,CM,PS,party,PS,,4732
mapa_1_resultados.xlsx,2605,AL2021,150200,CM,PCP-PEV,coalition,PCP-PEV,,1983
mapa_1_resultados.xlsx,2606,AL2021,150200,AM,CDS-PP,party,CDS-PP,,834
mapa_1_resultados.xlsx,2606,AL2021,150200,AM,CH,party,CH,,573
mapa_1_resultados.xlsx,2606,AL2021,150200,AM,PPD/PSD,party,PPD/PSD,,701
mapa_1_resultados.xlsx,2606,AL2021,150200,AM,PS,party,PS,,4339
mapa_1_resultados.xlsx,2606,AL2021,150200,AM,PCP-PEV,coalition,PCP-PEV,,2159
mapa_1_resultados.xlsx,2607,AL2021,150201,AF,CDS-PP,party,CDS-PP,,813
mapa_1_resultados.xlsx,2607,AL2021,150201,AF,PPD/PSD,party,PPD/PSD,,523
mapa_1_resultados.xlsx,2607,AL2021,150201,AF,PS,party,PS,,2918
mapa_1_resultados.xlsx,2607,AL2021,150201,AF,PCP-PEV,coalition,PCP-PEV,,1621
mapa_1_resultados.xlsx,2608,AL2021,150202,AF,CDS-PP,party,CDS-PP,,140
mapa_1_resultados.xlsx,2608,AL2021,150202,AF,PPD/PSD,party,PPD/PSD,,113
mapa_1_resultados.xlsx,2608,AL2021,150202,AF,PS,party,PS,,743
mapa_1_resultados.xlsx,2608,AL2021,150202,AF,PCP-PEV,coalition,PCP-PEV,,543
mapa_1_resultados.xlsx,2609,AL2021,150203,AF,CDS-PP,party,CDS-PP,,87
mapa_1_resultados.xlsx,2609,AL2021,150203,AF,PPD/PSD,party,PPD/PSD,,197
mapa_1_resultados.xlsx,2609,AL2021,150203,AF,PS,party,PS,,695
mapa_1_resultados.xlsx,2609,AL2021,150203,AF,PCP-PEV,coalition,PCP-PEV,,154
mapa_1_resultados.xlsx,2610,AL2021,150300,CM,B.E.,party,B.E.,,4817
mapa_1_resultados.xlsx,2610,AL2021,150300,CM,CH,party,CH,,3988
mapa_1_resultados.xlsx,2610,AL2021,150300,CM,IL,party,IL,,1393
mapa_1_resultados.xlsx,2610,AL2021,150300,CM,PAN,party,PAN,,1636
mapa_1_resultados.xlsx,2610,AL2021,150300,CM,PS,party,PS,,28203
mapa_1_resultados.xlsx,2610,AL2021,150300,CM,PCP-PEV,coalition,PCP-PEV,,21031
mapa_1_resultados.xlsx,2610,AL2021,150300,CM,[A],coalition,PPD/PSD.CDS-PP.A.MPT.PPM,AD - ALMADA DESENVOLVIDA,7574
mapa_1_resultados.xlsx,2611,AL2021,150300,AM,B.E.,party,B.E.,,5668
mapa_1_resultados.xlsx,2611,AL2021,150300,AM,CH,party,CH,,4350
mapa_1_resultados.xlsx,2611,AL2021,150300,AM,IL,party,IL,,1748
mapa_1_resultados.xlsx,2611,AL2021,150300,AM,PAN,party,PAN,,2451
mapa_1_resultados.xlsx,2611,AL2021,150300,AM,PS,party,PS,,25203
mapa_1_resultados.xlsx,2611,AL2021,150300,AM,PCP-PEV,coalition,PCP-PEV,,20328
mapa_1_resultados.xlsx,2611,AL2021,150300,AM,[A],coalition,PPD/PSD.CDS-PP.A.MPT.PPM,AD - ALMADA DESENVOLVIDA,8665
mapa_1_resultados.xlsx,2612,AL2021,150303,AF,B.E.,party,B.E.,,453
mapa_1_resultados.xlsx,2612,AL2021,150303,AF,CH,party,CH,,369
mapa_1_resultados.xlsx,2612,AL2021,150303,AF,IL,party,IL,,182
mapa_1_resultados.xlsx,2612,AL2021,150303,AF,PS,party,PS,,2191
mapa_1_resultados.xlsx,2612,AL2021,150303,AF,PCP-PEV,coalition,PCP-PEV,,1037
mapa_1_resultados.xlsx,2612,AL2021,150303,AF,[A],coalition,PPD/PSD.CDS-PP.A.MPT.PPM,AD - ALMADA DESENVOLVIDA,1199
mapa_1_resultados.xlsx,2613,AL2021,150312,AF,B.E.,party,B.E.,,2141
mapa_1_resultados.xlsx,2613,AL2021,150312,AF,CH,party,CH,,985
mapa_1_resultados.xlsx,2613,AL2021,150312,AF,IL,party,IL,,481
mapa_1_resultados.xlsx,2613,AL2021,150312,AF,PS,party,PS,,7405
mapa_1_resultados.xlsx,2613,AL2021,150312,AF,PCP-PEV,coalition,PCP-PEV,,7332
mapa_1_resultados.xlsx,2613,AL2021,150312,AF,[A],coalition,PPD/PSD.CDS-PP.A.MPT.PPM,AD - ALMADA DESENVOLVIDA,2538
mapa_1_resultados.xlsx,2614,AL2021,150313,AF,B.E.,party,B.E.,,650
mapa_1_resultados.xlsx,2614,AL2021,150313,AF,CH,party,CH,,616
mapa_1_resultados.xlsx,2614,AL2021,150313,AF,IL,party,IL,,177
mapa_1_resultados.xlsx,2614,AL2021,150313,AF,PS,party,PS,,3370
mapa_1_resultados.xlsx,2614,AL2021,150313,AF,PCP-PEV,coalition,PCP-PEV,,2940
mapa_1_resultados.xlsx,2614,AL2021,150313,AF,[A],coalition,PPD/PSD.CDS-PP.A.MPT.PPM,AD - ALMADA DESENVOLVIDA,899
mapa_1_resultados.xlsx,2615,AL2021,150314,AF,B.E.,party,B.E.,,1363
mapa_1_resultados.xlsx,2615,AL2021,150314,AF,CH,party,CH,,1172
mapa_1_resultados.xlsx,2615,AL2021,150314,AF,IL,party,IL,,689
mapa_1_resultados.xlsx,2615,AL2021,150314,AF,PS,party,PS,,8732
mapa_1_resultados.xlsx,2615,AL2021,150314,AF,PCP-PEV,coalition,PCP-PEV,,4426
mapa_1_resultados.xlsx,2615,AL2021,150314,AF,[A],coalition,PPD/PSD.CDS-PP.A.MPT.PPM,AD - ALMADA DESENVOLVIDA,2975
mapa_1_resultados.xlsx,2616,AL2021,150315,AF,B.E.,party,B.E.,,1209
mapa_1_resultados.xlsx,2616,AL2021,150315,AF,CH,party,CH,,1009
mapa_1_resultados.xlsx,2616,AL2021,150315,AF,IL,party,IL,,302
mapa_1_resultados.xlsx,2616,AL2021,150315,AF,PS,party,PS,,4883
mapa_1_resultados.xlsx,2616,AL2021,150315,AF,PCP-PEV,coalition,PCP-PEV,,5314
mapa_1_resultados.xlsx,2616,AL2021,150315,AF,[A],coalition,PPD/PSD.CDS-PP.A.MPT.PPM,AD - ALMADA DESENVOLVIDA,1314
mapa_1_resultados.xlsx,2617,AL2021,150400,CM,B.E.,party,B.E.,,1010
mapa_1_resultados.xlsx,2617,AL2021,150400,CM,CDS-PP,party,CDS-PP,,203
mapa_1_resultados.xlsx,2617,AL2021,150400,CM,CH,party,CH,,1479
mapa_1_resultados.xlsx,2617,AL2021,150400,CM,L,party,L,,166
mapa_1_resultados.xlsx,2617,AL2021,150400,CM,PAN,party,PAN,,581
mapa_1_resultados.xlsx,2617,AL2021,150400,CM,PPD/PSD,party,PPD/PSD,,2506
mapa_1_resultados.xlsx,2617,AL2021,150400,CM,PS,party,PS,,19563
mapa_1_resultados.xlsx,2617,AL2021,150400,CM,PCP-PEV,coalition,PCP-PEV,,8088
mapa_1_resultados.xlsx,2618,AL2021,150400,AM,B.E.,party,B.E.,,1310
mapa_1_resultados.xlsx,2618,AL2021,150400,AM,CDS-PP,party,CDS-PP,,274
mapa_1_resultados.xlsx,2618,AL2021,150400,AM,CH,party,CH,,1727
mapa_1_resultados.xlsx,2618,AL2021,150400,AM,L,party,L,,222
mapa_1_resultados.xlsx,2618,AL2021,150400,AM,PAN,party,PAN,,765
mapa_1_resultados.xlsx,2618,AL2021,150400,AM,PPD/PSD,party,PPD/PSD,,2922
mapa_1_resultados.xlsx,2618,AL2021,150400,AM,PS,party,PS,,18058
mapa_1_resultados.xlsx,2618,AL2021,150400,AM,PCP-PEV,coalition,PCP-PEV,,8197
mapa_1_resultados.xlsx,2619,AL2021,150407,AF,B.E.,party,B.E.,,221
mapa_1_resultados.xlsx,2619,AL2021,150407,AF,CH,party,CH,,338
mapa_1_resultados.xlsx,2619,AL2021,150407,AF,PPD/PSD,party,PPD/PSD,,633
mapa_1_resultados.xlsx,2619,AL2021,150407,AF,PS,party,PS,,2446
mapa_1_resultados.xlsx,2619,AL2021,150407,AF,PCP-PEV,coalition,PCP-PEV,,1140
mapa_1_resultados.xlsx,2620,AL2021,150409,AF,B.E.,party,B.E.,,696
mapa_1_resultados.xlsx,2620,AL2021,150409,AF,CDS-PP,party,CDS-PP,,116
mapa_1_resultados.xlsx,2620,AL2021,150409,AF,CH,party,CH,,787
mapa_1_resultados.xlsx,2620,AL2021,150409,AF,L,party,L,,149
mapa_1_resultados.xlsx,2620,AL2021,150409,AF,PPD/PSD,party,PPD/PSD,,1061
mapa_1_resultados.xlsx,2620,AL2021,150409,AF,PS,party,PS,,10025
mapa_1_resultados.xlsx,2620,AL2021,150409,AF,PCP-PEV,coalition,PCP-PEV,,4344
mapa_1_resultados.xlsx,2621,AL2021,150410,AF,B.E.,party,B.E.,,462
mapa_1_resultados.xlsx,2621,AL2021,150410,AF,CDS-PP,party,CDS-PP,,76
mapa_1_resultados.xlsx,2621,AL2021,150410,AF,CH,party,CH,,469
mapa_1_resultados.xlsx,2621,AL2021,150410,AF,PPD/PSD,party,PPD/PSD,,875
mapa_1_resultados.xlsx,2621,AL2021,150410,AF,PS,party,PS,,5097
mapa_1_resultados.xlsx,2621,AL2021,150410,AF,PCP-PEV,coalition,PCP-PEV,,2563
mapa_1_resultados.xlsx,2622,AL2021,150411,AF,B.E.,party,B.E.,,68
mapa_1_resultados.xlsx,2622,AL2021,150411,AF,CH,party,CH,,77
mapa_1_resultados.xlsx,2622,AL2021,150411,AF,PPD/PSD,party,PPD/PSD,,183
mapa_1_resultados.xlsx,2622,AL2021,150411,AF,PS,party,PS,,1033
mapa_1_resultados.xlsx,2622,AL2021,150411,AF,PCP-PEV,coalition,PCP-PEV,,562
mapa_1_resultados.xlsx,2623,AL2021,150500,CM,CH,party,CH,,185
mapa_1_resultados.xlsx,2623,AL2021,150500,CM,PS,party,PS,,2762
mapa_1_resultados.xlsx,2623,AL2021,150500,CM,PCP-PEV,coalition,PCP-PEV,,2934
mapa_1_resultados.xlsx,2623,AL2021,150500,CM,[A],coalition,PPD/PSD.CDS-PP,+ POR GRÂNDOLA,466
mapa_1_resultados.xlsx,2624,AL2021,150500,AM,PS,party,PS,,2621
mapa_1_resultados.xlsx,2624,AL2021,150500,AM,PCP-PEV,coalition,PCP-PEV,,2884
mapa_1_resultados.xlsx,2624,AL2021,150500,AM,[A],coalition,PPD/PSD.CDS-PP,+ POR GRÂNDOLA,801
mapa_1_resultados.xlsx,2625,AL2021,150501,AF,PS,party,PS,,276
mapa_1_resultados.xlsx,2625,AL2021,150501,AF,PCP-PEV,coalition,PCP-PEV,,78
mapa_1_resultados.xlsx,2625,AL2021,150501,AF,[A],coalition,PPD/PSD.CDS-PP,+ POR GRÂNDOLA,7
mapa_1_resultados.xlsx,2626,AL2021,150503,AF,PS,party,PS,,316
mapa_1_resultados.xlsx,2626,AL2021,150503,AF,PCP-PEV,coalition,PCP-PEV,,404
mapa_1_resultados.xlsx,2626,AL2021,150503,AF,[A],coalition,PPD/PSD.CDS-PP,+ POR GRÂNDOLA,113
mapa_1_resultados.xlsx,2627,AL2021,150505,AF,PS,party,PS,,311
mapa_1_resultados.xlsx,2627,AL2021,150505,AF,PCP-PEV,coalition,PCP-PEV,,227
mapa_1_resultados.xlsx,2627,AL2021,150505,AF,[A],coalition,PPD/PSD.CDS-PP,+ POR GRÂNDOLA,39
mapa_1_resultados.xlsx,2628,AL2021,150506,AF,PS,party,PS,,1479
mapa_1_resultados.xlsx,2628,AL2021,150506,AF,PCP-PEV,coalition,PCP-PEV,,2652
mapa_1_resultados.xlsx,2628,AL2021,150506,AF,[A],coalition,PPD/PSD.CDS-PP,+ POR GRÂNDOLA,399
mapa_1_resultados.xlsx,2629,AL2021,150600,CM,B.E.,party,B.E.,,1858
mapa_1_resultados.xlsx,2629,AL2021,150600,CM,CH,party,CH,,2206
mapa_1_resultados.xlsx,2629,AL2021,150600,CM,PAN,party,PAN,,674
mapa_1_resultados.xlsx,2629,AL2021,150600,CM,PS,party,PS,,9258
mapa_1_resultados.xlsx,2629,AL2021,150600,CM,PCP-PEV,coalition,PCP-PEV,,8144
mapa_1_resultados.xlsx,2629,AL2021,150600,CM,[A],coalition,PPD/PSD.CDS-PP.MPT.PPM.A.PDR.,MERECEMOS MAIS,1626
mapa_1_resultados.xlsx,2630,AL2021,150600,AM,B.E.,party,B.E.,,2034
mapa_1_resultados.xlsx,2630,AL2021,150600,AM,CH,party,CH,,2284
mapa_1_resultados.xlsx,2630,AL2021,150600,AM,PAN,party,PAN,,773
mapa_1_resultados.xlsx,2630,AL2021,150600,AM,PS,party,PS,,9098
mapa_1_resultados.xlsx,2630,AL2021,150600,AM,PCP-PEV,coalition,PCP-PEV,,7910
mapa_1_resultados.xlsx,2630,AL2021,150600,AM,[A],coalition,PPD/PSD.CDS-PP.MPT.PPM.A.PDR.,MERECEMOS MAIS,1658
mapa_1_resultados.xlsx,2631,AL2021,150601,AF,B.E.,party,B.E.,,695
mapa_1_resultados.xlsx,2631,AL2021,150601,AF,CH,party,CH,,634
mapa_1_resultados.xlsx,2631,AL2021,150601,AF,PS,party,PS,,2382
mapa_1_resultados.xlsx,2631,AL2021,150601,AF,PCP-PEV,coalition,PCP-PEV,,1920
mapa_1_resultados.xlsx,2631,AL2021,150601,AF,[A],coalition,PPD/PSD.CDS-PP.MPT.PPM.A.PDR.,MERECEMOS MAIS,418
mapa_1_resultados.xlsx,2632,AL2021,150603,AF,B.E.,party,B.E.,,575
mapa_1_resultados.xlsx,2632,AL2021,150603,AF,CH,party,CH,,679
mapa_1_resultados.xlsx,2632,AL2021,150603,AF,PS,party,PS,,2770
mapa_1_resultados.xlsx,2632,AL2021,150603,AF,PCP-PEV,coalition,PCP-PEV,,2327
mapa_1_resultados.xlsx,2632,AL2021,150603,AF,[A],coalition,PPD/PSD.CDS-PP.MPT.PPM.A.PDR.,MERECEMOS MAIS,755
mapa_1_resultados.xlsx,2633,AL2021,150607,AF,B.E.,party,B.E.,,749
mapa_1_resultados.xlsx,2633,AL2021,150607,AF,CH,party,CH,,840
mapa_1_resultados.xlsx,2633,AL2021,150607,AF,PS,party,PS,,3763
mapa_1_resultados.xlsx,2633,AL2021,150607,AF,PCP-PEV,coalition,PCP-PEV,,3504
mapa_1_resultados.xlsx,2633,AL2021,150607,AF,[A],coalition,PPD/PSD.CDS-PP.MPT.PPM.A.PDR.,MERECEMOS MAIS,483
mapa_1_resultados.xlsx,2634,AL2021,150608,AF,B.E.,party,B.E.,,62
mapa_1_resultados.xlsx,2634,AL2021,150608,AF,PS,party,PS,,540
mapa_1_resultados.xlsx,2634,AL2021,150608,AF,PCP-PEV,coalition,PCP-PEV,,521
mapa_1_resultados.xlsx,2634,AL2021,150608,AF,[A],coalition,PPD/PSD.CDS-PP.MPT.PPM.A.PDR.,MERECEMOS MAIS,87
mapa_1_resultados.xlsx,2635,AL2021,150700,CM,B.E.,party,B.E.,,827
mapa_1_resultados.xlsx,2635,AL2021,150700,CM,CH,party,CH,,1301
mapa_1_resultados.xlsx,2635,AL2021,150700,CM,IL,party,IL,,871
mapa_1_resultados.xlsx,2635,AL2021,150700,CM,PAN,party,PAN,,634
mapa_1_resultados.xlsx,2635,AL2021,150700,CM,PPM,party,PPM,,201
mapa_1_resultados.xlsx,2635,AL2021,150700,CM,PS,party,PS,,5898
mapa_1_resultados.xlsx,2635,AL2021,150700,CM,PCP-PEV,coalition,PCP-PEV,,3879
mapa_1_resultados.xlsx,2635,AL2021,150700,CM,[A],coalition,PPD/PSD.CDS-PP.A,O MONTIJO CONTA COMIGO,5547
mapa_1_resultados.xlsx,2636,AL2021,150700,AM,B.E.,party,B.E.,,965
mapa_1_resultados.xlsx,2636,AL2021,150700,AM,CH,party,CH,,1470
mapa_1_resultados.xlsx,2636,AL2021,150700,AM,IL,party,IL,,930
mapa_1_resultados.xlsx,2636,AL2021,150700,AM,PAN,party,PAN,,748
mapa_1_resultados.xlsx,2636,AL2021,150700,AM,PPM,party,PPM,,173
mapa_1_resultados.xlsx,2636,AL2021,150700,AM,PS,party,PS,,5856
mapa_1_resultados.xlsx,2636,AL2021,150700,AM,PCP-PEV,coalition,PCP-PEV,,3772
mapa_1_resultados.xlsx,2636,AL2021,150700,AM,[A],coalition,PPD/PSD.CDS-PP.A,O MONTIJO CONTA COMIGO,5302
mapa_1_resultados.xlsx,2637,AL2021,150701,AF,CH,party,CH,,12
mapa_1_resultados.xlsx,2637,AL2021,150701,AF,PPM,party,PPM,,3
mapa_1_resultados.xlsx,2637,AL2021,150701,AF,PS,party,PS,,344
mapa_1_resultados.xlsx,2637,AL2021,150701,AF,PCP-PEV,coalition,PCP-PEV,,62
mapa_1_resultados.xlsx,2637,AL2021,150701,AF,[A],coalition,PPD/PSD.CDS-PP.A,O MONTIJO CONTA COMIGO,187
mapa_1_resultados.xlsx,2638,AL2021,150704,AF,CH,party,CH,,68
mapa_1_resultados.xlsx,2638,AL2021,150704,AF,PPM,party,PPM,,6
mapa_1_resultados.xlsx,2638,AL2021,150704,AF,PS,party,PS,,434
mapa_1_resultados.xlsx,2638,AL2021,150704,AF,PCP-PEV,coalition,PCP-PEV,,452
mapa_1_resultados.xlsx,2638,AL2021,150704,AF,[A],coalition,PPD/PSD.CDS-PP.A,O MONTIJO CONTA COMIGO,209
mapa_1_resultados.xlsx,2639,AL2021,150709,AF,B.E.,party,B.E.,,110
mapa_1_resultados.xlsx,2639,AL2021,150709,AF,CH,party,CH,,139
mapa_1_resultados.xlsx,2639,AL2021,150709,AF,PPM,party,PPM,,24
mapa_1_resultados.xlsx,2639,AL2021,150709,AF,PS,party,PS,,723
mapa_1_resultados.xlsx,2639,AL2021,150709,AF,PCP-PEV,coalition,PCP-PEV,,376
mapa_1_resultados.xlsx,2639,AL2021,150709,AF,[A],coalition,PPD/PSD.CDS-PP.A,O MONTIJO CONTA COMIGO,416
mapa_1_resultados.xlsx,2640,AL2021,150710,AF,B.E.,party,B.E.,,828
mapa_1_resultados.xlsx,2640,AL2021,150710,AF,CH,party,CH,,1043
mapa_1_resultados.xlsx,2640,AL2021,150710,AF,IL,party,IL,,794
mapa_1_resultados.xlsx,2640,AL2021,150710,AF,PPM,party,PPM,,170
mapa_1_resultados.xlsx,2640,AL2021,150710,AF,PS,party,PS,,4728
mapa_1_resultados.xlsx,2640,AL2021,150710,AF,PCP-PEV,coalition,PCP-PEV,,2792
mapa_1_resultados.xlsx,2640,AL2021,150710,AF,[A],coalition,PPD/PSD.CDS-PP.A,O MONTIJO CONTA COMIGO,3774
mapa_1_resultados.xlsx,2641,AL2021,150711,AF,CH,party,CH,,71
mapa_1_resultados.xlsx,2641,AL2021,150711,AF,PPM,party,PPM,,7
mapa_1_resultados.xlsx,2641,AL2021,150711,AF,PS,party,PS,,679
mapa_1_resultados.xlsx,2641,AL2021,150711,AF,PCP-PEV,coalition,PCP-PEV,,114
mapa_1_resultados.xlsx,2641,AL2021,150711,AF,[A],coalition,PPD/PSD.CDS-PP.A,O MONTIJO CONTA COMIGO,604
mapa_1_resultados.xlsx,2642,AL2021,150800,CM,B.E.,party,B.E.,,1021
mapa_1_resultados.xlsx,2642,AL2021,150800,CM,CH,party,CH,,1870
mapa_1_resultados.xlsx,2642,AL2021,150800,CM,NC,party,NC,,358
mapa_1_resultados.xlsx,2642,AL2021,150800,CM,PPD/PSD,party,PPD/PSD,,2084
mapa_1_resultados.xlsx,2642,AL2021,150800,CM,PPM,party,PPM,,43
mapa_1_resultados.xlsx,2642,AL2021,150800,CM,PS,party,PS,,5689
mapa_1_resultados.xlsx,2642,AL2021,150800,CM,R.I.R.,party,R.I.R.,,203
mapa_1_resultados.xlsx,2642,AL2021,150800,CM,PCP-PEV,coalition,PCP-PEV,,7522
mapa_1_resultados.xlsx,2642,AL2021,150800,CM,[A],coalition,CDS-PP.MPT,"MUDAR POR MIM, MUDAR POR TODOS",636
mapa_1_resultados.xlsx,2642,AL2021,150800,CM,[D],citizen_group,MCCP,Movimento de Cidadãos Pelo Concelho de Palmela,3434
mapa_1_resultados.xlsx,2643,AL2021,150800,AM,B.E.,party,B.E.,,1201
mapa_1_resultados.xlsx,2643,AL2021,150800,AM,CH,party,CH,,1992
mapa_1_resultados.xlsx,2643,AL2021,150800,AM,NC,party,NC,,419
mapa_1_resultados.xlsx,2643,AL2021,150800,AM,PPD/PSD,party,PPD/PSD,,2219
mapa_1_resultados.xlsx,2643,AL2021,150800,AM,PS,party,PS,,5880
mapa_1_resultados.xlsx,2643,AL2021,150800,AM,R.I.R.,party,R.I.R.,,247
mapa_1_resultados.xlsx,2643,AL2021,150800,AM,PCP-PEV,coalition,PCP-PEV,,7093
mapa_1_resultados.xlsx,2643,AL2021,150800,AM,[A],coalition,CDS-PP.MPT,"MUDAR POR MIM, MUDAR POR TODOS",692
mapa_1_resultados.xlsx,2643,AL2021,150800,AM,[D],citizen_group,MCCP,Movimento de Cidadãos Pelo Concelho de Palmela,3039
mapa_1_resultados.xlsx,2644,AL2021,150802,AF,B.E.,party,B.E.,,293
mapa_1_resultados.xlsx,2644,AL2021,150802,AF,CH,party,CH,,484
mapa_1_resultados.xlsx,2644,AL2021,150802,AF,NC,party,NC,,107
mapa_1_resultados.xlsx,2644,AL2021,150802,AF,PPD/PSD,party,PPD/PSD,,724
mapa_1_resultados.xlsx,2644,AL2021,150802,AF,PS,party,PS,,1976
mapa_1_resultados.xlsx,2644,AL2021,150802,AF,R.I.R.,party,R.I.R.,,86
mapa_1_resultados.xlsx,2644,AL2021,150802,AF,PCP-PEV,coalition,PCP-PEV,,1690
mapa_1_resultados.xlsx,2644,AL2021,150802,AF,[A],coalition,CDS-PP.MPT,"MUDAR POR MIM, MUDAR POR TODOS",182
mapa_1_resultados.xlsx,2644,AL2021,150802,AF,[D],citizen_group,MCCP,Movimento de Cidadãos Pelo Concelho de Palmela,1112
mapa_1_resultados.xlsx,2645,AL2021,150803,AF,B.E.,party,B.E.,,528
mapa_1_resultados.xlsx,2645,AL2021,150803,AF,CH,party,CH,,750
mapa_1_resultados.xlsx,2645,AL2021,150803,AF,NC,party,NC,,175
mapa_1_resultados.xlsx,2645,AL2021,150803,AF,PPD/PSD,party,PPD/PSD,,736
mapa_1_resultados.xlsx,2645,AL2021,150803,AF,PS,party,PS,,2428
mapa_1_resultados.xlsx,2645,AL2021,150803,AF,R.I.R.,party,R.I.R.,,91
mapa_1_resultados.xlsx,2645,AL2021,150803,AF,PCP-PEV,coalition,PCP-PEV,,3045
mapa_1_resultados.xlsx,2645,AL2021,150803,AF,[A],coalition,CDS-PP.MPT,"MUDAR POR MIM, MUDAR POR TODOS",334
mapa_1_resultados.xlsx,2645,AL2021,150803,AF,[D],citizen_group,MCCP,Movimento de Cidadãos Pelo Concelho de Palmela,843
mapa_1_resultados.xlsx,2646,AL2021,150804,AF,B.E.,party,B.E.,,249
mapa_1_resultados.xlsx,2646,AL2021,150804,AF,CH,party,CH,,480
mapa_1_resultados.xlsx,2646,AL2021,150804,AF,PPD/PSD,party,PPD/PSD,,510
mapa_1_resultados.xlsx,2646,AL2021,150804,AF,PS,party,PS,,1381
mapa_1_resultados.xlsx,2646,AL2021,150804,AF,R.I.R.,party,R.I.R.,,52
mapa_1_resultados.xlsx,2646,AL2021,150804,AF,PCP-PEV,coalition,PCP-PEV,,1398
mapa_1_resultados.xlsx,2646,AL2021,150804,AF,[A],coalition,CDS-PP.MPT,"MUDAR POR MIM, MUDAR POR TODOS",125
mapa_1_resultados.xlsx,2646,AL2021,150804,AF,[D],citizen_group,MCCP,Movimento de Cidadãos Pelo Concelho de Palmela,509
mapa_1_resultados.xlsx,2647,AL2021,150806,AF,B.E.,party,B.E.,,48
mapa_1_resultados.xlsx,2647,AL2021,150806,AF,CH,party,CH,,164
mapa_1_resultados.xlsx,2647,AL2021,150806,AF,NC,party,NC,,127
mapa_1_resultados.xlsx,2647,AL2021,150806,AF,PPD/PSD,party,PPD/PSD,,195
mapa_1_resultados.xlsx,2647,AL2021,150806,AF,PS,party,PS,,566
mapa_1_resultados.xlsx,2647,AL2021,150806,AF,PCP-PEV,coalition,PCP-PEV,,1000
mapa_1_resultados.xlsx,2647,AL2021,150806,AF,[A],coalition,CDS-PP.MPT,"MUDAR POR MIM, MUDAR POR TODOS",118
mapa_1_resultados.xlsx,2647,AL2021,150806,AF,[D],citizen_group,MCCP,Movimento de Cidadãos Pelo Concelho de Palmela,298
mapa_1_resultados.xlsx,2648,AL2021,150900,CM,B.E.,party,B.E.,,644
mapa_1_resultados.xlsx,2648,AL2021,150900,CM,CH,party,CH,,626
mapa_1_resultados.xlsx,2648,AL2021,150900,CM,PS,party,PS,,3417
mapa_1_resultados.xlsx,2648,AL2021,150900,CM,PCP-PEV,coalition,PCP-PEV,,5465
mapa_1_resultados.xlsx,2648,AL2021,150900,CM,[A],coalition,PPD/PSD.CDS-PP,SANTIAGO DO CACÉM MAIS,1928
mapa_1_resultados.xlsx,2649,AL2021,150900,AM,B.E.,party,B.E.,,758
mapa_1_resultados.xlsx,2649,AL2021,150900,AM,CH,party,CH,,682
mapa_1_resultados.xlsx,2649,AL2021,150900,AM,PS,party,PS,,3523
mapa_1_resultados.xlsx,2649,AL2021,150900,AM,PCP-PEV,coalition,PCP-PEV,,4966
mapa_1_resultados.xlsx,2649,AL2021,150900,AM,[A],coalition,PPD/PSD.CDS-PP,SANTIAGO DO CACÉM MAIS,2133
mapa_1_resultados.xlsx,2650,AL2021,150901,AF,PS,party,PS,,143
mapa_1_resultados.xlsx,2650,AL2021,150901,AF,PCP-PEV,coalition,PCP-PEV,,265
mapa_1_resultados.xlsx,2650,AL2021,150901,AF,[A],coalition,PPD/PSD.CDS-PP,SANTIAGO DO CACÉM MAIS,59
mapa_1_resultados.xlsx,2651,AL2021,150902,AF,PS,party,PS,,731
mapa_1_resultados.xlsx,2651,AL2021,150902,AF,PCP-PEV,coalition,PCP-PEV,,295
mapa_1_resultados.xlsx,2652,AL2021,150903,AF,PS,party,PS,,301
mapa_1_resultados.xlsx,2652,AL2021,150903,AF,PCP-PEV,coalition,PCP-PEV,,651
mapa_1_resultados.xlsx,2652,AL2021,150903,AF,[A],coalition,PPD/PSD.CDS-PP,SANTIAGO DO CACÉM MAIS,425
mapa_1_resultados.xlsx,2653,AL2021,150904,AF,B.E.,party,B.E.,,93
mapa_1_resultados.xlsx,2653,AL2021,150904,AF,PS,party,PS,,181
mapa_1_resultados.xlsx,2653,AL2021,150904,AF,PCP-PEV,coalition,PCP-PEV,,608
mapa_1_resultados.xlsx,2654,AL2021,150907,AF,B.E.,party,B.E.,,357
mapa_1_resultados.xlsx,2654,AL2021,150907,AF,PS,party,PS,,1313
mapa_1_resultados.xlsx,2654,AL2021,150907,AF,PCP-PEV,coalition,PCP-PEV,,1579
mapa_1_resultados.xlsx,2654,AL2021,150907,AF,[A],coalition,PPD/PSD.CDS-PP,SANTIAGO DO CACÉM MAIS,877
mapa_1_resultados.xlsx,2655,AL2021,150910,AF,PS,party,PS,,99
mapa_1_resultados.xlsx,2655,AL2021,150910,AF,PCP-PEV,coalition,PCP-PEV,,231
mapa_1_resultados.xlsx,2655,AL2021,150910,AF,[A],coalition,PPD/PSD.CDS-PP,SANTIAGO DO CACÉM MAIS,49
mapa_1_resultados.xlsx,2656,AL2021,150912,AF,B.E.,party,B.E.,,194
mapa_1_resultados.xlsx,2656,AL2021,150912,AF,PS,party,PS,,929
mapa_1_resultados.xlsx,2656,AL2021,150912,AF,PCP-PEV,coalition,PCP-PEV,,1320
mapa_1_resultados.xlsx,2656,AL2021,150912,AF,[A],coalition,PPD/PSD.CDS-PP,SANTIAGO DO CACÉM MAIS,648
mapa_1_resultados.xlsx,2657,AL2021,150913,AF,PS,party,PS,,205
mapa_1_resultados.xlsx,2657,AL2021,150913,AF,PCP-PEV,coalition,PCP-PEV,,358
mapa_1_resultados.xlsx,2657,AL2021,150913,AF,[A],coalition,PPD/PSD.CDS-PP,SANTIAGO DO CACÉM MAIS,98
mapa_1_resultados.xlsx,2658,AL2021,151000,CM,B.E.,party,B.E.,,2701
mapa_1_resultados.xlsx,2658,AL2021,151000,CM,CH,party,CH,,5027
mapa_1_resultados.xlsx,2658,AL2021,151000,CM,IL,party,IL,,1146
mapa_1_resultados.xlsx,2658,AL2021,151000,CM,PAN,party,PAN,,1713
mapa_1_resultados.xlsx,2658,AL2021,151000,CM,PPD/PSD,party,PPD/PSD,,5798
mapa_1_resultados.xlsx,2658,AL2021,151000,CM,PS,party,PS,,19213
mapa_1_resultados.xlsx,2658,AL2021,151000,CM,PCP-PEV,coalition,PCP-PEV,,23492
mapa_1_resultados.xlsx,2658,AL2021,151000,CM,[A],coalition,CDS-PP.PDR.A.MPT,SEIXAL ÀS DIREITAS,909
mapa_1_resultados.xlsx,2659,AL2021,151000,AM,B.E.,party,B.E.,,3178
mapa_1_resultados.xlsx,2659,AL2021,151000,AM,CH,party,CH,,5319
mapa_1_resultados.xlsx,2659,AL2021,151000,AM,IL,party,IL,,1295
mapa_1_resultados.xlsx,2659,AL2021,151000,AM,PAN,party,PAN,,2085
mapa_1_resultados.xlsx,2659,AL2021,151000,AM,PPD/PSD,party,PPD/PSD,,6047
mapa_1_resultados.xlsx,2659,AL2021,151000,AM,PS,party,PS,,18953
mapa_1_resultados.xlsx,2659,AL2021,151000,AM,PCP-PEV,coalition,PCP-PEV,,22066
mapa_1_resultados.xlsx,2659,AL2021,151000,AM,[A],coalition,CDS-PP.PDR.A.MPT,SEIXAL ÀS DIREITAS,968
mapa_1_resultados.xlsx,2660,AL2021,151002,AF,B.E.,party,B.E.,,919
mapa_1_resultados.xlsx,2660,AL2021,151002,AF,CH,party,CH,,1491
mapa_1_resultados.xlsx,2660,AL2021,151002,AF,IL,party,IL,,338
mapa_1_resultados.xlsx,2660,AL2021,151002,AF,PPD/PSD,party,PPD/PSD,,1755
mapa_1_resultados.xlsx,2660,AL2021,151002,AF,PS,party,PS,,5416
mapa_1_resultados.xlsx,2660,AL2021,151002,AF,PCP-PEV,coalition,PCP-PEV,,6452
mapa_1_resultados.xlsx,2660,AL2021,151002,AF,[A],coalition,CDS-PP.PDR.A.MPT,SEIXAL ÀS DIREITAS,276
mapa_1_resultados.xlsx,2661,AL2021,151005,AF,B.E.,party,B.E.,,1197
mapa_1_resultados.xlsx,2661,AL2021,151005,AF,CH,party,CH,,1450
mapa_1_resultados.xlsx,2661,AL2021,151005,AF,IL,party,IL,,541
mapa_1_resultados.xlsx,2661,AL2021,151005,AF,PPD/PSD,party,PPD/PSD,,2186
mapa_1_resultados.xlsx,2661,AL2021,151005,AF,PS,party,PS,,6002
mapa_1_resultados.xlsx,2661,AL2021,151005,AF,PCP-PEV,coalition,PCP-PEV,,6373
mapa_1_resultados.xlsx,2661,AL2021,151005,AF,[A],coalition,CDS-PP.PDR.A.MPT,SEIXAL ÀS DIREITAS,353
mapa_1_resultados.xlsx,2662,AL2021,151006,AF,B.E.,party,B.E.,,490
mapa_1_resultados.xlsx,2662,AL2021,151006,AF,CH,party,CH,,878
mapa_1_resultados.xlsx,2662,AL2021,151006,AF,PPD/PSD,party,PPD/PSD,,975
mapa_1_resultados.xlsx,2662,AL2021,151006,AF,PS,party,PS,,3366
mapa_1_resultados.xlsx,2662,AL2021,151006,AF,PCP-PEV,coalition,PCP-PEV,,2137
mapa_1_resultados.xlsx,2662,AL2021,151006,AF,[A],coalition,CDS-PP.PDR.A.MPT,SEIXAL ÀS DIREITAS,187
mapa_1_resultados.xlsx,2663,AL2021,151007,AF,B.E.,party,B.E.,,931
mapa_1_resultados.xlsx,2663,AL2021,151007,AF,CH,party,CH,,1444
mapa_1_resultados.xlsx,2663,AL2021,151007,AF,PPD/PSD,party,PPD/PSD,,1395
mapa_1_resultados.xlsx,2663,AL2021,151007,AF,PS,party,PS,,4656
mapa_1_resultados.xlsx,2663,AL2021,151007,AF,PCP-PEV,coalition,PCP-PEV,,8177
mapa_1_resultados.xlsx,2663,AL2021,151007,AF,[A],coalition,CDS-PP.PDR.A.MPT,SEIXAL ÀS DIREITAS,325
mapa_1_resultados.xlsx,2664,AL2021,151100,CM,B.E.,party,B.E.,,1031
mapa_1_resultados.xlsx,2664,AL2021,151100,CM,CH,party,CH,,1805
mapa_1_resultados.xlsx,2664,AL2021,151100,CM,PPD/PSD,party,PPD/PSD,,1445
mapa_1_resultados.xlsx,2664,AL2021,151100,CM,PS,party,PS,,5981
mapa_1_resultados.xlsx,2664,AL2021,151100,CM,PCP-PEV,coalition,PCP-PEV,,6632
mapa_1_resultados.xlsx,2664,AL2021,151100,CM,[A],coalition,CDS-PP.A.PDR,SESIMBRA PRIMEIRO,543
mapa_1_resultados.xlsx,2664,AL2021,151100,CM,[D],citizen_group,MSU,MOVIMENTO SESIMBRA UNIDA,979
mapa_1_resultados.xlsx,2665,AL2021,151100,AM,B.E.,party,B.E.,,1189
mapa_1_resultados.xlsx,2665,AL2021,151100,AM,CH,party,CH,,1878
mapa_1_resultados.xlsx,2665,AL2021,151100,AM,PPD/PSD,party,PPD/PSD,,1521
mapa_1_resultados.xlsx,2665,AL2021,151100,AM,PS,party,PS,,5904
mapa_1_resultados.xlsx,2665,AL2021,151100,AM,PCP-PEV,coalition,PCP-PEV,,6214
mapa_1_resultados.xlsx,2665,AL2021,151100,AM,[A],coalition,CDS-PP.A.PDR,SESIMBRA PRIMEIRO,567
mapa_1_resultados.xlsx,2665,AL2021,151100,AM,[D],citizen_group,MSU,MOVIMENTO SESIMBRA UNIDA,1113
mapa_1_resultados.xlsx,2666,AL2021,151101,AF,B.E.,party,B.E.,,419
mapa_1_resultados.xlsx,2666,AL2021,151101,AF,CH,party,CH,,454
mapa_1_resultados.xlsx,2666,AL2021,151101,AF,PPD/PSD,party,PPD/PSD,,572
mapa_1_resultados.xlsx,2666,AL2021,151101,AF,PS,party,PS,,2143
mapa_1_resultados.xlsx,2666,AL2021,151101,AF,PCP-PEV,coalition,PCP-PEV,,3798
mapa_1_resultados.xlsx,2666,AL2021,151101,AF,[A],coalition,CDS-PP.A.PDR,SESIMBRA PRIMEIRO,274
mapa_1_resultados.xlsx,2666,AL2021,151101,AF,[D],citizen_group,MSU,MOVIMENTO SESIMBRA UNIDA,472
mapa_1_resultados.xlsx,2667,AL2021,151102,AF,B.E.,party,B.E.,,102
mapa_1_resultados.xlsx,2667,AL2021,151102,AF,PPD/PSD,party,PPD/PSD,,132
mapa_1_resultados.xlsx,2667,AL2021,151102,AF,PS,party,PS,,655
mapa_1_resultados.xlsx,2667,AL2021,151102,AF,PCP-PEV,coalition,PCP-PEV,,760
mapa_1_resultados.xlsx,2667,AL2021,151102,AF,[A],coalition,CDS-PP.A.PDR,SESIMBRA PRIMEIRO,76
mapa_1_resultados.xlsx,2667,AL2021,151102,AF,[D],citizen_group,MSU,MOVIMENTO SESIMBRA UNIDA,94
mapa_1_resultados.xlsx,2668,AL2021,151103,AF,B.E.,party,B.E.,,557
mapa_1_resultados.xlsx,2668,AL2021,151103,AF,CH,party,CH,,1211
mapa_1_resultados.xlsx,2668,AL2021,151103,AF,PPD/PSD,party,PPD/PSD,,737
mapa_1_resultados.xlsx,2668,AL2021,151103,AF,PS,party,PS,,2876
mapa_1_resultados.xlsx,2668,AL2021,151103,AF,PCP-PEV,coalition,PCP-PEV,,2318
mapa_1_resultados.xlsx,2668,AL2021,151103,AF,[A],coalition,CDS-PP.A.PDR,SESIMBRA PRIMEIRO,227
mapa_1_resultados.xlsx,2668,AL2021,151103,AF,[D],citizen_group,MSU,MOVIMENTO SESIMBRA UNIDA,554
mapa_1_resultados.xlsx,2669,AL2021,151200,CM,B.E.,party,B.E.,,1882
mapa_1_resultados.xlsx,2669,AL2021,151200,CM,CDS-PP,party,CDS-PP,,754
mapa_1_resultados.xlsx,2669,AL2021,151200,CM,CH,party,CH,,2609
mapa_1_resultados.xlsx,2669,AL2021,151200,CM,IL,party,IL,,1034
mapa_1_resultados.xlsx,2669,AL2021,151200,CM,PAN,party,PAN,,999
mapa_1_resultados.xlsx,2669,AL2021,151200,CM,PPD/PSD,party,PPD/PSD,,7413
mapa_1_resultados.xlsx,2669,AL2021,151200,CM,PS,party,PS,,12318
mapa_1_resultados.xlsx,2669,AL2021,151200,CM,PCP-PEV,coalition,PCP-PEV,,15336
mapa_1_resultados.xlsx,2669,AL2021,151200,CM,[A],coalition,NC/PPM,AMAR SETÚBAL,325
mapa_1_resultados.xlsx,2669,AL2021,151200,CM,[B],coalition,RIR/PDR,Todos somos Setúbal,235
mapa_1_resultados.xlsx,2670,AL2021,151200,AM,B.E.,party,B.E.,,2263
mapa_1_resultados.xlsx,2670,AL2021,151200,AM,CDS-PP,party,CDS-PP,,801
mapa_1_resultados.xlsx,2670,AL2021,151200,AM,CH,party,CH,,2846
mapa_1_resultados.xlsx,2670,AL2021,151200,AM,IL,party,IL,,1137
mapa_1_resultados.xlsx,2670,AL2021,151200,AM,PAN,party,PAN,,1338
mapa_1_resultados.xlsx,2670,AL2021,151200,AM,PPD/PSD,party,PPD/PSD,,7047
mapa_1_resultados.xlsx,2670,AL2021,151200,AM,PS,party,PS,,12336
mapa_1_resultados.xlsx,2670,AL2021,151200,AM,PCP-PEV,coalition,PCP-PEV,,14419
mapa_1_resultados.xlsx,2670,AL2021,151200,AM,[A],coalition,NC/PPM,AMAR SETÚBAL,358
mapa_1_resultados.xlsx,2670,AL2021,151200,AM,[B],coalition,RIR/PDR,Todos somos Setúbal,260
mapa_1_resultados.xlsx,2671,AL2021,151205,AF,B.E.,party,B.E.,,877
mapa_1_resultados.xlsx,2671,AL2021,151205,AF,CDS-PP,party,CDS-PP,,231
mapa_1_resultados.xlsx,2671,AL2021,151205,AF,CH,party,CH,,1185
mapa_1_resultados.xlsx,2671,AL2021,151205,AF,IL,party,IL,,288
mapa_1_resultados.xlsx,2671,AL2021,151205,AF,PPD/PSD,party,PPD/PSD,,1907
mapa_1_resultados.xlsx,2671,AL2021,151205,AF,PS,party,PS,,4839
mapa_1_resultados.xlsx,2671,AL2021,151205,AF,PCP-PEV,coalition,PCP-PEV,,6276
mapa_1_resultados.xlsx,2671,AL2021,151205,AF,[A],coalition,NC/PPM,AMAR SETÚBAL,223
mapa_1_resultados.xlsx,2672,AL2021,151207,AF,B.E.,party,B.E.,,91
mapa_1_resultados.xlsx,2672,AL2021,151207,AF,CDS-PP,party,CDS-PP,,44
mapa_1_resultados.xlsx,2672,AL2021,151207,AF,IL,party,IL,,69
mapa_1_resultados.xlsx,2672,AL2021,151207,AF,PPD/PSD,party,PPD/PSD,,446
mapa_1_resultados.xlsx,2672,AL2021,151207,AF,PS,party,PS,,774
mapa_1_resultados.xlsx,2672,AL2021,151207,AF,PCP-PEV,coalition,PCP-PEV,,1287
mapa_1_resultados.xlsx,2672,AL2021,151207,AF,[A],coalition,RIR/PDR,Todos somos Setúbal,36
mapa_1_resultados.xlsx,2673,AL2021,151208,AF,B.E.,party,B.E.,,85
mapa_1_resultados.xlsx,2673,AL2021,151208,AF,CDS-PP,party,CDS-PP,,30
mapa_1_resultados.xlsx,2673,AL2021,151208,AF,PPD/PSD,party,PPD/PSD,,251
mapa_1_resultados.xlsx,2673,AL2021,151208,AF,PS,party,PS,,640
mapa_1_resultados.xlsx,2673,AL2021,151208,AF,PCP-PEV,coalition,PCP-PEV,,1206
mapa_1_resultados.xlsx,2673,AL2021,151208,AF,[A],coalition,NC/PPM,AMAR SETÚBAL,27
mapa_1_resultados.xlsx,2673,AL2021,151208,AF,[B],coalition,RIR/PDR,Todos somos Setúbal,28
mapa_1_resultados.xlsx,2674,AL2021,151209,AF,B.E.,party,B.E.,,332
mapa_1_resultados.xlsx,2674,AL2021,151209,AF,CDS-PP,party,CDS-PP,,141
mapa_1_resultados.xlsx,2674,AL2021,151209,AF,CH,party,CH,,539
mapa_1_resultados.xlsx,2674,AL2021,151209,AF,IL,party,IL,,308
mapa_1_resultados.xlsx,2674,AL2021,151209,AF,PAN,party,PAN,,286
mapa_1_resultados.xlsx,2674,AL2021,151209,AF,PPD/PSD,party,PPD/PSD,,1381
mapa_1_resultados.xlsx,2674,AL2021,151209,AF,PS,party,PS,,1934
mapa_1_resultados.xlsx,2674,AL2021,151209,AF,PCP-PEV,coalition,PCP-PEV,,2656
mapa_1_resultados.xlsx,2674,AL2021,151209,AF,[A],coalition,NC/PPM,AMAR SETÚBAL,41
mapa_1_resultados.xlsx,2674,AL2021,151209,AF,[B],coalition,RIR/PDR,Todos somos Setúbal,72
mapa_1_resultados.xlsx,2675,AL2021,151210,AF,B.E.,party,B.E.,,764
mapa_1_resultados.xlsx,2675,AL2021,151210,AF,CDS-PP,party,CDS-PP,,318
mapa_1_resultados.xlsx,2675,AL2021,151210,AF,CH,party,CH,,743
mapa_1_resultados.xlsx,2675,AL2021,151210,AF,IL,party,IL,,462
mapa_1_resultados.xlsx,2675,AL2021,151210,AF,PPD/PSD,party,PPD/PSD,,2784
mapa_1_resultados.xlsx,2675,AL2021,151210,AF,PS,party,PS,,3843
mapa_1_resultados.xlsx,2675,AL2021,151210,AF,PCP-PEV,coalition,PCP-PEV,,4977
mapa_1_resultados.xlsx,2675,AL2021,151210,AF,[A],coalition,NC/PPM,AMAR SETÚBAL,149
mapa_1_resultados.xlsx,2675,AL2021,151210,AF,[B],coalition,RIR/PDR,Todos somos Setúbal,78
mapa_1_resultados.xlsx,2676,AL2021,151300,CM,CH,party,CH,,210
mapa_1_resultados.xlsx,2676,AL2021,151300,CM,PS,party,PS,,3041
mapa_1_resultados.xlsx,2676,AL2021,151300,CM,PCP-PEV,coalition,PCP-PEV,,867
mapa_1_resultados.xlsx,2676,AL2021,151300,CM,[A],coalition,PPD/PSD.CDS-PP,ENTRA NA ONDA,202
mapa_1_resultados.xlsx,2676,AL2021,151300,CM,[D],citizen_group,MAiSines,Movimento Alternativa Independente Sineense,1585
mapa_1_resultados.xlsx,2677,AL2021,151300,AM,CH,party,CH,,219
mapa_1_resultados.xlsx,2677,AL2021,151300,AM,PS,party,PS,,2803
mapa_1_resultados.xlsx,2677,AL2021,151300,AM,PCP-PEV,coalition,PCP-PEV,,1094
mapa_1_resultados.xlsx,2677,AL2021,151300,AM,[A],coalition,PPD/PSD.CDS-PP,ENTRA NA ONDA,226
mapa_1_resultados.xlsx,2677,AL2021,151300,AM,[D],citizen_group,MAiSines,Movimento Alternativa Independente Sineense,1555
mapa_1_resultados.xlsx,2678,AL2021,151301,AF,CH,party,CH,,198
mapa_1_resultados.xlsx,2678,AL2021,151301,AF,PS,party,PS,,2528
mapa_1_resultados.xlsx,2678,AL2021,151301,AF,PCP-PEV,coalition,PCP-PEV,,974
mapa_1_resultados.xlsx,2678,AL2021,151301,AF,[A],coalition,PPD/PSD.CDS-PP,ENTRA NA ONDA,134
mapa_1_resultados.xlsx,2678,AL2021,151301,AF,[D],citizen_group,MAiSines,Movimento Alternativa Independente Sineense,1501
mapa_1_resultados.xlsx,2679,AL2021,151302,AF,PS,party,PS,,323
mapa_1_resultados.xlsx,2679,AL2021,151302,AF,PCP-PEV,coalition,PCP-PEV,,61
mapa_1_resultados.xlsx,2679,AL2021,151302,AF,[A],coalition,PPD/PSD.CDS-PP,ENTRA NA ONDA,152
mapa_1_resultados.xlsx,2679,AL2021,151302,AF,[D],citizen_group,MAiSines,Movimento Alternativa Independente Sineense,25
mapa_1_resultados.xlsx,2681,AL2021,160100,CM,CDS-PP,party,CDS-PP,,353
mapa_1_resultados.xlsx,2681,AL2021,160100,CM,CH,party,CH,,378
mapa_1_resultados.xlsx,2681,AL2021,160100,CM,PPD/PSD,party,PPD/PSD,,8219
mapa_1_resultados.xlsx,2681,AL2021,160100,CM,PS,party,PS,,4275
mapa_1_resultados.xlsx,2681,AL2021,160100,CM,PCP-PEV,coalition,PCP-PEV,,300
mapa_1_resultados.xlsx,2682,AL2021,160100,AM,CDS-PP,party,CDS-PP,,699
mapa_1_resultados.xlsx,2682,AL2021,160100,AM,PPD/PSD,party,PPD/PSD,,7842
mapa_1_resultados.xlsx,2682,AL2021,160100,AM,PS,party,PS,,4405
mapa_1_resultados.xlsx,2682,AL2021,160100,AM,PCP-PEV,coalition,PCP-PEV,,420
mapa_1_resultados.xlsx,2683,AL2021,160101,AF,PPD/PSD,party,PPD/PSD,,157
mapa_1_resultados.xlsx,2684,AL2021,160102,AF,PPD/PSD,party,PPD/PSD,,309
mapa_1_resultados.xlsx,2684,AL2021,160102,AF,PCP-PEV,coalition,PCP-PEV,,98
mapa_1_resultados.xlsx,2685,AL2021,160104,AF,PPD/PSD,party,PPD/PSD,,82
mapa_1_resultados.xlsx,2686,AL2021,160105,AF,PPD/PSD,party,PPD/PSD,,123
mapa_1_resultados.xlsx,2687,AL2021,160106,AF,PPD/PSD,party,PPD/PSD,,149
mapa_1_resultados.xlsx,2687,AL2021,160106,AF,PS,party,PS,,125
mapa_1_resultados.xlsx,2688,AL2021,160108,AF,PPD/PSD,party,PPD/PSD,,127
mapa_1_resultados.xlsx,2688,AL2021,160108,AF,PS,party,PS,,112
mapa_1_resultados.xlsx,2689,AL2021,160109,AF,PPD/PSD,party,PPD/PSD,,240
mapa_1_resultados.xlsx,2689,AL2021,160109,AF,[D],citizen_group,IPC,Independentes pelo Couto,213
mapa_1_resultados.xlsx,2690,AL2021,160113,AF,PPD/PSD,party,PPD/PSD,,116
mapa_1_resultados.xlsx,2690,AL2021,160113,AF,[D],citizen_group,JPG,Juntos pela Gavieira,96
mapa_1_resultados.xlsx,2691,AL2021,160115,AF,PPD/PSD,party,PPD/PSD,,175
mapa_1_resultados.xlsx,2691,AL2021,160115,AF,PS,party,PS,,81
mapa_1_resultados.xlsx,2691,AL2021,160115,AF,[D],citizen_group,GRC,"Gondoriz - Rumo Certo, GRC",356
mapa_1_resultados.xlsx,2692,AL2021,160121,AF,PPD/PSD,party,PPD/PSD,,139
mapa_1_resultados.xlsx,2693,AL2021,160122,AF,PPD/PSD,party,PPD/PSD,,151
mapa_1_resultados.xlsx,2694,AL2021,160123,AF,PPD/PSD,party,PPD/PSD,,200
mapa_1_resultados.xlsx,2695,AL2021,160124,AF,CDS-PP,party,CDS-PP,,65
mapa_1_resultados.xlsx,2695,AL2021,160124,AF,PPD/PSD,party,PPD/PSD,,261
mapa_1_resultados.xlsx,2695,AL2021,160124,AF,PS,party,PS,,232
mapa_1_resultados.xlsx,2696,AL2021,160125,AF,[D],citizen_group,UPP,Unidos por Padroso,110
mapa_1_resultados.xlsx,2697,AL2021,160128,AF,PPD/PSD,party,PPD/PSD,,413
mapa_1_resultados.xlsx,2697,AL2021,160128,AF,PS,party,PS,,93
mapa_1_resultados.xlsx,2698,AL2021,160130,AF,PPD/PSD,party,PPD/PSD,,179
mapa_1_resultados.xlsx,2698,AL2021,160130,AF,PS,party,PS,,186
mapa_1_resultados.xlsx,2699,AL2021,160131,AF,PPD/PSD,party,PPD/PSD,,259
mapa_1_resultados.xlsx,2700,AL2021,160133,AF,PPD/PSD,party,PPD/PSD,,168
mapa_1_resultados.xlsx,2700,AL2021,160133,AF,PS,party,PS,,82
mapa_1_resultados.xlsx,2701,AL2021,160142,AF,PPD/PSD,party,PPD/PSD,,84
mapa_1_resultados.xlsx,2701,AL2021,160142,AF,PS,party,PS,,139
mapa_1_resultados.xlsx,2702,AL2021,160144,AF,PPD/PSD,party,PPD/PSD,,100
mapa_1_resultados.xlsx,2703,AL2021,160145,AF,PPD/PSD,party,PPD/PSD,,142
mapa_1_resultados.xlsx,2704,AL2021,160146,AF,PPD/PSD,party,PPD/PSD,,289
mapa_1_resultados.xlsx,2704,AL2021,160146,AF,PS,party,PS,,139
mapa_1_resultados.xlsx,2705,AL2021,160149,AF,PPD/PSD,party,PPD/PSD,,368
mapa_1_resultados.xlsx,2705,AL2021,160149,AF,PS,party,PS,,145
mapa_1_resultados.xlsx,2706,AL2021,160152,AF,PPD/PSD,party,PPD/PSD,,211
mapa_1_resultados.xlsx,2706,AL2021,160152,AF,PS,party,PS,,67
mapa_1_resultados.xlsx,2707,AL2021,160153,AF,PPD/PSD,party,PPD/PSD,,487
mapa_1_resultados.xlsx,2707,AL2021,160153,AF,PS,party,PS,,454
mapa_1_resultados.xlsx,2708,AL2021,160154,AF,PS,party,PS,,582
mapa_1_resultados.xlsx,2708,AL2021,160154,AF,PCP-PEV,coalition,PCP-PEV,,75
mapa_1_resultados.xlsx,2708,AL2021,160154,AF,[D],citizen_group,MIAV,Movimento Independente Arcos de Valdevez - MIAV,717
mapa_1_resultados.xlsx,2709,AL2021,160155,AF,PPD/PSD,party,PPD/PSD,,127
mapa_1_resultados.xlsx,2709,AL2021,160155,AF,[D],citizen_group,IEM,Independentes por Eiras e Mei,131
mapa_1_resultados.xlsx,2710,AL2021,160156,AF,PPD/PSD,party,PPD/PSD,,214
mapa_1_resultados.xlsx,2711,AL2021,160157,AF,PPD/PSD,party,PPD/PSD,,577
mapa_1_resultados.xlsx,2711,AL2021,160157,AF,PS,party,PS,,177
mapa_1_resultados.xlsx,2712,AL2021,160158,AF,PPD/PSD,party,PPD/PSD,,197
mapa_1_resultados.xlsx,2712,AL2021,160158,AF,PS,party,PS,,139
mapa_1_resultados.xlsx,2713,AL2021,160159,AF,PPD/PSD,party,PPD/PSD,,175
mapa_1_resultados.xlsx,2713,AL2021,160159,AF,PS,party,PS,,110
mapa_1_resultados.xlsx,2714,AL2021,160160,AF,PPD/PSD,party,PPD/PSD,,179
mapa_1_resultados.xlsx,2715,AL2021,160161,AF,PPD/PSD,party,PPD/PSD,,263
mapa_1_resultados.xlsx,2715,AL2021,160161,AF,PS,party,PS,,262
mapa_1_resultados.xlsx,2716,AL2021,160162,AF,PPD/PSD,party,PPD/PSD,,404
mapa_1_resultados.xlsx,2716,AL2021,160162,AF,PS,party,PS,,213
mapa_1_resultados.xlsx,2717,AL2021,160163,AF,PPD/PSD,party,PPD/PSD,,293
mapa_1_resultados.xlsx,2717,AL2021,160163,AF,PS,party,PS,,377
mapa_1_resultados.xlsx,2718,AL2021,160164,AF,PPD/PSD,party,PPD/PSD,,309
mapa_1_resultados.xlsx,2719,AL2021,160200,CM,B.E.,party,B.E.,,339
mapa_1_resultados.xlsx,2719,AL2021,160200,CM,PS,party,PS,,4661
mapa_1_resultados.xlsx,2719,AL2021,160200,CM,PCP-PEV,coalition,PCP-PEV,,447
mapa_1_resultados.xlsx,2719,AL2021,160200,CM,[A],coalition,PPD/PSD. CDS-PP.A.PPM.,O CONCELHO EM PRIMEIRO,4119
mapa_1_resultados.xlsx,2720,AL2021,160200,AM,B.E.,party,B.E.,,510
mapa_1_resultados.xlsx,2720,AL2021,160200,AM,PS,party,PS,,4384
mapa_1_resultados.xlsx,2720,AL2021,160200,AM,PCP-PEV,coalition,PCP-PEV,,678
mapa_1_resultados.xlsx,2720,AL2021,160200,AM,[A],coalition,PPD/PSD. CDS-PP.A.PPM.,O CONCELHO EM PRIMEIRO,3967
mapa_1_resultados.xlsx,2721,AL2021,160201,AF,PS,party,PS,,326
mapa_1_resultados.xlsx,2721,AL2021,160201,AF,PCP-PEV,coalition,PCP-PEV,,66
mapa_1_resultados.xlsx,2721,AL2021,160201,AF,[A],coalition,PPD/PSD. CDS-PP.A.PPM.,O CONCELHO EM PRIMEIRO,366
mapa_1_resultados.xlsx,2722,AL2021,160205,AF,PS,party,PS,,139
mapa_1_resultados.xlsx,2722,AL2021,160205,AF,[A],coalition,PPD/PSD. CDS-PP.A.PPM.,O CONCELHO EM PRIMEIRO,99
mapa_1_resultados.xlsx,2723,AL2021,160209,AF,PS,party,PS,,123
mapa_1_resultados.xlsx,2723,AL2021,160209,AF,[A],coalition,PPD/PSD. CDS-PP.A.PPM.,O CONCELHO EM PRIMEIRO,113
mapa_1_resultados.xlsx,2724,AL2021,160211,AF,PS,party,PS,,326
mapa_1_resultados.xlsx,2724,AL2021,160211,AF,[A],coalition,PPD/PSD. CDS-PP.A.PPM.,O CONCELHO EM PRIMEIRO,258
mapa_1_resultados.xlsx,2725,AL2021,160214,AF,[A],coalition,PPD/PSD. CDS-PP.A.PPM.,O CONCELHO EM PRIMEIRO,104
mapa_1_resultados.xlsx,2725,AL2021,160214,AF,[D],citizen_group,JPRA,JUNTOS POR RIBA DE ÂNCORA,322
mapa_1_resultados.xlsx,2726,AL2021,160215,AF,PS,party,PS,,505
mapa_1_resultados.xlsx,2726,AL2021,160215,AF,[A],coalition,PPD/PSD. CDS-PP.A.PPM,O CONCELHO EM PRIMEIRO,272
mapa_1_resultados.xlsx,2727,AL2021,160217,AF,PS,party,PS,,627
mapa_1_resultados.xlsx,2727,AL2021,160217,AF,PCP-PEV,coalition,PCP-PEV,,138
mapa_1_resultados.xlsx,2727,AL2021,160217,AF,[A],coalition,PPD/PSD. CDS-PP.A.PPM.,O CONCELHO EM PRIMEIRO,1765
mapa_1_resultados.xlsx,2728,AL2021,160218,AF,PS,party,PS,,157
mapa_1_resultados.xlsx,2728,AL2021,160218,AF,PCP-PEV,coalition,PCP-PEV,,244
mapa_1_resultados.xlsx,2728,AL2021,160218,AF,[A],coalition,PPD/PSD. CDS-PP.A.PPM.,O CONCELHO EM PRIMEIRO,56
mapa_1_resultados.xlsx,2729,AL2021,160220,AF,PS,party,PS,,81
mapa_1_resultados.xlsx,2729,AL2021,160220,AF,[A],coalition,PPD/PSD. CDS-PP.A.PPM.,O CONCELHO EM PRIMEIRO,112
mapa_1_resultados.xlsx,2730,AL2021,160221,AF,[D],citizen_group,JPA,JUNTOS PELAS ARGAS,101
mapa_1_resultados.xlsx,2731,AL2021,160222,AF,B.E.,party,B.E.,,83
mapa_1_resultados.xlsx,2731,AL2021,160222,AF,PS,party,PS,,816
mapa_1_resultados.xlsx,2731,AL2021,160222,AF,PCP-PEV,coalition,PCP-PEV,,86
mapa_1_resultados.xlsx,2731,AL2021,160222,AF,[A],coalition,PPD/PSD. CDS-PP.A.PPM,O CONCELHO EM PRIMEIRO,387
mapa_1_resultados.xlsx,2732,AL2021,160223,AF,[A],coalition,PPD/PSD. CDS-PP.A.PPM.,O CONCELHO EM PRIMEIRO,87
mapa_1_resultados.xlsx,2732,AL2021,160223,AF,[D],citizen_group,MIGO,MOVIMENTO INDEPENDENTE DE GONDAR E ORBACÉM,203
mapa_1_resultados.xlsx,2733,AL2021,160224,AF,PS,party,PS,,615
mapa_1_resultados.xlsx,2733,AL2021,160224,AF,PCP-PEV,coalition,PCP-PEV,,143
mapa_1_resultados.xlsx,2733,AL2021,160224,AF,[A],coalition,PPD/PSD. CDS-PP.A.PPM.,O CONCELHO EM PRIMEIRO,180
mapa_1_resultados.xlsx,2734,AL2021,160225,AF,PS,party,PS,,304
mapa_1_resultados.xlsx,2734,AL2021,160225,AF,[A],coalition,PPD/PSD. CDS-PP.A.PPM.,O CONCELHO EM PRIMEIRO,293
mapa_1_resultados.xlsx,2735,AL2021,160300,CM,PPD/PSD,party,PPD/PSD,,1504
mapa_1_resultados.xlsx,2735,AL2021,160300,CM,PS,party,PS,,2246
mapa_1_resultados.xlsx,2735,AL2021,160300,CM,PCP-PEV,coalition,PCP-PEV,,108
mapa_1_resultados.xlsx,2736,AL2021,160300,AM,PPD/PSD,party,PPD/PSD,,1607
mapa_1_resultados.xlsx,2736,AL2021,160300,AM,PS,party,PS,,2210
mapa_1_resultados.xlsx,2736,AL2021,160300,AM,PCP-PEV,coalition,PCP-PEV,,94
mapa_1_resultados.xlsx,2737,AL2021,160301,AF,PS,party,PS,,168
mapa_1_resultados.xlsx,2738,AL2021,160304,AF,PS,party,PS,,108
mapa_1_resultados.xlsx,2739,AL2021,160305,AF,PPD/PSD,party,PPD/PSD,,51
mapa_1_resultados.xlsx,2739,AL2021,160305,AF,PS,party,PS,,267
mapa_1_resultados.xlsx,2740,AL2021,160307,AF,PS,party,PS,,66
mapa_1_resultados.xlsx,2741,AL2021,160308,AF,PS,party,PS,,95
mapa_1_resultados.xlsx,2742,AL2021,160311,AF,PS,party,PS,,373
mapa_1_resultados.xlsx,2743,AL2021,160313,AF,PS,party,PS,,199
mapa_1_resultados.xlsx,2744,AL2021,160317,AF,PPD/PSD,party,PPD/PSD,,138
mapa_1_resultados.xlsx,2744,AL2021,160317,AF,PS,party,PS,,191
mapa_1_resultados.xlsx,2745,AL2021,160319,AF,PPD/PSD,party,PPD/PSD,,131
mapa_1_resultados.xlsx,2745,AL2021,160319,AF,PS,party,PS,,178
mapa_1_resultados.xlsx,2746,AL2021,160320,AF,PPD/PSD,party,PPD/PSD,,60
mapa_1_resultados.xlsx,2746,AL2021,160320,AF,PS,party,PS,,256
mapa_1_resultados.xlsx,2747,AL2021,160321,AF,PS,party,PS,,222
mapa_1_resultados.xlsx,2748,AL2021,160322,AF,PS,party,PS,,205
mapa_1_resultados.xlsx,2749,AL2021,160323,AF,PPD/PSD,party,PPD/PSD,,490
mapa_1_resultados.xlsx,2749,AL2021,160323,AF,PS,party,PS,,511
mapa_1_resultados.xlsx,2749,AL2021,160323,AF,PCP-PEV,coalition,PCP-PEV,,26
mapa_1_resultados.xlsx,2750,AL2021,160400,CM,CDS-PP,party,CDS-PP,,206
mapa_1_resultados.xlsx,2750,AL2021,160400,CM,CH,party,CH,,207
mapa_1_resultados.xlsx,2750,AL2021,160400,CM,PPD/PSD,party,PPD/PSD,,7305
mapa_1_resultados.xlsx,2750,AL2021,160400,CM,PS,party,PS,,3490
mapa_1_resultados.xlsx,2750,AL2021,160400,CM,PCP-PEV,coalition,PCP-PEV,,114
mapa_1_resultados.xlsx,2751,AL2021,160400,AM,CDS-PP,party,CDS-PP,,208
mapa_1_resultados.xlsx,2751,AL2021,160400,AM,CH,party,CH,,261
mapa_1_resultados.xlsx,2751,AL2021,160400,AM,PPD/PSD,party,PPD/PSD,,6636
mapa_1_resultados.xlsx,2751,AL2021,160400,AM,PS,party,PS,,3956
mapa_1_resultados.xlsx,2751,AL2021,160400,AM,PCP-PEV,coalition,PCP-PEV,,177
mapa_1_resultados.xlsx,2752,AL2021,160401,AF,PPD/PSD,party,PPD/PSD,,90
mapa_1_resultados.xlsx,2753,AL2021,160404,AF,PPD/PSD,party,PPD/PSD,,380
mapa_1_resultados.xlsx,2754,AL2021,160405,AF,PPD/PSD,party,PPD/PSD,,106
mapa_1_resultados.xlsx,2754,AL2021,160405,AF,PS,party,PS,,123
mapa_1_resultados.xlsx,2755,AL2021,160406,AF,PPD/PSD,party,PPD/PSD,,355
mapa_1_resultados.xlsx,2755,AL2021,160406,AF,[D],citizen_group,BU,Belenses Unidos,139
mapa_1_resultados.xlsx,2756,AL2021,160407,AF,PPD/PSD,party,PPD/PSD,,141
mapa_1_resultados.xlsx,2756,AL2021,160407,AF,PS,party,PS,,229
mapa_1_resultados.xlsx,2757,AL2021,160410,AF,PPD/PSD,party,PPD/PSD,,130
mapa_1_resultados.xlsx,2757,AL2021,160410,AF,PS,party,PS,,60
mapa_1_resultados.xlsx,2758,AL2021,160411,AF,PPD/PSD,party,PPD/PSD,,325
mapa_1_resultados.xlsx,2758,AL2021,160411,AF,PS,party,PS,,293
mapa_1_resultados.xlsx,2759,AL2021,160415,AF,PPD/PSD,party,PPD/PSD,,396
mapa_1_resultados.xlsx,2759,AL2021,160415,AF,[D],citizen_group,MPM,MAIS POR MERUFE,281
mapa_1_resultados.xlsx,2760,AL2021,160418,AF,PPD/PSD,party,PPD/PSD,,264
mapa_1_resultados.xlsx,2760,AL2021,160418,AF,PS,party,PS,,128
mapa_1_resultados.xlsx,2761,AL2021,160420,AF,PPD/PSD,party,PPD/PSD,,377
mapa_1_resultados.xlsx,2761,AL2021,160420,AF,PS,party,PS,,149
mapa_1_resultados.xlsx,2762,AL2021,160421,AF,[D],citizen_group,CIP,CIP - Cidadãos Independentes de Pinheiros,167
mapa_1_resultados.xlsx,2763,AL2021,160422,AF,PPD/PSD,party,PPD/PSD,,124
mapa_1_resultados.xlsx,2763,AL2021,160422,AF,PS,party,PS,,78
mapa_1_resultados.xlsx,2764,AL2021,160423,AF,PPD/PSD,party,PPD/PSD,,79
mapa_1_resultados.xlsx,2764,AL2021,160423,AF,PS,party,PS,,78
mapa_1_resultados.xlsx,2765,AL2021,160424,AF,PPD/PSD,party,PPD/PSD,,481
mapa_1_resultados.xlsx,2765,AL2021,160424,AF,PS,party,PS,,105
mapa_1_resultados.xlsx,2766,AL2021,160427,AF,PPD/PSD,party,PPD/PSD,,160
mapa_1_resultados.xlsx,2766,AL2021,160427,AF,PS,party,PS,,102
mapa_1_resultados.xlsx,2767,AL2021,160428,AF,PPD/PSD,party,PPD/PSD,,242
mapa_1_resultados.xlsx,2767,AL2021,160428,AF,PS,party,PS,,200
mapa_1_resultados.xlsx,2768,AL2021,160431,AF,PPD/PSD,party,PPD/PSD,,72
mapa_1_resultados.xlsx,2768,AL2021,160431,AF,[D],citizen_group,MIT,Movimento Independente por Trute,142
mapa_1_resultados.xlsx,2769,AL2021,160434,AF,PPD/PSD,party,PPD/PSD,,122
mapa_1_resultados.xlsx,2770,AL2021,160435,AF,PPD/PSD,party,PPD/PSD,,250
mapa_1_resultados.xlsx,2770,AL2021,160435,AF,PS,party,PS,,175
mapa_1_resultados.xlsx,2771,AL2021,160436,AF,NC,party,NC,,153
mapa_1_resultados.xlsx,2771,AL2021,160436,AF,PPD/PSD,party,PPD/PSD,,594
mapa_1_resultados.xlsx,2771,AL2021,160436,AF,PS,party,PS,,1165
mapa_1_resultados.xlsx,2772,AL2021,160437,AF,PPD/PSD,party,PPD/PSD,,235
mapa_1_resultados.xlsx,2772,AL2021,160437,AF,PS,party,PS,,148
mapa_1_resultados.xlsx,2773,AL2021,160438,AF,PPD/PSD,party,PPD/PSD,,829
mapa_1_resultados.xlsx,2773,AL2021,160438,AF,PS,party,PS,,744
mapa_1_resultados.xlsx,2773,AL2021,160438,AF,PCP-PEV,coalition,PCP-PEV,,33
mapa_1_resultados.xlsx,2774,AL2021,160439,AF,PPD/PSD,party,PPD/PSD,,279
mapa_1_resultados.xlsx,2774,AL2021,160439,AF,PS,party,PS,,53
mapa_1_resultados.xlsx,2775,AL2021,160440,AF,PS,party,PS,,123
mapa_1_resultados.xlsx,2775,AL2021,160440,AF,[D],citizen_group,T&L,Grupo de Cidadãos Eleitores Independentes de Troporiz e Lapela,223
mapa_1_resultados.xlsx,2776,AL2021,160500,CM,PS,party,PS,,3332
mapa_1_resultados.xlsx,2776,AL2021,160500,CM,PCP-PEV,coalition,PCP-PEV,,409
mapa_1_resultados.xlsx,2776,AL2021,160500,CM,[A],coalition,PPD/PSD.CDS-PP,SE ACREDITARMOS PODE ACONTECER,1055
mapa_1_resultados.xlsx,2777,AL2021,160500,AM,PS,party,PS,,3110
mapa_1_resultados.xlsx,2777,AL2021,160500,AM,PCP-PEV,coalition,PCP-PEV,,572
mapa_1_resultados.xlsx,2777,AL2021,160500,AM,[A],coalition,PPD/PSD.CDS-PP,SE ACREDITARMOS PODE ACONTECER,1087
mapa_1_resultados.xlsx,2778,AL2021,160501,AF,PS,party,PS,,148
mapa_1_resultados.xlsx,2779,AL2021,160503,AF,PS,party,PS,,214
mapa_1_resultados.xlsx,2780,AL2021,160505,AF,PS,party,PS,,200
mapa_1_resultados.xlsx,2781,AL2021,160507,AF,PS,party,PS,,213
mapa_1_resultados.xlsx,2782,AL2021,160510,AF,PS,party,PS,,128
mapa_1_resultados.xlsx,2782,AL2021,160510,AF,[A],coalition,PPD/PSD.CDS-PP,SE ACREDITARMOS PODE ACONTECER,126
mapa_1_resultados.xlsx,2783,AL2021,160513,AF,PS,party,PS,,207
mapa_1_resultados.xlsx,2783,AL2021,160513,AF,[A],coalition,PPD/PSD.CDS-PP,SE ACREDITARMOS PODE ACONTECER,27
mapa_1_resultados.xlsx,2784,AL2021,160514,AF,PS,party,PS,,197
mapa_1_resultados.xlsx,2785,AL2021,160515,AF,PS,party,PS,,160
mapa_1_resultados.xlsx,2785,AL2021,160515,AF,[A],coalition,PPD/PSD.CDS-PP,SE ACREDITARMOS PODE ACONTECER,33
mapa_1_resultados.xlsx,2786,AL2021,160519,AF,PS,party,PS,,128
mapa_1_resultados.xlsx,2787,AL2021,160520,AF,PS,party,PS,,188
mapa_1_resultados.xlsx,2788,AL2021,160521,AF,PS,party,PS,,63
mapa_1_resultados.xlsx,2788,AL2021,160521,AF,[A],coalition,PPD/PSD.CDS-PP,SE ACREDITARMOS PODE ACONTECER,89
mapa_1_resultados.xlsx,2789,AL2021,160522,AF,PS,party,PS,,397
mapa_1_resultados.xlsx,2790,AL2021,160523,AF,[D],citizen_group,UCL - XVII,UNIDOS POR COSSOURADO E LINHARES,208
mapa_1_resultados.xlsx,2791,AL2021,160524,AF,PS,party,PS,,423
mapa_1_resultados.xlsx,2791,AL2021,160524,AF,PCP-PEV,coalition,PCP-PEV,,92
mapa_1_resultados.xlsx,2792,AL2021,160525,AF,PS,party,PS,,217
mapa_1_resultados.xlsx,2793,AL2021,160526,AF,PS,party,PS,,554
mapa_1_resultados.xlsx,2793,AL2021,160526,AF,PCP-PEV,coalition,PCP-PEV,,152
mapa_1_resultados.xlsx,2793,AL2021,160526,AF,[A],coalition,PPD/PSD.CDS-PP,SE ACREDITARMOS PODE ACONTECER,325
mapa_1_resultados.xlsx,2794,AL2021,160600,CM,CDS-PP,party,CDS-PP,,104
mapa_1_resultados.xlsx,2794,AL2021,160600,CM,CH,party,CH,,133
mapa_1_resultados.xlsx,2794,AL2021,160600,CM,PPD/PSD,party,PPD/PSD,,3892
mapa_1_resultados.xlsx,2794,AL2021,160600,CM,PS,party,PS,,3737
mapa_1_resultados.xlsx,2794,AL2021,160600,CM,PCP-PEV,coalition,PCP-PEV,,183
mapa_1_resultados.xlsx,2795,AL2021,160600,AM,CDS-PP,party,CDS-PP,,129
mapa_1_resultados.xlsx,2795,AL2021,160600,AM,PPD/PSD,party,PPD/PSD,,3856
mapa_1_resultados.xlsx,2795,AL2021,160600,AM,PS,party,PS,,3495
mapa_1_resultados.xlsx,2795,AL2021,160600,AM,PCP-PEV,coalition,PCP-PEV,,527
mapa_1_resultados.xlsx,2796,AL2021,160601,AF,PPD/PSD,party,PPD/PSD,,168
mapa_1_resultados.xlsx,2796,AL2021,160601,AF,PS,party,PS,,42
mapa_1_resultados.xlsx,2797,AL2021,160602,AF,PPD/PSD,party,PPD/PSD,,129
mapa_1_resultados.xlsx,2797,AL2021,160602,AF,PS,party,PS,,101
mapa_1_resultados.xlsx,2798,AL2021,160603,AF,PS,party,PS,,159
mapa_1_resultados.xlsx,2798,AL2021,160603,AF,[D],citizen_group,BEM,Bravães em Movimento - BEM,257
mapa_1_resultados.xlsx,2799,AL2021,160604,AF,PS,party,PS,,149
mapa_1_resultados.xlsx,2799,AL2021,160604,AF,[D],citizen_group,UPB,Unidos por Britelo,186
mapa_1_resultados.xlsx,2800,AL2021,160606,AF,PPD/PSD,party,PPD/PSD,,171
mapa_1_resultados.xlsx,2800,AL2021,160606,AF,PS,party,PS,,44
mapa_1_resultados.xlsx,2800,AL2021,160606,AF,PCP-PEV,coalition,PCP-PEV,,11
mapa_1_resultados.xlsx,2801,AL2021,160611,AF,PPD/PSD,party,PPD/PSD,,306
mapa_1_resultados.xlsx,2801,AL2021,160611,AF,[D],citizen_group,JPL,Juntos por Lavradas - JPL,353
mapa_1_resultados.xlsx,2802,AL2021,160612,AF,NC,party,NC,,54
mapa_1_resultados.xlsx,2802,AL2021,160612,AF,PPD/PSD,party,PPD/PSD,,35
mapa_1_resultados.xlsx,2802,AL2021,160612,AF,PS,party,PS,,213
mapa_1_resultados.xlsx,2803,AL2021,160613,AF,PPD/PSD,party,PPD/PSD,,173
mapa_1_resultados.xlsx,2803,AL2021,160613,AF,PS,party,PS,,98
mapa_1_resultados.xlsx,2804,AL2021,160614,AF,[D],citizen_group,UPO,Unidos por Oleiros - UPO,226
mapa_1_resultados.xlsx,2805,AL2021,160619,AF,PPD/PSD,party,PPD/PSD,,185
mapa_1_resultados.xlsx,2805,AL2021,160619,AF,PS,party,PS,,53
mapa_1_resultados.xlsx,2806,AL2021,160623,AF,PPD/PSD,party,PPD/PSD,,159
mapa_1_resultados.xlsx,2806,AL2021,160623,AF,PS,party,PS,,42
mapa_1_resultados.xlsx,2807,AL2021,160624,AF,[D],citizen_group,JVT,Juntos por Vade São Tomé,151
mapa_1_resultados.xlsx,2808,AL2021,160626,AF,PPD/PSD,party,PPD/PSD,,381
mapa_1_resultados.xlsx,2808,AL2021,160626,AF,PS,party,PS,,220
mapa_1_resultados.xlsx,2809,AL2021,160627,AF,PS,party,PS,,153
mapa_1_resultados.xlsx,2809,AL2021,160627,AF,[D],citizen_group,TSU,Todos Somos União - TSU,229
mapa_1_resultados.xlsx,2810,AL2021,160628,AF,PPD/PSD,party,PPD/PSD,,1430
mapa_1_resultados.xlsx,2810,AL2021,160628,AF,PS,party,PS,,1249
mapa_1_resultados.xlsx,2810,AL2021,160628,AF,PCP-PEV,coalition,PCP-PEV,,117
mapa_1_resultados.xlsx,2811,AL2021,160629,AF,PPD/PSD,party,PPD/PSD,,204
mapa_1_resultados.xlsx,2811,AL2021,160629,AF,PS,party,PS,,70
mapa_1_resultados.xlsx,2812,AL2021,160630,AF,PCP-PEV,coalition,PCP-PEV,,70
mapa_1_resultados.xlsx,2812,AL2021,160630,AF,[D],citizen_group,TPSJS,Todos por São João e Santiago - TPSJS,294
mapa_1_resultados.xlsx,2813,AL2021,160700,CM,CDS-PP,party,CDS-PP,,11904
mapa_1_resultados.xlsx,2813,AL2021,160700,CM,CH,party,CH,,325
mapa_1_resultados.xlsx,2813,AL2021,160700,CM,PPD/PSD,party,PPD/PSD,,3070
mapa_1_resultados.xlsx,2813,AL2021,160700,CM,PPM,party,PPM,,129
mapa_1_resultados.xlsx,2813,AL2021,160700,CM,PCP-PEV,coalition,PCP-PEV,,587
mapa_1_resultados.xlsx,2813,AL2021,160700,CM,[D],citizen_group,M51,Movimento 51,1071
mapa_1_resultados.xlsx,2813,AL2021,160700,CM,[E],citizen_group,PLMT,Ponte de Lima Minha Terra,7689
mapa_1_resultados.xlsx,2813,AL2021,160700,CM,[F],citizen_group,VIRAMILHO,Associação VIRAMILHO,1625
mapa_1_resultados.xlsx,2814,AL2021,160700,AM,CDS-PP,party,CDS-PP,,11677
mapa_1_resultados.xlsx,2814,AL2021,160700,AM,PPD/PSD,party,PPD/PSD,,3597
mapa_1_resultados.xlsx,2814,AL2021,160700,AM,PCP-PEV,coalition,PCP-PEV,,892
mapa_1_resultados.xlsx,2814,AL2021,160700,AM,[D],citizen_group,M51,Movimento 51,1200
mapa_1_resultados.xlsx,2814,AL2021,160700,AM,[E],citizen_group,PLMT,Ponte de Lima Minha Terra,7257
mapa_1_resultados.xlsx,2814,AL2021,160700,AM,[F],citizen_group,VIRAMILHO,Associação VIRAMILHO,1664
mapa_1_resultados.xlsx,2815,AL2021,160701,AF,CDS-PP,party,CDS-PP,,548
mapa_1_resultados.xlsx,2816,AL2021,160703,AF,CDS-PP,party,CDS-PP,,283
mapa_1_resultados.xlsx,2817,AL2021,160704,AF,PPD/PSD,party,PPD/PSD,,257
mapa_1_resultados.xlsx,2817,AL2021,160704,AF,PCP-PEV,coalition,PCP-PEV,,126
mapa_1_resultados.xlsx,2817,AL2021,160704,AF,[D],citizen_group,M51,Movimento 51,108
mapa_1_resultados.xlsx,2817,AL2021,160704,AF,[E],citizen_group,PLMT,Ponte de Lima Minha Terra,957
mapa_1_resultados.xlsx,2817,AL2021,160704,AF,[F],citizen_group,VEJA,Vila Jardins de Arcozelo,89
mapa_1_resultados.xlsx,2817,AL2021,160704,AF,[G],citizen_group,VUA,Valorizar e Unir Arcozelo,512
mapa_1_resultados.xlsx,2818,AL2021,160707,AF,CDS-PP,party,CDS-PP,,191
mapa_1_resultados.xlsx,2818,AL2021,160707,AF,[D],citizen_group,PLMT,Ponte de Lima Minha Terra,221
mapa_1_resultados.xlsx,2819,AL2021,160708,AF,[D],citizen_group,JPB,Juntos por Bertiandos,226
mapa_1_resultados.xlsx,2820,AL2021,160709,AF,CDS-PP,party,CDS-PP,,77
mapa_1_resultados.xlsx,2820,AL2021,160709,AF,[D],citizen_group,PLMT,Ponte de Lima Minha Terra,17
mapa_1_resultados.xlsx,2821,AL2021,160710,AF,CDS-PP,party,CDS-PP,,119
mapa_1_resultados.xlsx,2821,AL2021,160710,AF,PPD/PSD,party,PPD/PSD,,67
mapa_1_resultados.xlsx,2821,AL2021,160710,AF,[D],citizen_group,PLMT,Ponte de Lima Minha Terra,95
mapa_1_resultados.xlsx,2822,AL2021,160713,AF,PCP-PEV,coalition,PCP-PEV,,49
mapa_1_resultados.xlsx,2822,AL2021,160713,AF,[D],citizen_group,MNT,Calheiros - Movimento Nossa Terra,290
mapa_1_resultados.xlsx,2822,AL2021,160713,AF,[E],citizen_group,PLMT,Ponte de Lima Minha Terra,276
mapa_1_resultados.xlsx,2823,AL2021,160714,AF,CDS-PP,party,CDS-PP,,133
mapa_1_resultados.xlsx,2823,AL2021,160714,AF,PPD/PSD,party,PPD/PSD,,41
mapa_1_resultados.xlsx,2823,AL2021,160714,AF,[D],citizen_group,JPC,Juntos por Calvelo,141
mapa_1_resultados.xlsx,2823,AL2021,160714,AF,[E],citizen_group,PLMT,Ponte de Lima Minha Terra,109
mapa_1_resultados.xlsx,2824,AL2021,160716,AF,PCP-PEV,coalition,PCP-PEV,,111
mapa_1_resultados.xlsx,2824,AL2021,160716,AF,[D],citizen_group,PLMT,Ponte de Lima Minha Terra,591
mapa_1_resultados.xlsx,2824,AL2021,160716,AF,[E],citizen_group,UPC,Unidos Pela Correlhã,977
mapa_1_resultados.xlsx,2825,AL2021,160717,AF,CDS-PP,party,CDS-PP,,154
mapa_1_resultados.xlsx,2825,AL2021,160717,AF,[D],citizen_group,PLMT,Ponte de Lima Minha Terra,99
mapa_1_resultados.xlsx,2826,AL2021,160718,AF,PCP-PEV,coalition,PCP-PEV,,112
mapa_1_resultados.xlsx,2826,AL2021,160718,AF,[D],citizen_group,JPF,Juntos Pela Facha,483
mapa_1_resultados.xlsx,2826,AL2021,160718,AF,[E],citizen_group,PLMT,Ponte de Lima Minha Terra,327
mapa_1_resultados.xlsx,2827,AL2021,160719,AF,PCP-PEV,coalition,PCP-PEV,,70
mapa_1_resultados.xlsx,2827,AL2021,160719,AF,[D],citizen_group,FMM,Feitosa Mais e Melhor,584
mapa_1_resultados.xlsx,2827,AL2021,160719,AF,[E],citizen_group,M51,Movimento 51,95
mapa_1_resultados.xlsx,2827,AL2021,160719,AF,[F],citizen_group,PLMT,Ponte de Lima Minha Terra,211
mapa_1_resultados.xlsx,2828,AL2021,160721,AF,CDS-PP,party,CDS-PP,,496
mapa_1_resultados.xlsx,2828,AL2021,160721,AF,[D],citizen_group,PLMT,Ponte de Lima Minha Terra,264
mapa_1_resultados.xlsx,2829,AL2021,160724,AF,[D],citizen_group,IF,Inovar Friastelas,153
mapa_1_resultados.xlsx,2829,AL2021,160724,AF,[E],citizen_group,JPF,Juntos Por Friastelas,204
mapa_1_resultados.xlsx,2830,AL2021,160726,AF,[D],citizen_group,JPSM,Juntos por S. Martinho,441
mapa_1_resultados.xlsx,2830,AL2021,160726,AF,[E],citizen_group,PLMT,Ponte de Lima Minha Terra,214
mapa_1_resultados.xlsx,2831,AL2021,160727,AF,CDS-PP,party,CDS-PP,,225
mapa_1_resultados.xlsx,2831,AL2021,160727,AF,[D],citizen_group,PLMT,Ponte de Lima Minha Terra,203
mapa_1_resultados.xlsx,2832,AL2021,160728,AF,CDS-PP,party,CDS-PP,,214
mapa_1_resultados.xlsx,2833,AL2021,160729,AF,[D],citizen_group,+ Labruja,Cidadãos Eleitores + Labruja,194
mapa_1_resultados.xlsx,2834,AL2021,160734,AF,CDS-PP,party,CDS-PP,,218
mapa_1_resultados.xlsx,2834,AL2021,160734,AF,PPD/PSD,party,PPD/PSD,,311
mapa_1_resultados.xlsx,2834,AL2021,160734,AF,[D],citizen_group,M51,Movimento 51,25
mapa_1_resultados.xlsx,2835,AL2021,160737,AF,CDS-PP,party,CDS-PP,,412
mapa_1_resultados.xlsx,2835,AL2021,160737,AF,PPD/PSD,party,PPD/PSD,,177
mapa_1_resultados.xlsx,2835,AL2021,160737,AF,[D],citizen_group,M51,Movimento 51,25
mapa_1_resultados.xlsx,2835,AL2021,160737,AF,[E],citizen_group,PLMT,Ponte de Lima Minha Terra,533
mapa_1_resultados.xlsx,2836,AL2021,160739,AF,PCP-PEV,coalition,PCP-PEV,,52
mapa_1_resultados.xlsx,2836,AL2021,160739,AF,[D],citizen_group,M51,Movimento 51,32
mapa_1_resultados.xlsx,2836,AL2021,160739,AF,[E],citizen_group,PLMT,Ponte de Lima Minha Terra,498
mapa_1_resultados.xlsx,2836,AL2021,160739,AF,[F],citizen_group,RCF,Ribeira com Futuro,608
mapa_1_resultados.xlsx,2837,AL2021,160740,AF,CDS-PP,party,CDS-PP,,146
mapa_1_resultados.xlsx,2837,AL2021,160740,AF,[D],citizen_group,PLMT,Ponte de Lima Minha Terra,107
mapa_1_resultados.xlsx,2838,AL2021,160742,AF,CDS-PP,party,CDS-PP,,145
mapa_1_resultados.xlsx,2838,AL2021,160742,AF,PCP-PEV,coalition,PCP-PEV,,6
mapa_1_resultados.xlsx,2838,AL2021,160742,AF,[D],citizen_group,PLMT,Ponte de Lima Minha Terra,62
mapa_1_resultados.xlsx,2838,AL2021,160742,AF,[E],citizen_group,TJSC,Todos Juntos por Santa Comba,219
mapa_1_resultados.xlsx,2839,AL2021,160743,AF,CDS-PP,party,CDS-PP,,204
mapa_1_resultados.xlsx,2840,AL2021,160744,AF,CDS-PP,party,CDS-PP,,361
mapa_1_resultados.xlsx,2840,AL2021,160744,AF,PCP-PEV,coalition,PCP-PEV,,202
mapa_1_resultados.xlsx,2841,AL2021,160745,AF,PPD/PSD,party,PPD/PSD,,411
mapa_1_resultados.xlsx,2842,AL2021,160746,AF,CDS-PP,party,CDS-PP,,227
mapa_1_resultados.xlsx,2843,AL2021,160747,AF,CDS-PP,party,CDS-PP,,281
mapa_1_resultados.xlsx,2843,AL2021,160747,AF,PPD/PSD,party,PPD/PSD,,406
mapa_1_resultados.xlsx,2844,AL2021,160750,AF,PPD/PSD,party,PPD/PSD,,246
mapa_1_resultados.xlsx,2844,AL2021,160750,AF,[D],citizen_group,ERG,Elisabete Ribeiro Gomes,343
mapa_1_resultados.xlsx,2844,AL2021,160750,AF,[E],citizen_group,PLMT,Ponte de Lima Minha Terra,117
mapa_1_resultados.xlsx,2845,AL2021,160752,AF,CDS-PP,party,CDS-PP,,550
mapa_1_resultados.xlsx,2845,AL2021,160752,AF,PPD/PSD,party,PPD/PSD,,706
mapa_1_resultados.xlsx,2845,AL2021,160752,AF,PCP-PEV,coalition,PCP-PEV,,167
mapa_1_resultados.xlsx,2845,AL2021,160752,AF,[D],citizen_group,M51,Movimento 51,324
mapa_1_resultados.xlsx,2845,AL2021,160752,AF,[E],citizen_group,PLMT,Ponte de Lima Minha Terra,553
mapa_1_resultados.xlsx,2846,AL2021,160753,AF,CDS-PP,party,CDS-PP,,687
mapa_1_resultados.xlsx,2846,AL2021,160753,AF,PCP-PEV,coalition,PCP-PEV,,25
mapa_1_resultados.xlsx,2846,AL2021,160753,AF,[D],citizen_group,M51,Movimento 51,29
mapa_1_resultados.xlsx,2846,AL2021,160753,AF,[E],citizen_group,PLMT,Ponte de Lima Minha Terra,334
mapa_1_resultados.xlsx,2847,AL2021,160754,AF,CDS-PP,party,CDS-PP,,432
mapa_1_resultados.xlsx,2847,AL2021,160754,AF,[D],citizen_group,PLMT,Ponte de Lima Minha Terra,215
mapa_1_resultados.xlsx,2848,AL2021,160755,AF,PPD/PSD,party,PPD/PSD,,160
mapa_1_resultados.xlsx,2848,AL2021,160755,AF,PCP-PEV,coalition,PCP-PEV,,20
mapa_1_resultados.xlsx,2848,AL2021,160755,AF,[D],citizen_group,UPBC,Unidos por Bárrio e Cepões,394
mapa_1_resultados.xlsx,2849,AL2021,160756,AF,CDS-PP,party,CDS-PP,,459
mapa_1_resultados.xlsx,2850,AL2021,160757,AF,[D],citizen_group,MCU,Moreira do Lima e Cabração Unidos,437
mapa_1_resultados.xlsx,2851,AL2021,160758,AF,PCP-PEV,coalition,PCP-PEV,,23
mapa_1_resultados.xlsx,2851,AL2021,160758,AF,[D],citizen_group,JMNP,João Matos Nosso Presidente,643
mapa_1_resultados.xlsx,2851,AL2021,160758,AF,[E],citizen_group,M51,Movimento 51,107
mapa_1_resultados.xlsx,2851,AL2021,160758,AF,[F],citizen_group,PLMT,Ponte de Lima Minha Terra,318
mapa_1_resultados.xlsx,2852,AL2021,160759,AF,CDS-PP,party,CDS-PP,,197
mapa_1_resultados.xlsx,2853,AL2021,160760,AF,PPD/PSD,party,PPD/PSD,,175
mapa_1_resultados.xlsx,2853,AL2021,160760,AF,[D],citizen_group,DMD,De Mãos Dadas,407
mapa_1_resultados.xlsx,2853,AL2021,160760,AF,[E],citizen_group,JPNVP,Juntos Por Navió e Vitorino de Piães,470
mapa_1_resultados.xlsx,2854,AL2021,160800,CM,CH,party,CH,,87
mapa_1_resultados.xlsx,2854,AL2021,160800,CM,NC,party,NC,,567
mapa_1_resultados.xlsx,2854,AL2021,160800,CM,PPD/PSD,party,PPD/PSD,,2409
mapa_1_resultados.xlsx,2854,AL2021,160800,CM,PS,party,PS,,3421
mapa_1_resultados.xlsx,2854,AL2021,160800,CM,PCP-PEV,coalition,PCP-PEV,,96
mapa_1_resultados.xlsx,2854,AL2021,160800,CM,[D],citizen_group,jmfv,José Monte - Fortalecer Valença,1745
mapa_1_resultados.xlsx,2855,AL2021,160800,AM,NC,party,NC,,581
mapa_1_resultados.xlsx,2855,AL2021,160800,AM,PPD/PSD,party,PPD/PSD,,2400
mapa_1_resultados.xlsx,2855,AL2021,160800,AM,PS,party,PS,,3477
mapa_1_resultados.xlsx,2855,AL2021,160800,AM,PCP-PEV,coalition,PCP-PEV,,204
mapa_1_resultados.xlsx,2855,AL2021,160800,AM,[D],citizen_group,jmfv,José Monte - Fortalecer Valença,1601
mapa_1_resultados.xlsx,2856,AL2021,160802,AF,NC,party,NC,,2
mapa_1_resultados.xlsx,2856,AL2021,160802,AF,PPD/PSD,party,PPD/PSD,,107
mapa_1_resultados.xlsx,2856,AL2021,160802,AF,PS,party,PS,,53
mapa_1_resultados.xlsx,2857,AL2021,160803,AF,NC,party,NC,,30
mapa_1_resultados.xlsx,2857,AL2021,160803,AF,PPD/PSD,party,PPD/PSD,,549
mapa_1_resultados.xlsx,2857,AL2021,160803,AF,PS,party,PS,,344
mapa_1_resultados.xlsx,2857,AL2021,160803,AF,PCP-PEV,coalition,PCP-PEV,,13
mapa_1_resultados.xlsx,2857,AL2021,160803,AF,[D],citizen_group,jmfv,José Monte - Fortalecer Valença,78
mapa_1_resultados.xlsx,2858,AL2021,160805,AF,NC,party,NC,,19
mapa_1_resultados.xlsx,2858,AL2021,160805,AF,PPD/PSD,party,PPD/PSD,,105
mapa_1_resultados.xlsx,2858,AL2021,160805,AF,PS,party,PS,,110
mapa_1_resultados.xlsx,2858,AL2021,160805,AF,[D],citizen_group,jmfv,José Monte - Fortalecer Valença,197
mapa_1_resultados.xlsx,2859,AL2021,160806,AF,NC,party,NC,,12
mapa_1_resultados.xlsx,2859,AL2021,160806,AF,PPD/PSD,party,PPD/PSD,,78
mapa_1_resultados.xlsx,2859,AL2021,160806,AF,PS,party,PS,,138
mapa_1_resultados.xlsx,2859,AL2021,160806,AF,[D],citizen_group,jmfv,José Monte - Fortalecer Valença,174
mapa_1_resultados.xlsx,2860,AL2021,160808,AF,NC,party,NC,,56
mapa_1_resultados.xlsx,2860,AL2021,160808,AF,PPD/PSD,party,PPD/PSD,,360
mapa_1_resultados.xlsx,2860,AL2021,160808,AF,PS,party,PS,,193
mapa_1_resultados.xlsx,2860,AL2021,160808,AF,[D],citizen_group,jmfv,José Monte - Fortalecer Valença,205
mapa_1_resultados.xlsx,2861,AL2021,160812,AF,NC,party,NC,,203
mapa_1_resultados.xlsx,2861,AL2021,160812,AF,PPD/PSD,party,PPD/PSD,,289
mapa_1_resultados.xlsx,2861,AL2021,160812,AF,PS,party,PS,,193
mapa_1_resultados.xlsx,2861,AL2021,160812,AF,[D],citizen_group,jmfv,José Monte - Fortalecer Valença,73
mapa_1_resultados.xlsx,2861,AL2021,160812,AF,[E],citizen_group,RSP,Remar Por S. Pedro,86
mapa_1_resultados.xlsx,2862,AL2021,160816,AF,NC,party,NC,,79
mapa_1_resultados.xlsx,2862,AL2021,160816,AF,PPD/PSD,party,PPD/PSD,,104
mapa_1_resultados.xlsx,2862,AL2021,160816,AF,PS,party,PS,,244
mapa_1_resultados.xlsx,2863,AL2021,160817,AF,NC,party,NC,,78
mapa_1_resultados.xlsx,2863,AL2021,160817,AF,PPD/PSD,party,PPD/PSD,,326
mapa_1_resultados.xlsx,2863,AL2021,160817,AF,PS,party,PS,,306
mapa_1_resultados.xlsx,2863,AL2021,160817,AF,[D],citizen_group,jmfv,José Monte - Fortalecer Valença,141
mapa_1_resultados.xlsx,2864,AL2021,160818,AF,NC,party,NC,,9
mapa_1_resultados.xlsx,2864,AL2021,160818,AF,PPD/PSD,party,PPD/PSD,,195
mapa_1_resultados.xlsx,2864,AL2021,160818,AF,[D],citizen_group,jmfv,José Monte - Fortalecer Valença,81
mapa_1_resultados.xlsx,2865,AL2021,160819,AF,NC,party,NC,,74
mapa_1_resultados.xlsx,2865,AL2021,160819,AF,PPD/PSD,party,PPD/PSD,,100
mapa_1_resultados.xlsx,2865,AL2021,160819,AF,PS,party,PS,,94
mapa_1_resultados.xlsx,2865,AL2021,160819,AF,[D],citizen_group,jmfv,José Monte - Fortalecer Valença,148
mapa_1_resultados.xlsx,2866,AL2021,160820,AF,NC,party,NC,,60
mapa_1_resultados.xlsx,2866,AL2021,160820,AF,PPD/PSD,party,PPD/PSD,,828
mapa_1_resultados.xlsx,2866,AL2021,160820,AF,PS,party,PS,,1282
mapa_1_resultados.xlsx,2866,AL2021,160820,AF,PCP-PEV,coalition,PCP-PEV,,57
mapa_1_resultados.xlsx,2866,AL2021,160820,AF,[D],citizen_group,jmfv,José Monte - Fortalecer Valença,595
mapa_1_resultados.xlsx,2867,AL2021,160900,CM,A,party,A,,1788
mapa_1_resultados.xlsx,2867,AL2021,160900,CM,B.E.,party,B.E.,,2114
mapa_1_resultados.xlsx,2867,AL2021,160900,CM,CH,party,CH,,1605
mapa_1_resultados.xlsx,2867,AL2021,160900,CM,IL,party,IL,,836
mapa_1_resultados.xlsx,2867,AL2021,160900,CM,NC,party,NC,,472
mapa_1_resultados.xlsx,2867,AL2021,160900,CM,PS,party,PS,,20973
mapa_1_resultados.xlsx,2867,AL2021,160900,CM,PCP-PEV,coalition,PCP-PEV,,4673
mapa_1_resultados.xlsx,2867,AL2021,160900,CM,[A],coalition,PPD/PSD.CDS-PP,É AGORA VIANA!,11448
mapa_1_resultados.xlsx,2868,AL2021,160900,AM,A,party,A,,1608
mapa_1_resultados.xlsx,2868,AL2021,160900,AM,B.E.,party,B.E.,,2225
mapa_1_resultados.xlsx,2868,AL2021,160900,AM,CH,party,CH,,1756
mapa_1_resultados.xlsx,2868,AL2021,160900,AM,IL,party,IL,,893
mapa_1_resultados.xlsx,2868,AL2021,160900,AM,NC,party,NC,,0
mapa_1_resultados.xlsx,2868,AL2021,160900,AM,PS,party,PS,,18605
mapa_1_resultados.xlsx,2868,AL2021,160900,AM,PCP-PEV,coalition,PCP-PEV,,4903
mapa_1_resultados.xlsx,2868,AL2021,160900,AM,[A],coalition,PPD/PSD.CDS-PP,É AGORA VIANA!,11094
mapa_1_resultados.xlsx,2868,AL2021,160900,AM,[D],citizen_group,JSPV,JOCA Servir o Povo de Viana,2229
mapa_1_resultados.xlsx,2869,AL2021,160901,AF,NC,party,NC,,71
mapa_1_resultados.xlsx,2869,AL2021,160901,AF,PCP-PEV,coalition,PCP-PEV,,184
mapa_1_resultados.xlsx,2869,AL2021,160901,AF,[A],coalition,PPD/PSD.CDS-PP,É AGORA VIANA!,168
mapa_1_resultados.xlsx,2869,AL2021,160901,AF,[D],citizen_group,LIA,Lista de Independentes de Afife,446
mapa_1_resultados.xlsx,2870,AL2021,160902,AF,PS,party,PS,,868
mapa_1_resultados.xlsx,2870,AL2021,160902,AF,[A],coalition,PPD/PSD.CDS-PP,É AGORA VIANA!,486
mapa_1_resultados.xlsx,2871,AL2021,160903,AF,[A],coalition,PPD/PSD.CDS-PP,É AGORA VIANA!,48
mapa_1_resultados.xlsx,2871,AL2021,160903,AF,[D],citizen_group,AU,Amonde Unido,160
mapa_1_resultados.xlsx,2872,AL2021,160904,AF,CH,party,CH,,76
mapa_1_resultados.xlsx,2872,AL2021,160904,AF,PS,party,PS,,1014
mapa_1_resultados.xlsx,2872,AL2021,160904,AF,PCP-PEV,coalition,PCP-PEV,,27
mapa_1_resultados.xlsx,2872,AL2021,160904,AF,[A],coalition,PPD/PSD.CDS-PP,É AGORA VIANA!,211
mapa_1_resultados.xlsx,2873,AL2021,160905,AF,B.E.,party,B.E.,,145
mapa_1_resultados.xlsx,2873,AL2021,160905,AF,CH,party,CH,,76
mapa_1_resultados.xlsx,2873,AL2021,160905,AF,IL,party,IL,,145
mapa_1_resultados.xlsx,2873,AL2021,160905,AF,PS,party,PS,,975
mapa_1_resultados.xlsx,2873,AL2021,160905,AF,PCP-PEV,coalition,PCP-PEV,,375
mapa_1_resultados.xlsx,2873,AL2021,160905,AF,[A],coalition,PPD/PSD.CDS-PP,É AGORA VIANA!,393
mapa_1_resultados.xlsx,2874,AL2021,160908,AF,B.E.,party,B.E.,,91
mapa_1_resultados.xlsx,2874,AL2021,160908,AF,PCP-PEV,coalition,PCP-PEV,,77
mapa_1_resultados.xlsx,2874,AL2021,160908,AF,[A],coalition,PPD/PSD.CDS-PP,É AGORA VIANA!,234
mapa_1_resultados.xlsx,2874,AL2021,160908,AF,[D],citizen_group,LIC,Lista Independente Por Carreço,597
mapa_1_resultados.xlsx,2875,AL2021,160910,AF,[A],coalition,PPD/PSD.CDS-PP,É AGORA VIANA!,297
mapa_1_resultados.xlsx,2875,AL2021,160910,AF,[D],citizen_group,LICN,Lista Independente por Castelo do Neiva,1034
mapa_1_resultados.xlsx,2876,AL2021,160911,AF,PS,party,PS,,1163
mapa_1_resultados.xlsx,2876,AL2021,160911,AF,PCP-PEV,coalition,PCP-PEV,,1506
mapa_1_resultados.xlsx,2876,AL2021,160911,AF,[A],coalition,PPD/PSD.CDS-PP,É AGORA VIANA!,647
mapa_1_resultados.xlsx,2877,AL2021,160914,AF,PS,party,PS,,161
mapa_1_resultados.xlsx,2877,AL2021,160914,AF,[A],coalition,PPD/PSD.CDS-PP,É AGORA VIANA!,178
mapa_1_resultados.xlsx,2878,AL2021,160915,AF,PCP-PEV,coalition,PCP-PEV,,18
mapa_1_resultados.xlsx,2878,AL2021,160915,AF,[A],coalition,PPD/PSD.CDS-PP,É AGORA VIANA!,498
mapa_1_resultados.xlsx,2878,AL2021,160915,AF,[D],citizen_group,IPL,Cidadãos Independentes por Lanheses,548
mapa_1_resultados.xlsx,2879,AL2021,160920,AF,[D],citizen_group,UM,Unidos Pela Montaria,266
mapa_1_resultados.xlsx,2880,AL2021,160922,AF,[A],coalition,PPD/PSD.CDS-PP,É AGORA VIANA!,338
mapa_1_resultados.xlsx,2880,AL2021,160922,AF,[D],citizen_group,IMDPC,"Independentes de Mujães - Desenvolvimento, Progresso e Confiança",430
mapa_1_resultados.xlsx,2881,AL2021,160923,AF,[A],coalition,PPD/PSD.CDS-PP,É AGORA VIANA!,97
mapa_1_resultados.xlsx,2881,AL2021,160923,AF,[D],citizen_group,USRN,Unidos por São Romão de Neiva,573
mapa_1_resultados.xlsx,2882,AL2021,160925,AF,[A],coalition,PPD/PSD.CDS-PP,É AGORA VIANA!,252
mapa_1_resultados.xlsx,2882,AL2021,160925,AF,[D],citizen_group,JPO,Juntos Por Outeiro,473
mapa_1_resultados.xlsx,2883,AL2021,160926,AF,PCP-PEV,coalition,PCP-PEV,,195
mapa_1_resultados.xlsx,2883,AL2021,160926,AF,[A],coalition,PPD/PSD.CDS-PP,É AGORA VIANA!,615
mapa_1_resultados.xlsx,2883,AL2021,160926,AF,[D],citizen_group,GP,Gostar de Perre,738
mapa_1_resultados.xlsx,2884,AL2021,160928,AF,PS,party,PS,,1090
mapa_1_resultados.xlsx,2884,AL2021,160928,AF,PCP-PEV,coalition,PCP-PEV,,121
mapa_1_resultados.xlsx,2884,AL2021,160928,AF,[A],coalition,PPD/PSD.CDS-PP,É AGORA VIANA!,950
mapa_1_resultados.xlsx,2885,AL2021,160935,AF,PCP-PEV,coalition,PCP-PEV,,110
mapa_1_resultados.xlsx,2885,AL2021,160935,AF,[A],coalition,PPD/PSD.CDS-PP,É AGORA VIANA!,487
mapa_1_resultados.xlsx,2885,AL2021,160935,AF,[D],citizen_group,I,Juntos pela Continuidade,433
mapa_1_resultados.xlsx,2886,AL2021,160938,AF,PS,party,PS,,1007
mapa_1_resultados.xlsx,2886,AL2021,160938,AF,[A],coalition,PPD/PSD.CDS-PP,É AGORA VIANA!,176
mapa_1_resultados.xlsx,2887,AL2021,160940,AF,[A],coalition,PPD/PSD.CDS-PP,É AGORA VIANA!,339
mapa_1_resultados.xlsx,2887,AL2021,160940,AF,[D],citizen_group,UPC,Unidos por Chafé,908
mapa_1_resultados.xlsx,2888,AL2021,160941,AF,PS,party,PS,,1461
mapa_1_resultados.xlsx,2888,AL2021,160941,AF,PCP-PEV,coalition,PCP-PEV,,80
mapa_1_resultados.xlsx,2888,AL2021,160941,AF,[A],coalition,PPD/PSD.CDS-PP,É AGORA VIANA!,1232
mapa_1_resultados.xlsx,2889,AL2021,160942,AF,IL,party,IL,,164
mapa_1_resultados.xlsx,2889,AL2021,160942,AF,PS,party,PS,,596
mapa_1_resultados.xlsx,2889,AL2021,160942,AF,PCP-PEV,coalition,PCP-PEV,,60
mapa_1_resultados.xlsx,2889,AL2021,160942,AF,[A],coalition,PPD/PSD.CDS-PP,É AGORA VIANA!,589
mapa_1_resultados.xlsx,2890,AL2021,160943,AF,A,party,A,,223
mapa_1_resultados.xlsx,2890,AL2021,160943,AF,PCP-PEV,coalition,PCP-PEV,,35
mapa_1_resultados.xlsx,2890,AL2021,160943,AF,[A],coalition,PPD/PSD.CDS-PP,É AGORA VIANA!,507
mapa_1_resultados.xlsx,2890,AL2021,160943,AF,[D],citizen_group,UEP,União É Progresso,857
mapa_1_resultados.xlsx,2890,AL2021,160943,AF,[E],citizen_group,VSF,Voltemos a Ser Freguesias,344
mapa_1_resultados.xlsx,2891,AL2021,160944,AF,PS,party,PS,,632
mapa_1_resultados.xlsx,2891,AL2021,160944,AF,PCP-PEV,coalition,PCP-PEV,,160
mapa_1_resultados.xlsx,2891,AL2021,160944,AF,[A],coalition,PPD/PSD.CDS-PP,É AGORA VIANA!,615
mapa_1_resultados.xlsx,2892,AL2021,160945,AF,[A],coalition,PPD/PSD.CDS-PP,É AGORA VIANA!,313
mapa_1_resultados.xlsx,2892,AL2021,160945,AF,[D],citizen_group,LIUFNMVM,Lista Independente União de Freguesias de Nogueira Meixedo e Vilar de Murteda,535
mapa_1_resultados.xlsx,2893,AL2021,160946,AF,PS,party,PS,,654
mapa_1_resultados.xlsx,2893,AL2021,160946,AF,[A],coalition,PPD/PSD.CDS-PP,É AGORA VIANA!,784
mapa_1_resultados.xlsx,2894,AL2021,160947,AF,[D],citizen_group,TPTVM,Todos por Torre e Vila Mou,522
mapa_1_resultados.xlsx,2895,AL2021,160948,AF,B.E.,party,B.E.,,832
mapa_1_resultados.xlsx,2895,AL2021,160948,AF,IL,party,IL,,488
mapa_1_resultados.xlsx,2895,AL2021,160948,AF,PS,party,PS,,3586
mapa_1_resultados.xlsx,2895,AL2021,160948,AF,PCP-PEV,coalition,PCP-PEV,,3633
mapa_1_resultados.xlsx,2895,AL2021,160948,AF,[A],coalition,PPD/PSD.CDS-PP,É AGORA VIANA!,2336
mapa_1_resultados.xlsx,2896,AL2021,161000,CM,B.E.,party,B.E.,,106
mapa_1_resultados.xlsx,2896,AL2021,161000,CM,CH,party,CH,,159
mapa_1_resultados.xlsx,2896,AL2021,161000,CM,PS,party,PS,,3080
mapa_1_resultados.xlsx,2896,AL2021,161000,CM,PCP-PEV,coalition,PCP-PEV,,34
mapa_1_resultados.xlsx,2896,AL2021,161000,CM,[D],citizen_group,Pence,Movimento Independente Pensar Cerveira,2478
mapa_1_resultados.xlsx,2897,AL2021,161000,AM,B.E.,party,B.E.,,130
mapa_1_resultados.xlsx,2897,AL2021,161000,AM,CH,party,CH,,197
mapa_1_resultados.xlsx,2897,AL2021,161000,AM,PS,party,PS,,2936
mapa_1_resultados.xlsx,2897,AL2021,161000,AM,PCP-PEV,coalition,PCP-PEV,,46
mapa_1_resultados.xlsx,2897,AL2021,161000,AM,[D],citizen_group,Pence,Movimento Independente Pensar Cerveira,2548
mapa_1_resultados.xlsx,2898,AL2021,161003,AF,PS,party,PS,,149
mapa_1_resultados.xlsx,2898,AL2021,161003,AF,[D],citizen_group,IpC,Independentes por Cornes,201
mapa_1_resultados.xlsx,2899,AL2021,161004,AF,B.E.,party,B.E.,,57
mapa_1_resultados.xlsx,2899,AL2021,161004,AF,[D],citizen_group,TPC,Todos Por Covas,322
mapa_1_resultados.xlsx,2900,AL2021,161006,AF,PS,party,PS,,270
mapa_1_resultados.xlsx,2900,AL2021,161006,AF,PCP-PEV,coalition,PCP-PEV,,8
mapa_1_resultados.xlsx,2900,AL2021,161006,AF,[D],citizen_group,IpG,Independentes Por Gondarém,334
mapa_1_resultados.xlsx,2901,AL2021,161007,AF,B.E.,party,B.E.,,30
mapa_1_resultados.xlsx,2901,AL2021,161007,AF,PS,party,PS,,225
mapa_1_resultados.xlsx,2901,AL2021,161007,AF,[D],citizen_group,MIL,Movimento Independente por Loivo,310
mapa_1_resultados.xlsx,2902,AL2021,161009,AF,[D],citizen_group,IpM,Independentes por Mentrestido,147
mapa_1_resultados.xlsx,2903,AL2021,161012,AF,PPD/PSD,party,PPD/PSD,,154
mapa_1_resultados.xlsx,2903,AL2021,161012,AF,[D],citizen_group,Ips,Independentes Por Sapardos,132
mapa_1_resultados.xlsx,2904,AL2021,161013,AF,[D],citizen_group,MITS,Movimento Independente Todos Por Sopo,326
mapa_1_resultados.xlsx,2905,AL2021,161016,AF,PS,party,PS,,376
mapa_1_resultados.xlsx,2905,AL2021,161016,AF,[D],citizen_group,IpCVM,Independentes por Campos e Vila Meã,564
mapa_1_resultados.xlsx,2906,AL2021,161017,AF,PS,party,PS,,98
mapa_1_resultados.xlsx,2906,AL2021,161017,AF,[D],citizen_group,IpCG,Independentes por Candemil e Gondar,156
mapa_1_resultados.xlsx,2907,AL2021,161018,AF,PS,party,PS,,442
mapa_1_resultados.xlsx,2907,AL2021,161018,AF,[D],citizen_group,IpReN,Independentes Por Reboreda e Nogueira,270
mapa_1_resultados.xlsx,2908,AL2021,161019,AF,B.E.,party,B.E.,,27
mapa_1_resultados.xlsx,2908,AL2021,161019,AF,PS,party,PS,,489
mapa_1_resultados.xlsx,2908,AL2021,161019,AF,PCP-PEV,coalition,PCP-PEV,,9
mapa_1_resultados.xlsx,2908,AL2021,161019,AF,[D],citizen_group,IpCeL,Independentes Por Cerveira e Lovelhe,649
mapa_1_resultados.xlsx,2910,AL2021,170100,CM,CH,party,CH,,142
mapa_1_resultados.xlsx,2910,AL2021,170100,CM,PS,party,PS,,2285
mapa_1_resultados.xlsx,2910,AL2021,170100,CM,PCP-PEV,coalition,PCP-PEV,,131
mapa_1_resultados.xlsx,2910,AL2021,170100,CM,[A],coalition,PPD/PSD.CDS-PP,AFIRMAR A NOSSA TERRA,4441
mapa_1_resultados.xlsx,2911,AL2021,170100,AM,PS,party,PS,,2354
mapa_1_resultados.xlsx,2911,AL2021,170100,AM,PCP-PEV,coalition,PCP-PEV,,238
mapa_1_resultados.xlsx,2911,AL2021,170100,AM,[A],coalition,PPD/PSD.CDS-PP,AFIRMAR A NOSSA TERRA,4326
mapa_1_resultados.xlsx,2912,AL2021,170101,AF,PS,party,PS,,604
mapa_1_resultados.xlsx,2912,AL2021,170101,AF,PCP-PEV,coalition,PCP-PEV,,28
mapa_1_resultados.xlsx,2912,AL2021,170101,AF,[A],coalition,PPD/PSD.CDS-PP,AFIRMAR A NOSSA TERRA,739
mapa_1_resultados.xlsx,2913,AL2021,170107,AF,PS,party,PS,,175
mapa_1_resultados.xlsx,2913,AL2021,170107,AF,[A],coalition,PPD/PSD.CDS-PP,AFIRMAR A NOSSA TERRA,415
mapa_1_resultados.xlsx,2914,AL2021,170108,AF,PS,party,PS,,143
mapa_1_resultados.xlsx,2914,AL2021,170108,AF,[A],coalition,PPD/PSD.CDS-PP,AFIRMAR A NOSSA TERRA,157
mapa_1_resultados.xlsx,2915,AL2021,170109,AF,PS,party,PS,,201
mapa_1_resultados.xlsx,2915,AL2021,170109,AF,PCP-PEV,coalition,PCP-PEV,,44
mapa_1_resultados.xlsx,2915,AL2021,170109,AF,[A],coalition,PPD/PSD.CDS-PP,AFIRMAR A NOSSA TERRA,194
mapa_1_resultados.xlsx,2916,AL2021,170112,AF,PS,party,PS,,241
mapa_1_resultados.xlsx,2916,AL2021,170112,AF,[A],coalition,PPD/PSD.CDS-PP,AFIRMAR A NOSSA TERRA,430
mapa_1_resultados.xlsx,2916,AL2021,170112,AF,[D],citizen_group,SDFM,Sanfins do Douro Freguesia em Movimento,157
mapa_1_resultados.xlsx,2917,AL2021,170113,AF,CH,party,CH,,9
mapa_1_resultados.xlsx,2917,AL2021,170113,AF,PS,party,PS,,70
mapa_1_resultados.xlsx,2917,AL2021,170113,AF,[A],coalition,PPD/PSD.CDS-PP,AFIRMAR A NOSSA TERRA,155
mapa_1_resultados.xlsx,2918,AL2021,170114,AF,PS,party,PS,,134
mapa_1_resultados.xlsx,2918,AL2021,170114,AF,[A],coalition,PPD/PSD.CDS-PP,AFIRMAR A NOSSA TERRA,181
mapa_1_resultados.xlsx,2918,AL2021,170114,AF,[D],citizen_group,MIRA,Movimento Indfependente Ribatua Avança,119
mapa_1_resultados.xlsx,2919,AL2021,170116,AF,PS,party,PS,,162
mapa_1_resultados.xlsx,2919,AL2021,170116,AF,[A],coalition,PPD/PSD.CDS-PP,AFIRMAR A NOSSA TERRA,143
mapa_1_resultados.xlsx,2920,AL2021,170117,AF,PS,party,PS,,66
mapa_1_resultados.xlsx,2920,AL2021,170117,AF,[A],coalition,PPD/PSD.CDS-PP,AFIRMAR A NOSSA TERRA,303
mapa_1_resultados.xlsx,2921,AL2021,170118,AF,CH,party,CH,,94
mapa_1_resultados.xlsx,2921,AL2021,170118,AF,PS,party,PS,,138
mapa_1_resultados.xlsx,2921,AL2021,170118,AF,[A],coalition,PPD/PSD.CDS-PP,AFIRMAR A NOSSA TERRA,354
mapa_1_resultados.xlsx,2922,AL2021,170120,AF,PS,party,PS,,176
mapa_1_resultados.xlsx,2922,AL2021,170120,AF,[A],coalition,PPD/PSD.CDS-PP,AFIRMAR A NOSSA TERRA,280
mapa_1_resultados.xlsx,2923,AL2021,170121,AF,PS,party,PS,,160
mapa_1_resultados.xlsx,2923,AL2021,170121,AF,[A],coalition,PPD/PSD.CDS-PP,AFIRMAR A NOSSA TERRA,233
mapa_1_resultados.xlsx,2924,AL2021,170122,AF,PS,party,PS,,67
mapa_1_resultados.xlsx,2924,AL2021,170122,AF,[A],coalition,PPD/PSD.CDS-PP,AFIRMAR A NOSSA TERRA,274
mapa_1_resultados.xlsx,2925,AL2021,170123,AF,PS,party,PS,,142
mapa_1_resultados.xlsx,2925,AL2021,170123,AF,[A],coalition,PPD/PSD.CDS-PP,AFIRMAR A NOSSA TERRA,211
mapa_1_resultados.xlsx,2926,AL2021,170200,CM,CH,party,CH,,63
mapa_1_resultados.xlsx,2926,AL2021,170200,CM,PPD/PSD,party,PPD/PSD,,2966
mapa_1_resultados.xlsx,2926,AL2021,170200,CM,PCP-PEV,coalition,PCP-PEV,,153
mapa_1_resultados.xlsx,2926,AL2021,170200,CM,[D],citizen_group,I,Independente- I,643
mapa_1_resultados.xlsx,2927,AL2021,170200,AM,PPD/PSD,party,PPD/PSD,,2925
mapa_1_resultados.xlsx,2927,AL2021,170200,AM,PCP-PEV,coalition,PCP-PEV,,188
mapa_1_resultados.xlsx,2927,AL2021,170200,AM,[D],citizen_group,I,Independente- I,674
mapa_1_resultados.xlsx,2928,AL2021,170203,AF,PPD/PSD,party,PPD/PSD,,552
mapa_1_resultados.xlsx,2929,AL2021,170208,AF,PPD/PSD,party,PPD/PSD,,130
mapa_1_resultados.xlsx,2930,AL2021,170210,AF,PPD/PSD,party,PPD/PSD,,92
mapa_1_resultados.xlsx,2930,AL2021,170210,AF,[D],citizen_group,CDI,Couto Dornelas Independente,221
mapa_1_resultados.xlsx,2931,AL2021,170213,AF,PPD/PSD,party,PPD/PSD,,248
mapa_1_resultados.xlsx,2932,AL2021,170215,AF,PPD/PSD,party,PPD/PSD,,235
mapa_1_resultados.xlsx,2933,AL2021,170217,AF,PPD/PSD,party,PPD/PSD,,282
mapa_1_resultados.xlsx,2934,AL2021,170218,AF,PPD/PSD,party,PPD/PSD,,334
mapa_1_resultados.xlsx,2935,AL2021,170219,AF,PPD/PSD,party,PPD/PSD,,825
mapa_1_resultados.xlsx,2936,AL2021,170220,AF,PPD/PSD,party,PPD/PSD,,195
mapa_1_resultados.xlsx,2937,AL2021,170221,AF,PPD/PSD,party,PPD/PSD,,329
mapa_1_resultados.xlsx,2938,AL2021,170300,CM,CH,party,CH,,497
mapa_1_resultados.xlsx,2938,AL2021,170300,CM,PS,party,PS,,13003
mapa_1_resultados.xlsx,2938,AL2021,170300,CM,PCP-PEV,coalition,PCP-PEV,,771
mapa_1_resultados.xlsx,2938,AL2021,170300,CM,[A],coalition,PPD/PSD.CDS-PP,CHAVES PRIMEIRO,8674
mapa_1_resultados.xlsx,2939,AL2021,170300,AM,B.E.,party,B.E.,,555
mapa_1_resultados.xlsx,2939,AL2021,170300,AM,CH,party,CH,,756
mapa_1_resultados.xlsx,2939,AL2021,170300,AM,PS,party,PS,,11690
mapa_1_resultados.xlsx,2939,AL2021,170300,AM,PCP-PEV,coalition,PCP-PEV,,892
mapa_1_resultados.xlsx,2939,AL2021,170300,AM,[A],coalition,PPD/PSD.CDS-PP,CHAVES PRIMEIRO,8871
mapa_1_resultados.xlsx,2940,AL2021,170301,AF,PS,party,PS,,298
mapa_1_resultados.xlsx,2940,AL2021,170301,AF,[A],coalition,PPD/PSD.CDS-PP,CHAVES PRIMEIRO,155
mapa_1_resultados.xlsx,2941,AL2021,170302,AF,PS,party,PS,,106
mapa_1_resultados.xlsx,2941,AL2021,170302,AF,[A],coalition,PPD/PSD.CDS-PP,CHAVES PRIMEIRO,224
mapa_1_resultados.xlsx,2942,AL2021,170305,AF,PS,party,PS,,70
mapa_1_resultados.xlsx,2942,AL2021,170305,AF,[A],coalition,PPD/PSD.CDS-PP,CHAVES PRIMEIRO,231
mapa_1_resultados.xlsx,2943,AL2021,170309,AF,[A],coalition,PPD/PSD.CDS-PP,CHAVES PRIMEIRO,68
mapa_1_resultados.xlsx,2943,AL2021,170309,AF,[D],citizen_group,pnts,Pela Nossa Terra Sempre - XXI,215
mapa_1_resultados.xlsx,2944,AL2021,170310,AF,PS,party,PS,,208
mapa_1_resultados.xlsx,2944,AL2021,170310,AF,[A],coalition,PPD/PSD.CDS-PP,CHAVES PRIMEIRO,119
mapa_1_resultados.xlsx,2945,AL2021,170312,AF,PS,party,PS,,304
mapa_1_resultados.xlsx,2945,AL2021,170312,AF,[A],coalition,PPD/PSD.CDS-PP,CHAVES PRIMEIRO,189
mapa_1_resultados.xlsx,2946,AL2021,170313,AF,PS,party,PS,,301
mapa_1_resultados.xlsx,2946,AL2021,170313,AF,PCP-PEV,coalition,PCP-PEV,,12
mapa_1_resultados.xlsx,2946,AL2021,170313,AF,[A],coalition,PPD/PSD.CDS-PP,CHAVES PRIMEIRO,243
mapa_1_resultados.xlsx,2947,AL2021,170314,AF,PS,party,PS,,143
mapa_1_resultados.xlsx,2947,AL2021,170314,AF,[A],coalition,PPD/PSD.CDS-PP,CHAVES PRIMEIRO,122
mapa_1_resultados.xlsx,2948,AL2021,170316,AF,PS,party,PS,,177
mapa_1_resultados.xlsx,2949,AL2021,170317,AF,PS,party,PS,,52
mapa_1_resultados.xlsx,2949,AL2021,170317,AF,[A],coalition,PPD/PSD.CDS-PP,CHAVES PRIMEIRO,20
mapa_1_resultados.xlsx,2949,AL2021,170317,AF,[D],citizen_group,upm,Unidos Por Moreiras - XXI,99
mapa_1_resultados.xlsx,2950,AL2021,170318,AF,PS,party,PS,,250
mapa_1_resultados.xlsx,2950,AL2021,170318,AF,[A],coalition,PPD/PSD.CDS-PP,CHAVES PRIMEIRO,112
mapa_1_resultados.xlsx,2951,AL2021,170320,AF,PS,party,PS,,133
mapa_1_resultados.xlsx,2951,AL2021,170320,AF,[A],coalition,PPD/PSD.CDS-PP,CHAVES PRIMEIRO,191
mapa_1_resultados.xlsx,2952,AL2021,170321,AF,PS,party,PS,,332
mapa_1_resultados.xlsx,2952,AL2021,170321,AF,PCP-PEV,coalition,PCP-PEV,,10
mapa_1_resultados.xlsx,2952,AL2021,170321,AF,[A],coalition,PPD/PSD.CDS-PP,CHAVES PRIMEIRO,198
mapa_1_resultados.xlsx,2953,AL2021,170322,AF,PS,party,PS,,122
mapa_1_resultados.xlsx,2954,AL2021,170324,AF,PS,party,PS,,204
mapa_1_resultados.xlsx,2954,AL2021,170324,AF,[A],coalition,PPD/PSD.CDS-PP,CHAVES PRIMEIRO,102
mapa_1_resultados.xlsx,2955,AL2021,170327,AF,PS,party,PS,,69
mapa_1_resultados.xlsx,2955,AL2021,170327,AF,PCP-PEV,coalition,PCP-PEV,,10
mapa_1_resultados.xlsx,2955,AL2021,170327,AF,[A],coalition,PPD/PSD.CDS-PP,CHAVES PRIMEIRO,84
mapa_1_resultados.xlsx,2956,AL2021,170329,AF,PS,party,PS,,91
mapa_1_resultados.xlsx,2956,AL2021,170329,AF,[A],coalition,PPD/PSD.CDS-PP,CHAVES PRIMEIRO,112
mapa_1_resultados.xlsx,2957,AL2021,170330,AF,PS,party,PS,,192
mapa_1_resultados.xlsx,2957,AL2021,170330,AF,[A],coalition,PPD/PSD.CDS-PP,CHAVES PRIMEIRO,105
mapa_1_resultados.xlsx,2958,AL2021,170331,AF,CH,party,CH,,28
mapa_1_resultados.xlsx,2958,AL2021,170331,AF,PS,party,PS,,216
mapa_1_resultados.xlsx,2958,AL2021,170331,AF,[A],coalition,PPD/PSD.CDS-PP,CHAVES PRIMEIRO,141
mapa_1_resultados.xlsx,2959,AL2021,170333,AF,PS,party,PS,,575
mapa_1_resultados.xlsx,2959,AL2021,170333,AF,[A],coalition,PPD/PSD.CDS-PP,CHAVES PRIMEIRO,216
mapa_1_resultados.xlsx,2960,AL2021,170334,AF,[A],coalition,PPD/PSD.CDS-PP,CHAVES PRIMEIRO,66
mapa_1_resultados.xlsx,2960,AL2021,170334,AF,[D],citizen_group,jpfsv,JUNTOS PELA FREGUESIA DE SÃO VICENTE - XXI,82
mapa_1_resultados.xlsx,2961,AL2021,170340,AF,PS,party,PS,,46
mapa_1_resultados.xlsx,2961,AL2021,170340,AF,[A],coalition,PPD/PSD.CDS-PP,CHAVES PRIMEIRO,101
mapa_1_resultados.xlsx,2962,AL2021,170341,AF,PS,party,PS,,324
mapa_1_resultados.xlsx,2962,AL2021,170341,AF,PCP-PEV,coalition,PCP-PEV,,31
mapa_1_resultados.xlsx,2962,AL2021,170341,AF,[A],coalition,PPD/PSD.CDS-PP,CHAVES PRIMEIRO,560
mapa_1_resultados.xlsx,2963,AL2021,170343,AF,PS,party,PS,,184
mapa_1_resultados.xlsx,2963,AL2021,170343,AF,[A],coalition,PPD/PSD.CDS-PP,CHAVES PRIMEIRO,334
mapa_1_resultados.xlsx,2964,AL2021,170344,AF,PS,party,PS,,696
mapa_1_resultados.xlsx,2964,AL2021,170344,AF,PCP-PEV,coalition,PCP-PEV,,27
mapa_1_resultados.xlsx,2964,AL2021,170344,AF,[A],coalition,PPD/PSD.CDS-PP,CHAVES PRIMEIRO,300
mapa_1_resultados.xlsx,2965,AL2021,170345,AF,PS,party,PS,,177
mapa_1_resultados.xlsx,2965,AL2021,170345,AF,[A],coalition,PPD/PSD.CDS-PP,CHAVES PRIMEIRO,174
mapa_1_resultados.xlsx,2966,AL2021,170347,AF,PS,party,PS,,51
mapa_1_resultados.xlsx,2966,AL2021,170347,AF,[A],coalition,PPD/PSD.CDS-PP,CHAVES PRIMEIRO,82
mapa_1_resultados.xlsx,2967,AL2021,170348,AF,PS,party,PS,,122
mapa_1_resultados.xlsx,2967,AL2021,170348,AF,[A],coalition,PPD/PSD.CDS-PP,CHAVES PRIMEIRO,57
mapa_1_resultados.xlsx,2968,AL2021,170349,AF,PS,party,PS,,134
mapa_1_resultados.xlsx,2968,AL2021,170349,AF,[A],coalition,PPD/PSD.CDS-PP,CHAVES PRIMEIRO,117
mapa_1_resultados.xlsx,2969,AL2021,170350,AF,PS,party,PS,,2036
mapa_1_resultados.xlsx,2969,AL2021,170350,AF,PCP-PEV,coalition,PCP-PEV,,272
mapa_1_resultados.xlsx,2969,AL2021,170350,AF,[A],coalition,PPD/PSD.CDS-PP,CHAVES PRIMEIRO,3450
mapa_1_resultados.xlsx,2970,AL2021,170353,AF,PS,party,PS,,159
mapa_1_resultados.xlsx,2970,AL2021,170353,AF,[A],coalition,PPD/PSD.CDS-PP,CHAVES PRIMEIRO,48
mapa_1_resultados.xlsx,2971,AL2021,170354,AF,CH,party,CH,,42
mapa_1_resultados.xlsx,2971,AL2021,170354,AF,PS,party,PS,,862
mapa_1_resultados.xlsx,2971,AL2021,170354,AF,PCP-PEV,coalition,PCP-PEV,,49
mapa_1_resultados.xlsx,2971,AL2021,170354,AF,[A],coalition,PPD/PSD.CDS-PP,CHAVES PRIMEIRO,509
mapa_1_resultados.xlsx,2972,AL2021,170355,AF,PS,party,PS,,355
mapa_1_resultados.xlsx,2972,AL2021,170355,AF,[A],coalition,PPD/PSD.CDS-PP,CHAVES PRIMEIRO,293
mapa_1_resultados.xlsx,2973,AL2021,170356,AF,PS,party,PS,,218
mapa_1_resultados.xlsx,2973,AL2021,170356,AF,PCP-PEV,coalition,PCP-PEV,,8
mapa_1_resultados.xlsx,2973,AL2021,170356,AF,[A],coalition,PPD/PSD.CDS-PP,CHAVES PRIMEIRO,95
mapa_1_resultados.xlsx,2974,AL2021,170357,AF,PS,party,PS,,246
mapa_1_resultados.xlsx,2974,AL2021,170357,AF,[A],coalition,PPD/PSD.CDS-PP,CHAVES PRIMEIRO,193
mapa_1_resultados.xlsx,2975,AL2021,170358,AF,CH,party,CH,,69
mapa_1_resultados.xlsx,2975,AL2021,170358,AF,PS,party,PS,,934
mapa_1_resultados.xlsx,2975,AL2021,170358,AF,PCP-PEV,coalition,PCP-PEV,,49
mapa_1_resultados.xlsx,2975,AL2021,170358,AF,[A],coalition,PPD/PSD.CDS-PP,CHAVES PRIMEIRO,751
mapa_1_resultados.xlsx,2976,AL2021,170359,AF,PS,party,PS,,172
mapa_1_resultados.xlsx,2976,AL2021,170359,AF,[A],coalition,PPD/PSD.CDS-PP,CHAVES PRIMEIRO,215
mapa_1_resultados.xlsx,2977,AL2021,170360,AF,PS,party,PS,,228
mapa_1_resultados.xlsx,2977,AL2021,170360,AF,PCP-PEV,coalition,PCP-PEV,,4
mapa_1_resultados.xlsx,2977,AL2021,170360,AF,[A],coalition,PPD/PSD.CDS-PP,CHAVES PRIMEIRO,74
mapa_1_resultados.xlsx,2978,AL2021,170361,AF,PS,party,PS,,368
mapa_1_resultados.xlsx,2978,AL2021,170361,AF,[A],coalition,PPD/PSD.CDS-PP,CHAVES PRIMEIRO,663
mapa_1_resultados.xlsx,2979,AL2021,170400,CM,PS,party,PS,,1258
mapa_1_resultados.xlsx,2979,AL2021,170400,CM,PCP-PEV,coalition,PCP-PEV,,30
mapa_1_resultados.xlsx,2979,AL2021,170400,CM,[A],coalition,PPD/PSD.CDS-PP,UNIDOS POR MESÃO FRIO,366
mapa_1_resultados.xlsx,2979,AL2021,170400,CM,[D],citizen_group,MMMF,Movimento Mais Mesão Frio,842
mapa_1_resultados.xlsx,2980,AL2021,170400,AM,PS,party,PS,,1233
mapa_1_resultados.xlsx,2980,AL2021,170400,AM,PCP-PEV,coalition,PCP-PEV,,31
mapa_1_resultados.xlsx,2980,AL2021,170400,AM,[A],coalition,PPD/PSD.CDS-PP,UNIDOS POR MESÃO FRIO,354
mapa_1_resultados.xlsx,2980,AL2021,170400,AM,[D],citizen_group,MMMF,Movimento Mais Mesão Frio,877
mapa_1_resultados.xlsx,2981,AL2021,170401,AF,PS,party,PS,,256
mapa_1_resultados.xlsx,2981,AL2021,170401,AF,[A],coalition,PPD/PSD.CDS-PP,UNIDOS POR MESÃO FRIO,109
mapa_1_resultados.xlsx,2983,AL2021,170403,AF,PS,party,PS,,177
mapa_1_resultados.xlsx,2983,AL2021,170403,AF,[A],coalition,PPD/PSD.CDS-PP,UNIDOS POR MESÃO FRIO,65
mapa_1_resultados.xlsx,2984,AL2021,170407,AF,PS,party,PS,,322
mapa_1_resultados.xlsx,2984,AL2021,170407,AF,[A],coalition,PPD/PSD.CDS-PP,UNIDOS POR MESÃO FRIO,67
mapa_1_resultados.xlsx,2984,AL2021,170407,AF,[D],citizen_group,MMMF,Movimento Mais Mesão Frio,246
mapa_1_resultados.xlsx,2985,AL2021,170408,AF,PS,party,PS,,713
mapa_1_resultados.xlsx,2985,AL2021,170408,AF,[A],coalition,PPD/PSD.CDS-PP,UNIDOS POR MESÃO FRIO,356
mapa_1_resultados.xlsx,2986,AL2021,170500,CM,CDS-PP,party,CDS-PP,,281
mapa_1_resultados.xlsx,2986,AL2021,170500,CM,PPD/PSD,party,PPD/PSD,,2331
mapa_1_resultados.xlsx,2986,AL2021,170500,CM,PS,party,PS,,2006
mapa_1_resultados.xlsx,2986,AL2021,170500,CM,PCP-PEV,coalition,PCP-PEV,,40
mapa_1_resultados.xlsx,2987,AL2021,170500,AM,CDS-PP,party,CDS-PP,,324
mapa_1_resultados.xlsx,2987,AL2021,170500,AM,PPD/PSD,party,PPD/PSD,,2233
mapa_1_resultados.xlsx,2987,AL2021,170500,AM,PS,party,PS,,2009
mapa_1_resultados.xlsx,2987,AL2021,170500,AM,PCP-PEV,coalition,PCP-PEV,,63
mapa_1_resultados.xlsx,2988,AL2021,170501,AF,CDS-PP,party,CDS-PP,,107
mapa_1_resultados.xlsx,2988,AL2021,170501,AF,PPD/PSD,party,PPD/PSD,,245
mapa_1_resultados.xlsx,2988,AL2021,170501,AF,PS,party,PS,,399
mapa_1_resultados.xlsx,2989,AL2021,170502,AF,CDS-PP,party,CDS-PP,,53
mapa_1_resultados.xlsx,2989,AL2021,170502,AF,PPD/PSD,party,PPD/PSD,,119
mapa_1_resultados.xlsx,2989,AL2021,170502,AF,PS,party,PS,,200
mapa_1_resultados.xlsx,2990,AL2021,170505,AF,PPD/PSD,party,PPD/PSD,,979
mapa_1_resultados.xlsx,2990,AL2021,170505,AF,PS,party,PS,,917
mapa_1_resultados.xlsx,2990,AL2021,170505,AF,PCP-PEV,coalition,PCP-PEV,,65
mapa_1_resultados.xlsx,2991,AL2021,170508,AF,PPD/PSD,party,PPD/PSD,,415
mapa_1_resultados.xlsx,2991,AL2021,170508,AF,PS,party,PS,,273
mapa_1_resultados.xlsx,2992,AL2021,170509,AF,PPD/PSD,party,PPD/PSD,,226
mapa_1_resultados.xlsx,2992,AL2021,170509,AF,[D],citizen_group,ICP,Independentes por Campanhó e Paradança,250
mapa_1_resultados.xlsx,2993,AL2021,170510,AF,PPD/PSD,party,PPD/PSD,,181
mapa_1_resultados.xlsx,2993,AL2021,170510,AF,PS,party,PS,,203
mapa_1_resultados.xlsx,2994,AL2021,170600,CM,PS,party,PS,,3842
mapa_1_resultados.xlsx,2994,AL2021,170600,CM,PCP-PEV,coalition,PCP-PEV,,143
mapa_1_resultados.xlsx,2994,AL2021,170600,CM,[A],coalition,PPD/PSD.CDS-PP,TODOS POR BARROSO,3167
mapa_1_resultados.xlsx,2995,AL2021,170600,AM,PS,party,PS,,3814
mapa_1_resultados.xlsx,2995,AL2021,170600,AM,PCP-PEV,coalition,PCP-PEV,,170
mapa_1_resultados.xlsx,2995,AL2021,170600,AM,[A],coalition,PPD/PSD.CDS-PP,TODOS POR BARROSO,3178
mapa_1_resultados.xlsx,2996,AL2021,170601,AF,[D],citizen_group,AFC,AFIRMAR CABRIL,145
mapa_1_resultados.xlsx,2997,AL2021,170603,AF,PS,party,PS,,82
mapa_1_resultados.xlsx,2997,AL2021,170603,AF,[A],coalition,PPD/PSD.CDS-PP,TODOS POR BARROSO,125
mapa_1_resultados.xlsx,2998,AL2021,170604,AF,PS,party,PS,,159
mapa_1_resultados.xlsx,2998,AL2021,170604,AF,[A],coalition,PPD/PSD.CDS-PP,TODOS POR BARROSO,341
mapa_1_resultados.xlsx,2999,AL2021,170607,AF,PS,party,PS,,87
mapa_1_resultados.xlsx,2999,AL2021,170607,AF,[D],citizen_group,TPC,Todos Por Covelo,60
mapa_1_resultados.xlsx,3000,AL2021,170609,AF,PS,party,PS,,170
mapa_1_resultados.xlsx,3000,AL2021,170609,AF,[D],citizen_group,SAMFF,SOMOS A MUDANÇA FREGUESIA FERRAL,104
mapa_1_resultados.xlsx,3001,AL2021,170612,AF,PS,party,PS,,124
mapa_1_resultados.xlsx,3001,AL2021,170612,AF,[A],coalition,PPD/PSD.CDS-PP,TODOS POR BARROSO,37
mapa_1_resultados.xlsx,3002,AL2021,170616,AF,PS,party,PS,,108
mapa_1_resultados.xlsx,3002,AL2021,170616,AF,[A],coalition,PPD/PSD.CDS-PP,TODOS POR BARROSO,91
mapa_1_resultados.xlsx,3003,AL2021,170618,AF,PS,party,PS,,99
mapa_1_resultados.xlsx,3004,AL2021,170619,AF,PS,party,PS,,79
mapa_1_resultados.xlsx,3005,AL2021,170623,AF,PS,party,PS,,80
mapa_1_resultados.xlsx,3006,AL2021,170625,AF,PS,party,PS,,62
mapa_1_resultados.xlsx,3007,AL2021,170626,AF,PS,party,PS,,541
mapa_1_resultados.xlsx,3007,AL2021,170626,AF,[A],coalition,PPD/PSD.CDS-PP,TODOS POR BARROSO,406
mapa_1_resultados.xlsx,3008,AL2021,170627,AF,PS,party,PS,,92
mapa_1_resultados.xlsx,3008,AL2021,170627,AF,[A],coalition,PPD/PSD.CDS-PP,TODOS POR BARROSO,35
mapa_1_resultados.xlsx,3009,AL2021,170629,AF,PS,party,PS,,123
mapa_1_resultados.xlsx,3010,AL2021,170631,AF,PS,party,PS,,71
mapa_1_resultados.xlsx,3010,AL2021,170631,AF,[D],citizen_group,TPS,Todos Por Solveira,77
mapa_1_resultados.xlsx,3011,AL2021,170632,AF,PS,party,PS,,60
mapa_1_resultados.xlsx,3011,AL2021,170632,AF,[A],coalition,PPD/PSD.CDS-PP,TODOS POR BARROSO,55
mapa_1_resultados.xlsx,3012,AL2021,170635,AF,PS,party,PS,,124
mapa_1_resultados.xlsx,3013,AL2021,170636,AF,[D],citizen_group,UCAMODO,"Unidos por Cambeses do Rio, Donões e Mourilhe",146
mapa_1_resultados.xlsx,3014,AL2021,170637,AF,PS,party,PS,,146
mapa_1_resultados.xlsx,3014,AL2021,170637,AF,[A],coalition,PPD/PSD.CDS-PP,TODOS POR BARROSO,92
mapa_1_resultados.xlsx,3015,AL2021,170638,AF,PS,party,PS,,569
mapa_1_resultados.xlsx,3015,AL2021,170638,AF,PCP-PEV,coalition,PCP-PEV,,29
mapa_1_resultados.xlsx,3015,AL2021,170638,AF,[A],coalition,PPD/PSD.CDS-PP,TODOS POR BARROSO,619
mapa_1_resultados.xlsx,3016,AL2021,170639,AF,PS,party,PS,,147
mapa_1_resultados.xlsx,3016,AL2021,170639,AF,[A],coalition,PPD/PSD.CDS-PP,TODOS POR BARROSO,121
mapa_1_resultados.xlsx,3017,AL2021,170640,AF,[D],citizen_group,LURIO,Lista União Rio,154
mapa_1_resultados.xlsx,3018,AL2021,170641,AF,PS,party,PS,,146
mapa_1_resultados.xlsx,3018,AL2021,170641,AF,[D],citizen_group,UVENOP,Unidos Por Venda Nova e Pondras,137
mapa_1_resultados.xlsx,3019,AL2021,170642,AF,PS,party,PS,,406
mapa_1_resultados.xlsx,3019,AL2021,170642,AF,[A],coalition,PPD/PSD.CDS-PP,TODOS POR BARROSO,144
mapa_1_resultados.xlsx,3020,AL2021,170643,AF,PS,party,PS,,219
mapa_1_resultados.xlsx,3020,AL2021,170643,AF,[A],coalition,PPD/PSD.CDS-PP,TODOS POR BARROSO,172
mapa_1_resultados.xlsx,3021,AL2021,170700,CM,CDS-PP,party,CDS-PP,,158
mapa_1_resultados.xlsx,3021,AL2021,170700,CM,PPD/PSD,party,PPD/PSD,,2249
mapa_1_resultados.xlsx,3021,AL2021,170700,CM,PS,party,PS,,1331
mapa_1_resultados.xlsx,3021,AL2021,170700,CM,PCP-PEV,coalition,PCP-PEV,,31
mapa_1_resultados.xlsx,3022,AL2021,170700,AM,CDS-PP,party,CDS-PP,,164
mapa_1_resultados.xlsx,3022,AL2021,170700,AM,PPD/PSD,party,PPD/PSD,,2188
mapa_1_resultados.xlsx,3022,AL2021,170700,AM,PS,party,PS,,1371
mapa_1_resultados.xlsx,3022,AL2021,170700,AM,PCP-PEV,coalition,PCP-PEV,,38
mapa_1_resultados.xlsx,3023,AL2021,170701,AF,PPD/PSD,party,PPD/PSD,,302
mapa_1_resultados.xlsx,3023,AL2021,170701,AF,PS,party,PS,,352
mapa_1_resultados.xlsx,3024,AL2021,170703,AF,PPD/PSD,party,PPD/PSD,,187
mapa_1_resultados.xlsx,3024,AL2021,170703,AF,PS,party,PS,,129
mapa_1_resultados.xlsx,3025,AL2021,170704,AF,PPD/PSD,party,PPD/PSD,,260
mapa_1_resultados.xlsx,3025,AL2021,170704,AF,PS,party,PS,,138
mapa_1_resultados.xlsx,3026,AL2021,170705,AF,CDS-PP,party,CDS-PP,,69
mapa_1_resultados.xlsx,3026,AL2021,170705,AF,PPD/PSD,party,PPD/PSD,,666
mapa_1_resultados.xlsx,3026,AL2021,170705,AF,PS,party,PS,,462
mapa_1_resultados.xlsx,3027,AL2021,170708,AF,PPD/PSD,party,PPD/PSD,,152
mapa_1_resultados.xlsx,3027,AL2021,170708,AF,PS,party,PS,,65
mapa_1_resultados.xlsx,3028,AL2021,170710,AF,PPD/PSD,party,PPD/PSD,,219
mapa_1_resultados.xlsx,3028,AL2021,170710,AF,PS,party,PS,,127
mapa_1_resultados.xlsx,3029,AL2021,170711,AF,CDS-PP,party,CDS-PP,,25
mapa_1_resultados.xlsx,3029,AL2021,170711,AF,PPD/PSD,party,PPD/PSD,,326
mapa_1_resultados.xlsx,3029,AL2021,170711,AF,PS,party,PS,,258
mapa_1_resultados.xlsx,3030,AL2021,170800,CM,B.E.,party,B.E.,,198
mapa_1_resultados.xlsx,3030,AL2021,170800,CM,CDS-PP,party,CDS-PP,,56
mapa_1_resultados.xlsx,3030,AL2021,170800,CM,CH,party,CH,,174
mapa_1_resultados.xlsx,3030,AL2021,170800,CM,PPD/PSD,party,PPD/PSD,,4827
mapa_1_resultados.xlsx,3030,AL2021,170800,CM,PS,party,PS,,3312
mapa_1_resultados.xlsx,3030,AL2021,170800,CM,PCP-PEV,coalition,PCP-PEV,,141
mapa_1_resultados.xlsx,3031,AL2021,170800,AM,B.E.,party,B.E.,,347
mapa_1_resultados.xlsx,3031,AL2021,170800,AM,CDS-PP,party,CDS-PP,,65
mapa_1_resultados.xlsx,3031,AL2021,170800,AM,CH,party,CH,,398
mapa_1_resultados.xlsx,3031,AL2021,170800,AM,PPD/PSD,party,PPD/PSD,,4350
mapa_1_resultados.xlsx,3031,AL2021,170800,AM,PS,party,PS,,3373
mapa_1_resultados.xlsx,3031,AL2021,170800,AM,PCP-PEV,coalition,PCP-PEV,,202
mapa_1_resultados.xlsx,3032,AL2021,170802,AF,PPD/PSD,party,PPD/PSD,,231
mapa_1_resultados.xlsx,3032,AL2021,170802,AF,PS,party,PS,,154
mapa_1_resultados.xlsx,3032,AL2021,170802,AF,PCP-PEV,coalition,PCP-PEV,,14
mapa_1_resultados.xlsx,3033,AL2021,170805,AF,PPD/PSD,party,PPD/PSD,,439
mapa_1_resultados.xlsx,3033,AL2021,170805,AF,PS,party,PS,,111
mapa_1_resultados.xlsx,3033,AL2021,170805,AF,PCP-PEV,coalition,PCP-PEV,,9
mapa_1_resultados.xlsx,3034,AL2021,170809,AF,PPD/PSD,party,PPD/PSD,,213
mapa_1_resultados.xlsx,3034,AL2021,170809,AF,PS,party,PS,,326
mapa_1_resultados.xlsx,3034,AL2021,170809,AF,PCP-PEV,coalition,PCP-PEV,,5
mapa_1_resultados.xlsx,3035,AL2021,170810,AF,PPD/PSD,party,PPD/PSD,,140
mapa_1_resultados.xlsx,3035,AL2021,170810,AF,PS,party,PS,,372
mapa_1_resultados.xlsx,3035,AL2021,170810,AF,PCP-PEV,coalition,PCP-PEV,,10
mapa_1_resultados.xlsx,3036,AL2021,170813,AF,PPD/PSD,party,PPD/PSD,,250
mapa_1_resultados.xlsx,3036,AL2021,170813,AF,PS,party,PS,,261
mapa_1_resultados.xlsx,3036,AL2021,170813,AF,PCP-PEV,coalition,PCP-PEV,,13
mapa_1_resultados.xlsx,3037,AL2021,170814,AF,PPD/PSD,party,PPD/PSD,,265
mapa_1_resultados.xlsx,3037,AL2021,170814,AF,PS,party,PS,,139
mapa_1_resultados.xlsx,3037,AL2021,170814,AF,PCP-PEV,coalition,PCP-PEV,,10
mapa_1_resultados.xlsx,3038,AL2021,170815,AF,B.E.,party,B.E.,,201
mapa_1_resultados.xlsx,3038,AL2021,170815,AF,PPD/PSD,party,PPD/PSD,,2574
mapa_1_resultados.xlsx,3038,AL2021,170815,AF,PS,party,PS,,2035
mapa_1_resultados.xlsx,3038,AL2021,170815,AF,PCP-PEV,coalition,PCP-PEV,,112
mapa_1_resultados.xlsx,3039,AL2021,170816,AF,PPD/PSD,party,PPD/PSD,,528
mapa_1_resultados.xlsx,3039,AL2021,170816,AF,PS,party,PS,,236
mapa_1_resultados.xlsx,3039,AL2021,170816,AF,PCP-PEV,coalition,PCP-PEV,,23
mapa_1_resultados.xlsx,3040,AL2021,170900,CM,CH,party,CH,,56
mapa_1_resultados.xlsx,3040,AL2021,170900,CM,PS,party,PS,,2969
mapa_1_resultados.xlsx,3040,AL2021,170900,CM,PCP-PEV,coalition,PCP-PEV,,25
mapa_1_resultados.xlsx,3040,AL2021,170900,CM,[A],coalition,PPD/PSD.CDS-PP,JUNTOS POR TODOS,2210
mapa_1_resultados.xlsx,3041,AL2021,170900,AM,CH,party,CH,,65
mapa_1_resultados.xlsx,3041,AL2021,170900,AM,PS,party,PS,,2949
mapa_1_resultados.xlsx,3041,AL2021,170900,AM,PCP-PEV,coalition,PCP-PEV,,35
mapa_1_resultados.xlsx,3041,AL2021,170900,AM,[A],coalition,PPD/PSD.CDS-PP,JUNTOS POR TODOS,2202
mapa_1_resultados.xlsx,3042,AL2021,170901,AF,PS,party,PS,,66
mapa_1_resultados.xlsx,3042,AL2021,170901,AF,[A],coalition,PPD/PSD.CDS-PP,JUNTOS POR TODOS,105
mapa_1_resultados.xlsx,3043,AL2021,170902,AF,PS,party,PS,,159
mapa_1_resultados.xlsx,3043,AL2021,170902,AF,[A],coalition,PPD/PSD.CDS-PP,JUNTOS POR TODOS,144
mapa_1_resultados.xlsx,3044,AL2021,170906,AF,PS,party,PS,,480
mapa_1_resultados.xlsx,3044,AL2021,170906,AF,[A],coalition,PPD/PSD.CDS-PP,JUNTOS POR TODOS,142
mapa_1_resultados.xlsx,3045,AL2021,170908,AF,PS,party,PS,,1045
mapa_1_resultados.xlsx,3045,AL2021,170908,AF,PCP-PEV,coalition,PCP-PEV,,18
mapa_1_resultados.xlsx,3045,AL2021,170908,AF,[A],coalition,PPD/PSD.CDS-PP,JUNTOS POR TODOS,754
mapa_1_resultados.xlsx,3046,AL2021,170909,AF,PS,party,PS,,1269
mapa_1_resultados.xlsx,3046,AL2021,170909,AF,PCP-PEV,coalition,PCP-PEV,,18
mapa_1_resultados.xlsx,3046,AL2021,170909,AF,[A],coalition,PPD/PSD.CDS-PP,JUNTOS POR TODOS,1067
mapa_1_resultados.xlsx,3047,AL2021,171000,CM,CDS-PP,party,CDS-PP,,335
mapa_1_resultados.xlsx,3047,AL2021,171000,CM,CH,party,CH,,43
mapa_1_resultados.xlsx,3047,AL2021,171000,CM,PPD/PSD,party,PPD/PSD,,1150
mapa_1_resultados.xlsx,3047,AL2021,171000,CM,PS,party,PS,,1218
mapa_1_resultados.xlsx,3047,AL2021,171000,CM,PCP-PEV,coalition,PCP-PEV,,57
mapa_1_resultados.xlsx,3047,AL2021,171000,CM,[D],citizen_group,JÁ!,"Trabalho, cooperação e Futuro com todos!",1153
mapa_1_resultados.xlsx,3047,AL2021,171000,CM,[E],citizen_group,JF,Justiça e Futuro,126
mapa_1_resultados.xlsx,3048,AL2021,171000,AM,CDS-PP,party,CDS-PP,,349
mapa_1_resultados.xlsx,3048,AL2021,171000,AM,PPD/PSD,party,PPD/PSD,,1004
mapa_1_resultados.xlsx,3048,AL2021,171000,AM,PS,party,PS,,1266
mapa_1_resultados.xlsx,3048,AL2021,171000,AM,PCP-PEV,coalition,PCP-PEV,,92
mapa_1_resultados.xlsx,3048,AL2021,171000,AM,[D],citizen_group,JÁ!,"Trabalho, cooperação e Futuro com todos!",1165
mapa_1_resultados.xlsx,3048,AL2021,171000,AM,[E],citizen_group,JF,Justiça e Futuro,187
mapa_1_resultados.xlsx,3049,AL2021,171001,AF,[D],citizen_group,Unidos por Celeirós do Douro,Unidos por Celeirós do Douro,113
mapa_1_resultados.xlsx,3050,AL2021,171002,AF,PS,party,PS,,79
mapa_1_resultados.xlsx,3050,AL2021,171002,AF,[D],citizen_group,Independentes por Covas do Douro,Independentes por Covas do Douro,154
mapa_1_resultados.xlsx,3050,AL2021,171002,AF,[E],citizen_group,JÁ!,"Trabalho, cooperação e Futuro com todos!",60
mapa_1_resultados.xlsx,3051,AL2021,171004,AF,CDS-PP,party,CDS-PP,,32
mapa_1_resultados.xlsx,3051,AL2021,171004,AF,PS,party,PS,,46
mapa_1_resultados.xlsx,3051,AL2021,171004,AF,[D],citizen_group,JÁ!,"Trabalho, cooperação e Futuro com todos!",105
mapa_1_resultados.xlsx,3052,AL2021,171005,AF,PPD/PSD,party,PPD/PSD,,132
mapa_1_resultados.xlsx,3052,AL2021,171005,AF,PS,party,PS,,117
mapa_1_resultados.xlsx,3053,AL2021,171007,AF,CDS-PP,party,CDS-PP,,102
mapa_1_resultados.xlsx,3053,AL2021,171007,AF,PPD/PSD,party,PPD/PSD,,110
mapa_1_resultados.xlsx,3053,AL2021,171007,AF,PS,party,PS,,211
mapa_1_resultados.xlsx,3053,AL2021,171007,AF,PCP-PEV,coalition,PCP-PEV,,23
mapa_1_resultados.xlsx,3054,AL2021,171009,AF,PPD/PSD,party,PPD/PSD,,180
mapa_1_resultados.xlsx,3054,AL2021,171009,AF,PS,party,PS,,353
mapa_1_resultados.xlsx,3054,AL2021,171009,AF,PCP-PEV,coalition,PCP-PEV,,77
mapa_1_resultados.xlsx,3054,AL2021,171009,AF,[D],citizen_group,JÁ!,"Trabalho, cooperação e Futuro com todos!",225
mapa_1_resultados.xlsx,3055,AL2021,171011,AF,PPD/PSD,party,PPD/PSD,,125
mapa_1_resultados.xlsx,3055,AL2021,171011,AF,PS,party,PS,,124
mapa_1_resultados.xlsx,3056,AL2021,171013,AF,CDS-PP,party,CDS-PP,,52
mapa_1_resultados.xlsx,3056,AL2021,171013,AF,PPD/PSD,party,PPD/PSD,,131
mapa_1_resultados.xlsx,3056,AL2021,171013,AF,PS,party,PS,,157
mapa_1_resultados.xlsx,3057,AL2021,171014,AF,PPD/PSD,party,PPD/PSD,,119
mapa_1_resultados.xlsx,3057,AL2021,171014,AF,PS,party,PS,,116
mapa_1_resultados.xlsx,3058,AL2021,171015,AF,[D],citizen_group,Independentes por Vilarinho S. Romão,Independentes por Vilarinho S. Romão,133
mapa_1_resultados.xlsx,3059,AL2021,171016,AF,PS,party,PS,,249
mapa_1_resultados.xlsx,3060,AL2021,171017,AF,[D],citizen_group,JNI,Junta Nova Independente,482
mapa_1_resultados.xlsx,3061,AL2021,171100,CM,PS,party,PS,,2626
mapa_1_resultados.xlsx,3061,AL2021,171100,CM,PCP-PEV,coalition,PCP-PEV,,100
mapa_1_resultados.xlsx,3061,AL2021,171100,CM,[A],coalition,PPD/PSD.CDS-PP,ALIANÇA DEMOCRÁTICA PSD/CDS,1611
mapa_1_resultados.xlsx,3062,AL2021,171100,AM,PS,party,PS,,2583
mapa_1_resultados.xlsx,3062,AL2021,171100,AM,PCP-PEV,coalition,PCP-PEV,,110
mapa_1_resultados.xlsx,3062,AL2021,171100,AM,[A],coalition,PPD/PSD.CDS-PP,ALIANÇA DEMOCRÁTICA PSD/CDS,1637
mapa_1_resultados.xlsx,3063,AL2021,171101,AF,PS,party,PS,,223
mapa_1_resultados.xlsx,3063,AL2021,171101,AF,PCP-PEV,coalition,PCP-PEV,,17
mapa_1_resultados.xlsx,3064,AL2021,171102,AF,[D],citizen_group,CAF,"Cumieira, uma Aliança com Futuro",230
mapa_1_resultados.xlsx,3064,AL2021,171102,AF,[E],citizen_group,NT,Fazer mais pela NOSSA TERRA,421
mapa_1_resultados.xlsx,3065,AL2021,171103,AF,PS,party,PS,,366
mapa_1_resultados.xlsx,3065,AL2021,171103,AF,PCP-PEV,coalition,PCP-PEV,,5
mapa_1_resultados.xlsx,3065,AL2021,171103,AF,[A],coalition,PPD/PSD.CDS-PP,ALIANÇA DEMOCRÁTICA PSD/CDS,161
mapa_1_resultados.xlsx,3066,AL2021,171106,AF,[A],coalition,PPD/PSD.CDS-PP,ALIANÇA DEMOCRÁTICA PSD/CDS,142
mapa_1_resultados.xlsx,3066,AL2021,171106,AF,[D],citizen_group,PMS,POR MEDRÕES SEMPRE,193
mapa_1_resultados.xlsx,3067,AL2021,171110,AF,PS,party,PS,,311
mapa_1_resultados.xlsx,3067,AL2021,171110,AF,[A],coalition,PPD/PSD.CDS-PP,ALIANÇA DEMOCRÁTICA PSD/CDS,137
mapa_1_resultados.xlsx,3068,AL2021,171111,AF,PS,party,PS,,1010
mapa_1_resultados.xlsx,3068,AL2021,171111,AF,PCP-PEV,coalition,PCP-PEV,,44
mapa_1_resultados.xlsx,3068,AL2021,171111,AF,[A],coalition,PPD/PSD.CDS-PP,ALIANÇA DEMOCRÁTICA PSD/CDS,599
mapa_1_resultados.xlsx,3069,AL2021,171112,AF,PS,party,PS,,295
mapa_1_resultados.xlsx,3069,AL2021,171112,AF,[A],coalition,PPD/PSD.CDS-PP,ALIANÇA DEMOCRÁTICA PSD/CDS,166
mapa_1_resultados.xlsx,3070,AL2021,171200,CM,CDS-PP,party,CDS-PP,,303
mapa_1_resultados.xlsx,3070,AL2021,171200,CM,CH,party,CH,,198
mapa_1_resultados.xlsx,3070,AL2021,171200,CM,PPD/PSD,party,PPD/PSD,,7368
mapa_1_resultados.xlsx,3070,AL2021,171200,CM,PS,party,PS,,1359
mapa_1_resultados.xlsx,3070,AL2021,171200,CM,PCP-PEV,coalition,PCP-PEV,,116
mapa_1_resultados.xlsx,3071,AL2021,171200,AM,CDS-PP,party,CDS-PP,,339
mapa_1_resultados.xlsx,3071,AL2021,171200,AM,PPD/PSD,party,PPD/PSD,,7042
mapa_1_resultados.xlsx,3071,AL2021,171200,AM,PS,party,PS,,1667
mapa_1_resultados.xlsx,3071,AL2021,171200,AM,PCP-PEV,coalition,PCP-PEV,,185
mapa_1_resultados.xlsx,3072,AL2021,171201,AF,PPD/PSD,party,PPD/PSD,,191
mapa_1_resultados.xlsx,3073,AL2021,171203,AF,[D],citizen_group,UFA,UNIDOS PELA FREGUESIA DE ARGERIZ,381
mapa_1_resultados.xlsx,3074,AL2021,171205,AF,PPD/PSD,party,PPD/PSD,,187
mapa_1_resultados.xlsx,3075,AL2021,171206,AF,PPD/PSD,party,PPD/PSD,,121
mapa_1_resultados.xlsx,3075,AL2021,171206,AF,[D],citizen_group,RUMO,RECOMEÇAR UNIDOS MUDAR OBJECTIVOS,98
mapa_1_resultados.xlsx,3076,AL2021,171209,AF,PPD/PSD,party,PPD/PSD,,314
mapa_1_resultados.xlsx,3077,AL2021,171211,AF,PPD/PSD,party,PPD/PSD,,205
mapa_1_resultados.xlsx,3078,AL2021,171212,AF,PPD/PSD,party,PPD/PSD,,160
mapa_1_resultados.xlsx,3078,AL2021,171212,AF,[D],citizen_group,UPF,UNIDOS POR FRIÕES,250
mapa_1_resultados.xlsx,3079,AL2021,171215,AF,PPD/PSD,party,PPD/PSD,,171
mapa_1_resultados.xlsx,3080,AL2021,171216,AF,PPD/PSD,party,PPD/PSD,,222
mapa_1_resultados.xlsx,3081,AL2021,171217,AF,PPD/PSD,party,PPD/PSD,,191
mapa_1_resultados.xlsx,3082,AL2021,171219,AF,PPD/PSD,party,PPD/PSD,,191
mapa_1_resultados.xlsx,3083,AL2021,171220,AF,PPD/PSD,party,PPD/PSD,,206
mapa_1_resultados.xlsx,3084,AL2021,171221,AF,PPD/PSD,party,PPD/PSD,,302
mapa_1_resultados.xlsx,3084,AL2021,171221,AF,PS,party,PS,,36
mapa_1_resultados.xlsx,3085,AL2021,171222,AF,PPD/PSD,party,PPD/PSD,,272
mapa_1_resultados.xlsx,3086,AL2021,171223,AF,PPD/PSD,party,PPD/PSD,,144
mapa_1_resultados.xlsx,3086,AL2021,171223,AF,[D],citizen_group,AU,AVANÇAMOS UNIDOS,115
mapa_1_resultados.xlsx,3087,AL2021,171224,AF,PPD/PSD,party,PPD/PSD,,118
mapa_1_resultados.xlsx,3088,AL2021,171227,AF,PPD/PSD,party,PPD/PSD,,116
mapa_1_resultados.xlsx,3089,AL2021,171229,AF,PPD/PSD,party,PPD/PSD,,170
mapa_1_resultados.xlsx,3089,AL2021,171229,AF,PS,party,PS,,68
mapa_1_resultados.xlsx,3090,AL2021,171230,AF,PPD/PSD,party,PPD/PSD,,146
mapa_1_resultados.xlsx,3091,AL2021,171231,AF,PPD/PSD,party,PPD/PSD,,367
mapa_1_resultados.xlsx,3091,AL2021,171231,AF,PS,party,PS,,159
mapa_1_resultados.xlsx,3092,AL2021,171232,AF,PPD/PSD,party,PPD/PSD,,817
mapa_1_resultados.xlsx,3092,AL2021,171232,AF,PS,party,PS,,209
mapa_1_resultados.xlsx,3093,AL2021,171233,AF,PPD/PSD,party,PPD/PSD,,328
mapa_1_resultados.xlsx,3094,AL2021,171234,AF,PPD/PSD,party,PPD/PSD,,170
mapa_1_resultados.xlsx,3094,AL2021,171234,AF,[D],citizen_group,USB,UNIDOS POR SONIM E BARREIROS,162
mapa_1_resultados.xlsx,3095,AL2021,171235,AF,PPD/PSD,party,PPD/PSD,,126
mapa_1_resultados.xlsx,3095,AL2021,171235,AF,[D],citizen_group,JPM,JUNTOS PELA MUDANÇA,105
mapa_1_resultados.xlsx,3096,AL2021,171236,AF,PPD/PSD,party,PPD/PSD,,1616
mapa_1_resultados.xlsx,3096,AL2021,171236,AF,PS,party,PS,,620
mapa_1_resultados.xlsx,3096,AL2021,171236,AF,PCP-PEV,coalition,PCP-PEV,,81
mapa_1_resultados.xlsx,3097,AL2021,171300,CM,CDS-PP,party,CDS-PP,,112
mapa_1_resultados.xlsx,3097,AL2021,171300,CM,CH,party,CH,,159
mapa_1_resultados.xlsx,3097,AL2021,171300,CM,PPD/PSD,party,PPD/PSD,,5681
mapa_1_resultados.xlsx,3097,AL2021,171300,CM,PS,party,PS,,2312
mapa_1_resultados.xlsx,3097,AL2021,171300,CM,PCP-PEV,coalition,PCP-PEV,,149
mapa_1_resultados.xlsx,3098,AL2021,171300,AM,CDS-PP,party,CDS-PP,,129
mapa_1_resultados.xlsx,3098,AL2021,171300,AM,PPD/PSD,party,PPD/PSD,,5417
mapa_1_resultados.xlsx,3098,AL2021,171300,AM,PS,party,PS,,2608
mapa_1_resultados.xlsx,3098,AL2021,171300,AM,PCP-PEV,coalition,PCP-PEV,,195
mapa_1_resultados.xlsx,3099,AL2021,171302,AF,PPD/PSD,party,PPD/PSD,,226
mapa_1_resultados.xlsx,3099,AL2021,171302,AF,PS,party,PS,,47
mapa_1_resultados.xlsx,3099,AL2021,171302,AF,PCP-PEV,coalition,PCP-PEV,,8
mapa_1_resultados.xlsx,3100,AL2021,171303,AF,PPD/PSD,party,PPD/PSD,,793
mapa_1_resultados.xlsx,3100,AL2021,171303,AF,PS,party,PS,,330
mapa_1_resultados.xlsx,3101,AL2021,171304,AF,PPD/PSD,party,PPD/PSD,,249
mapa_1_resultados.xlsx,3101,AL2021,171304,AF,PS,party,PS,,88
mapa_1_resultados.xlsx,3102,AL2021,171305,AF,PPD/PSD,party,PPD/PSD,,180
mapa_1_resultados.xlsx,3102,AL2021,171305,AF,PS,party,PS,,140
mapa_1_resultados.xlsx,3103,AL2021,171310,AF,PPD/PSD,party,PPD/PSD,,157
mapa_1_resultados.xlsx,3103,AL2021,171310,AF,PS,party,PS,,265
mapa_1_resultados.xlsx,3104,AL2021,171311,AF,PPD/PSD,party,PPD/PSD,,577
mapa_1_resultados.xlsx,3104,AL2021,171311,AF,PS,party,PS,,360
mapa_1_resultados.xlsx,3105,AL2021,171312,AF,PPD/PSD,party,PPD/PSD,,202
mapa_1_resultados.xlsx,3105,AL2021,171312,AF,PS,party,PS,,104
mapa_1_resultados.xlsx,3105,AL2021,171312,AF,PCP-PEV,coalition,PCP-PEV,,19
mapa_1_resultados.xlsx,3106,AL2021,171313,AF,PPD/PSD,party,PPD/PSD,,184
mapa_1_resultados.xlsx,3106,AL2021,171313,AF,PS,party,PS,,73
mapa_1_resultados.xlsx,3107,AL2021,171314,AF,PPD/PSD,party,PPD/PSD,,1069
mapa_1_resultados.xlsx,3107,AL2021,171314,AF,PS,party,PS,,869
mapa_1_resultados.xlsx,3107,AL2021,171314,AF,PCP-PEV,coalition,PCP-PEV,,47
mapa_1_resultados.xlsx,3108,AL2021,171315,AF,PPD/PSD,party,PPD/PSD,,374
mapa_1_resultados.xlsx,3108,AL2021,171315,AF,PS,party,PS,,86
mapa_1_resultados.xlsx,3109,AL2021,171316,AF,PPD/PSD,party,PPD/PSD,,342
mapa_1_resultados.xlsx,3109,AL2021,171316,AF,PS,party,PS,,286
mapa_1_resultados.xlsx,3110,AL2021,171317,AF,PPD/PSD,party,PPD/PSD,,290
mapa_1_resultados.xlsx,3110,AL2021,171317,AF,PS,party,PS,,171
mapa_1_resultados.xlsx,3111,AL2021,171319,AF,PPD/PSD,party,PPD/PSD,,447
mapa_1_resultados.xlsx,3111,AL2021,171319,AF,PS,party,PS,,184
mapa_1_resultados.xlsx,3112,AL2021,171320,AF,PPD/PSD,party,PPD/PSD,,157
mapa_1_resultados.xlsx,3112,AL2021,171320,AF,PS,party,PS,,81
mapa_1_resultados.xlsx,3113,AL2021,171400,CM,B.E.,party,B.E.,,802
mapa_1_resultados.xlsx,3113,AL2021,171400,CM,CH,party,CH,,1246
mapa_1_resultados.xlsx,3113,AL2021,171400,CM,PS,party,PS,,17472
mapa_1_resultados.xlsx,3113,AL2021,171400,CM,PCP-PEV,coalition,PCP-PEV,,633
mapa_1_resultados.xlsx,3113,AL2021,171400,CM,[A],coalition,PPD/PSD.CDS-PP.A,VILA REAL À FRENTE,8578
mapa_1_resultados.xlsx,3114,AL2021,171400,AM,B.E.,party,B.E.,,1031
mapa_1_resultados.xlsx,3114,AL2021,171400,AM,CH,party,CH,,1442
mapa_1_resultados.xlsx,3114,AL2021,171400,AM,PS,party,PS,,16139
mapa_1_resultados.xlsx,3114,AL2021,171400,AM,PCP-PEV,coalition,PCP-PEV,,813
mapa_1_resultados.xlsx,3114,AL2021,171400,AM,[A],coalition,PPD/PSD.CDS-PP.A,VILA REAL À FRENTE,9238
mapa_1_resultados.xlsx,3115,AL2021,171401,AF,PS,party,PS,,524
mapa_1_resultados.xlsx,3115,AL2021,171401,AF,[D],citizen_group,UFA,Unidos pela Freguesia de Abaças,165
mapa_1_resultados.xlsx,3116,AL2021,171403,AF,PS,party,PS,,563
mapa_1_resultados.xlsx,3116,AL2021,171403,AF,[A],coalition,PPD/PSD.CDS-PP.A,VILA REAL À FRENTE,436
mapa_1_resultados.xlsx,3117,AL2021,171404,AF,PCP-PEV,coalition,PCP-PEV,,14
mapa_1_resultados.xlsx,3117,AL2021,171404,AF,[A],coalition,PPD/PSD.CDS-PP.A,VILA REAL À FRENTE,209
mapa_1_resultados.xlsx,3117,AL2021,171404,AF,[D],citizen_group,MMA,Movimento Mais e melhor Arroios,462
mapa_1_resultados.xlsx,3118,AL2021,171406,AF,PS,party,PS,,673
mapa_1_resultados.xlsx,3118,AL2021,171406,AF,[A],coalition,PPD/PSD.CDS-PP.A,VILA REAL À FRENTE,214
mapa_1_resultados.xlsx,3119,AL2021,171409,AF,PS,party,PS,,635
mapa_1_resultados.xlsx,3119,AL2021,171409,AF,PCP-PEV,coalition,PCP-PEV,,79
mapa_1_resultados.xlsx,3119,AL2021,171409,AF,[A],coalition,PPD/PSD.CDS-PP.A,VILA REAL À FRENTE,480
mapa_1_resultados.xlsx,3120,AL2021,171410,AF,PS,party,PS,,186
mapa_1_resultados.xlsx,3120,AL2021,171410,AF,[D],citizen_group,UPG,Unidos por Guiães,182
mapa_1_resultados.xlsx,3121,AL2021,171414,AF,PCP-PEV,coalition,PCP-PEV,,67
mapa_1_resultados.xlsx,3121,AL2021,171414,AF,[A],coalition,PPD/PSD.CDS-PP.A,VILA REAL À FRENTE,434
mapa_1_resultados.xlsx,3121,AL2021,171414,AF,[D],citizen_group,AL,Amar Lordelo,1116
mapa_1_resultados.xlsx,3122,AL2021,171415,AF,PS,party,PS,,941
mapa_1_resultados.xlsx,3122,AL2021,171415,AF,PCP-PEV,coalition,PCP-PEV,,82
mapa_1_resultados.xlsx,3122,AL2021,171415,AF,[A],coalition,PPD/PSD.CDS-PP.A,VILA REAL À FRENTE,758
mapa_1_resultados.xlsx,3123,AL2021,171416,AF,CH,party,CH,,68
mapa_1_resultados.xlsx,3123,AL2021,171416,AF,PS,party,PS,,432
mapa_1_resultados.xlsx,3123,AL2021,171416,AF,[A],coalition,PPD/PSD.CDS-PP.A,VILA REAL À FRENTE,130
mapa_1_resultados.xlsx,3124,AL2021,171420,AF,PS,party,PS,,393
mapa_1_resultados.xlsx,3124,AL2021,171420,AF,PCP-PEV,coalition,PCP-PEV,,22
mapa_1_resultados.xlsx,3124,AL2021,171420,AF,[A],coalition,PPD/PSD.CDS-PP.A,VILA REAL À FRENTE,357
mapa_1_resultados.xlsx,3124,AL2021,171420,AF,[D],citizen_group,UPNF,Unidos Pela Nossa Freguesia,230
mapa_1_resultados.xlsx,3125,AL2021,171426,AF,PS,party,PS,,760
mapa_1_resultados.xlsx,3125,AL2021,171426,AF,[A],coalition,PPD/PSD.CDS-PP.A,VILA REAL À FRENTE,236
mapa_1_resultados.xlsx,3126,AL2021,171429,AF,PS,party,PS,,710
mapa_1_resultados.xlsx,3126,AL2021,171429,AF,[A],coalition,PPD/PSD.CDS-PP.A,VILA REAL À FRENTE,442
mapa_1_resultados.xlsx,3127,AL2021,171431,AF,PS,party,PS,,900
mapa_1_resultados.xlsx,3127,AL2021,171431,AF,[A],coalition,PPD/PSD.CDS-PP.A,VILA REAL À FRENTE,718
mapa_1_resultados.xlsx,3128,AL2021,171432,AF,PS,party,PS,,845
mapa_1_resultados.xlsx,3128,AL2021,171432,AF,PCP-PEV,coalition,PCP-PEV,,56
mapa_1_resultados.xlsx,3128,AL2021,171432,AF,[A],coalition,PPD/PSD.CDS-PP.A,VILA REAL À FRENTE,485
mapa_1_resultados.xlsx,3129,AL2021,171433,AF,PS,party,PS,,418
mapa_1_resultados.xlsx,3129,AL2021,171433,AF,[A],coalition,PPD/PSD.CDS-PP.A,VILA REAL À FRENTE,397
mapa_1_resultados.xlsx,3129,AL2021,171433,AF,[D],citizen_group,V.N.-F/C.V,V. Nogueiras-Freguesia/Constantim-Vila,268
mapa_1_resultados.xlsx,3130,AL2021,171434,AF,PS,party,PS,,1422
mapa_1_resultados.xlsx,3130,AL2021,171434,AF,PCP-PEV,coalition,PCP-PEV,,63
mapa_1_resultados.xlsx,3130,AL2021,171434,AF,[A],coalition,PPD/PSD.CDS-PP.A,VILA REAL À FRENTE,606
mapa_1_resultados.xlsx,3131,AL2021,171435,AF,PS,party,PS,,328
mapa_1_resultados.xlsx,3131,AL2021,171435,AF,[A],coalition,PPD/PSD.CDS-PP.A,VILA REAL À FRENTE,300
mapa_1_resultados.xlsx,3132,AL2021,171436,AF,[D],citizen_group,PQVCS,"Pena, Quintã e Vila Cova, SEMPRE",455
mapa_1_resultados.xlsx,3133,AL2021,171437,AF,[A],coalition,PPD/PSD.CDS-PP.A,VILA REAL À FRENTE,272
mapa_1_resultados.xlsx,3133,AL2021,171437,AF,[D],citizen_group,SSTJ,Sentir São Tomé e Justes,476
mapa_1_resultados.xlsx,3134,AL2021,171438,AF,B.E.,party,B.E.,,466
mapa_1_resultados.xlsx,3134,AL2021,171438,AF,CH,party,CH,,383
mapa_1_resultados.xlsx,3134,AL2021,171438,AF,PS,party,PS,,4487
mapa_1_resultados.xlsx,3134,AL2021,171438,AF,PCP-PEV,coalition,PCP-PEV,,282
mapa_1_resultados.xlsx,3134,AL2021,171438,AF,[A],coalition,PPD/PSD.CDS-PP.A,VILA REAL À FRENTE,2861
mapa_1_resultados.xlsx,3136,AL2021,180100,CM,PCP-PEV,coalition,PCP-PEV,,319
mapa_1_resultados.xlsx,3136,AL2021,180100,CM,[A],coalition,PPD/PSD.CDS-PP,PRIMEIRO ARMAMAR,2211
mapa_1_resultados.xlsx,3136,AL2021,180100,CM,[D],citizen_group,PNT,Pela Nossa Terra,1153
mapa_1_resultados.xlsx,3137,AL2021,180100,AM,PCP-PEV,coalition,PCP-PEV,,400
mapa_1_resultados.xlsx,3137,AL2021,180100,AM,[A],coalition,PPD/PSD.CDS-PP,PRIMEIRO ARMAMAR,1967
mapa_1_resultados.xlsx,3137,AL2021,180100,AM,[D],citizen_group,PNT,Pela Nossa Terra,1072
mapa_1_resultados.xlsx,3137,AL2021,180100,AM,[E],citizen_group,UA,Unir Armamar,236
mapa_1_resultados.xlsx,3138,AL2021,180101,AF,[A],coalition,PPD/PSD.CDS-PP,PRIMEIRO ARMAMAR,138
mapa_1_resultados.xlsx,3138,AL2021,180101,AF,[D],citizen_group,PNT,Pela Nossa Terra,76
mapa_1_resultados.xlsx,3139,AL2021,180104,AF,[D],citizen_group,CC,Cimbres no Coração,121
mapa_1_resultados.xlsx,3140,AL2021,180106,AF,PCP-PEV,coalition,PCP-PEV,,22
mapa_1_resultados.xlsx,3140,AL2021,180106,AF,[A],coalition,PPD/PSD.CDS-PP,PRIMEIRO ARMAMAR,84
mapa_1_resultados.xlsx,3140,AL2021,180106,AF,[D],citizen_group,DMV,Dar Mais Vida Folgosa,44
mapa_1_resultados.xlsx,3140,AL2021,180106,AF,[E],citizen_group,PNT,Pela Nossa Terra,42
mapa_1_resultados.xlsx,3140,AL2021,180106,AF,[F],citizen_group,THC,Trabalho Honestidade Competência,57
mapa_1_resultados.xlsx,3141,AL2021,180107,AF,PCP-PEV,coalition,PCP-PEV,,78
mapa_1_resultados.xlsx,3141,AL2021,180107,AF,[A],coalition,PPD/PSD.CDS-PP,PRIMEIRO ARMAMAR,300
mapa_1_resultados.xlsx,3142,AL2021,180109,AF,[A],coalition,PPD/PSD.CDS-PP,PRIMEIRO ARMAMAR,73
mapa_1_resultados.xlsx,3142,AL2021,180109,AF,[D],citizen_group,PNT,Pela Nossa Terra,103
mapa_1_resultados.xlsx,3143,AL2021,180110,AF,[A],coalition,PPD/PSD.CDS-PP,PRIMEIRO ARMAMAR,59
mapa_1_resultados.xlsx,3143,AL2021,180110,AF,[D],citizen_group,PNT,Pela Nossa Terra,104
mapa_1_resultados.xlsx,3144,AL2021,180111,AF,[A],coalition,PPD/PSD.CDS-PP,PRIMEIRO ARMAMAR,79
mapa_1_resultados.xlsx,3145,AL2021,180114,AF,PCP-PEV,coalition,PCP-PEV,,17
mapa_1_resultados.xlsx,3145,AL2021,180114,AF,[A],coalition,PPD/PSD.CDS-PP,PRIMEIRO ARMAMAR,179
mapa_1_resultados.xlsx,3145,AL2021,180114,AF,[D],citizen_group,PNT,Pela Nossa Terra,137
mapa_1_resultados.xlsx,3146,AL2021,180115,AF,PCP-PEV,coalition,PCP-PEV,,2
mapa_1_resultados.xlsx,3146,AL2021,180115,AF,[A],coalition,PPD/PSD.CDS-PP,PRIMEIRO ARMAMAR,160
mapa_1_resultados.xlsx,3146,AL2021,180115,AF,[D],citizen_group,PNT,Pela Nossa Terra,214
mapa_1_resultados.xlsx,3147,AL2021,180118,AF,[A],coalition,PPD/PSD.CDS-PP,PRIMEIRO ARMAMAR,73
mapa_1_resultados.xlsx,3147,AL2021,180118,AF,[D],citizen_group,PPT,Progesso Para Todos,65
mapa_1_resultados.xlsx,3148,AL2021,180120,AF,PCP-PEV,coalition,PCP-PEV,,221
mapa_1_resultados.xlsx,3148,AL2021,180120,AF,[A],coalition,PPD/PSD.CDS-PP,PRIMEIRO ARMAMAR,482
mapa_1_resultados.xlsx,3148,AL2021,180120,AF,[D],citizen_group,PNT,Pela Nossa Terra,158
mapa_1_resultados.xlsx,3149,AL2021,180121,AF,[A],coalition,PPD/PSD.CDS-PP,PRIMEIRO ARMAMAR,58
mapa_1_resultados.xlsx,3149,AL2021,180121,AF,[D],citizen_group,PNT,Pela Nossa Terra,24
mapa_1_resultados.xlsx,3149,AL2021,180121,AF,[E],citizen_group,UNAM,União na Mudança,46
mapa_1_resultados.xlsx,3150,AL2021,180122,AF,PCP-PEV,coalition,PCP-PEV,,70
mapa_1_resultados.xlsx,3150,AL2021,180122,AF,[A],coalition,PPD/PSD.CDS-PP,PRIMEIRO ARMAMAR,105
mapa_1_resultados.xlsx,3151,AL2021,180123,AF,PCP-PEV,coalition,PCP-PEV,,96
mapa_1_resultados.xlsx,3151,AL2021,180123,AF,[A],coalition,PPD/PSD.CDS-PP,PRIMEIRO ARMAMAR,154
mapa_1_resultados.xlsx,3152,AL2021,180200,CM,B.E.,party,B.E.,,73
mapa_1_resultados.xlsx,3152,AL2021,180200,CM,CDS-PP,party,CDS-PP,,205
mapa_1_resultados.xlsx,3152,AL2021,180200,CM,PPD/PSD,party,PPD/PSD,,855
mapa_1_resultados.xlsx,3152,AL2021,180200,CM,PS,party,PS,,2869
mapa_1_resultados.xlsx,3152,AL2021,180200,CM,PCP-PEV,coalition,PCP-PEV,,43
mapa_1_resultados.xlsx,3152,AL2021,180200,CM,[D],citizen_group,CICC,Cidadãos Independentes pelo Concelho de Carregal,1280
mapa_1_resultados.xlsx,3153,AL2021,180200,AM,B.E.,party,B.E.,,203
mapa_1_resultados.xlsx,3153,AL2021,180200,AM,CDS-PP,party,CDS-PP,,234
mapa_1_resultados.xlsx,3153,AL2021,180200,AM,PPD/PSD,party,PPD/PSD,,1201
mapa_1_resultados.xlsx,3153,AL2021,180200,AM,PS,party,PS,,2346
mapa_1_resultados.xlsx,3153,AL2021,180200,AM,PCP-PEV,coalition,PCP-PEV,,50
mapa_1_resultados.xlsx,3153,AL2021,180200,AM,[D],citizen_group,CICC,Cidadãos Independentes pelo Concelho de Carregal,1293
mapa_1_resultados.xlsx,3154,AL2021,180201,AF,CDS-PP,party,CDS-PP,,17
mapa_1_resultados.xlsx,3154,AL2021,180201,AF,PPD/PSD,party,PPD/PSD,,156
mapa_1_resultados.xlsx,3154,AL2021,180201,AF,[D],citizen_group,CICC,Cidadãos Independentes pelo Concelho de Carregal,76
mapa_1_resultados.xlsx,3154,AL2021,180201,AF,[E],citizen_group,UPNF,Unidos Pela Nossa Freguesia,330
mapa_1_resultados.xlsx,3155,AL2021,180202,AF,CDS-PP,party,CDS-PP,,109
mapa_1_resultados.xlsx,3155,AL2021,180202,AF,PPD/PSD,party,PPD/PSD,,135
mapa_1_resultados.xlsx,3155,AL2021,180202,AF,PS,party,PS,,568
mapa_1_resultados.xlsx,3155,AL2021,180202,AF,[D],citizen_group,CICC,Cidadãos Independentes pelo Concelho de Carregal,61
mapa_1_resultados.xlsx,3156,AL2021,180204,AF,CDS-PP,party,CDS-PP,,94
mapa_1_resultados.xlsx,3156,AL2021,180204,AF,PPD/PSD,party,PPD/PSD,,488
mapa_1_resultados.xlsx,3156,AL2021,180204,AF,PS,party,PS,,529
mapa_1_resultados.xlsx,3156,AL2021,180204,AF,PCP-PEV,coalition,PCP-PEV,,27
mapa_1_resultados.xlsx,3156,AL2021,180204,AF,[D],citizen_group,CICC,Cidadãos Independentes pelo Concelho de Carregal,466
mapa_1_resultados.xlsx,3157,AL2021,180206,AF,CDS-PP,party,CDS-PP,,81
mapa_1_resultados.xlsx,3157,AL2021,180206,AF,PPD/PSD,party,PPD/PSD,,65
mapa_1_resultados.xlsx,3157,AL2021,180206,AF,PS,party,PS,,217
mapa_1_resultados.xlsx,3157,AL2021,180206,AF,PCP-PEV,coalition,PCP-PEV,,7
mapa_1_resultados.xlsx,3157,AL2021,180206,AF,[D],citizen_group,CICC,Cidadãos Independentes pelo Concelho de Carregal,126
mapa_1_resultados.xlsx,3158,AL2021,180208,AF,CDS-PP,party,CDS-PP,,72
mapa_1_resultados.xlsx,3158,AL2021,180208,AF,PPD/PSD,party,PPD/PSD,,171
mapa_1_resultados.xlsx,3158,AL2021,180208,AF,PS,party,PS,,681
mapa_1_resultados.xlsx,3158,AL2021,180208,AF,PCP-PEV,coalition,PCP-PEV,,18
mapa_1_resultados.xlsx,3158,AL2021,180208,AF,[D],citizen_group,CICC,Cidadãos Independentes pelo Concelho de Carregal,809
mapa_1_resultados.xlsx,3159,AL2021,180300,CM,CH,party,CH,,384
mapa_1_resultados.xlsx,3159,AL2021,180300,CM,PS,party,PS,,2700
mapa_1_resultados.xlsx,3159,AL2021,180300,CM,PCP-PEV,coalition,PCP-PEV,,191
mapa_1_resultados.xlsx,3159,AL2021,180300,CM,[A],coalition,PPD/PSD.CDS-PP,PSD CDS PELA NOSSA TERRA,5859
mapa_1_resultados.xlsx,3160,AL2021,180300,AM,CH,party,CH,,572
mapa_1_resultados.xlsx,3160,AL2021,180300,AM,PS,party,PS,,2719
mapa_1_resultados.xlsx,3160,AL2021,180300,AM,PCP-PEV,coalition,PCP-PEV,,222
mapa_1_resultados.xlsx,3160,AL2021,180300,AM,[A],coalition,PPD/PSD.CDS-PP,PSD CDS PELA NOSSA TERRA,5564
mapa_1_resultados.xlsx,3161,AL2021,180301,AF,PS,party,PS,,53
mapa_1_resultados.xlsx,3161,AL2021,180301,AF,[A],coalition,PPD/PSD.CDS-PP,PSD CDS PELA NOSSA TERRA,97
mapa_1_resultados.xlsx,3162,AL2021,180303,AF,PS,party,PS,,150
mapa_1_resultados.xlsx,3162,AL2021,180303,AF,[A],coalition,PPD/PSD.CDS-PP,PSD CDS PELA NOSSA TERRA,100
mapa_1_resultados.xlsx,3163,AL2021,180304,AF,CH,party,CH,,234
mapa_1_resultados.xlsx,3163,AL2021,180304,AF,PS,party,PS,,866
mapa_1_resultados.xlsx,3163,AL2021,180304,AF,PCP-PEV,coalition,PCP-PEV,,138
mapa_1_resultados.xlsx,3163,AL2021,180304,AF,[A],coalition,PPD/PSD.CDS-PP,PSD CDS PELA NOSSA TERRA,1397
mapa_1_resultados.xlsx,3164,AL2021,180305,AF,PS,party,PS,,112
mapa_1_resultados.xlsx,3164,AL2021,180305,AF,[A],coalition,PPD/PSD.CDS-PP,PSD CDS PELA NOSSA TERRA,101
mapa_1_resultados.xlsx,3165,AL2021,180309,AF,CH,party,CH,,29
mapa_1_resultados.xlsx,3165,AL2021,180309,AF,PS,party,PS,,63
mapa_1_resultados.xlsx,3165,AL2021,180309,AF,[A],coalition,PPD/PSD.CDS-PP,PSD CDS PELA NOSSA TERRA,178
mapa_1_resultados.xlsx,3166,AL2021,180312,AF,CH,party,CH,,58
mapa_1_resultados.xlsx,3166,AL2021,180312,AF,PS,party,PS,,459
mapa_1_resultados.xlsx,3166,AL2021,180312,AF,PCP-PEV,coalition,PCP-PEV,,14
mapa_1_resultados.xlsx,3166,AL2021,180312,AF,[A],coalition,PPD/PSD.CDS-PP,PSD CDS PELA NOSSA TERRA,599
mapa_1_resultados.xlsx,3167,AL2021,180313,AF,CH,party,CH,,19
mapa_1_resultados.xlsx,3167,AL2021,180313,AF,PS,party,PS,,98
mapa_1_resultados.xlsx,3167,AL2021,180313,AF,[A],coalition,PPD/PSD.CDS-PP,PSD CDS PELA NOSSA TERRA,586
mapa_1_resultados.xlsx,3168,AL2021,180314,AF,CH,party,CH,,11
mapa_1_resultados.xlsx,3168,AL2021,180314,AF,PS,party,PS,,79
mapa_1_resultados.xlsx,3168,AL2021,180314,AF,[A],coalition,PPD/PSD.CDS-PP,PSD CDS PELA NOSSA TERRA,199
mapa_1_resultados.xlsx,3169,AL2021,180317,AF,PS,party,PS,,76
mapa_1_resultados.xlsx,3169,AL2021,180317,AF,[A],coalition,PPD/PSD.CDS-PP,PSD CDS PELA NOSSA TERRA,116
mapa_1_resultados.xlsx,3170,AL2021,180319,AF,CH,party,CH,,12
mapa_1_resultados.xlsx,3170,AL2021,180319,AF,PS,party,PS,,171
mapa_1_resultados.xlsx,3170,AL2021,180319,AF,[A],coalition,PPD/PSD.CDS-PP,PSD CDS PELA NOSSA TERRA,274
mapa_1_resultados.xlsx,3171,AL2021,180322,AF,PS,party,PS,,88
mapa_1_resultados.xlsx,3171,AL2021,180322,AF,[A],coalition,PPD/PSD.CDS-PP,PSD CDS PELA NOSSA TERRA,129
mapa_1_resultados.xlsx,3172,AL2021,180323,AF,CH,party,CH,,21
mapa_1_resultados.xlsx,3172,AL2021,180323,AF,PS,party,PS,,384
mapa_1_resultados.xlsx,3172,AL2021,180323,AF,[A],coalition,PPD/PSD.CDS-PP,PSD CDS PELA NOSSA TERRA,450
mapa_1_resultados.xlsx,3173,AL2021,180324,AF,CH,party,CH,,90
mapa_1_resultados.xlsx,3173,AL2021,180324,AF,[A],coalition,PPD/PSD.CDS-PP,PSD CDS PELA NOSSA TERRA,225
mapa_1_resultados.xlsx,3174,AL2021,180325,AF,PS,party,PS,,276
mapa_1_resultados.xlsx,3174,AL2021,180325,AF,[A],coalition,PPD/PSD.CDS-PP,PSD CDS PELA NOSSA TERRA,263
mapa_1_resultados.xlsx,3175,AL2021,180326,AF,CH,party,CH,,12
mapa_1_resultados.xlsx,3175,AL2021,180326,AF,PS,party,PS,,96
mapa_1_resultados.xlsx,3175,AL2021,180326,AF,[A],coalition,PPD/PSD.CDS-PP,PSD CDS PELA NOSSA TERRA,200
mapa_1_resultados.xlsx,3176,AL2021,180327,AF,CH,party,CH,,24
mapa_1_resultados.xlsx,3176,AL2021,180327,AF,PS,party,PS,,247
mapa_1_resultados.xlsx,3176,AL2021,180327,AF,[A],coalition,PPD/PSD.CDS-PP,PSD CDS PELA NOSSA TERRA,256
mapa_1_resultados.xlsx,3177,AL2021,180400,CM,PS,party,PS,,6696
mapa_1_resultados.xlsx,3177,AL2021,180400,CM,PCP-PEV,coalition,PCP-PEV,,196
mapa_1_resultados.xlsx,3177,AL2021,180400,CM,[A],coalition,PPD/PSD.CDS-PP.PPM,Coligação Viva Cinfães,3547
mapa_1_resultados.xlsx,3178,AL2021,180400,AM,PS,party,PS,,6333
mapa_1_resultados.xlsx,3178,AL2021,180400,AM,PCP-PEV,coalition,PCP-PEV,,289
mapa_1_resultados.xlsx,3178,AL2021,180400,AM,[A],coalition,PPD/PSD.CDS-PP.PPM,Coligação Viva Cinfães,3789
mapa_1_resultados.xlsx,3179,AL2021,180403,AF,PS,party,PS,,767
mapa_1_resultados.xlsx,3179,AL2021,180403,AF,PCP-PEV,coalition,PCP-PEV,,73
mapa_1_resultados.xlsx,3179,AL2021,180403,AF,[A],coalition,PPD/PSD.CDS-PP.PPM,Coligação Viva Cinfães,717
mapa_1_resultados.xlsx,3180,AL2021,180404,AF,PS,party,PS,,309
mapa_1_resultados.xlsx,3180,AL2021,180404,AF,[A],coalition,PPD/PSD.CDS-PP.PPM,Coligação Viva Cinfães,406
mapa_1_resultados.xlsx,3181,AL2021,180405,AF,PS,party,PS,,235
mapa_1_resultados.xlsx,3181,AL2021,180405,AF,[A],coalition,PPD/PSD.CDS-PP.PPM,Coligação Viva Cinfães,126
mapa_1_resultados.xlsx,3182,AL2021,180406,AF,PS,party,PS,,298
mapa_1_resultados.xlsx,3182,AL2021,180406,AF,[A],coalition,PPD/PSD.CDS-PP.PPM,Coligação Viva Cinfães,100
mapa_1_resultados.xlsx,3183,AL2021,180408,AF,PS,party,PS,,120
mapa_1_resultados.xlsx,3183,AL2021,180408,AF,[D],citizen_group,UPM,Unidos Por Moimenta,144
mapa_1_resultados.xlsx,3184,AL2021,180409,AF,PS,party,PS,,408
mapa_1_resultados.xlsx,3184,AL2021,180409,AF,PCP-PEV,coalition,PCP-PEV,,27
mapa_1_resultados.xlsx,3184,AL2021,180409,AF,[A],coalition,PPD/PSD.CDS-PP.PPM,Coligação Viva Cinfães,615
mapa_1_resultados.xlsx,3185,AL2021,180410,AF,[A],coalition,PPD/PSD.CDS-PP.PPM,Coligação Viva Cinfães,148
mapa_1_resultados.xlsx,3185,AL2021,180410,AF,[D],citizen_group,POS,Por Oliveira Sempre,512
mapa_1_resultados.xlsx,3186,AL2021,180412,AF,PS,party,PS,,613
mapa_1_resultados.xlsx,3186,AL2021,180412,AF,[A],coalition,PPD/PSD.CDS-PP.PPM,Coligação Viva Cinfães,313
mapa_1_resultados.xlsx,3187,AL2021,180413,AF,PS,party,PS,,489
mapa_1_resultados.xlsx,3187,AL2021,180413,AF,PCP-PEV,coalition,PCP-PEV,,18
mapa_1_resultados.xlsx,3187,AL2021,180413,AF,[A],coalition,PPD/PSD.CDS-PP.PPM,Coligação Viva Cinfães,428
mapa_1_resultados.xlsx,3188,AL2021,180414,AF,PS,party,PS,,1038
mapa_1_resultados.xlsx,3188,AL2021,180414,AF,[A],coalition,PPD/PSD.CDS-PP.PPM,Coligação Viva Cinfães,504
mapa_1_resultados.xlsx,3189,AL2021,180415,AF,PS,party,PS,,454
mapa_1_resultados.xlsx,3189,AL2021,180415,AF,[A],coalition,PPD/PSD.CDS-PP.PPM,Coligação Viva Cinfães,182
mapa_1_resultados.xlsx,3190,AL2021,180416,AF,PS,party,PS,,200
mapa_1_resultados.xlsx,3190,AL2021,180416,AF,[A],coalition,PPD/PSD.CDS-PP.PPM,Coligação Viva Cinfães,276
mapa_1_resultados.xlsx,3191,AL2021,180417,AF,PS,party,PS,,286
mapa_1_resultados.xlsx,3191,AL2021,180417,AF,[A],coalition,PPD/PSD.CDS-PP.PPM,Coligação Viva Cinfães,238
mapa_1_resultados.xlsx,3192,AL2021,180418,AF,PS,party,PS,,267
mapa_1_resultados.xlsx,3192,AL2021,180418,AF,[A],coalition,PPD/PSD.CDS-PP.PPM,Coligação Viva Cinfães,72
mapa_1_resultados.xlsx,3192,AL2021,180418,AF,[D],citizen_group,AF,"António Fernandes - Mudança, Honestidade, Confiança",70
mapa_1_resultados.xlsx,3193,AL2021,180500,CM,CH,party,CH,,630
mapa_1_resultados.xlsx,3193,AL2021,180500,CM,PS,party,PS,,6725
mapa_1_resultados.xlsx,3193,AL2021,180500,CM,PCP-PEV,coalition,PCP-PEV,,382
mapa_1_resultados.xlsx,3193,AL2021,180500,CM,[A],coalition,PPD/PSD.CDS-PP,SOMOS LAMEGO,6936
mapa_1_resultados.xlsx,3194,AL2021,180500,AM,B.E.,party,B.E.,,406
mapa_1_resultados.xlsx,3194,AL2021,180500,AM,CH,party,CH,,850
mapa_1_resultados.xlsx,3194,AL2021,180500,AM,PS,party,PS,,6181
mapa_1_resultados.xlsx,3194,AL2021,180500,AM,PCP-PEV,coalition,PCP-PEV,,678
mapa_1_resultados.xlsx,3194,AL2021,180500,AM,[A],coalition,PPD/PSD.CDS-PP,SOMOS LAMEGO,6590
mapa_1_resultados.xlsx,3195,AL2021,180502,AF,PCP-PEV,coalition,PCP-PEV,,164
mapa_1_resultados.xlsx,3195,AL2021,180502,AF,[D],citizen_group,I.A.,Independentes de Avões,222
mapa_1_resultados.xlsx,3196,AL2021,180504,AF,PS,party,PS,,235
mapa_1_resultados.xlsx,3196,AL2021,180504,AF,[A],coalition,PPD/PSD.CDS-PP,SOMOS LAMEGO,337
mapa_1_resultados.xlsx,3197,AL2021,180505,AF,CH,party,CH,,79
mapa_1_resultados.xlsx,3197,AL2021,180505,AF,PS,party,PS,,452
mapa_1_resultados.xlsx,3197,AL2021,180505,AF,PCP-PEV,coalition,PCP-PEV,,18
mapa_1_resultados.xlsx,3197,AL2021,180505,AF,[A],coalition,PPD/PSD.CDS-PP,SOMOS LAMEGO,441
mapa_1_resultados.xlsx,3198,AL2021,180507,AF,CH,party,CH,,114
mapa_1_resultados.xlsx,3198,AL2021,180507,AF,PS,party,PS,,200
mapa_1_resultados.xlsx,3198,AL2021,180507,AF,PCP-PEV,coalition,PCP-PEV,,5
mapa_1_resultados.xlsx,3198,AL2021,180507,AF,[A],coalition,PPD/PSD.CDS-PP,SOMOS LAMEGO,226
mapa_1_resultados.xlsx,3199,AL2021,180508,AF,PS,party,PS,,80
mapa_1_resultados.xlsx,3199,AL2021,180508,AF,[A],coalition,PPD/PSD.CDS-PP,SOMOS LAMEGO,209
mapa_1_resultados.xlsx,3200,AL2021,180509,AF,PS,party,PS,,138
mapa_1_resultados.xlsx,3200,AL2021,180509,AF,[A],coalition,PPD/PSD.CDS-PP,SOMOS LAMEGO,106
mapa_1_resultados.xlsx,3201,AL2021,180510,AF,PS,party,PS,,143
mapa_1_resultados.xlsx,3201,AL2021,180510,AF,[A],coalition,PPD/PSD.CDS-PP,SOMOS LAMEGO,384
mapa_1_resultados.xlsx,3202,AL2021,180511,AF,PS,party,PS,,119
mapa_1_resultados.xlsx,3202,AL2021,180511,AF,[A],coalition,PPD/PSD.CDS-PP,SOMOS LAMEGO,190
mapa_1_resultados.xlsx,3203,AL2021,180516,AF,CH,party,CH,,37
mapa_1_resultados.xlsx,3203,AL2021,180516,AF,PS,party,PS,,426
mapa_1_resultados.xlsx,3203,AL2021,180516,AF,[A],coalition,PPD/PSD.CDS-PP,SOMOS LAMEGO,110
mapa_1_resultados.xlsx,3204,AL2021,180517,AF,PS,party,PS,,461
mapa_1_resultados.xlsx,3204,AL2021,180517,AF,PCP-PEV,coalition,PCP-PEV,,28
mapa_1_resultados.xlsx,3204,AL2021,180517,AF,[D],citizen_group,T.U.P.,Todos Unidos por Penude,377
mapa_1_resultados.xlsx,3205,AL2021,180519,AF,PS,party,PS,,74
mapa_1_resultados.xlsx,3205,AL2021,180519,AF,[A],coalition,PPD/PSD.CDS-PP,SOMOS LAMEGO,40
mapa_1_resultados.xlsx,3206,AL2021,180520,AF,PS,party,PS,,204
mapa_1_resultados.xlsx,3206,AL2021,180520,AF,PCP-PEV,coalition,PCP-PEV,,13
mapa_1_resultados.xlsx,3206,AL2021,180520,AF,[A],coalition,PPD/PSD.CDS-PP,SOMOS LAMEGO,309
mapa_1_resultados.xlsx,3207,AL2021,180523,AF,PS,party,PS,,100
mapa_1_resultados.xlsx,3207,AL2021,180523,AF,[A],coalition,PPD/PSD.CDS-PP,SOMOS LAMEGO,167
mapa_1_resultados.xlsx,3208,AL2021,180524,AF,PS,party,PS,,135
mapa_1_resultados.xlsx,3208,AL2021,180524,AF,PCP-PEV,coalition,PCP-PEV,,36
mapa_1_resultados.xlsx,3208,AL2021,180524,AF,[D],citizen_group,I.D'EL REI,Independentes de Vila Nova de Souto D El Rei,285
mapa_1_resultados.xlsx,3209,AL2021,180525,AF,CH,party,CH,,311
mapa_1_resultados.xlsx,3209,AL2021,180525,AF,PS,party,PS,,2909
mapa_1_resultados.xlsx,3209,AL2021,180525,AF,PCP-PEV,coalition,PCP-PEV,,254
mapa_1_resultados.xlsx,3209,AL2021,180525,AF,[A],coalition,PPD/PSD.CDS-PP,SOMOS LAMEGO,2857
mapa_1_resultados.xlsx,3210,AL2021,180526,AF,PS,party,PS,,140
mapa_1_resultados.xlsx,3210,AL2021,180526,AF,[A],coalition,PPD/PSD.CDS-PP,SOMOS LAMEGO,115
mapa_1_resultados.xlsx,3210,AL2021,180526,AF,[D],citizen_group,I.B.M.P.,"Independentes da União de Freguesias de Bigorne, Magueija e Pretarouca",196
mapa_1_resultados.xlsx,3211,AL2021,180527,AF,PS,party,PS,,261
mapa_1_resultados.xlsx,3211,AL2021,180527,AF,[A],coalition,PPD/PSD.CDS-PP,SOMOS LAMEGO,449
mapa_1_resultados.xlsx,3212,AL2021,180528,AF,PS,party,PS,,329
mapa_1_resultados.xlsx,3212,AL2021,180528,AF,PCP-PEV,coalition,PCP-PEV,,6
mapa_1_resultados.xlsx,3212,AL2021,180528,AF,[A],coalition,PPD/PSD.CDS-PP,SOMOS LAMEGO,260
mapa_1_resultados.xlsx,3213,AL2021,180600,CM,CH,party,CH,,1199
mapa_1_resultados.xlsx,3213,AL2021,180600,CM,PS,party,PS,,5777
mapa_1_resultados.xlsx,3213,AL2021,180600,CM,PCP-PEV,coalition,PCP-PEV,,270
mapa_1_resultados.xlsx,3213,AL2021,180600,CM,[A],coalition,PPD/PSD.CDS-PP,JUNTOS POR MANGUALDE,2703
mapa_1_resultados.xlsx,3214,AL2021,180600,AM,B.E.,party,B.E.,,270
mapa_1_resultados.xlsx,3214,AL2021,180600,AM,CH,party,CH,,1074
mapa_1_resultados.xlsx,3214,AL2021,180600,AM,PS,party,PS,,5635
mapa_1_resultados.xlsx,3214,AL2021,180600,AM,PCP-PEV,coalition,PCP-PEV,,362
mapa_1_resultados.xlsx,3214,AL2021,180600,AM,[A],coalition,PPD/PSD.CDS-PP,JUNTOS POR MANGUALDE,2587
mapa_1_resultados.xlsx,3215,AL2021,180601,AF,CH,party,CH,,6
mapa_1_resultados.xlsx,3215,AL2021,180601,AF,PS,party,PS,,207
mapa_1_resultados.xlsx,3215,AL2021,180601,AF,PCP-PEV,coalition,PCP-PEV,,2
mapa_1_resultados.xlsx,3215,AL2021,180601,AF,[A],coalition,PPD/PSD.CDS-PP,JUNTOS POR MANGUALDE,109
mapa_1_resultados.xlsx,3216,AL2021,180602,AF,CH,party,CH,,61
mapa_1_resultados.xlsx,3216,AL2021,180602,AF,PS,party,PS,,323
mapa_1_resultados.xlsx,3216,AL2021,180602,AF,PCP-PEV,coalition,PCP-PEV,,24
mapa_1_resultados.xlsx,3217,AL2021,180605,AF,PS,party,PS,,333
mapa_1_resultados.xlsx,3217,AL2021,180605,AF,PCP-PEV,coalition,PCP-PEV,,24
mapa_1_resultados.xlsx,3217,AL2021,180605,AF,[A],coalition,PPD/PSD.CDS-PP,JUNTOS POR MANGUALDE,118
mapa_1_resultados.xlsx,3218,AL2021,180606,AF,CH,party,CH,,109
mapa_1_resultados.xlsx,3218,AL2021,180606,AF,PCP-PEV,coalition,PCP-PEV,,17
mapa_1_resultados.xlsx,3218,AL2021,180606,AF,[D],citizen_group,MPANT,Melhor para a nossa Terra,425
mapa_1_resultados.xlsx,3219,AL2021,180607,AF,CH,party,CH,,33
mapa_1_resultados.xlsx,3219,AL2021,180607,AF,PS,party,PS,,502
mapa_1_resultados.xlsx,3219,AL2021,180607,AF,PCP-PEV,coalition,PCP-PEV,,13
mapa_1_resultados.xlsx,3219,AL2021,180607,AF,[A],coalition,PPD/PSD.CDS-PP,JUNTOS POR MANGUALDE,249
mapa_1_resultados.xlsx,3220,AL2021,180608,AF,PS,party,PS,,72
mapa_1_resultados.xlsx,3220,AL2021,180608,AF,[A],coalition,PPD/PSD.CDS-PP,JUNTOS POR MANGUALDE,79
mapa_1_resultados.xlsx,3221,AL2021,180614,AF,CH,party,CH,,1
mapa_1_resultados.xlsx,3221,AL2021,180614,AF,PS,party,PS,,242
mapa_1_resultados.xlsx,3221,AL2021,180614,AF,[D],citizen_group,UPQ,Unidos por Quintela,108
mapa_1_resultados.xlsx,3222,AL2021,180616,AF,PS,party,PS,,90
mapa_1_resultados.xlsx,3223,AL2021,180619,AF,CH,party,CH,,398
mapa_1_resultados.xlsx,3223,AL2021,180619,AF,PS,party,PS,,2151
mapa_1_resultados.xlsx,3223,AL2021,180619,AF,PCP-PEV,coalition,PCP-PEV,,155
mapa_1_resultados.xlsx,3223,AL2021,180619,AF,[A],coalition,PPD/PSD.CDS-PP,JUNTOS POR MANGUALDE,904
mapa_1_resultados.xlsx,3223,AL2021,180619,AF,[D],citizen_group,RMMCA,"REPENSAR Mangualde, Mesquitela e Cunha Alta",1157
mapa_1_resultados.xlsx,3224,AL2021,180620,AF,PS,party,PS,,272
mapa_1_resultados.xlsx,3224,AL2021,180620,AF,PCP-PEV,coalition,PCP-PEV,,15
mapa_1_resultados.xlsx,3224,AL2021,180620,AF,[D],citizen_group,UEC,Unir e Crescer,267
mapa_1_resultados.xlsx,3225,AL2021,180621,AF,MPT,party,MPT,,155
mapa_1_resultados.xlsx,3225,AL2021,180621,AF,PS,party,PS,,570
mapa_1_resultados.xlsx,3225,AL2021,180621,AF,PCP-PEV,coalition,PCP-PEV,,18
mapa_1_resultados.xlsx,3226,AL2021,180622,AF,PS,party,PS,,652
mapa_1_resultados.xlsx,3226,AL2021,180622,AF,PCP-PEV,coalition,PCP-PEV,,46
mapa_1_resultados.xlsx,3227,AL2021,180700,CM,CH,party,CH,,146
mapa_1_resultados.xlsx,3227,AL2021,180700,CM,PS,party,PS,,3531
mapa_1_resultados.xlsx,3227,AL2021,180700,CM,PCP-PEV,coalition,PCP-PEV,,80
mapa_1_resultados.xlsx,3227,AL2021,180700,CM,[A],coalition,PPD/PSD.CDS-PP,ABRAÇAR A MUDANÇA,2447
mapa_1_resultados.xlsx,3228,AL2021,180700,AM,PS,party,PS,,3342
mapa_1_resultados.xlsx,3228,AL2021,180700,AM,PCP-PEV,coalition,PCP-PEV,,202
mapa_1_resultados.xlsx,3228,AL2021,180700,AM,[A],coalition,PPD/PSD.CDS-PP,ABRAÇAR A MUDANÇA,2544
mapa_1_resultados.xlsx,3229,AL2021,180702,AF,[A],coalition,PPD/PSD.CDS-PP,ABRAÇAR A MUDANÇA,419
mapa_1_resultados.xlsx,3229,AL2021,180702,AF,[D],citizen_group,JÁ,O Futuro Está Nas Tuas Mãos,353
mapa_1_resultados.xlsx,3230,AL2021,180703,AF,PS,party,PS,,199
mapa_1_resultados.xlsx,3230,AL2021,180703,AF,[A],coalition,PPD/PSD.CDS-PP,ABRAÇAR A MUDANÇA,174
mapa_1_resultados.xlsx,3231,AL2021,180705,AF,PS,party,PS,,62
mapa_1_resultados.xlsx,3231,AL2021,180705,AF,[A],coalition,PPD/PSD.CDS-PP,ABRAÇAR A MUDANÇA,74
mapa_1_resultados.xlsx,3232,AL2021,180706,AF,PS,party,PS,,132
mapa_1_resultados.xlsx,3232,AL2021,180706,AF,[A],coalition,PPD/PSD.CDS-PP,ABRAÇAR A MUDANÇA,66
mapa_1_resultados.xlsx,3233,AL2021,180707,AF,[D],citizen_group,PPFC,Pelo Progresso da Freguesia de Caria,212
mapa_1_resultados.xlsx,3234,AL2021,180708,AF,PS,party,PS,,102
mapa_1_resultados.xlsx,3234,AL2021,180708,AF,[A],coalition,PPD/PSD.CDS-PP,ABRAÇAR A MUDANÇA,66
mapa_1_resultados.xlsx,3235,AL2021,180709,AF,PCP-PEV,coalition,PCP-PEV,,39
mapa_1_resultados.xlsx,3235,AL2021,180709,AF,[A],coalition,PPD/PSD.CDS-PP,ABRAÇAR A MUDANÇA,439
mapa_1_resultados.xlsx,3236,AL2021,180710,AF,PS,party,PS,,762
mapa_1_resultados.xlsx,3236,AL2021,180710,AF,PCP-PEV,coalition,PCP-PEV,,49
mapa_1_resultados.xlsx,3236,AL2021,180710,AF,[D],citizen_group,DM,Dinamizar Moimenta,891
mapa_1_resultados.xlsx,3237,AL2021,180713,AF,PS,party,PS,,143
mapa_1_resultados.xlsx,3238,AL2021,180716,AF,PS,party,PS,,213
mapa_1_resultados.xlsx,3238,AL2021,180716,AF,[A],coalition,PPD/PSD.CDS-PP,ABRAÇAR A MUDANÇA,148
mapa_1_resultados.xlsx,3240,AL2021,180719,AF,PS,party,PS,,240
mapa_1_resultados.xlsx,3240,AL2021,180719,AF,[A],coalition,PPD/PSD.CDS-PP,ABRAÇAR A MUDANÇA,102
mapa_1_resultados.xlsx,3241,AL2021,180720,AF,PS,party,PS,,153
mapa_1_resultados.xlsx,3241,AL2021,180720,AF,[A],coalition,PPD/PSD.CDS-PP,ABRAÇAR A MUDANÇA,108
mapa_1_resultados.xlsx,3242,AL2021,180721,AF,PS,party,PS,,98
mapa_1_resultados.xlsx,3242,AL2021,180721,AF,[A],coalition,PPD/PSD.CDS-PP,ABRAÇAR A MUDANÇA,45
mapa_1_resultados.xlsx,3243,AL2021,180722,AF,PS,party,PS,,221
mapa_1_resultados.xlsx,3243,AL2021,180722,AF,PCP-PEV,coalition,PCP-PEV,,21
mapa_1_resultados.xlsx,3244,AL2021,180723,AF,[D],citizen_group,JPNT,Juntos Pela Nossa Terra,259
mapa_1_resultados.xlsx,3245,AL2021,180800,CM,PS,party,PS,,3231
mapa_1_resultados.xlsx,3245,AL2021,180800,CM,PCP-PEV,coalition,PCP-PEV,,53
mapa_1_resultados.xlsx,3245,AL2021,180800,CM,[D],citizen_group,RM,Renovar Mortágua,1692
mapa_1_resultados.xlsx,3246,AL2021,180800,AM,B.E.,party,B.E.,,294
mapa_1_resultados.xlsx,3246,AL2021,180800,AM,PS,party,PS,,3100
mapa_1_resultados.xlsx,3246,AL2021,180800,AM,PCP-PEV,coalition,PCP-PEV,,55
mapa_1_resultados.xlsx,3246,AL2021,180800,AM,[D],citizen_group,RM,Renovar Mortágua,1536
mapa_1_resultados.xlsx,3247,AL2021,180802,AF,PS,party,PS,,109
mapa_1_resultados.xlsx,3248,AL2021,180804,AF,PS,party,PS,,487
mapa_1_resultados.xlsx,3249,AL2021,180805,AF,PS,party,PS,,268
mapa_1_resultados.xlsx,3249,AL2021,180805,AF,PCP-PEV,coalition,PCP-PEV,,15
mapa_1_resultados.xlsx,3250,AL2021,180807,AF,PS,party,PS,,280
mapa_1_resultados.xlsx,3250,AL2021,180807,AF,[D],citizen_group,RM,Renovar Mortágua,296
mapa_1_resultados.xlsx,3251,AL2021,180808,AF,PS,party,PS,,440
mapa_1_resultados.xlsx,3251,AL2021,180808,AF,[D],citizen_group,UP'S,Unidos Pelo Sobral,657
mapa_1_resultados.xlsx,3252,AL2021,180809,AF,PS,party,PS,,192
mapa_1_resultados.xlsx,3253,AL2021,180811,AF,PS,party,PS,,1376
mapa_1_resultados.xlsx,3253,AL2021,180811,AF,PCP-PEV,coalition,PCP-PEV,,49
mapa_1_resultados.xlsx,3253,AL2021,180811,AF,[D],citizen_group,RM,Renovar Mortágua,683
mapa_1_resultados.xlsx,3254,AL2021,180900,CM,PS,party,PS,,3023
mapa_1_resultados.xlsx,3254,AL2021,180900,CM,PCP-PEV,coalition,PCP-PEV,,263
mapa_1_resultados.xlsx,3254,AL2021,180900,CM,[A],coalition,PPD/PSD.CDS-PP,"MUDAR, ESTÁ NAS MÃOS DE TODOS",4006
mapa_1_resultados.xlsx,3255,AL2021,180900,AM,PS,party,PS,,2932
mapa_1_resultados.xlsx,3255,AL2021,180900,AM,PCP-PEV,coalition,PCP-PEV,,344
mapa_1_resultados.xlsx,3255,AL2021,180900,AM,[A],coalition,PPD/PSD.CDS-PP,"MUDAR, ESTÁ NAS MÃOS DE TODOS",3954
mapa_1_resultados.xlsx,3256,AL2021,180901,AF,PS,party,PS,,666
mapa_1_resultados.xlsx,3256,AL2021,180901,AF,PCP-PEV,coalition,PCP-PEV,,75
mapa_1_resultados.xlsx,3256,AL2021,180901,AF,[A],coalition,PPD/PSD.CDS-PP,"MUDAR, ESTÁ NAS MÃOS DE TODOS",1107
mapa_1_resultados.xlsx,3257,AL2021,180903,AF,PS,party,PS,,907
mapa_1_resultados.xlsx,3257,AL2021,180903,AF,PCP-PEV,coalition,PCP-PEV,,74
mapa_1_resultados.xlsx,3257,AL2021,180903,AF,[A],coalition,PPD/PSD.CDS-PP,"MUDAR, ESTÁ NAS MÃOS DE TODOS",1338
mapa_1_resultados.xlsx,3258,AL2021,180905,AF,PS,party,PS,,188
mapa_1_resultados.xlsx,3258,AL2021,180905,AF,[A],coalition,PPD/PSD.CDS-PP,"MUDAR, ESTÁ NAS MÃOS DE TODOS",402
mapa_1_resultados.xlsx,3259,AL2021,180906,AF,PS,party,PS,,156
mapa_1_resultados.xlsx,3259,AL2021,180906,AF,PCP-PEV,coalition,PCP-PEV,,8
mapa_1_resultados.xlsx,3259,AL2021,180906,AF,[A],coalition,PPD/PSD.CDS-PP,"MUDAR, ESTÁ NAS MÃOS DE TODOS",285
mapa_1_resultados.xlsx,3260,AL2021,180908,AF,PS,party,PS,,245
mapa_1_resultados.xlsx,3260,AL2021,180908,AF,PCP-PEV,coalition,PCP-PEV,,58
mapa_1_resultados.xlsx,3260,AL2021,180908,AF,[A],coalition,PPD/PSD.CDS-PP,"MUDAR, ESTÁ NAS MÃOS DE TODOS",109
mapa_1_resultados.xlsx,3261,AL2021,180910,AF,PS,party,PS,,330
mapa_1_resultados.xlsx,3261,AL2021,180910,AF,PCP-PEV,coalition,PCP-PEV,,9
mapa_1_resultados.xlsx,3261,AL2021,180910,AF,[A],coalition,PPD/PSD.CDS-PP,"MUDAR, ESTÁ NAS MÃOS DE TODOS",486
mapa_1_resultados.xlsx,3262,AL2021,180911,AF,PS,party,PS,,505
mapa_1_resultados.xlsx,3262,AL2021,180911,AF,PCP-PEV,coalition,PCP-PEV,,38
mapa_1_resultados.xlsx,3262,AL2021,180911,AF,[A],coalition,PPD/PSD.CDS-PP,"MUDAR, ESTÁ NAS MÃOS DE TODOS",311
mapa_1_resultados.xlsx,3263,AL2021,181000,CM,NC,party,NC,,2496
mapa_1_resultados.xlsx,3263,AL2021,181000,CM,PS,party,PS,,395
mapa_1_resultados.xlsx,3263,AL2021,181000,CM,PCP-PEV,coalition,PCP-PEV,,186
mapa_1_resultados.xlsx,3263,AL2021,181000,CM,[A],coalition,PPD/PSD.CDS-PP,TODOS POR OLIVEIRA DE FRADES,2741
mapa_1_resultados.xlsx,3264,AL2021,181000,AM,NC,party,NC,,2350
mapa_1_resultados.xlsx,3264,AL2021,181000,AM,PS,party,PS,,593
mapa_1_resultados.xlsx,3264,AL2021,181000,AM,PCP-PEV,coalition,PCP-PEV,,257
mapa_1_resultados.xlsx,3264,AL2021,181000,AM,[A],coalition,PPD/PSD.CDS-PP,TODOS POR OLIVEIRA DE FRADES,2583
mapa_1_resultados.xlsx,3265,AL2021,181002,AF,NC,party,NC,,122
mapa_1_resultados.xlsx,3265,AL2021,181002,AF,PS,party,PS,,328
mapa_1_resultados.xlsx,3265,AL2021,181002,AF,PCP-PEV,coalition,PCP-PEV,,34
mapa_1_resultados.xlsx,3265,AL2021,181002,AF,[A],coalition,PPD/PSD.CDS-PP,TODOS POR OLIVEIRA DE FRADES,304
mapa_1_resultados.xlsx,3266,AL2021,181005,AF,NC,party,NC,,390
mapa_1_resultados.xlsx,3266,AL2021,181005,AF,PS,party,PS,,0
mapa_1_resultados.xlsx,3266,AL2021,181005,AF,PCP-PEV,coalition,PCP-PEV,,45
mapa_1_resultados.xlsx,3266,AL2021,181005,AF,[A],coalition,PPD/PSD.CDS-PP,TODOS POR OLIVEIRA DE FRADES,248
mapa_1_resultados.xlsx,3267,AL2021,181007,AF,NC,party,NC,,0
mapa_1_resultados.xlsx,3267,AL2021,181007,AF,PS,party,PS,,0
mapa_1_resultados.xlsx,3267,AL2021,181007,AF,PCP-PEV,coalition,PCP-PEV,,111
mapa_1_resultados.xlsx,3267,AL2021,181007,AF,[A],coalition,PPD/PSD.CDS-PP,TODOS POR OLIVEIRA DE FRADES,418
mapa_1_resultados.xlsx,3268,AL2021,181008,AF,NC,party,NC,,0
mapa_1_resultados.xlsx,3268,AL2021,181008,AF,PS,party,PS,,0
mapa_1_resultados.xlsx,3268,AL2021,181008,AF,PCP-PEV,coalition,PCP-PEV,,45
mapa_1_resultados.xlsx,3268,AL2021,181008,AF,[A],coalition,PPD/PSD.CDS-PP,TODOS POR OLIVEIRA DE FRADES,272
mapa_1_resultados.xlsx,3269,AL2021,181009,AF,NC,party,NC,,348
mapa_1_resultados.xlsx,3269,AL2021,181009,AF,PS,party,PS,,0
mapa_1_resultados.xlsx,3269,AL2021,181009,AF,PCP-PEV,coalition,PCP-PEV,,2
mapa_1_resultados.xlsx,3269,AL2021,181009,AF,[A],coalition,PPD/PSD.CDS-PP,TODOS POR OLIVEIRA DE FRADES,149
mapa_1_resultados.xlsx,3270,AL2021,181013,AF,NC,party,NC,,0
mapa_1_resultados.xlsx,3270,AL2021,181013,AF,PS,party,PS,,130
mapa_1_resultados.xlsx,3270,AL2021,181013,AF,PCP-PEV,coalition,PCP-PEV,,14
mapa_1_resultados.xlsx,3270,AL2021,181013,AF,[A],coalition,PPD/PSD.CDS-PP,TODOS POR OLIVEIRA DE FRADES,217
mapa_1_resultados.xlsx,3271,AL2021,181014,AF,PCP-PEV,coalition,PCP-PEV,,138
mapa_1_resultados.xlsx,3271,AL2021,181014,AF,[A],coalition,PPD/PSD.CDS-PP,TODOS POR OLIVEIRA DE FRADES,274
mapa_1_resultados.xlsx,3272,AL2021,181015,AF,NC,party,NC,,1007
mapa_1_resultados.xlsx,3272,AL2021,181015,AF,PS,party,PS,,241
mapa_1_resultados.xlsx,3272,AL2021,181015,AF,PCP-PEV,coalition,PCP-PEV,,52
mapa_1_resultados.xlsx,3272,AL2021,181015,AF,[A],coalition,PPD/PSD.CDS-PP,TODOS POR OLIVEIRA DE FRADES,897
mapa_1_resultados.xlsx,3273,AL2021,181100,CM,PS,party,PS,,2893
mapa_1_resultados.xlsx,3273,AL2021,181100,CM,PCP-PEV,coalition,PCP-PEV,,81
mapa_1_resultados.xlsx,3273,AL2021,181100,CM,[A],coalition,PPD/PSD.CDS-PP,MUDAR PENALVA,1894
mapa_1_resultados.xlsx,3274,AL2021,181100,AM,PS,party,PS,,2831
mapa_1_resultados.xlsx,3274,AL2021,181100,AM,PCP-PEV,coalition,PCP-PEV,,101
mapa_1_resultados.xlsx,3274,AL2021,181100,AM,[A],coalition,PPD/PSD.CDS-PP,MUDAR PENALVA,1951
mapa_1_resultados.xlsx,3275,AL2021,181102,AF,PS,party,PS,,137
mapa_1_resultados.xlsx,3275,AL2021,181102,AF,[A],coalition,PPD/PSD.CDS-PP,MUDAR PENALVA,413
mapa_1_resultados.xlsx,3276,AL2021,181103,AF,PS,party,PS,,200
mapa_1_resultados.xlsx,3276,AL2021,181103,AF,[A],coalition,PPD/PSD.CDS-PP,MUDAR PENALVA,98
mapa_1_resultados.xlsx,3277,AL2021,181104,AF,PS,party,PS,,229
mapa_1_resultados.xlsx,3277,AL2021,181104,AF,[A],coalition,PPD/PSD.CDS-PP,MUDAR PENALVA,29
mapa_1_resultados.xlsx,3278,AL2021,181105,AF,PS,party,PS,,757
mapa_1_resultados.xlsx,3278,AL2021,181105,AF,PCP-PEV,coalition,PCP-PEV,,26
mapa_1_resultados.xlsx,3278,AL2021,181105,AF,[A],coalition,PPD/PSD.CDS-PP,MUDAR PENALVA,424
mapa_1_resultados.xlsx,3279,AL2021,181106,AF,PS,party,PS,,106
mapa_1_resultados.xlsx,3280,AL2021,181109,AF,PS,party,PS,,684
mapa_1_resultados.xlsx,3280,AL2021,181109,AF,PCP-PEV,coalition,PCP-PEV,,26
mapa_1_resultados.xlsx,3280,AL2021,181109,AF,[A],coalition,PPD/PSD.CDS-PP,MUDAR PENALVA,398
mapa_1_resultados.xlsx,3281,AL2021,181110,AF,PS,party,PS,,87
mapa_1_resultados.xlsx,3281,AL2021,181110,AF,PCP-PEV,coalition,PCP-PEV,,2
mapa_1_resultados.xlsx,3281,AL2021,181110,AF,[A],coalition,PPD/PSD.CDS-PP,MUDAR PENALVA,85
mapa_1_resultados.xlsx,3282,AL2021,181111,AF,PS,party,PS,,271
mapa_1_resultados.xlsx,3282,AL2021,181111,AF,[A],coalition,PPD/PSD.CDS-PP,MUDAR PENALVA,159
mapa_1_resultados.xlsx,3283,AL2021,181112,AF,PS,party,PS,,113
mapa_1_resultados.xlsx,3283,AL2021,181112,AF,[D],citizen_group,JPT,JUNTOS POR TRANCOZELOS,83
mapa_1_resultados.xlsx,3284,AL2021,181114,AF,PS,party,PS,,206
mapa_1_resultados.xlsx,3284,AL2021,181114,AF,[A],coalition,PPD/PSD.CDS-PP,MUDAR PENALVA,110
mapa_1_resultados.xlsx,3285,AL2021,181115,AF,PS,party,PS,,161
mapa_1_resultados.xlsx,3285,AL2021,181115,AF,[A],coalition,PPD/PSD.CDS-PP,MUDAR PENALVA,56
mapa_1_resultados.xlsx,3286,AL2021,181200,CM,PPD/PSD,party,PPD/PSD,,943
mapa_1_resultados.xlsx,3286,AL2021,181200,CM,PS,party,PS,,651
mapa_1_resultados.xlsx,3286,AL2021,181200,CM,PCP-PEV,coalition,PCP-PEV,,15
mapa_1_resultados.xlsx,3286,AL2021,181200,CM,[D],citizen_group,MP,Mais Penedono - José Ângelo Pinto,272
mapa_1_resultados.xlsx,3287,AL2021,181200,AM,PPD/PSD,party,PPD/PSD,,850
mapa_1_resultados.xlsx,3287,AL2021,181200,AM,PS,party,PS,,698
mapa_1_resultados.xlsx,3287,AL2021,181200,AM,PCP-PEV,coalition,PCP-PEV,,19
mapa_1_resultados.xlsx,3287,AL2021,181200,AM,[D],citizen_group,MP,Mais Penedono - José Ângelo Pinto,280
mapa_1_resultados.xlsx,3288,AL2021,181202,AF,PPD/PSD,party,PPD/PSD,,62
mapa_1_resultados.xlsx,3288,AL2021,181202,AF,PS,party,PS,,135
mapa_1_resultados.xlsx,3290,AL2021,181207,AF,PPD/PSD,party,PPD/PSD,,64
mapa_1_resultados.xlsx,3290,AL2021,181207,AF,PS,party,PS,,117
mapa_1_resultados.xlsx,3290,AL2021,181207,AF,[D],citizen_group,MP,Mais Penedono - José Ângelo Pinto,24
mapa_1_resultados.xlsx,3291,AL2021,181208,AF,PPD/PSD,party,PPD/PSD,,167
mapa_1_resultados.xlsx,3291,AL2021,181208,AF,PS,party,PS,,34
mapa_1_resultados.xlsx,3291,AL2021,181208,AF,PCP-PEV,coalition,PCP-PEV,,12
mapa_1_resultados.xlsx,3292,AL2021,181209,AF,PPD/PSD,party,PPD/PSD,,183
mapa_1_resultados.xlsx,3293,AL2021,181210,AF,PPD/PSD,party,PPD/PSD,,160
mapa_1_resultados.xlsx,3293,AL2021,181210,AF,PS,party,PS,,70
mapa_1_resultados.xlsx,3294,AL2021,181211,AF,PPD/PSD,party,PPD/PSD,,329
mapa_1_resultados.xlsx,3294,AL2021,181211,AF,PS,party,PS,,321
mapa_1_resultados.xlsx,3294,AL2021,181211,AF,PCP-PEV,coalition,PCP-PEV,,4
mapa_1_resultados.xlsx,3294,AL2021,181211,AF,[D],citizen_group,MP,Mais Penedono - José Ângelo Pinto,68
mapa_1_resultados.xlsx,3295,AL2021,181300,CM,PPD/PSD,party,PPD/PSD,,3506
mapa_1_resultados.xlsx,3295,AL2021,181300,CM,PS,party,PS,,3650
mapa_1_resultados.xlsx,3295,AL2021,181300,CM,PCP-PEV,coalition,PCP-PEV,,68
mapa_1_resultados.xlsx,3296,AL2021,181300,AM,PPD/PSD,party,PPD/PSD,,3595
mapa_1_resultados.xlsx,3296,AL2021,181300,AM,PS,party,PS,,3500
mapa_1_resultados.xlsx,3296,AL2021,181300,AM,PCP-PEV,coalition,PCP-PEV,,112
mapa_1_resultados.xlsx,3297,AL2021,181302,AF,PPD/PSD,party,PPD/PSD,,186
mapa_1_resultados.xlsx,3297,AL2021,181302,AF,PS,party,PS,,276
mapa_1_resultados.xlsx,3298,AL2021,181303,AF,PPD/PSD,party,PPD/PSD,,346
mapa_1_resultados.xlsx,3298,AL2021,181303,AF,PS,party,PS,,173
mapa_1_resultados.xlsx,3298,AL2021,181303,AF,PCP-PEV,coalition,PCP-PEV,,13
mapa_1_resultados.xlsx,3299,AL2021,181310,AF,PPD/PSD,party,PPD/PSD,,172
mapa_1_resultados.xlsx,3299,AL2021,181310,AF,PS,party,PS,,219
mapa_1_resultados.xlsx,3300,AL2021,181311,AF,PPD/PSD,party,PPD/PSD,,900
mapa_1_resultados.xlsx,3300,AL2021,181311,AF,PS,party,PS,,1029
mapa_1_resultados.xlsx,3300,AL2021,181311,AF,PCP-PEV,coalition,PCP-PEV,,33
mapa_1_resultados.xlsx,3301,AL2021,181312,AF,PPD/PSD,party,PPD/PSD,,307
mapa_1_resultados.xlsx,3301,AL2021,181312,AF,PS,party,PS,,185
mapa_1_resultados.xlsx,3302,AL2021,181313,AF,PPD/PSD,party,PPD/PSD,,432
mapa_1_resultados.xlsx,3302,AL2021,181313,AF,PS,party,PS,,64
mapa_1_resultados.xlsx,3303,AL2021,181314,AF,PPD/PSD,party,PPD/PSD,,336
mapa_1_resultados.xlsx,3303,AL2021,181314,AF,PS,party,PS,,545
mapa_1_resultados.xlsx,3304,AL2021,181316,AF,PPD/PSD,party,PPD/PSD,,380
mapa_1_resultados.xlsx,3304,AL2021,181316,AF,PS,party,PS,,598
mapa_1_resultados.xlsx,3304,AL2021,181316,AF,PCP-PEV,coalition,PCP-PEV,,12
mapa_1_resultados.xlsx,3305,AL2021,181317,AF,PPD/PSD,party,PPD/PSD,,232
mapa_1_resultados.xlsx,3305,AL2021,181317,AF,PS,party,PS,,61
mapa_1_resultados.xlsx,3306,AL2021,181318,AF,PPD/PSD,party,PPD/PSD,,222
mapa_1_resultados.xlsx,3306,AL2021,181318,AF,PS,party,PS,,260
mapa_1_resultados.xlsx,3307,AL2021,181319,AF,PPD/PSD,party,PPD/PSD,,89
mapa_1_resultados.xlsx,3307,AL2021,181319,AF,PS,party,PS,,155
mapa_1_resultados.xlsx,3308,AL2021,181400,CM,PS,party,PS,,3323
mapa_1_resultados.xlsx,3308,AL2021,181400,CM,PCP-PEV,coalition,PCP-PEV,,174
mapa_1_resultados.xlsx,3308,AL2021,181400,CM,[A],coalition,PPD/PSD.CDS-PP,CORAGEM PARA MUDAR,2488
mapa_1_resultados.xlsx,3309,AL2021,181400,AM,B.E.,party,B.E.,,255
mapa_1_resultados.xlsx,3309,AL2021,181400,AM,PS,party,PS,,3181
mapa_1_resultados.xlsx,3309,AL2021,181400,AM,PCP-PEV,coalition,PCP-PEV,,140
mapa_1_resultados.xlsx,3309,AL2021,181400,AM,[A],coalition,PPD/PSD.CDS-PP,CORAGEM PARA MUDAR,2420
mapa_1_resultados.xlsx,3310,AL2021,181403,AF,PS,party,PS,,395
mapa_1_resultados.xlsx,3310,AL2021,181403,AF,[A],coalition,PPD/PSD.CDS-PP,CORAGEM PARA MUDAR,195
mapa_1_resultados.xlsx,3311,AL2021,181405,AF,PS,party,PS,,359
mapa_1_resultados.xlsx,3311,AL2021,181405,AF,[A],coalition,PPD/PSD.CDS-PP,CORAGEM PARA MUDAR,292
mapa_1_resultados.xlsx,3312,AL2021,181406,AF,PS,party,PS,,579
mapa_1_resultados.xlsx,3312,AL2021,181406,AF,[A],coalition,PPD/PSD.CDS-PP,CORAGEM PARA MUDAR,422
mapa_1_resultados.xlsx,3313,AL2021,181410,AF,PS,party,PS,,418
mapa_1_resultados.xlsx,3313,AL2021,181410,AF,[A],coalition,PPD/PSD.CDS-PP,CORAGEM PARA MUDAR,425
mapa_1_resultados.xlsx,3314,AL2021,181411,AF,PS,party,PS,,1004
mapa_1_resultados.xlsx,3314,AL2021,181411,AF,PCP-PEV,coalition,PCP-PEV,,63
mapa_1_resultados.xlsx,3314,AL2021,181411,AF,[A],coalition,PPD/PSD.CDS-PP,CORAGEM PARA MUDAR,1060
mapa_1_resultados.xlsx,3315,AL2021,181412,AF,PS,party,PS,,420
mapa_1_resultados.xlsx,3315,AL2021,181412,AF,PCP-PEV,coalition,PCP-PEV,,80
mapa_1_resultados.xlsx,3315,AL2021,181412,AF,[A],coalition,PPD/PSD.CDS-PP,CORAGEM PARA MUDAR,294
mapa_1_resultados.xlsx,3316,AL2021,181500,CM,PCP-PEV,coalition,PCP-PEV,,81
mapa_1_resultados.xlsx,3316,AL2021,181500,CM,[A],coalition,PPD/PSD.CDS-PP,CONNOSCO TODOS CONTAM!,1612
mapa_1_resultados.xlsx,3316,AL2021,181500,CM,[D],citizen_group,PNT,Pela Nossa Terra,2677
mapa_1_resultados.xlsx,3317,AL2021,181500,AM,PCP-PEV,coalition,PCP-PEV,,102
mapa_1_resultados.xlsx,3317,AL2021,181500,AM,[A],coalition,PPD/PSD.CDS-PP,CONNOSCO TODOS CONTAM!,1621
mapa_1_resultados.xlsx,3317,AL2021,181500,AM,[D],citizen_group,PNT,Pela Nossa Terra,2617
mapa_1_resultados.xlsx,3318,AL2021,181501,AF,[D],citizen_group,JPCS,Juntos pelo Castanheiro do Sul,154
mapa_1_resultados.xlsx,3318,AL2021,181501,AF,[E],citizen_group,PNT,Pela Nossa Terra,120
mapa_1_resultados.xlsx,3319,AL2021,181502,AF,[A],coalition,PPD/PSD.CDS-PP,CONNOSCO TODOS CONTAM!,116
mapa_1_resultados.xlsx,3319,AL2021,181502,AF,[D],citizen_group,PNT,Pela Nossa Terra,354
mapa_1_resultados.xlsx,3319,AL2021,181502,AF,[E],citizen_group,UESC,"Unidos por Ervedosa do Douro, Sarzedinho e Casais do Douro",182
mapa_1_resultados.xlsx,3320,AL2021,181504,AF,PCP-PEV,coalition,PCP-PEV,,1
mapa_1_resultados.xlsx,3320,AL2021,181504,AF,[A],coalition,PPD/PSD.CDS-PP,CONNOSCO TODOS CONTAM!,44
mapa_1_resultados.xlsx,3320,AL2021,181504,AF,[D],citizen_group,PNT,Pela Nossa Terra,198
mapa_1_resultados.xlsx,3321,AL2021,181505,AF,[D],citizen_group,PNT,Pela Nossa Terra,212
mapa_1_resultados.xlsx,3322,AL2021,181507,AF,[D],citizen_group,PNT,Pela Nossa Terra,201
mapa_1_resultados.xlsx,3323,AL2021,181509,AF,[A],coalition,PPD/PSD.CDS-PP,CONNOSCO TODOS CONTAM!,77
mapa_1_resultados.xlsx,3323,AL2021,181509,AF,[D],citizen_group,PNT,Pela Nossa Terra,220
mapa_1_resultados.xlsx,3324,AL2021,181511,AF,[A],coalition,PPD/PSD.CDS-PP,CONNOSCO TODOS CONTAM!,82
mapa_1_resultados.xlsx,3324,AL2021,181511,AF,[D],citizen_group,PNT,Pela Nossa Terra,175
mapa_1_resultados.xlsx,3325,AL2021,181512,AF,[A],coalition,PPD/PSD.CDS-PP,CONNOSCO TODOS CONTAM!,18
mapa_1_resultados.xlsx,3325,AL2021,181512,AF,[D],citizen_group,PNT,Pela Nossa Terra,123
mapa_1_resultados.xlsx,3326,AL2021,181515,AF,PCP-PEV,coalition,PCP-PEV,,29
mapa_1_resultados.xlsx,3326,AL2021,181515,AF,[A],coalition,PPD/PSD.CDS-PP,CONNOSCO TODOS CONTAM!,619
mapa_1_resultados.xlsx,3326,AL2021,181515,AF,[D],citizen_group,PNT,Pela Nossa Terra,689
mapa_1_resultados.xlsx,3327,AL2021,181516,AF,[A],coalition,PPD/PSD.CDS-PP,CONNOSCO TODOS CONTAM!,225
mapa_1_resultados.xlsx,3327,AL2021,181516,AF,[D],citizen_group,PNT,Pela Nossa Terra,167
mapa_1_resultados.xlsx,3328,AL2021,181517,AF,[A],coalition,PPD/PSD.CDS-PP,CONNOSCO TODOS CONTAM!,154
mapa_1_resultados.xlsx,3328,AL2021,181517,AF,[D],citizen_group,PNT,Pela Nossa Terra,107
mapa_1_resultados.xlsx,3329,AL2021,181600,CM,CH,party,CH,,251
mapa_1_resultados.xlsx,3329,AL2021,181600,CM,PPD/PSD,party,PPD/PSD,,3251
mapa_1_resultados.xlsx,3329,AL2021,181600,CM,PS,party,PS,,5988
mapa_1_resultados.xlsx,3329,AL2021,181600,CM,PCP-PEV,coalition,PCP-PEV,,178
mapa_1_resultados.xlsx,3330,AL2021,181600,AM,PPD/PSD,party,PPD/PSD,,3511
mapa_1_resultados.xlsx,3330,AL2021,181600,AM,PS,party,PS,,5764
mapa_1_resultados.xlsx,3330,AL2021,181600,AM,PCP-PEV,coalition,PCP-PEV,,343
mapa_1_resultados.xlsx,3331,AL2021,181602,AF,PPD/PSD,party,PPD/PSD,,248
mapa_1_resultados.xlsx,3331,AL2021,181602,AF,PS,party,PS,,126
mapa_1_resultados.xlsx,3332,AL2021,181606,AF,PPD/PSD,party,PPD/PSD,,212
mapa_1_resultados.xlsx,3332,AL2021,181606,AF,PS,party,PS,,281
mapa_1_resultados.xlsx,3333,AL2021,181607,AF,PPD/PSD,party,PPD/PSD,,58
mapa_1_resultados.xlsx,3333,AL2021,181607,AF,PS,party,PS,,297
mapa_1_resultados.xlsx,3334,AL2021,181608,AF,PPD/PSD,party,PPD/PSD,,162
mapa_1_resultados.xlsx,3334,AL2021,181608,AF,PS,party,PS,,217
mapa_1_resultados.xlsx,3335,AL2021,181609,AF,PPD/PSD,party,PPD/PSD,,225
mapa_1_resultados.xlsx,3335,AL2021,181609,AF,PS,party,PS,,237
mapa_1_resultados.xlsx,3336,AL2021,181612,AF,PPD/PSD,party,PPD/PSD,,117
mapa_1_resultados.xlsx,3336,AL2021,181612,AF,PS,party,PS,,138
mapa_1_resultados.xlsx,3337,AL2021,181615,AF,PPD/PSD,party,PPD/PSD,,262
mapa_1_resultados.xlsx,3337,AL2021,181615,AF,PS,party,PS,,325
mapa_1_resultados.xlsx,3338,AL2021,181616,AF,PPD/PSD,party,PPD/PSD,,250
mapa_1_resultados.xlsx,3338,AL2021,181616,AF,PS,party,PS,,349
mapa_1_resultados.xlsx,3339,AL2021,181617,AF,PPD/PSD,party,PPD/PSD,,253
mapa_1_resultados.xlsx,3339,AL2021,181617,AF,PS,party,PS,,248
mapa_1_resultados.xlsx,3340,AL2021,181619,AF,PPD/PSD,party,PPD/PSD,,136
mapa_1_resultados.xlsx,3340,AL2021,181619,AF,PS,party,PS,,422
mapa_1_resultados.xlsx,3340,AL2021,181619,AF,PCP-PEV,coalition,PCP-PEV,,21
mapa_1_resultados.xlsx,3341,AL2021,181620,AF,PPD/PSD,party,PPD/PSD,,284
mapa_1_resultados.xlsx,3341,AL2021,181620,AF,PS,party,PS,,179
mapa_1_resultados.xlsx,3341,AL2021,181620,AF,[D],citizen_group,V,Carvalhais / Candal Rumo ao Futuro,472
mapa_1_resultados.xlsx,3342,AL2021,181621,AF,PPD/PSD,party,PPD/PSD,,309
mapa_1_resultados.xlsx,3342,AL2021,181621,AF,PS,party,PS,,538
mapa_1_resultados.xlsx,3343,AL2021,181622,AF,PPD/PSD,party,PPD/PSD,,66
mapa_1_resultados.xlsx,3343,AL2021,181622,AF,PS,party,PS,,158
mapa_1_resultados.xlsx,3344,AL2021,181623,AF,PPD/PSD,party,PPD/PSD,,992
mapa_1_resultados.xlsx,3344,AL2021,181623,AF,PS,party,PS,,1996
mapa_1_resultados.xlsx,3344,AL2021,181623,AF,PCP-PEV,coalition,PCP-PEV,,87
mapa_1_resultados.xlsx,3345,AL2021,181700,CM,CH,party,CH,,483
mapa_1_resultados.xlsx,3345,AL2021,181700,CM,PPD/PSD,party,PPD/PSD,,3651
mapa_1_resultados.xlsx,3345,AL2021,181700,CM,PS,party,PS,,3075
mapa_1_resultados.xlsx,3345,AL2021,181700,CM,PCP-PEV,coalition,PCP-PEV,,156
mapa_1_resultados.xlsx,3346,AL2021,181700,AM,CH,party,CH,,460
mapa_1_resultados.xlsx,3346,AL2021,181700,AM,PPD/PSD,party,PPD/PSD,,3658
mapa_1_resultados.xlsx,3346,AL2021,181700,AM,PS,party,PS,,3033
mapa_1_resultados.xlsx,3346,AL2021,181700,AM,PCP-PEV,coalition,PCP-PEV,,216
mapa_1_resultados.xlsx,3347,AL2021,181702,AF,PPD/PSD,party,PPD/PSD,,212
mapa_1_resultados.xlsx,3347,AL2021,181702,AF,PS,party,PS,,80
mapa_1_resultados.xlsx,3348,AL2021,181704,AF,CH,party,CH,,18
mapa_1_resultados.xlsx,3348,AL2021,181704,AF,PPD/PSD,party,PPD/PSD,,946
mapa_1_resultados.xlsx,3348,AL2021,181704,AF,PS,party,PS,,499
mapa_1_resultados.xlsx,3348,AL2021,181704,AF,PCP-PEV,coalition,PCP-PEV,,10
mapa_1_resultados.xlsx,3349,AL2021,181706,AF,PPD/PSD,party,PPD/PSD,,417
mapa_1_resultados.xlsx,3349,AL2021,181706,AF,PS,party,PS,,238
mapa_1_resultados.xlsx,3349,AL2021,181706,AF,PCP-PEV,coalition,PCP-PEV,,44
mapa_1_resultados.xlsx,3350,AL2021,181707,AF,PPD/PSD,party,PPD/PSD,,354
mapa_1_resultados.xlsx,3350,AL2021,181707,AF,PS,party,PS,,221
mapa_1_resultados.xlsx,3351,AL2021,181709,AF,PPD/PSD,party,PPD/PSD,,676
mapa_1_resultados.xlsx,3351,AL2021,181709,AF,PS,party,PS,,205
mapa_1_resultados.xlsx,3352,AL2021,181710,AF,CH,party,CH,,144
mapa_1_resultados.xlsx,3352,AL2021,181710,AF,PPD/PSD,party,PPD/PSD,,689
mapa_1_resultados.xlsx,3352,AL2021,181710,AF,PS,party,PS,,1367
mapa_1_resultados.xlsx,3352,AL2021,181710,AF,PCP-PEV,coalition,PCP-PEV,,67
mapa_1_resultados.xlsx,3353,AL2021,181711,AF,PPD/PSD,party,PPD/PSD,,176
mapa_1_resultados.xlsx,3353,AL2021,181711,AF,PS,party,PS,,145
mapa_1_resultados.xlsx,3354,AL2021,181713,AF,PPD/PSD,party,PPD/PSD,,97
mapa_1_resultados.xlsx,3354,AL2021,181713,AF,PS,party,PS,,107
mapa_1_resultados.xlsx,3355,AL2021,181714,AF,PCP-PEV,coalition,PCP-PEV,,99
mapa_1_resultados.xlsx,3355,AL2021,181714,AF,[D],citizen_group,I,Unidos pelas Freguesias,509
mapa_1_resultados.xlsx,3356,AL2021,181800,CM,PPD/PSD,party,PPD/PSD,,3228
mapa_1_resultados.xlsx,3356,AL2021,181800,CM,PS,party,PS,,369
mapa_1_resultados.xlsx,3356,AL2021,181800,CM,PCP-PEV,coalition,PCP-PEV,,157
mapa_1_resultados.xlsx,3357,AL2021,181800,AM,PPD/PSD,party,PPD/PSD,,3134
mapa_1_resultados.xlsx,3357,AL2021,181800,AM,PS,party,PS,,410
mapa_1_resultados.xlsx,3357,AL2021,181800,AM,PCP-PEV,coalition,PCP-PEV,,169
mapa_1_resultados.xlsx,3358,AL2021,181801,AF,PPD/PSD,party,PPD/PSD,,116
mapa_1_resultados.xlsx,3359,AL2021,181802,AF,PPD/PSD,party,PPD/PSD,,252
mapa_1_resultados.xlsx,3360,AL2021,181803,AF,PPD/PSD,party,PPD/PSD,,188
mapa_1_resultados.xlsx,3361,AL2021,181804,AF,PPD/PSD,party,PPD/PSD,,171
mapa_1_resultados.xlsx,3362,AL2021,181806,AF,PPD/PSD,party,PPD/PSD,,89
mapa_1_resultados.xlsx,3363,AL2021,181810,AF,PPD/PSD,party,PPD/PSD,,121
mapa_1_resultados.xlsx,3363,AL2021,181810,AF,PS,party,PS,,54
mapa_1_resultados.xlsx,3364,AL2021,181811,AF,PPD/PSD,party,PPD/PSD,,85
mapa_1_resultados.xlsx,3365,AL2021,181814,AF,PPD/PSD,party,PPD/PSD,,155
mapa_1_resultados.xlsx,3366,AL2021,181817,AF,PPD/PSD,party,PPD/PSD,,312
mapa_1_resultados.xlsx,3367,AL2021,181818,AF,PPD/PSD,party,PPD/PSD,,386
mapa_1_resultados.xlsx,3368,AL2021,181819,AF,PPD/PSD,party,PPD/PSD,,238
mapa_1_resultados.xlsx,3368,AL2021,181819,AF,PCP-PEV,coalition,PCP-PEV,,11
mapa_1_resultados.xlsx,3369,AL2021,181820,AF,PPD/PSD,party,PPD/PSD,,203
mapa_1_resultados.xlsx,3369,AL2021,181820,AF,PCP-PEV,coalition,PCP-PEV,,32
mapa_1_resultados.xlsx,3370,AL2021,181821,AF,PPD/PSD,party,PPD/PSD,,987
mapa_1_resultados.xlsx,3370,AL2021,181821,AF,PCP-PEV,coalition,PCP-PEV,,94
mapa_1_resultados.xlsx,3371,AL2021,181900,CM,CH,party,CH,,147
mapa_1_resultados.xlsx,3371,AL2021,181900,CM,PS,party,PS,,617
mapa_1_resultados.xlsx,3371,AL2021,181900,CM,PCP-PEV,coalition,PCP-PEV,,30
mapa_1_resultados.xlsx,3371,AL2021,181900,CM,[A],coalition,PPD/PSD.CDS-PP,"POR TABUAÇO, TODOS",2318
mapa_1_resultados.xlsx,3372,AL2021,181900,AM,CH,party,CH,,156
mapa_1_resultados.xlsx,3372,AL2021,181900,AM,PS,party,PS,,661
mapa_1_resultados.xlsx,3372,AL2021,181900,AM,PCP-PEV,coalition,PCP-PEV,,20
mapa_1_resultados.xlsx,3372,AL2021,181900,AM,[A],coalition,PPD/PSD.CDS-PP,"POR TABUAÇO, TODOS",2250
mapa_1_resultados.xlsx,3373,AL2021,181901,AF,PS,party,PS,,99
mapa_1_resultados.xlsx,3373,AL2021,181901,AF,[A],coalition,PPD/PSD.CDS-PP,"POR TABUAÇO, TODOS",103
mapa_1_resultados.xlsx,3375,AL2021,181904,AF,[A],coalition,PPD/PSD.CDS-PP,"POR TABUAÇO, TODOS",168
mapa_1_resultados.xlsx,3378,AL2021,181908,AF,[A],coalition,PPD/PSD.CDS-PP,"POR TABUAÇO, TODOS",100
mapa_1_resultados.xlsx,3379,AL2021,181913,AF,PS,party,PS,,200
mapa_1_resultados.xlsx,3379,AL2021,181913,AF,[D],citizen_group,SEF,Sendim Em Frente,247
mapa_1_resultados.xlsx,3380,AL2021,181914,AF,PCP-PEV,coalition,PCP-PEV,,103
mapa_1_resultados.xlsx,3380,AL2021,181914,AF,[A],coalition,PPD/PSD.CDS-PP,"POR TABUAÇO, TODOS",669
mapa_1_resultados.xlsx,3381,AL2021,181917,AF,PS,party,PS,,142
mapa_1_resultados.xlsx,3381,AL2021,181917,AF,PCP-PEV,coalition,PCP-PEV,,0
mapa_1_resultados.xlsx,3381,AL2021,181917,AF,[A],coalition,PPD/PSD.CDS-PP,"POR TABUAÇO, TODOS",87
mapa_1_resultados.xlsx,3382,AL2021,181918,AF,[A],coalition,PPD/PSD.CDS-PP,"POR TABUAÇO, TODOS",321
mapa_1_resultados.xlsx,3384,AL2021,181920,AF,[D],citizen_group,jcf,Juntos Caminhamos Em Frente,125
mapa_1_resultados.xlsx,3385,AL2021,181921,AF,[A],coalition,PPD/PSD.CDS-PP,"POR TABUAÇO, TODOS",138
mapa_1_resultados.xlsx,3385,AL2021,181921,AF,[D],citizen_group,upp,Unidos Pelo Povo,117
mapa_1_resultados.xlsx,3386,AL2021,182000,CM,PPD/PSD,party,PPD/PSD,,2674
mapa_1_resultados.xlsx,3386,AL2021,182000,CM,PCP-PEV,coalition,PCP-PEV,,117
mapa_1_resultados.xlsx,3386,AL2021,182000,CM,[D],citizen_group,MCAT,"""Movimento de Cidadãos Amar Tarouca - MCAT""",1514
mapa_1_resultados.xlsx,3387,AL2021,182000,AM,PPD/PSD,party,PPD/PSD,,2642
mapa_1_resultados.xlsx,3387,AL2021,182000,AM,PCP-PEV,coalition,PCP-PEV,,151
mapa_1_resultados.xlsx,3387,AL2021,182000,AM,[D],citizen_group,MCAT,"""Movimento de Cidadãos Amar Tarouca - MCAT""",1506
mapa_1_resultados.xlsx,3388,AL2021,182004,AF,PPD/PSD,party,PPD/PSD,,249
mapa_1_resultados.xlsx,3388,AL2021,182004,AF,PCP-PEV,coalition,PCP-PEV,,23
mapa_1_resultados.xlsx,3388,AL2021,182004,AF,[D],citizen_group,MCAT,"""Movimento de Cidadãos Amar Tarouca - MCAT""",116
mapa_1_resultados.xlsx,3389,AL2021,182005,AF,PPD/PSD,party,PPD/PSD,,238
mapa_1_resultados.xlsx,3389,AL2021,182005,AF,[D],citizen_group,MCAT,"""Movimento de Cidadãos Amar Tarouca - MCAT""",148
mapa_1_resultados.xlsx,3390,AL2021,182006,AF,[D],citizen_group,I,Unidos Pela Nossa Terra,274
mapa_1_resultados.xlsx,3391,AL2021,182009,AF,PPD/PSD,party,PPD/PSD,,112
mapa_1_resultados.xlsx,3391,AL2021,182009,AF,[D],citizen_group,MCAT,"Amar Tarouca ""MCAT -Movimento de Cidadãos Amar Tarouca""",51
mapa_1_resultados.xlsx,3392,AL2021,182011,AF,PPD/PSD,party,PPD/PSD,,293
mapa_1_resultados.xlsx,3392,AL2021,182011,AF,[D],citizen_group,MCAT,"Amar Tarouca ""MCAT -Movimento de Cidadãos Amar Tarouca""",160
mapa_1_resultados.xlsx,3393,AL2021,182012,AF,PPD/PSD,party,PPD/PSD,,193
mapa_1_resultados.xlsx,3393,AL2021,182012,AF,[D],citizen_group,MCAT,"""Movimento de Cidadãos Amar Tarouca - MCAT""",121
mapa_1_resultados.xlsx,3394,AL2021,182013,AF,PPD/PSD,party,PPD/PSD,,1397
mapa_1_resultados.xlsx,3394,AL2021,182013,AF,PCP-PEV,coalition,PCP-PEV,,54
mapa_1_resultados.xlsx,3394,AL2021,182013,AF,[D],citizen_group,MCAT,"""Movimento de Cidadãos Amar Tarouca - MCAT""",834
mapa_1_resultados.xlsx,3395,AL2021,182100,CM,CH,party,CH,,585
mapa_1_resultados.xlsx,3395,AL2021,182100,CM,PPD/PSD,party,PPD/PSD,,7089
mapa_1_resultados.xlsx,3395,AL2021,182100,CM,PS,party,PS,,6845
mapa_1_resultados.xlsx,3395,AL2021,182100,CM,PCP-PEV,coalition,PCP-PEV,,479
mapa_1_resultados.xlsx,3396,AL2021,182100,AM,CH,party,CH,,709
mapa_1_resultados.xlsx,3396,AL2021,182100,AM,PPD/PSD,party,PPD/PSD,,7190
mapa_1_resultados.xlsx,3396,AL2021,182100,AM,PS,party,PS,,6419
mapa_1_resultados.xlsx,3396,AL2021,182100,AM,PCP-PEV,coalition,PCP-PEV,,645
mapa_1_resultados.xlsx,3397,AL2021,182102,AF,PPD/PSD,party,PPD/PSD,,254
mapa_1_resultados.xlsx,3397,AL2021,182102,AF,PS,party,PS,,237
mapa_1_resultados.xlsx,3397,AL2021,182102,AF,[D],citizen_group,lipcb,Lista Independente Pra Campo de Besteiros,217
mapa_1_resultados.xlsx,3398,AL2021,182103,AF,PPD/PSD,party,PPD/PSD,,356
mapa_1_resultados.xlsx,3398,AL2021,182103,AF,PS,party,PS,,432
mapa_1_resultados.xlsx,3398,AL2021,182103,AF,PCP-PEV,coalition,PCP-PEV,,32
mapa_1_resultados.xlsx,3399,AL2021,182105,AF,PPD/PSD,party,PPD/PSD,,503
mapa_1_resultados.xlsx,3399,AL2021,182105,AF,PS,party,PS,,211
mapa_1_resultados.xlsx,3400,AL2021,182106,AF,CH,party,CH,,12
mapa_1_resultados.xlsx,3400,AL2021,182106,AF,PPD/PSD,party,PPD/PSD,,352
mapa_1_resultados.xlsx,3400,AL2021,182106,AF,PS,party,PS,,130
mapa_1_resultados.xlsx,3401,AL2021,182107,AF,PPD/PSD,party,PPD/PSD,,189
mapa_1_resultados.xlsx,3401,AL2021,182107,AF,PS,party,PS,,60
mapa_1_resultados.xlsx,3402,AL2021,182108,AF,PPD/PSD,party,PPD/PSD,,314
mapa_1_resultados.xlsx,3402,AL2021,182108,AF,PCP-PEV,coalition,PCP-PEV,,35
mapa_1_resultados.xlsx,3402,AL2021,182108,AF,[D],citizen_group,MISC,Movimento Independente Pela Serra do Caramulo,326
mapa_1_resultados.xlsx,3403,AL2021,182109,AF,PPD/PSD,party,PPD/PSD,,443
mapa_1_resultados.xlsx,3403,AL2021,182109,AF,PS,party,PS,,400
mapa_1_resultados.xlsx,3404,AL2021,182110,AF,PPD/PSD,party,PPD/PSD,,274
mapa_1_resultados.xlsx,3404,AL2021,182110,AF,PS,party,PS,,341
mapa_1_resultados.xlsx,3405,AL2021,182111,AF,PPD/PSD,party,PPD/PSD,,654
mapa_1_resultados.xlsx,3405,AL2021,182111,AF,PS,party,PS,,532
mapa_1_resultados.xlsx,3406,AL2021,182116,AF,PPD/PSD,party,PPD/PSD,,248
mapa_1_resultados.xlsx,3406,AL2021,182116,AF,PS,party,PS,,222
mapa_1_resultados.xlsx,3407,AL2021,182118,AF,PPD/PSD,party,PPD/PSD,,340
mapa_1_resultados.xlsx,3407,AL2021,182118,AF,[D],citizen_group,LI,Lista independente - LI Santiago de Besteiros,386
mapa_1_resultados.xlsx,3408,AL2021,182122,AF,PPD/PSD,party,PPD/PSD,,358
mapa_1_resultados.xlsx,3408,AL2021,182122,AF,PS,party,PS,,128
mapa_1_resultados.xlsx,3408,AL2021,182122,AF,PCP-PEV,coalition,PCP-PEV,,25
mapa_1_resultados.xlsx,3409,AL2021,182127,AF,PPD/PSD,party,PPD/PSD,,422
mapa_1_resultados.xlsx,3409,AL2021,182127,AF,PS,party,PS,,347
mapa_1_resultados.xlsx,3410,AL2021,182128,AF,PPD/PSD,party,PPD/PSD,,231
mapa_1_resultados.xlsx,3410,AL2021,182128,AF,PS,party,PS,,445
mapa_1_resultados.xlsx,3411,AL2021,182129,AF,PPD/PSD,party,PPD/PSD,,351
mapa_1_resultados.xlsx,3411,AL2021,182129,AF,PS,party,PS,,368
mapa_1_resultados.xlsx,3412,AL2021,182130,AF,PPD/PSD,party,PPD/PSD,,246
mapa_1_resultados.xlsx,3412,AL2021,182130,AF,PS,party,PS,,302
mapa_1_resultados.xlsx,3413,AL2021,182131,AF,PPD/PSD,party,PPD/PSD,,410
mapa_1_resultados.xlsx,3413,AL2021,182131,AF,PS,party,PS,,333
mapa_1_resultados.xlsx,3414,AL2021,182132,AF,PPD/PSD,party,PPD/PSD,,1338
mapa_1_resultados.xlsx,3414,AL2021,182132,AF,PS,party,PS,,1224
mapa_1_resultados.xlsx,3414,AL2021,182132,AF,PCP-PEV,coalition,PCP-PEV,,152
mapa_1_resultados.xlsx,3415,AL2021,182133,AF,PPD/PSD,party,PPD/PSD,,583
mapa_1_resultados.xlsx,3415,AL2021,182133,AF,PS,party,PS,,269
mapa_1_resultados.xlsx,3416,AL2021,182200,CM,NC,party,NC,,547
mapa_1_resultados.xlsx,3416,AL2021,182200,CM,PPD/PSD,party,PPD/PSD,,1112
mapa_1_resultados.xlsx,3416,AL2021,182200,CM,PS,party,PS,,1419
mapa_1_resultados.xlsx,3416,AL2021,182200,CM,PCP-PEV,coalition,PCP-PEV,,54
mapa_1_resultados.xlsx,3417,AL2021,182200,AM,NC,party,NC,,531
mapa_1_resultados.xlsx,3417,AL2021,182200,AM,PPD/PSD,party,PPD/PSD,,1083
mapa_1_resultados.xlsx,3417,AL2021,182200,AM,PS,party,PS,,1428
mapa_1_resultados.xlsx,3417,AL2021,182200,AM,PCP-PEV,coalition,PCP-PEV,,68
mapa_1_resultados.xlsx,3418,AL2021,182203,AF,NC,party,NC,,88
mapa_1_resultados.xlsx,3418,AL2021,182203,AF,PPD/PSD,party,PPD/PSD,,68
mapa_1_resultados.xlsx,3418,AL2021,182203,AF,PS,party,PS,,168
mapa_1_resultados.xlsx,3418,AL2021,182203,AF,PCP-PEV,coalition,PCP-PEV,,8
mapa_1_resultados.xlsx,3419,AL2021,182204,AF,PPD/PSD,party,PPD/PSD,,235
mapa_1_resultados.xlsx,3419,AL2021,182204,AF,PS,party,PS,,136
mapa_1_resultados.xlsx,3419,AL2021,182204,AF,PCP-PEV,coalition,PCP-PEV,,12
mapa_1_resultados.xlsx,3420,AL2021,182205,AF,NC,party,NC,,49
mapa_1_resultados.xlsx,3420,AL2021,182205,AF,PPD/PSD,party,PPD/PSD,,233
mapa_1_resultados.xlsx,3420,AL2021,182205,AF,PS,party,PS,,317
mapa_1_resultados.xlsx,3420,AL2021,182205,AF,PCP-PEV,coalition,PCP-PEV,,1
mapa_1_resultados.xlsx,3421,AL2021,182206,AF,PPD/PSD,party,PPD/PSD,,251
mapa_1_resultados.xlsx,3421,AL2021,182206,AF,PS,party,PS,,280
mapa_1_resultados.xlsx,3421,AL2021,182206,AF,PCP-PEV,coalition,PCP-PEV,,8
mapa_1_resultados.xlsx,3422,AL2021,182208,AF,NC,party,NC,,283
mapa_1_resultados.xlsx,3422,AL2021,182208,AF,PPD/PSD,party,PPD/PSD,,298
mapa_1_resultados.xlsx,3422,AL2021,182208,AF,PS,party,PS,,664
mapa_1_resultados.xlsx,3422,AL2021,182208,AF,PCP-PEV,coalition,PCP-PEV,,39
mapa_1_resultados.xlsx,3423,AL2021,182300,CM,B.E.,party,B.E.,,1052
mapa_1_resultados.xlsx,3423,AL2021,182300,CM,CDS-PP,party,CDS-PP,,1055
mapa_1_resultados.xlsx,3423,AL2021,182300,CM,CH,party,CH,,1544
mapa_1_resultados.xlsx,3423,AL2021,182300,CM,IL,party,IL,,1146
mapa_1_resultados.xlsx,3423,AL2021,182300,CM,PAN,party,PAN,,657
mapa_1_resultados.xlsx,3423,AL2021,182300,CM,PPD/PSD,party,PPD/PSD,,24414
mapa_1_resultados.xlsx,3423,AL2021,182300,CM,PS,party,PS,,19994
mapa_1_resultados.xlsx,3423,AL2021,182300,CM,PCP-PEV,coalition,PCP-PEV,,609
mapa_1_resultados.xlsx,3424,AL2021,182300,AM,B.E.,party,B.E.,,1661
mapa_1_resultados.xlsx,3424,AL2021,182300,AM,CDS-PP,party,CDS-PP,,1215
mapa_1_resultados.xlsx,3424,AL2021,182300,AM,CH,party,CH,,2055
mapa_1_resultados.xlsx,3424,AL2021,182300,AM,IL,party,IL,,1392
mapa_1_resultados.xlsx,3424,AL2021,182300,AM,PAN,party,PAN,,1005
mapa_1_resultados.xlsx,3424,AL2021,182300,AM,PPD/PSD,party,PPD/PSD,,23148
mapa_1_resultados.xlsx,3424,AL2021,182300,AM,PS,party,PS,,18756
mapa_1_resultados.xlsx,3424,AL2021,182300,AM,PCP-PEV,coalition,PCP-PEV,,940
mapa_1_resultados.xlsx,3425,AL2021,182301,AF,B.E.,party,B.E.,,169
mapa_1_resultados.xlsx,3425,AL2021,182301,AF,CDS-PP,party,CDS-PP,,60
mapa_1_resultados.xlsx,3425,AL2021,182301,AF,CH,party,CH,,157
mapa_1_resultados.xlsx,3425,AL2021,182301,AF,IL,party,IL,,122
mapa_1_resultados.xlsx,3425,AL2021,182301,AF,PPD/PSD,party,PPD/PSD,,2026
mapa_1_resultados.xlsx,3425,AL2021,182301,AF,PS,party,PS,,1168
mapa_1_resultados.xlsx,3425,AL2021,182301,AF,PCP-PEV,coalition,PCP-PEV,,89
mapa_1_resultados.xlsx,3426,AL2021,182304,AF,PPD/PSD,party,PPD/PSD,,1020
mapa_1_resultados.xlsx,3426,AL2021,182304,AF,PS,party,PS,,536
mapa_1_resultados.xlsx,3427,AL2021,182305,AF,CDS-PP,party,CDS-PP,,18
mapa_1_resultados.xlsx,3427,AL2021,182305,AF,PPD/PSD,party,PPD/PSD,,462
mapa_1_resultados.xlsx,3427,AL2021,182305,AF,PS,party,PS,,260
mapa_1_resultados.xlsx,3427,AL2021,182305,AF,PCP-PEV,coalition,PCP-PEV,,7
mapa_1_resultados.xlsx,3428,AL2021,182306,AF,IL,party,IL,,58
mapa_1_resultados.xlsx,3428,AL2021,182306,AF,PPD/PSD,party,PPD/PSD,,1287
mapa_1_resultados.xlsx,3428,AL2021,182306,AF,PS,party,PS,,798
mapa_1_resultados.xlsx,3428,AL2021,182306,AF,PCP-PEV,coalition,PCP-PEV,,42
mapa_1_resultados.xlsx,3428,AL2021,182306,AF,[D],citizen_group,APP,As Pessoas Primeiro Movimento Independente,254
mapa_1_resultados.xlsx,3429,AL2021,182307,AF,PPD/PSD,party,PPD/PSD,,550
mapa_1_resultados.xlsx,3429,AL2021,182307,AF,PS,party,PS,,236
mapa_1_resultados.xlsx,3430,AL2021,182310,AF,PPD/PSD,party,PPD/PSD,,383
mapa_1_resultados.xlsx,3430,AL2021,182310,AF,PS,party,PS,,196
mapa_1_resultados.xlsx,3431,AL2021,182315,AF,PPD/PSD,party,PPD/PSD,,844
mapa_1_resultados.xlsx,3431,AL2021,182315,AF,PS,party,PS,,584
mapa_1_resultados.xlsx,3432,AL2021,182316,AF,PPD/PSD,party,PPD/PSD,,439
mapa_1_resultados.xlsx,3432,AL2021,182316,AF,PS,party,PS,,469
mapa_1_resultados.xlsx,3433,AL2021,182317,AF,CDS-PP,party,CDS-PP,,59
mapa_1_resultados.xlsx,3433,AL2021,182317,AF,IL,party,IL,,24
mapa_1_resultados.xlsx,3433,AL2021,182317,AF,PPD/PSD,party,PPD/PSD,,817
mapa_1_resultados.xlsx,3433,AL2021,182317,AF,PS,party,PS,,751
mapa_1_resultados.xlsx,3434,AL2021,182318,AF,CDS-PP,party,CDS-PP,,35
mapa_1_resultados.xlsx,3434,AL2021,182318,AF,PPD/PSD,party,PPD/PSD,,622
mapa_1_resultados.xlsx,3434,AL2021,182318,AF,PS,party,PS,,683
mapa_1_resultados.xlsx,3434,AL2021,182318,AF,PCP-PEV,coalition,PCP-PEV,,19
mapa_1_resultados.xlsx,3435,AL2021,182319,AF,CDS-PP,party,CDS-PP,,188
mapa_1_resultados.xlsx,3435,AL2021,182319,AF,PPD/PSD,party,PPD/PSD,,867
mapa_1_resultados.xlsx,3435,AL2021,182319,AF,PS,party,PS,,566
mapa_1_resultados.xlsx,3435,AL2021,182319,AF,PCP-PEV,coalition,PCP-PEV,,37
mapa_1_resultados.xlsx,3435,AL2021,182319,AF,[D],citizen_group,MIFO,Movimento Independente pela Freguesia de Orgens,351
mapa_1_resultados.xlsx,3436,AL2021,182320,AF,PPD/PSD,party,PPD/PSD,,604
mapa_1_resultados.xlsx,3436,AL2021,182320,AF,PS,party,PS,,329
mapa_1_resultados.xlsx,3437,AL2021,182321,AF,B.E.,party,B.E.,,139
mapa_1_resultados.xlsx,3437,AL2021,182321,AF,CDS-PP,party,CDS-PP,,76
mapa_1_resultados.xlsx,3437,AL2021,182321,AF,IL,party,IL,,107
mapa_1_resultados.xlsx,3437,AL2021,182321,AF,PPD/PSD,party,PPD/PSD,,1120
mapa_1_resultados.xlsx,3437,AL2021,182321,AF,PS,party,PS,,993
mapa_1_resultados.xlsx,3437,AL2021,182321,AF,PCP-PEV,coalition,PCP-PEV,,43
mapa_1_resultados.xlsx,3438,AL2021,182322,AF,CH,party,CH,,57
mapa_1_resultados.xlsx,3438,AL2021,182322,AF,PPD/PSD,party,PPD/PSD,,402
mapa_1_resultados.xlsx,3438,AL2021,182322,AF,PS,party,PS,,313
mapa_1_resultados.xlsx,3438,AL2021,182322,AF,PCP-PEV,coalition,PCP-PEV,,3
mapa_1_resultados.xlsx,3439,AL2021,182323,AF,B.E.,party,B.E.,,159
mapa_1_resultados.xlsx,3439,AL2021,182323,AF,CDS-PP,party,CDS-PP,,112
mapa_1_resultados.xlsx,3439,AL2021,182323,AF,CH,party,CH,,156
mapa_1_resultados.xlsx,3439,AL2021,182323,AF,IL,party,IL,,127
mapa_1_resultados.xlsx,3439,AL2021,182323,AF,PPD/PSD,party,PPD/PSD,,1852
mapa_1_resultados.xlsx,3439,AL2021,182323,AF,PS,party,PS,,1974
mapa_1_resultados.xlsx,3439,AL2021,182323,AF,PCP-PEV,coalition,PCP-PEV,,53
mapa_1_resultados.xlsx,3440,AL2021,182325,AF,PPD/PSD,party,PPD/PSD,,489
mapa_1_resultados.xlsx,3440,AL2021,182325,AF,PS,party,PS,,185
mapa_1_resultados.xlsx,3440,AL2021,182325,AF,PCP-PEV,coalition,PCP-PEV,,7
mapa_1_resultados.xlsx,3440,AL2021,182325,AF,[D],citizen_group,SEI,Santos-Evos Independente,305
mapa_1_resultados.xlsx,3441,AL2021,182327,AF,B.E.,party,B.E.,,72
mapa_1_resultados.xlsx,3441,AL2021,182327,AF,CDS-PP,party,CDS-PP,,90
mapa_1_resultados.xlsx,3441,AL2021,182327,AF,IL,party,IL,,85
mapa_1_resultados.xlsx,3441,AL2021,182327,AF,PPD/PSD,party,PPD/PSD,,1261
mapa_1_resultados.xlsx,3441,AL2021,182327,AF,PS,party,PS,,820
mapa_1_resultados.xlsx,3441,AL2021,182327,AF,PCP-PEV,coalition,PCP-PEV,,27
mapa_1_resultados.xlsx,3442,AL2021,182329,AF,CDS-PP,party,CDS-PP,,74
mapa_1_resultados.xlsx,3442,AL2021,182329,AF,PPD/PSD,party,PPD/PSD,,421
mapa_1_resultados.xlsx,3442,AL2021,182329,AF,PS,party,PS,,232
mapa_1_resultados.xlsx,3442,AL2021,182329,AF,PCP-PEV,coalition,PCP-PEV,,11
mapa_1_resultados.xlsx,3443,AL2021,182335,AF,PPD/PSD,party,PPD/PSD,,582
mapa_1_resultados.xlsx,3443,AL2021,182335,AF,PS,party,PS,,297
mapa_1_resultados.xlsx,3443,AL2021,182335,AF,PCP-PEV,coalition,PCP-PEV,,4
mapa_1_resultados.xlsx,3444,AL2021,182336,AF,PPD/PSD,party,PPD/PSD,,646
mapa_1_resultados.xlsx,3444,AL2021,182336,AF,PS,party,PS,,448
mapa_1_resultados.xlsx,3444,AL2021,182336,AF,PCP-PEV,coalition,PCP-PEV,,12
mapa_1_resultados.xlsx,3444,AL2021,182336,AF,[D],citizen_group,CIU,Cidadãos Independentes e Unidos,401
mapa_1_resultados.xlsx,3445,AL2021,182337,AF,PPD/PSD,party,PPD/PSD,,494
mapa_1_resultados.xlsx,3445,AL2021,182337,AF,PS,party,PS,,331
mapa_1_resultados.xlsx,3445,AL2021,182337,AF,PCP-PEV,coalition,PCP-PEV,,23
mapa_1_resultados.xlsx,3446,AL2021,182338,AF,CDS-PP,party,CDS-PP,,54
mapa_1_resultados.xlsx,3446,AL2021,182338,AF,IL,party,IL,,103
mapa_1_resultados.xlsx,3446,AL2021,182338,AF,PPD/PSD,party,PPD/PSD,,703
mapa_1_resultados.xlsx,3446,AL2021,182338,AF,PS,party,PS,,493
mapa_1_resultados.xlsx,3446,AL2021,182338,AF,PCP-PEV,coalition,PCP-PEV,,10
mapa_1_resultados.xlsx,3447,AL2021,182339,AF,B.E.,party,B.E.,,121
mapa_1_resultados.xlsx,3447,AL2021,182339,AF,CDS-PP,party,CDS-PP,,103
mapa_1_resultados.xlsx,3447,AL2021,182339,AF,IL,party,IL,,98
mapa_1_resultados.xlsx,3447,AL2021,182339,AF,PPD/PSD,party,PPD/PSD,,1323
mapa_1_resultados.xlsx,3447,AL2021,182339,AF,PS,party,PS,,1362
mapa_1_resultados.xlsx,3447,AL2021,182339,AF,PCP-PEV,coalition,PCP-PEV,,61
mapa_1_resultados.xlsx,3448,AL2021,182340,AF,PPD/PSD,party,PPD/PSD,,734
mapa_1_resultados.xlsx,3448,AL2021,182340,AF,PS,party,PS,,392
mapa_1_resultados.xlsx,3448,AL2021,182340,AF,PCP-PEV,coalition,PCP-PEV,,32
mapa_1_resultados.xlsx,3449,AL2021,182341,AF,B.E.,party,B.E.,,525
mapa_1_resultados.xlsx,3449,AL2021,182341,AF,CDS-PP,party,CDS-PP,,416
mapa_1_resultados.xlsx,3449,AL2021,182341,AF,CH,party,CH,,418
mapa_1_resultados.xlsx,3449,AL2021,182341,AF,IL,party,IL,,417
mapa_1_resultados.xlsx,3449,AL2021,182341,AF,PPD/PSD,party,PPD/PSD,,4882
mapa_1_resultados.xlsx,3449,AL2021,182341,AF,PS,party,PS,,4123
mapa_1_resultados.xlsx,3449,AL2021,182341,AF,PCP-PEV,coalition,PCP-PEV,,264
mapa_1_resultados.xlsx,3450,AL2021,182400,CM,CH,party,CH,,196
mapa_1_resultados.xlsx,3450,AL2021,182400,CM,PPD/PSD,party,PPD/PSD,,3609
mapa_1_resultados.xlsx,3450,AL2021,182400,CM,PS,party,PS,,1971
mapa_1_resultados.xlsx,3450,AL2021,182400,CM,PCP-PEV,coalition,PCP-PEV,,97
mapa_1_resultados.xlsx,3451,AL2021,182400,AM,PPD/PSD,party,PPD/PSD,,3416
mapa_1_resultados.xlsx,3451,AL2021,182400,AM,PS,party,PS,,2194
mapa_1_resultados.xlsx,3451,AL2021,182400,AM,PCP-PEV,coalition,PCP-PEV,,185
mapa_1_resultados.xlsx,3452,AL2021,182401,AF,NC,party,NC,,165
mapa_1_resultados.xlsx,3452,AL2021,182401,AF,PPD/PSD,party,PPD/PSD,,197
mapa_1_resultados.xlsx,3452,AL2021,182401,AF,PS,party,PS,,203
mapa_1_resultados.xlsx,3452,AL2021,182401,AF,PCP-PEV,coalition,PCP-PEV,,2
mapa_1_resultados.xlsx,3453,AL2021,182403,AF,PPD/PSD,party,PPD/PSD,,463
mapa_1_resultados.xlsx,3453,AL2021,182403,AF,PS,party,PS,,252
mapa_1_resultados.xlsx,3453,AL2021,182403,AF,PCP-PEV,coalition,PCP-PEV,,31
mapa_1_resultados.xlsx,3454,AL2021,182407,AF,PPD/PSD,party,PPD/PSD,,14
mapa_1_resultados.xlsx,3454,AL2021,182407,AF,PS,party,PS,,87
mapa_1_resultados.xlsx,3454,AL2021,182407,AF,[D],citizen_group,I,Juntos pela Freguesia de Fornelo do Monte,106
mapa_1_resultados.xlsx,3455,AL2021,182409,AF,PPD/PSD,party,PPD/PSD,,428
mapa_1_resultados.xlsx,3455,AL2021,182409,AF,PS,party,PS,,418
mapa_1_resultados.xlsx,3456,AL2021,182410,AF,PPD/PSD,party,PPD/PSD,,301
mapa_1_resultados.xlsx,3456,AL2021,182410,AF,PS,party,PS,,294
mapa_1_resultados.xlsx,3457,AL2021,182411,AF,PPD/PSD,party,PPD/PSD,,248
mapa_1_resultados.xlsx,3457,AL2021,182411,AF,PS,party,PS,,206
mapa_1_resultados.xlsx,3458,AL2021,182413,AF,PPD/PSD,party,PPD/PSD,,492
mapa_1_resultados.xlsx,3458,AL2021,182413,AF,PS,party,PS,,198
mapa_1_resultados.xlsx,3458,AL2021,182413,AF,PCP-PEV,coalition,PCP-PEV,,11
mapa_1_resultados.xlsx,3459,AL2021,182414,AF,PPD/PSD,party,PPD/PSD,,363
mapa_1_resultados.xlsx,3459,AL2021,182414,AF,PS,party,PS,,279
mapa_1_resultados.xlsx,3460,AL2021,182415,AF,PPD/PSD,party,PPD/PSD,,565
mapa_1_resultados.xlsx,3460,AL2021,182415,AF,PS,party,PS,,488
mapa_1_resultados.xlsx,3460,AL2021,182415,AF,PCP-PEV,coalition,PCP-PEV,,34
mapa_1_resultados.xlsx,3462,AL2021,310100,CM,CDS-PP,party,CDS-PP,,819
mapa_1_resultados.xlsx,3462,AL2021,310100,CM,PPD/PSD,party,PPD/PSD,,5047
mapa_1_resultados.xlsx,3462,AL2021,310100,CM,PS,party,PS,,870
mapa_1_resultados.xlsx,3462,AL2021,310100,CM,PTP,party,PTP,,54
mapa_1_resultados.xlsx,3462,AL2021,310100,CM,PCP-PEV,coalition,PCP-PEV,,68
mapa_1_resultados.xlsx,3463,AL2021,310100,AM,CDS-PP,party,CDS-PP,,1018
mapa_1_resultados.xlsx,3463,AL2021,310100,AM,PPD/PSD,party,PPD/PSD,,4642
mapa_1_resultados.xlsx,3463,AL2021,310100,AM,PS,party,PS,,1004
mapa_1_resultados.xlsx,3463,AL2021,310100,AM,PTP,party,PTP,,70
mapa_1_resultados.xlsx,3463,AL2021,310100,AM,PCP-PEV,coalition,PCP-PEV,,80
mapa_1_resultados.xlsx,3464,AL2021,310101,AF,CDS-PP,party,CDS-PP,,141
mapa_1_resultados.xlsx,3464,AL2021,310101,AF,PPD/PSD,party,PPD/PSD,,1395
mapa_1_resultados.xlsx,3464,AL2021,310101,AF,PS,party,PS,,234
mapa_1_resultados.xlsx,3464,AL2021,310101,AF,PCP-PEV,coalition,PCP-PEV,,24
mapa_1_resultados.xlsx,3465,AL2021,310102,AF,CDS-PP,party,CDS-PP,,217
mapa_1_resultados.xlsx,3465,AL2021,310102,AF,PPD/PSD,party,PPD/PSD,,1250
mapa_1_resultados.xlsx,3465,AL2021,310102,AF,PS,party,PS,,337
mapa_1_resultados.xlsx,3465,AL2021,310102,AF,PTP,party,PTP,,28
mapa_1_resultados.xlsx,3465,AL2021,310102,AF,PCP-PEV,coalition,PCP-PEV,,25
mapa_1_resultados.xlsx,3466,AL2021,310103,AF,CDS-PP,party,CDS-PP,,33
mapa_1_resultados.xlsx,3466,AL2021,310103,AF,PPD/PSD,party,PPD/PSD,,897
mapa_1_resultados.xlsx,3466,AL2021,310103,AF,PS,party,PS,,59
mapa_1_resultados.xlsx,3466,AL2021,310103,AF,PCP-PEV,coalition,PCP-PEV,,10
mapa_1_resultados.xlsx,3467,AL2021,310104,AF,CDS-PP,party,CDS-PP,,285
mapa_1_resultados.xlsx,3467,AL2021,310104,AF,PPD/PSD,party,PPD/PSD,,264
mapa_1_resultados.xlsx,3467,AL2021,310104,AF,PS,party,PS,,22
mapa_1_resultados.xlsx,3467,AL2021,310104,AF,PCP-PEV,coalition,PCP-PEV,,3
mapa_1_resultados.xlsx,3468,AL2021,310105,AF,CDS-PP,party,CDS-PP,,17
mapa_1_resultados.xlsx,3468,AL2021,310105,AF,PPD/PSD,party,PPD/PSD,,100
mapa_1_resultados.xlsx,3468,AL2021,310105,AF,PS,party,PS,,37
mapa_1_resultados.xlsx,3468,AL2021,310105,AF,PCP-PEV,coalition,PCP-PEV,,5
mapa_1_resultados.xlsx,3469,AL2021,310106,AF,CDS-PP,party,CDS-PP,,310
mapa_1_resultados.xlsx,3469,AL2021,310106,AF,PPD/PSD,party,PPD/PSD,,118
mapa_1_resultados.xlsx,3469,AL2021,310106,AF,PS,party,PS,,6
mapa_1_resultados.xlsx,3469,AL2021,310106,AF,PTP,party,PTP,,0
mapa_1_resultados.xlsx,3469,AL2021,310106,AF,PCP-PEV,coalition,PCP-PEV,,3
mapa_1_resultados.xlsx,3470,AL2021,310107,AF,CDS-PP,party,CDS-PP,,229
mapa_1_resultados.xlsx,3470,AL2021,310107,AF,PPD/PSD,party,PPD/PSD,,301
mapa_1_resultados.xlsx,3470,AL2021,310107,AF,PS,party,PS,,33
mapa_1_resultados.xlsx,3470,AL2021,310107,AF,PCP-PEV,coalition,PCP-PEV,,5
mapa_1_resultados.xlsx,3471,AL2021,310108,AF,CDS-PP,party,CDS-PP,,61
mapa_1_resultados.xlsx,3471,AL2021,310108,AF,PPD/PSD,party,PPD/PSD,,360
mapa_1_resultados.xlsx,3471,AL2021,310108,AF,PS,party,PS,,24
mapa_1_resultados.xlsx,3471,AL2021,310108,AF,PCP-PEV,coalition,PCP-PEV,,2
mapa_1_resultados.xlsx,3472,AL2021,310200,CM,CDS-PP,party,CDS-PP,,1226
mapa_1_resultados.xlsx,3472,AL2021,310200,CM,CH,party,CH,,697
mapa_1_resultados.xlsx,3472,AL2021,310200,CM,JPP,party,JPP,,480
mapa_1_resultados.xlsx,3472,AL2021,310200,CM,PPD/PSD,party,PPD/PSD,,9866
mapa_1_resultados.xlsx,3472,AL2021,310200,CM,PS,party,PS,,2845
mapa_1_resultados.xlsx,3472,AL2021,310200,CM,PTP,party,PTP,,189
mapa_1_resultados.xlsx,3472,AL2021,310200,CM,R.I.R.,party,R.I.R.,,78
mapa_1_resultados.xlsx,3472,AL2021,310200,CM,PCP-PEV,coalition,PCP-PEV,,378
mapa_1_resultados.xlsx,3472,AL2021,310200,CM,[A],coalition,PDR/MPT/A,"""COLIGAÇÃO VOZ CÂMARA DE LOBOS""",92
mapa_1_resultados.xlsx,3473,AL2021,310200,AM,CDS-PP,party,CDS-PP,,1267
mapa_1_resultados.xlsx,3473,AL2021,310200,AM,CH,party,CH,,727
mapa_1_resultados.xlsx,3473,AL2021,310200,AM,JPP,party,JPP,,497
mapa_1_resultados.xlsx,3473,AL2021,310200,AM,PPD/PSD,party,PPD/PSD,,9699
mapa_1_resultados.xlsx,3473,AL2021,310200,AM,PS,party,PS,,2879
mapa_1_resultados.xlsx,3473,AL2021,310200,AM,PTP,party,PTP,,203
mapa_1_resultados.xlsx,3473,AL2021,310200,AM,R.I.R.,party,R.I.R.,,96
mapa_1_resultados.xlsx,3473,AL2021,310200,AM,PCP-PEV,coalition,PCP-PEV,,381
mapa_1_resultados.xlsx,3473,AL2021,310200,AM,[A],coalition,PDR/MPT/A,"""COLIGAÇÃO VOZ CÂMARA DE LOBOS""",99
mapa_1_resultados.xlsx,3474,AL2021,310201,AF,CDS-PP,party,CDS-PP,,526
mapa_1_resultados.xlsx,3474,AL2021,310201,AF,CH,party,CH,,377
mapa_1_resultados.xlsx,3474,AL2021,310201,AF,PPD/PSD,party,PPD/PSD,,4648
mapa_1_resultados.xlsx,3474,AL2021,310201,AF,PS,party,PS,,1343
mapa_1_resultados.xlsx,3474,AL2021,310201,AF,PTP,party,PTP,,124
mapa_1_resultados.xlsx,3474,AL2021,310201,AF,PCP-PEV,coalition,PCP-PEV,,198
mapa_1_resultados.xlsx,3474,AL2021,310201,AF,[A],coalition,PDR/MPT/A,"""COLIGAÇÃO VOZ CÂMARA DE LOBOS""",91
mapa_1_resultados.xlsx,3475,AL2021,310202,AF,CDS-PP,party,CDS-PP,,70
mapa_1_resultados.xlsx,3475,AL2021,310202,AF,PPD/PSD,party,PPD/PSD,,772
mapa_1_resultados.xlsx,3475,AL2021,310202,AF,PS,party,PS,,73
mapa_1_resultados.xlsx,3475,AL2021,310202,AF,PTP,party,PTP,,33
mapa_1_resultados.xlsx,3475,AL2021,310202,AF,PCP-PEV,coalition,PCP-PEV,,64
mapa_1_resultados.xlsx,3476,AL2021,310203,AF,CDS-PP,party,CDS-PP,,470
mapa_1_resultados.xlsx,3476,AL2021,310203,AF,CH,party,CH,,273
mapa_1_resultados.xlsx,3476,AL2021,310203,AF,PPD/PSD,party,PPD/PSD,,2996
mapa_1_resultados.xlsx,3476,AL2021,310203,AF,PS,party,PS,,828
mapa_1_resultados.xlsx,3476,AL2021,310203,AF,PTP,party,PTP,,90
mapa_1_resultados.xlsx,3476,AL2021,310203,AF,PCP-PEV,coalition,PCP-PEV,,115
mapa_1_resultados.xlsx,3477,AL2021,310204,AF,CDS-PP,party,CDS-PP,,70
mapa_1_resultados.xlsx,3477,AL2021,310204,AF,PPD/PSD,party,PPD/PSD,,649
mapa_1_resultados.xlsx,3477,AL2021,310204,AF,PS,party,PS,,353
mapa_1_resultados.xlsx,3477,AL2021,310204,AF,PCP-PEV,coalition,PCP-PEV,,39
mapa_1_resultados.xlsx,3478,AL2021,310205,AF,CDS-PP,party,CDS-PP,,141
mapa_1_resultados.xlsx,3478,AL2021,310205,AF,PPD/PSD,party,PPD/PSD,,1078
mapa_1_resultados.xlsx,3478,AL2021,310205,AF,PS,party,PS,,307
mapa_1_resultados.xlsx,3478,AL2021,310205,AF,PTP,party,PTP,,51
mapa_1_resultados.xlsx,3478,AL2021,310205,AF,PCP-PEV,coalition,PCP-PEV,,47
mapa_1_resultados.xlsx,3479,AL2021,310300,CM,CH,party,CH,,1471
mapa_1_resultados.xlsx,3479,AL2021,310300,CM,IL,party,IL,,718
mapa_1_resultados.xlsx,3479,AL2021,310300,CM,JPP,party,JPP,,966
mapa_1_resultados.xlsx,3479,AL2021,310300,CM,L,party,L,,252
mapa_1_resultados.xlsx,3479,AL2021,310300,CM,PPM,party,PPM,,258
mapa_1_resultados.xlsx,3479,AL2021,310300,CM,PTP,party,PTP,,632
mapa_1_resultados.xlsx,3479,AL2021,310300,CM,PCP-PEV,coalition,PCP-PEV,,1657
mapa_1_resultados.xlsx,3479,AL2021,310300,CM,[A],coalition,PPD/PSD.CDS-PP,FUNCHAL SEMPRE À FRENTE,26835
mapa_1_resultados.xlsx,3479,AL2021,310300,CM,[B],coalition,PS-BE-PAN-MPT-PDR,Confiança,22723
mapa_1_resultados.xlsx,3480,AL2021,310300,AM,CH,party,CH,,1822
mapa_1_resultados.xlsx,3480,AL2021,310300,AM,IL,party,IL,,1002
mapa_1_resultados.xlsx,3480,AL2021,310300,AM,JPP,party,JPP,,1270
mapa_1_resultados.xlsx,3480,AL2021,310300,AM,L,party,L,,317
mapa_1_resultados.xlsx,3480,AL2021,310300,AM,PPM,party,PPM,,292
mapa_1_resultados.xlsx,3480,AL2021,310300,AM,PTP,party,PTP,,795
mapa_1_resultados.xlsx,3480,AL2021,310300,AM,PCP-PEV,coalition,PCP-PEV,,1987
mapa_1_resultados.xlsx,3480,AL2021,310300,AM,[A],coalition,PPD/PSD.CDS-PP,FUNCHAL SEMPRE À FRENTE,26606
mapa_1_resultados.xlsx,3480,AL2021,310300,AM,[B],coalition,PS-BE-PAN-MPT-PDR,Confiança,21392
mapa_1_resultados.xlsx,3481,AL2021,310301,AF,CH,party,CH,,108
mapa_1_resultados.xlsx,3481,AL2021,310301,AF,IL,party,IL,,0
mapa_1_resultados.xlsx,3481,AL2021,310301,AF,JPP,party,JPP,,0
mapa_1_resultados.xlsx,3481,AL2021,310301,AF,L,party,L,,0
mapa_1_resultados.xlsx,3481,AL2021,310301,AF,PPM,party,PPM,,0
mapa_1_resultados.xlsx,3481,AL2021,310301,AF,PTP,party,PTP,,63
mapa_1_resultados.xlsx,3481,AL2021,310301,AF,PCP-PEV,coalition,PCP-PEV,,125
mapa_1_resultados.xlsx,3481,AL2021,310301,AF,[A],coalition,PPD/PSD.CDS-PP,FUNCHAL SEMPRE À FRENTE,1454
mapa_1_resultados.xlsx,3481,AL2021,310301,AF,[B],coalition,PS-BE-PAN-MPT-PDR,Confiança,1369
mapa_1_resultados.xlsx,3482,AL2021,310302,AF,JPP,party,JPP,,89
mapa_1_resultados.xlsx,3482,AL2021,310302,AF,PTP,party,PTP,,59
mapa_1_resultados.xlsx,3482,AL2021,310302,AF,PCP-PEV,coalition,PCP-PEV,,107
mapa_1_resultados.xlsx,3482,AL2021,310302,AF,[A],coalition,PPD/PSD.CDS-PP,FUNCHAL SEMPRE À FRENTE,1740
mapa_1_resultados.xlsx,3482,AL2021,310302,AF,[B],coalition,PS-BE-PAN-MPT-PDR,Confiança,1185
mapa_1_resultados.xlsx,3483,AL2021,310303,AF,CH,party,CH,,0
mapa_1_resultados.xlsx,3483,AL2021,310303,AF,IL,party,IL,,94
mapa_1_resultados.xlsx,3483,AL2021,310303,AF,JPP,party,JPP,,0
mapa_1_resultados.xlsx,3483,AL2021,310303,AF,L,party,L,,0
mapa_1_resultados.xlsx,3483,AL2021,310303,AF,PPM,party,PPM,,0
mapa_1_resultados.xlsx,3483,AL2021,310303,AF,PTP,party,PTP,,38
mapa_1_resultados.xlsx,3483,AL2021,310303,AF,PCP-PEV,coalition,PCP-PEV,,94
mapa_1_resultados.xlsx,3483,AL2021,310303,AF,[A],coalition,PPD/PSD.CDS-PP,FUNCHAL SEMPRE À FRENTE,1557
mapa_1_resultados.xlsx,3483,AL2021,310303,AF,[B],coalition,PS-BE-PAN-MPT-PDR,Confiança,1112
mapa_1_resultados.xlsx,3484,AL2021,310304,AF,CH,party,CH,,212
mapa_1_resultados.xlsx,3484,AL2021,310304,AF,IL,party,IL,,139
mapa_1_resultados.xlsx,3484,AL2021,310304,AF,JPP,party,JPP,,165
mapa_1_resultados.xlsx,3484,AL2021,310304,AF,PTP,party,PTP,,103
mapa_1_resultados.xlsx,3484,AL2021,310304,AF,PCP-PEV,coalition,PCP-PEV,,191
mapa_1_resultados.xlsx,3484,AL2021,310304,AF,[A],coalition,PPD/PSD.CDS-PP,FUNCHAL SEMPRE À FRENTE,2713
mapa_1_resultados.xlsx,3484,AL2021,310304,AF,[B],coalition,PS-BE-PAN-MPT-PDR,Confiança,2892
mapa_1_resultados.xlsx,3485,AL2021,310305,AF,CH,party,CH,,564
mapa_1_resultados.xlsx,3485,AL2021,310305,AF,IL,party,IL,,0
mapa_1_resultados.xlsx,3485,AL2021,310305,AF,JPP,party,JPP,,409
mapa_1_resultados.xlsx,3485,AL2021,310305,AF,L,party,L,,0
mapa_1_resultados.xlsx,3485,AL2021,310305,AF,PPM,party,PPM,,0
mapa_1_resultados.xlsx,3485,AL2021,310305,AF,PTP,party,PTP,,245
mapa_1_resultados.xlsx,3485,AL2021,310305,AF,PCP-PEV,coalition,PCP-PEV,,595
mapa_1_resultados.xlsx,3485,AL2021,310305,AF,[A],coalition,PPD/PSD.CDS-PP,FUNCHAL SEMPRE À FRENTE,6830
mapa_1_resultados.xlsx,3485,AL2021,310305,AF,[B],coalition,PS-BE-PAN-MPT-PDR,Confiança,4781
mapa_1_resultados.xlsx,3486,AL2021,310306,AF,CH,party,CH,,0
mapa_1_resultados.xlsx,3486,AL2021,310306,AF,IL,party,IL,,0
mapa_1_resultados.xlsx,3486,AL2021,310306,AF,JPP,party,JPP,,81
mapa_1_resultados.xlsx,3486,AL2021,310306,AF,L,party,L,,0
mapa_1_resultados.xlsx,3486,AL2021,310306,AF,PPM,party,PPM,,22
mapa_1_resultados.xlsx,3486,AL2021,310306,AF,PTP,party,PTP,,31
mapa_1_resultados.xlsx,3486,AL2021,310306,AF,PCP-PEV,coalition,PCP-PEV,,77
mapa_1_resultados.xlsx,3486,AL2021,310306,AF,[A],coalition,PPD/PSD.CDS-PP,FUNCHAL SEMPRE À FRENTE,1193
mapa_1_resultados.xlsx,3486,AL2021,310306,AF,[B],coalition,PS-BE-PAN-MPT-PDR,Confiança,1073
mapa_1_resultados.xlsx,3487,AL2021,310307,AF,CH,party,CH,,445
mapa_1_resultados.xlsx,3487,AL2021,310307,AF,IL,party,IL,,259
mapa_1_resultados.xlsx,3487,AL2021,310307,AF,JPP,party,JPP,,307
mapa_1_resultados.xlsx,3487,AL2021,310307,AF,L,party,L,,0
mapa_1_resultados.xlsx,3487,AL2021,310307,AF,PPM,party,PPM,,17
mapa_1_resultados.xlsx,3487,AL2021,310307,AF,PTP,party,PTP,,147
mapa_1_resultados.xlsx,3487,AL2021,310307,AF,PCP-PEV,coalition,PCP-PEV,,357
mapa_1_resultados.xlsx,3487,AL2021,310307,AF,[A],coalition,PPD/PSD.CDS-PP,FUNCHAL SEMPRE À FRENTE,6320
mapa_1_resultados.xlsx,3487,AL2021,310307,AF,[B],coalition,PS-BE-PAN-MPT-PDR,Confiança,5647
mapa_1_resultados.xlsx,3488,AL2021,310308,AF,CH,party,CH,,112
mapa_1_resultados.xlsx,3488,AL2021,310308,AF,IL,party,IL,,0
mapa_1_resultados.xlsx,3488,AL2021,310308,AF,JPP,party,JPP,,0
mapa_1_resultados.xlsx,3488,AL2021,310308,AF,L,party,L,,0
mapa_1_resultados.xlsx,3488,AL2021,310308,AF,PPM,party,PPM,,0
mapa_1_resultados.xlsx,3488,AL2021,310308,AF,PTP,party,PTP,,78
mapa_1_resultados.xlsx,3488,AL2021,310308,AF,PCP-PEV,coalition,PCP-PEV,,159
mapa_1_resultados.xlsx,3488,AL2021,310308,AF,[A],coalition,PPD/PSD.CDS-PP,FUNCHAL SEMPRE À FRENTE,1854
mapa_1_resultados.xlsx,3488,AL2021,310308,AF,[B],coalition,PS-BE-PAN-MPT-PDR,Confiança,1476
mapa_1_resultados.xlsx,3489,AL2021,310309,AF,CH,party,CH,,240
mapa_1_resultados.xlsx,3489,AL2021,310309,AF,PTP,party,PTP,,91
mapa_1_resultados.xlsx,3489,AL2021,310309,AF,PCP-PEV,coalition,PCP-PEV,,152
mapa_1_resultados.xlsx,3489,AL2021,310309,AF,[A],coalition,PPD/PSD.CDS-PP,FUNCHAL SEMPRE À FRENTE,2803
mapa_1_resultados.xlsx,3489,AL2021,310309,AF,[B],coalition,PS-BE-PAN-MPT-PDR,Confiança,1407
mapa_1_resultados.xlsx,3490,AL2021,310310,AF,CH,party,CH,,47
mapa_1_resultados.xlsx,3490,AL2021,310310,AF,IL,party,IL,,32
mapa_1_resultados.xlsx,3490,AL2021,310310,AF,PTP,party,PTP,,22
mapa_1_resultados.xlsx,3490,AL2021,310310,AF,PCP-PEV,coalition,PCP-PEV,,35
mapa_1_resultados.xlsx,3490,AL2021,310310,AF,[A],coalition,PPD/PSD.CDS-PP,FUNCHAL SEMPRE À FRENTE,841
mapa_1_resultados.xlsx,3490,AL2021,310310,AF,[B],coalition,PS-BE-PAN-MPT-PDR,Confiança,445
mapa_1_resultados.xlsx,3491,AL2021,310400,CM,CH,party,CH,,235
mapa_1_resultados.xlsx,3491,AL2021,310400,CM,IL,party,IL,,189
mapa_1_resultados.xlsx,3491,AL2021,310400,CM,JPP,party,JPP,,495
mapa_1_resultados.xlsx,3491,AL2021,310400,CM,PS,party,PS,,5951
mapa_1_resultados.xlsx,3491,AL2021,310400,CM,PTP,party,PTP,,68
mapa_1_resultados.xlsx,3491,AL2021,310400,CM,PCP-PEV,coalition,PCP-PEV,,90
mapa_1_resultados.xlsx,3491,AL2021,310400,CM,[A],coalition,PPD/PSD.CDS-PP,JUNTOS SOMOS MACHICO,4087
mapa_1_resultados.xlsx,3492,AL2021,310400,AM,CH,party,CH,,275
mapa_1_resultados.xlsx,3492,AL2021,310400,AM,IL,party,IL,,236
mapa_1_resultados.xlsx,3492,AL2021,310400,AM,JPP,party,JPP,,610
mapa_1_resultados.xlsx,3492,AL2021,310400,AM,PS,party,PS,,5624
mapa_1_resultados.xlsx,3492,AL2021,310400,AM,PTP,party,PTP,,79
mapa_1_resultados.xlsx,3492,AL2021,310400,AM,PCP-PEV,coalition,PCP-PEV,,116
mapa_1_resultados.xlsx,3492,AL2021,310400,AM,[A],coalition,PPD/PSD.CDS-PP,JUNTOS SOMOS MACHICO,4152
mapa_1_resultados.xlsx,3493,AL2021,310401,AF,CH,party,CH,,54
mapa_1_resultados.xlsx,3493,AL2021,310401,AF,IL,party,IL,,36
mapa_1_resultados.xlsx,3493,AL2021,310401,AF,PS,party,PS,,671
mapa_1_resultados.xlsx,3493,AL2021,310401,AF,PTP,party,PTP,,18
mapa_1_resultados.xlsx,3493,AL2021,310401,AF,PCP-PEV,coalition,PCP-PEV,,19
mapa_1_resultados.xlsx,3493,AL2021,310401,AF,[A],coalition,PPD/PSD.CDS-PP,JUNTOS SOMOS MACHICO,603
mapa_1_resultados.xlsx,3494,AL2021,310402,AF,CH,party,CH,,76
mapa_1_resultados.xlsx,3494,AL2021,310402,AF,IL,party,IL,,25
mapa_1_resultados.xlsx,3494,AL2021,310402,AF,JPP,party,JPP,,58
mapa_1_resultados.xlsx,3494,AL2021,310402,AF,PS,party,PS,,973
mapa_1_resultados.xlsx,3494,AL2021,310402,AF,PTP,party,PTP,,10
mapa_1_resultados.xlsx,3494,AL2021,310402,AF,PCP-PEV,coalition,PCP-PEV,,13
mapa_1_resultados.xlsx,3494,AL2021,310402,AF,[A],coalition,PPD/PSD.CDS-PP,JUNTOS SOMOS MACHICO,803
mapa_1_resultados.xlsx,3495,AL2021,310403,AF,CH,party,CH,,124
mapa_1_resultados.xlsx,3495,AL2021,310403,AF,IL,party,IL,,145
mapa_1_resultados.xlsx,3495,AL2021,310403,AF,JPP,party,JPP,,296
mapa_1_resultados.xlsx,3495,AL2021,310403,AF,PS,party,PS,,3118
mapa_1_resultados.xlsx,3495,AL2021,310403,AF,PTP,party,PTP,,26
mapa_1_resultados.xlsx,3495,AL2021,310403,AF,PCP-PEV,coalition,PCP-PEV,,53
mapa_1_resultados.xlsx,3495,AL2021,310403,AF,[A],coalition,PPD/PSD.CDS-PP,JUNTOS SOMOS MACHICO,1830
mapa_1_resultados.xlsx,3496,AL2021,310404,AF,CH,party,CH,,25
mapa_1_resultados.xlsx,3496,AL2021,310404,AF,IL,party,IL,,11
mapa_1_resultados.xlsx,3496,AL2021,310404,AF,JPP,party,JPP,,65
mapa_1_resultados.xlsx,3496,AL2021,310404,AF,PS,party,PS,,868
mapa_1_resultados.xlsx,3496,AL2021,310404,AF,PCP-PEV,coalition,PCP-PEV,,25
mapa_1_resultados.xlsx,3496,AL2021,310404,AF,[A],coalition,PPD/PSD.CDS-PP,JUNTOS SOMOS MACHICO,411
mapa_1_resultados.xlsx,3497,AL2021,310405,AF,JPP,party,JPP,,81
mapa_1_resultados.xlsx,3497,AL2021,310405,AF,PS,party,PS,,166
mapa_1_resultados.xlsx,3497,AL2021,310405,AF,PTP,party,PTP,,16
mapa_1_resultados.xlsx,3497,AL2021,310405,AF,PCP-PEV,coalition,PCP-PEV,,7
mapa_1_resultados.xlsx,3497,AL2021,310405,AF,[A],coalition,PPD/PSD.CDS-PP,JUNTOS SOMOS MACHICO,466
mapa_1_resultados.xlsx,3498,AL2021,310500,CM,IL,party,IL,,62
mapa_1_resultados.xlsx,3498,AL2021,310500,CM,JPP,party,JPP,,180
mapa_1_resultados.xlsx,3498,AL2021,310500,CM,PS,party,PS,,2978
mapa_1_resultados.xlsx,3498,AL2021,310500,CM,PTP,party,PTP,,37
mapa_1_resultados.xlsx,3498,AL2021,310500,CM,R.I.R.,party,R.I.R.,,10
mapa_1_resultados.xlsx,3498,AL2021,310500,CM,PCP-PEV,coalition,PCP-PEV,,47
mapa_1_resultados.xlsx,3498,AL2021,310500,CM,[A],coalition,PPD/PSD.CDS-PP,SEMPRE PELA PONTA DO SOL,2082
mapa_1_resultados.xlsx,3499,AL2021,310500,AM,IL,party,IL,,71
mapa_1_resultados.xlsx,3499,AL2021,310500,AM,JPP,party,JPP,,225
mapa_1_resultados.xlsx,3499,AL2021,310500,AM,PS,party,PS,,2771
mapa_1_resultados.xlsx,3499,AL2021,310500,AM,PTP,party,PTP,,37
mapa_1_resultados.xlsx,3499,AL2021,310500,AM,R.I.R.,party,R.I.R.,,13
mapa_1_resultados.xlsx,3499,AL2021,310500,AM,PCP-PEV,coalition,PCP-PEV,,45
mapa_1_resultados.xlsx,3499,AL2021,310500,AM,[A],coalition,PPD/PSD.CDS-PP,SEMPRE PELA PONTA DO SOL,2222
mapa_1_resultados.xlsx,3500,AL2021,310501,AF,JPP,party,JPP,,68
mapa_1_resultados.xlsx,3500,AL2021,310501,AF,PS,party,PS,,1034
mapa_1_resultados.xlsx,3500,AL2021,310501,AF,PCP-PEV,coalition,PCP-PEV,,31
mapa_1_resultados.xlsx,3500,AL2021,310501,AF,[A],coalition,PPD/PSD.CDS-PP,SEMPRE PELA PONTA DO SOL,1204
mapa_1_resultados.xlsx,3501,AL2021,310502,AF,JPP,party,JPP,,6
mapa_1_resultados.xlsx,3501,AL2021,310502,AF,PS,party,PS,,107
mapa_1_resultados.xlsx,3501,AL2021,310502,AF,PTP,party,PTP,,3
mapa_1_resultados.xlsx,3501,AL2021,310502,AF,PCP-PEV,coalition,PCP-PEV,,2
mapa_1_resultados.xlsx,3501,AL2021,310502,AF,[A],coalition,PPD/PSD.CDS-PP,SEMPRE PELA PONTA DO SOL,212
mapa_1_resultados.xlsx,3502,AL2021,310503,AF,JPP,party,JPP,,150
mapa_1_resultados.xlsx,3502,AL2021,310503,AF,PS,party,PS,,1492
mapa_1_resultados.xlsx,3502,AL2021,310503,AF,PTP,party,PTP,,23
mapa_1_resultados.xlsx,3502,AL2021,310503,AF,PCP-PEV,coalition,PCP-PEV,,27
mapa_1_resultados.xlsx,3502,AL2021,310503,AF,[A],coalition,PPD/PSD.CDS-PP,SEMPRE PELA PONTA DO SOL,1014
mapa_1_resultados.xlsx,3503,AL2021,310600,CM,PS,party,PS,,1147
mapa_1_resultados.xlsx,3503,AL2021,310600,CM,PCP-PEV,coalition,PCP-PEV,,24
mapa_1_resultados.xlsx,3503,AL2021,310600,CM,[A],coalition,PPD/PSD.CDS-PP,MAIS PARA O PORTO MONIZ,876
mapa_1_resultados.xlsx,3504,AL2021,310600,AM,PS,party,PS,,1132
mapa_1_resultados.xlsx,3504,AL2021,310600,AM,PCP-PEV,coalition,PCP-PEV,,33
mapa_1_resultados.xlsx,3504,AL2021,310600,AM,[A],coalition,PPD/PSD.CDS-PP,MAIS PARA O PORTO MONIZ,872
mapa_1_resultados.xlsx,3505,AL2021,310601,AF,PS,party,PS,,84
mapa_1_resultados.xlsx,3505,AL2021,310601,AF,PCP-PEV,coalition,PCP-PEV,,0
mapa_1_resultados.xlsx,3505,AL2021,310601,AF,[A],coalition,PPD/PSD.CDS-PP,MAIS PARA O PORTO MONIZ,43
mapa_1_resultados.xlsx,3506,AL2021,310602,AF,PS,party,PS,,765
mapa_1_resultados.xlsx,3506,AL2021,310602,AF,PCP-PEV,coalition,PCP-PEV,,21
mapa_1_resultados.xlsx,3506,AL2021,310602,AF,[A],coalition,PPD/PSD.CDS-PP,MAIS PARA O PORTO MONIZ,420
mapa_1_resultados.xlsx,3507,AL2021,310603,AF,PS,party,PS,,107
mapa_1_resultados.xlsx,3507,AL2021,310603,AF,PCP-PEV,coalition,PCP-PEV,,2
mapa_1_resultados.xlsx,3507,AL2021,310603,AF,[A],coalition,PPD/PSD.CDS-PP,MAIS PARA O PORTO MONIZ,91
mapa_1_resultados.xlsx,3508,AL2021,310604,AF,PS,party,PS,,240
mapa_1_resultados.xlsx,3508,AL2021,310604,AF,PCP-PEV,coalition,PCP-PEV,,9
mapa_1_resultados.xlsx,3508,AL2021,310604,AF,[A],coalition,PPD/PSD.CDS-PP,MAIS PARA O PORTO MONIZ,255
mapa_1_resultados.xlsx,3509,AL2021,310700,CM,CH,party,CH,,596
mapa_1_resultados.xlsx,3509,AL2021,310700,CM,PS,party,PS,,1542
mapa_1_resultados.xlsx,3509,AL2021,310700,CM,PTP,party,PTP,,152
mapa_1_resultados.xlsx,3509,AL2021,310700,CM,PCP-PEV,coalition,PCP-PEV,,129
mapa_1_resultados.xlsx,3509,AL2021,310700,CM,[D],citizen_group,RB1,Ribeira Brava em Primeiro,4698
mapa_1_resultados.xlsx,3510,AL2021,310700,AM,CH,party,CH,,660
mapa_1_resultados.xlsx,3510,AL2021,310700,AM,PS,party,PS,,1607
mapa_1_resultados.xlsx,3510,AL2021,310700,AM,PTP,party,PTP,,172
mapa_1_resultados.xlsx,3510,AL2021,310700,AM,PCP-PEV,coalition,PCP-PEV,,161
mapa_1_resultados.xlsx,3510,AL2021,310700,AM,[D],citizen_group,RB1,Ribeira Brava em Primeiro,4501
mapa_1_resultados.xlsx,3511,AL2021,310701,AF,CH,party,CH,,187
mapa_1_resultados.xlsx,3511,AL2021,310701,AF,PS,party,PS,,608
mapa_1_resultados.xlsx,3511,AL2021,310701,AF,PTP,party,PTP,,58
mapa_1_resultados.xlsx,3511,AL2021,310701,AF,PCP-PEV,coalition,PCP-PEV,,54
mapa_1_resultados.xlsx,3511,AL2021,310701,AF,[D],citizen_group,RB1,Ribeira Brava em Primeiro,1510
mapa_1_resultados.xlsx,3512,AL2021,310702,AF,CH,party,CH,,317
mapa_1_resultados.xlsx,3512,AL2021,310702,AF,PS,party,PS,,758
mapa_1_resultados.xlsx,3512,AL2021,310702,AF,PTP,party,PTP,,87
mapa_1_resultados.xlsx,3512,AL2021,310702,AF,PCP-PEV,coalition,PCP-PEV,,76
mapa_1_resultados.xlsx,3512,AL2021,310702,AF,[D],citizen_group,RB1,Ribeira Brava em Primeiro,2183
mapa_1_resultados.xlsx,3513,AL2021,310703,AF,CH,party,CH,,59
mapa_1_resultados.xlsx,3513,AL2021,310703,AF,PS,party,PS,,127
mapa_1_resultados.xlsx,3513,AL2021,310703,AF,PCP-PEV,coalition,PCP-PEV,,13
mapa_1_resultados.xlsx,3513,AL2021,310703,AF,[D],citizen_group,RB1,Ribeira Brava em Primeiro,400
mapa_1_resultados.xlsx,3514,AL2021,310704,AF,CH,party,CH,,119
mapa_1_resultados.xlsx,3514,AL2021,310704,AF,PS,party,PS,,165
mapa_1_resultados.xlsx,3514,AL2021,310704,AF,PCP-PEV,coalition,PCP-PEV,,15
mapa_1_resultados.xlsx,3514,AL2021,310704,AF,[D],citizen_group,RB1,Ribeira Brava em Primeiro,346
mapa_1_resultados.xlsx,3515,AL2021,310800,CM,CH,party,CH,,500
mapa_1_resultados.xlsx,3515,AL2021,310800,CM,IL,party,IL,,229
mapa_1_resultados.xlsx,3515,AL2021,310800,CM,JPP,party,JPP,,11932
mapa_1_resultados.xlsx,3515,AL2021,310800,CM,PS,party,PS,,1673
mapa_1_resultados.xlsx,3515,AL2021,310800,CM,PTP,party,PTP,,369
mapa_1_resultados.xlsx,3515,AL2021,310800,CM,R.I.R.,party,R.I.R.,,96
mapa_1_resultados.xlsx,3515,AL2021,310800,CM,PCP-PEV,coalition,PCP-PEV,,364
mapa_1_resultados.xlsx,3515,AL2021,310800,CM,[A],coalition,PDR.MPT.A,COLIGAÇÃO VOZ SANTA CRUZ,144
mapa_1_resultados.xlsx,3515,AL2021,310800,CM,[B],coalition,PPD/PSD.CDS-PP,CUMPRIR SANTA CRUZ,6172
mapa_1_resultados.xlsx,3516,AL2021,310800,AM,CH,party,CH,,605
mapa_1_resultados.xlsx,3516,AL2021,310800,AM,IL,party,IL,,268
mapa_1_resultados.xlsx,3516,AL2021,310800,AM,JPP,party,JPP,,11412
mapa_1_resultados.xlsx,3516,AL2021,310800,AM,PS,party,PS,,1772
mapa_1_resultados.xlsx,3516,AL2021,310800,AM,PTP,party,PTP,,406
mapa_1_resultados.xlsx,3516,AL2021,310800,AM,R.I.R.,party,R.I.R.,,114
mapa_1_resultados.xlsx,3516,AL2021,310800,AM,PCP-PEV,coalition,PCP-PEV,,418
mapa_1_resultados.xlsx,3516,AL2021,310800,AM,[A],coalition,PDR.MPT.A,COLIGAÇÃO VOZ SANTA CRUZ,152
mapa_1_resultados.xlsx,3516,AL2021,310800,AM,[B],coalition,PPD/PSD.CDS-PP,CUMPRIR SANTA CRUZ,6348
mapa_1_resultados.xlsx,3517,AL2021,310802,AF,CH,party,CH,,96
mapa_1_resultados.xlsx,3517,AL2021,310802,AF,IL,party,IL,,0
mapa_1_resultados.xlsx,3517,AL2021,310802,AF,JPP,party,JPP,,2242
mapa_1_resultados.xlsx,3517,AL2021,310802,AF,PS,party,PS,,359
mapa_1_resultados.xlsx,3517,AL2021,310802,AF,PTP,party,PTP,,79
mapa_1_resultados.xlsx,3517,AL2021,310802,AF,R.I.R.,party,R.I.R.,,0
mapa_1_resultados.xlsx,3517,AL2021,310802,AF,PCP-PEV,coalition,PCP-PEV,,43
mapa_1_resultados.xlsx,3517,AL2021,310802,AF,[A],coalition,PPD/PSD.CDS-PP,CUMPRIR SANTA CRUZ,0
mapa_1_resultados.xlsx,3517,AL2021,310802,AF,[B],coalition,[B],,843
mapa_1_resultados.xlsx,3518,AL2021,310803,AF,CH,party,CH,,385
mapa_1_resultados.xlsx,3518,AL2021,310803,AF,JPP,party,JPP,,5707
mapa_1_resultados.xlsx,3518,AL2021,310803,AF,PS,party,PS,,1026
mapa_1_resultados.xlsx,3518,AL2021,310803,AF,PTP,party,PTP,,215
mapa_1_resultados.xlsx,3518,AL2021,310803,AF,PCP-PEV,coalition,PCP-PEV,,221
mapa_1_resultados.xlsx,3518,AL2021,310803,AF,[A],coalition,PDR.MPT.A,COLIGAÇÃO VOZ SANTA CRUZ,132
mapa_1_resultados.xlsx,3518,AL2021,310803,AF,[B],coalition,PPD/PSD.CDS-PP,CUMPRIR SANTA CRUZ,3551
mapa_1_resultados.xlsx,3519,AL2021,310804,AF,CH,party,CH,,0
mapa_1_resultados.xlsx,3519,AL2021,310804,AF,IL,party,IL,,0
mapa_1_resultados.xlsx,3519,AL2021,310804,AF,JPP,party,JPP,,1601
mapa_1_resultados.xlsx,3519,AL2021,310804,AF,PS,party,PS,,90
mapa_1_resultados.xlsx,3519,AL2021,310804,AF,PTP,party,PTP,,39
mapa_1_resultados.xlsx,3519,AL2021,310804,AF,R.I.R.,party,R.I.R.,,0
mapa_1_resultados.xlsx,3519,AL2021,310804,AF,PCP-PEV,coalition,PCP-PEV,,30
mapa_1_resultados.xlsx,3519,AL2021,310804,AF,[A],coalition,PPD/PSD.CDS-PP,CUMPRIR SANTA CRUZ,0
mapa_1_resultados.xlsx,3519,AL2021,310804,AF,[B],coalition,[B],,475
mapa_1_resultados.xlsx,3520,AL2021,310805,AF,CH,party,CH,,101
mapa_1_resultados.xlsx,3520,AL2021,310805,AF,JPP,party,JPP,,2208
mapa_1_resultados.xlsx,3520,AL2021,310805,AF,PS,party,PS,,280
mapa_1_resultados.xlsx,3520,AL2021,310805,AF,PTP,party,PTP,,99
mapa_1_resultados.xlsx,3520,AL2021,310805,AF,PCP-PEV,coalition,PCP-PEV,,84
mapa_1_resultados.xlsx,3520,AL2021,310805,AF,[A],coalition,PPD/PSD.CDS-PP,CUMPRIR SANTA CRUZ,931
mapa_1_resultados.xlsx,3521,AL2021,310806,AF,JPP,party,JPP,,448
mapa_1_resultados.xlsx,3521,AL2021,310806,AF,PS,party,PS,,10
mapa_1_resultados.xlsx,3521,AL2021,310806,AF,PTP,party,PTP,,6
mapa_1_resultados.xlsx,3521,AL2021,310806,AF,PCP-PEV,coalition,PCP-PEV,,2
mapa_1_resultados.xlsx,3521,AL2021,310806,AF,[A],coalition,PPD/PSD.CDS-PP,CUMPRIR SANTA CRUZ,128
mapa_1_resultados.xlsx,3522,AL2021,310900,CM,CDS-PP,party,CDS-PP,,2720
mapa_1_resultados.xlsx,3522,AL2021,310900,CM,PPD/PSD,party,PPD/PSD,,1267
mapa_1_resultados.xlsx,3522,AL2021,310900,CM,PS,party,PS,,499
mapa_1_resultados.xlsx,3522,AL2021,310900,CM,R.I.R.,party,R.I.R.,,28
mapa_1_resultados.xlsx,3522,AL2021,310900,CM,PCP-PEV,coalition,PCP-PEV,,43
mapa_1_resultados.xlsx,3523,AL2021,310900,AM,CDS-PP,party,CDS-PP,,2289
mapa_1_resultados.xlsx,3523,AL2021,310900,AM,PPD/PSD,party,PPD/PSD,,1463
mapa_1_resultados.xlsx,3523,AL2021,310900,AM,PS,party,PS,,693
mapa_1_resultados.xlsx,3523,AL2021,310900,AM,R.I.R.,party,R.I.R.,,41
mapa_1_resultados.xlsx,3523,AL2021,310900,AM,PCP-PEV,coalition,PCP-PEV,,54
mapa_1_resultados.xlsx,3524,AL2021,310901,AF,CDS-PP,party,CDS-PP,,42
mapa_1_resultados.xlsx,3524,AL2021,310901,AF,PPD/PSD,party,PPD/PSD,,187
mapa_1_resultados.xlsx,3524,AL2021,310901,AF,PS,party,PS,,23
mapa_1_resultados.xlsx,3524,AL2021,310901,AF,PCP-PEV,coalition,PCP-PEV,,6
mapa_1_resultados.xlsx,3525,AL2021,310902,AF,CDS-PP,party,CDS-PP,,375
mapa_1_resultados.xlsx,3525,AL2021,310902,AF,PPD/PSD,party,PPD/PSD,,450
mapa_1_resultados.xlsx,3525,AL2021,310902,AF,PS,party,PS,,69
mapa_1_resultados.xlsx,3525,AL2021,310902,AF,PCP-PEV,coalition,PCP-PEV,,9
mapa_1_resultados.xlsx,3526,AL2021,310903,AF,CDS-PP,party,CDS-PP,,1362
mapa_1_resultados.xlsx,3526,AL2021,310903,AF,PPD/PSD,party,PPD/PSD,,356
mapa_1_resultados.xlsx,3526,AL2021,310903,AF,PS,party,PS,,173
mapa_1_resultados.xlsx,3526,AL2021,310903,AF,PCP-PEV,coalition,PCP-PEV,,14
mapa_1_resultados.xlsx,3527,AL2021,310904,AF,CDS-PP,party,CDS-PP,,373
mapa_1_resultados.xlsx,3527,AL2021,310904,AF,PPD/PSD,party,PPD/PSD,,409
mapa_1_resultados.xlsx,3527,AL2021,310904,AF,PS,party,PS,,89
mapa_1_resultados.xlsx,3527,AL2021,310904,AF,PCP-PEV,coalition,PCP-PEV,,19
mapa_1_resultados.xlsx,3528,AL2021,310905,AF,CDS-PP,party,CDS-PP,,121
mapa_1_resultados.xlsx,3528,AL2021,310905,AF,PPD/PSD,party,PPD/PSD,,255
mapa_1_resultados.xlsx,3528,AL2021,310905,AF,PS,party,PS,,40
mapa_1_resultados.xlsx,3528,AL2021,310905,AF,PCP-PEV,coalition,PCP-PEV,,8
mapa_1_resultados.xlsx,3529,AL2021,310906,AF,CDS-PP,party,CDS-PP,,118
mapa_1_resultados.xlsx,3529,AL2021,310906,AF,PPD/PSD,party,PPD/PSD,,38
mapa_1_resultados.xlsx,3529,AL2021,310906,AF,PS,party,PS,,5
mapa_1_resultados.xlsx,3529,AL2021,310906,AF,PCP-PEV,coalition,PCP-PEV,,1
mapa_1_resultados.xlsx,3530,AL2021,311000,CM,IL,party,IL,,412
mapa_1_resultados.xlsx,3530,AL2021,311000,CM,PS,party,PS,,309
mapa_1_resultados.xlsx,3530,AL2021,311000,CM,PTP,party,PTP,,63
mapa_1_resultados.xlsx,3530,AL2021,311000,CM,R.I.R.,party,R.I.R.,,24
mapa_1_resultados.xlsx,3530,AL2021,311000,CM,PCP-PEV,coalition,PCP-PEV,,33
mapa_1_resultados.xlsx,3530,AL2021,311000,CM,[A],coalition,PPD/PSD.CDS-PP,UNIDOS POR SÃO VICENTE,2343
mapa_1_resultados.xlsx,3531,AL2021,311000,AM,IL,party,IL,,428
mapa_1_resultados.xlsx,3531,AL2021,311000,AM,PS,party,PS,,329
mapa_1_resultados.xlsx,3531,AL2021,311000,AM,PTP,party,PTP,,71
mapa_1_resultados.xlsx,3531,AL2021,311000,AM,R.I.R.,party,R.I.R.,,26
mapa_1_resultados.xlsx,3531,AL2021,311000,AM,PCP-PEV,coalition,PCP-PEV,,39
mapa_1_resultados.xlsx,3531,AL2021,311000,AM,[A],coalition,PPD/PSD.CDS-PP,UNIDOS POR SÃO VICENTE,2273
mapa_1_resultados.xlsx,3532,AL2021,311001,AF,IL,party,IL,,88
mapa_1_resultados.xlsx,3532,AL2021,311001,AF,PS,party,PS,,36
mapa_1_resultados.xlsx,3532,AL2021,311001,AF,PTP,party,PTP,,13
mapa_1_resultados.xlsx,3532,AL2021,311001,AF,PCP-PEV,coalition,PCP-PEV,,7
mapa_1_resultados.xlsx,3532,AL2021,311001,AF,[A],coalition,PPD/PSD.CDS-PP,UNIDOS POR SÃO VICENTE,514
mapa_1_resultados.xlsx,3533,AL2021,311002,AF,IL,party,IL,,48
mapa_1_resultados.xlsx,3533,AL2021,311002,AF,PS,party,PS,,94
mapa_1_resultados.xlsx,3533,AL2021,311002,AF,PTP,party,PTP,,12
mapa_1_resultados.xlsx,3533,AL2021,311002,AF,PCP-PEV,coalition,PCP-PEV,,16
mapa_1_resultados.xlsx,3533,AL2021,311002,AF,[A],coalition,PPD/PSD.CDS-PP,UNIDOS POR SÃO VICENTE,517
mapa_1_resultados.xlsx,3534,AL2021,311003,AF,IL,party,IL,,302
mapa_1_resultados.xlsx,3534,AL2021,311003,AF,PS,party,PS,,175
mapa_1_resultados.xlsx,3534,AL2021,311003,AF,PTP,party,PTP,,37
mapa_1_resultados.xlsx,3534,AL2021,311003,AF,PCP-PEV,coalition,PCP-PEV,,23
mapa_1_resultados.xlsx,3534,AL2021,311003,AF,[A],coalition,PPD/PSD.CDS-PP,UNIDOS POR SÃO VICENTE,1274
mapa_1_resultados.xlsx,3535,AL2021,320100,CM,PPM,party,PPM,,26
mapa_1_resultados.xlsx,3535,AL2021,320100,CM,PS,party,PS,,1091
mapa_1_resultados.xlsx,3535,AL2021,320100,CM,PCP-PEV,coalition,PCP-PEV,,22
mapa_1_resultados.xlsx,3535,AL2021,320100,CM,[A],coalition,PPD/PSD.CDS-PP,ACREDITA PORTO SANTO,1843
mapa_1_resultados.xlsx,3535,AL2021,320100,CM,[D],citizen_group,UNE,Uma Nova Esperança,549
mapa_1_resultados.xlsx,3536,AL2021,320100,AM,PPM,party,PPM,,29
mapa_1_resultados.xlsx,3536,AL2021,320100,AM,PS,party,PS,,1119
mapa_1_resultados.xlsx,3536,AL2021,320100,AM,PCP-PEV,coalition,PCP-PEV,,30
mapa_1_resultados.xlsx,3536,AL2021,320100,AM,[A],coalition,PPD/PSD.CDS-PP,ACREDITA PORTO SANTO,1792
mapa_1_resultados.xlsx,3536,AL2021,320100,AM,[D],citizen_group,UNE,Uma Nova Esperança,552
mapa_1_resultados.xlsx,3537,AL2021,320101,AF,PS,party,PS,,1364
mapa_1_resultados.xlsx,3537,AL2021,320101,AF,PCP-PEV,coalition,PCP-PEV,,91
mapa_1_resultados.xlsx,3537,AL2021,320101,AF,[A],coalition,PPD/PSD.CDS-PP,ACREDITA PORTO SANTO,2033
mapa_1_resultados.xlsx,3539,AL2021,410100,CM,B.E.,party,B.E.,,125
mapa_1_resultados.xlsx,3539,AL2021,410100,CM,PPD/PSD,party,PPD/PSD,,1045
mapa_1_resultados.xlsx,3539,AL2021,410100,CM,PS,party,PS,,1732
mapa_1_resultados.xlsx,3539,AL2021,410100,CM,PCP-PEV,coalition,PCP-PEV,,32
mapa_1_resultados.xlsx,3540,AL2021,410100,AM,B.E.,party,B.E.,,163
mapa_1_resultados.xlsx,3540,AL2021,410100,AM,PPD/PSD,party,PPD/PSD,,1201
mapa_1_resultados.xlsx,3540,AL2021,410100,AM,PS,party,PS,,1506
mapa_1_resultados.xlsx,3540,AL2021,410100,AM,PCP-PEV,coalition,PCP-PEV,,50
mapa_1_resultados.xlsx,3541,AL2021,410101,AF,PPD/PSD,party,PPD/PSD,,180
mapa_1_resultados.xlsx,3541,AL2021,410101,AF,PS,party,PS,,169
mapa_1_resultados.xlsx,3542,AL2021,410102,AF,PPD/PSD,party,PPD/PSD,,86
mapa_1_resultados.xlsx,3542,AL2021,410102,AF,PS,party,PS,,146
mapa_1_resultados.xlsx,3543,AL2021,410103,AF,PPD/PSD,party,PPD/PSD,,143
mapa_1_resultados.xlsx,3543,AL2021,410103,AF,PS,party,PS,,226
mapa_1_resultados.xlsx,3544,AL2021,410104,AF,PPD/PSD,party,PPD/PSD,,178
mapa_1_resultados.xlsx,3544,AL2021,410104,AF,PS,party,PS,,249
mapa_1_resultados.xlsx,3545,AL2021,410105,AF,B.E.,party,B.E.,,60
mapa_1_resultados.xlsx,3545,AL2021,410105,AF,PPD/PSD,party,PPD/PSD,,834
mapa_1_resultados.xlsx,3545,AL2021,410105,AF,PS,party,PS,,658
mapa_1_resultados.xlsx,3546,AL2021,420100,CM,B.E.,party,B.E.,,145
mapa_1_resultados.xlsx,3546,AL2021,420100,CM,CH,party,CH,,143
mapa_1_resultados.xlsx,3546,AL2021,420100,CM,PS,party,PS,,4031
mapa_1_resultados.xlsx,3546,AL2021,420100,CM,PCP-PEV,coalition,PCP-PEV,,39
mapa_1_resultados.xlsx,3546,AL2021,420100,CM,[A],coalition,PPD/PSD.CDS-PP.PPM,LAGOA UNIDA,1878
mapa_1_resultados.xlsx,3547,AL2021,420100,AM,B.E.,party,B.E.,,213
mapa_1_resultados.xlsx,3547,AL2021,420100,AM,CH,party,CH,,181
mapa_1_resultados.xlsx,3547,AL2021,420100,AM,PS,party,PS,,3711
mapa_1_resultados.xlsx,3547,AL2021,420100,AM,PCP-PEV,coalition,PCP-PEV,,58
mapa_1_resultados.xlsx,3547,AL2021,420100,AM,[A],coalition,PPD/PSD.CDS-PP.PPM,LAGOA UNIDA,2059
mapa_1_resultados.xlsx,3548,AL2021,420101,AF,PS,party,PS,,755
mapa_1_resultados.xlsx,3548,AL2021,420101,AF,[A],coalition,PPD/PSD.CDS-PP.PPM,LAGOA UNIDA,628
mapa_1_resultados.xlsx,3549,AL2021,420102,AF,PS,party,PS,,560
mapa_1_resultados.xlsx,3549,AL2021,420102,AF,[A],coalition,PPD/PSD.CDS-PP.PPM,LAGOA UNIDA,364
mapa_1_resultados.xlsx,3550,AL2021,420103,AF,B.E.,party,B.E.,,95
mapa_1_resultados.xlsx,3550,AL2021,420103,AF,PS,party,PS,,1342
mapa_1_resultados.xlsx,3550,AL2021,420103,AF,[A],coalition,PPD/PSD.CDS-PP.PPM,LAGOA UNIDA,777
mapa_1_resultados.xlsx,3551,AL2021,420104,AF,B.E.,party,B.E.,,41
mapa_1_resultados.xlsx,3551,AL2021,420104,AF,PS,party,PS,,1099
mapa_1_resultados.xlsx,3551,AL2021,420104,AF,[A],coalition,PPD/PSD.CDS-PP.PPM,LAGOA UNIDA,333
mapa_1_resultados.xlsx,3552,AL2021,420105,AF,PS,party,PS,,156
mapa_1_resultados.xlsx,3553,AL2021,420200,CM,CH,party,CH,,31
mapa_1_resultados.xlsx,3553,AL2021,420200,CM,PPD/PSD,party,PPD/PSD,,2118
mapa_1_resultados.xlsx,3553,AL2021,420200,CM,PS,party,PS,,648
mapa_1_resultados.xlsx,3553,AL2021,420200,CM,PCP-PEV,coalition,PCP-PEV,,97
mapa_1_resultados.xlsx,3554,AL2021,420200,AM,CH,party,CH,,57
mapa_1_resultados.xlsx,3554,AL2021,420200,AM,PPD/PSD,party,PPD/PSD,,1994
mapa_1_resultados.xlsx,3554,AL2021,420200,AM,PS,party,PS,,728
mapa_1_resultados.xlsx,3554,AL2021,420200,AM,PCP-PEV,coalition,PCP-PEV,,103
mapa_1_resultados.xlsx,3555,AL2021,420201,AF,PPD/PSD,party,PPD/PSD,,211
mapa_1_resultados.xlsx,3556,AL2021,420202,AF,PPD/PSD,party,PPD/PSD,,204
mapa_1_resultados.xlsx,3556,AL2021,420202,AF,PS,party,PS,,133
mapa_1_resultados.xlsx,3557,AL2021,420203,AF,PPD/PSD,party,PPD/PSD,,402
mapa_1_resultados.xlsx,3558,AL2021,420204,AF,PPD/PSD,party,PPD/PSD,,493
mapa_1_resultados.xlsx,3558,AL2021,420204,AF,PS,party,PS,,202
mapa_1_resultados.xlsx,3559,AL2021,420206,AF,PPD/PSD,party,PPD/PSD,,236
mapa_1_resultados.xlsx,3560,AL2021,420207,AF,PPD/PSD,party,PPD/PSD,,161
mapa_1_resultados.xlsx,3560,AL2021,420207,AF,PS,party,PS,,108
mapa_1_resultados.xlsx,3561,AL2021,420208,AF,PPD/PSD,party,PPD/PSD,,117
mapa_1_resultados.xlsx,3562,AL2021,420209,AF,PPD/PSD,party,PPD/PSD,,130
mapa_1_resultados.xlsx,3562,AL2021,420209,AF,PS,party,PS,,69
mapa_1_resultados.xlsx,3563,AL2021,420210,AF,PPD/PSD,party,PPD/PSD,,108
mapa_1_resultados.xlsx,3563,AL2021,420210,AF,PS,party,PS,,69
mapa_1_resultados.xlsx,3564,AL2021,420300,CM,B.E.,party,B.E.,,791
mapa_1_resultados.xlsx,3564,AL2021,420300,CM,CH,party,CH,,558
mapa_1_resultados.xlsx,3564,AL2021,420300,CM,IL,party,IL,,776
mapa_1_resultados.xlsx,3564,AL2021,420300,CM,PAN,party,PAN,,581
mapa_1_resultados.xlsx,3564,AL2021,420300,CM,PPD/PSD,party,PPD/PSD,,14069
mapa_1_resultados.xlsx,3564,AL2021,420300,CM,PS,party,PS,,10758
mapa_1_resultados.xlsx,3564,AL2021,420300,CM,PCP-PEV,coalition,PCP-PEV,,343
mapa_1_resultados.xlsx,3565,AL2021,420300,AM,B.E.,party,B.E.,,942
mapa_1_resultados.xlsx,3565,AL2021,420300,AM,CH,party,CH,,716
mapa_1_resultados.xlsx,3565,AL2021,420300,AM,IL,party,IL,,953
mapa_1_resultados.xlsx,3565,AL2021,420300,AM,PAN,party,PAN,,735
mapa_1_resultados.xlsx,3565,AL2021,420300,AM,PPD/PSD,party,PPD/PSD,,13296
mapa_1_resultados.xlsx,3565,AL2021,420300,AM,PS,party,PS,,10728
mapa_1_resultados.xlsx,3565,AL2021,420300,AM,PCP-PEV,coalition,PCP-PEV,,405
mapa_1_resultados.xlsx,3566,AL2021,420301,AF,PPD/PSD,party,PPD/PSD,,1151
mapa_1_resultados.xlsx,3566,AL2021,420301,AF,PS,party,PS,,1560
mapa_1_resultados.xlsx,3567,AL2021,420303,AF,[D],citizen_group,SC,Grupo Cidadãos Eleitores Sempre Candelária,320
mapa_1_resultados.xlsx,3568,AL2021,420304,AF,PPD/PSD,party,PPD/PSD,,743
mapa_1_resultados.xlsx,3568,AL2021,420304,AF,PS,party,PS,,1099
mapa_1_resultados.xlsx,3568,AL2021,420304,AF,PCP-PEV,coalition,PCP-PEV,,32
mapa_1_resultados.xlsx,3569,AL2021,420305,AF,PPD/PSD,party,PPD/PSD,,279
mapa_1_resultados.xlsx,3569,AL2021,420305,AF,PS,party,PS,,432
mapa_1_resultados.xlsx,3570,AL2021,420306,AF,PPD/PSD,party,PPD/PSD,,675
mapa_1_resultados.xlsx,3570,AL2021,420306,AF,PS,party,PS,,1114
mapa_1_resultados.xlsx,3571,AL2021,420307,AF,PPD/PSD,party,PPD/PSD,,551
mapa_1_resultados.xlsx,3571,AL2021,420307,AF,PS,party,PS,,666
mapa_1_resultados.xlsx,3571,AL2021,420307,AF,PCP-PEV,coalition,PCP-PEV,,31
mapa_1_resultados.xlsx,3572,AL2021,420308,AF,PPD/PSD,party,PPD/PSD,,527
mapa_1_resultados.xlsx,3572,AL2021,420308,AF,PS,party,PS,,402
mapa_1_resultados.xlsx,3573,AL2021,420309,AF,PPD/PSD,party,PPD/PSD,,348
mapa_1_resultados.xlsx,3573,AL2021,420309,AF,PS,party,PS,,498
mapa_1_resultados.xlsx,3574,AL2021,420310,AF,PPD/PSD,party,PPD/PSD,,391
mapa_1_resultados.xlsx,3574,AL2021,420310,AF,PS,party,PS,,300
mapa_1_resultados.xlsx,3575,AL2021,420311,AF,PPD/PSD,party,PPD/PSD,,484
mapa_1_resultados.xlsx,3575,AL2021,420311,AF,PS,party,PS,,157
mapa_1_resultados.xlsx,3576,AL2021,420312,AF,B.E.,party,B.E.,,64
mapa_1_resultados.xlsx,3576,AL2021,420312,AF,IL,party,IL,,105
mapa_1_resultados.xlsx,3576,AL2021,420312,AF,PPD/PSD,party,PPD/PSD,,982
mapa_1_resultados.xlsx,3576,AL2021,420312,AF,PS,party,PS,,426
mapa_1_resultados.xlsx,3576,AL2021,420312,AF,PCP-PEV,coalition,PCP-PEV,,34
mapa_1_resultados.xlsx,3577,AL2021,420313,AF,B.E.,party,B.E.,,92
mapa_1_resultados.xlsx,3577,AL2021,420313,AF,IL,party,IL,,132
mapa_1_resultados.xlsx,3577,AL2021,420313,AF,PPD/PSD,party,PPD/PSD,,1112
mapa_1_resultados.xlsx,3577,AL2021,420313,AF,PS,party,PS,,636
mapa_1_resultados.xlsx,3577,AL2021,420313,AF,PCP-PEV,coalition,PCP-PEV,,39
mapa_1_resultados.xlsx,3578,AL2021,420314,AF,B.E.,party,B.E.,,132
mapa_1_resultados.xlsx,3578,AL2021,420314,AF,IL,party,IL,,140
mapa_1_resultados.xlsx,3578,AL2021,420314,AF,PPD/PSD,party,PPD/PSD,,1371
mapa_1_resultados.xlsx,3578,AL2021,420314,AF,PS,party,PS,,845
mapa_1_resultados.xlsx,3578,AL2021,420314,AF,PCP-PEV,coalition,PCP-PEV,,58
mapa_1_resultados.xlsx,3579,AL2021,420315,AF,PPD/PSD,party,PPD/PSD,,696
mapa_1_resultados.xlsx,3579,AL2021,420315,AF,PS,party,PS,,330
mapa_1_resultados.xlsx,3580,AL2021,420316,AF,PPD/PSD,party,PPD/PSD,,260
mapa_1_resultados.xlsx,3580,AL2021,420316,AF,PS,party,PS,,308
mapa_1_resultados.xlsx,3581,AL2021,420317,AF,PPD/PSD,party,PPD/PSD,,1300
mapa_1_resultados.xlsx,3581,AL2021,420317,AF,PS,party,PS,,475
mapa_1_resultados.xlsx,3582,AL2021,420318,AF,PPD/PSD,party,PPD/PSD,,660
mapa_1_resultados.xlsx,3582,AL2021,420318,AF,PS,party,PS,,684
mapa_1_resultados.xlsx,3583,AL2021,420319,AF,PPD/PSD,party,PPD/PSD,,181
mapa_1_resultados.xlsx,3583,AL2021,420319,AF,PS,party,PS,,378
mapa_1_resultados.xlsx,3584,AL2021,420320,AF,PPD/PSD,party,PPD/PSD,,699
mapa_1_resultados.xlsx,3584,AL2021,420320,AF,PS,party,PS,,362
mapa_1_resultados.xlsx,3585,AL2021,420321,AF,PPD/PSD,party,PPD/PSD,,857
mapa_1_resultados.xlsx,3585,AL2021,420321,AF,PS,party,PS,,263
mapa_1_resultados.xlsx,3586,AL2021,420322,AF,PPD/PSD,party,PPD/PSD,,98
mapa_1_resultados.xlsx,3586,AL2021,420322,AF,PS,party,PS,,397
mapa_1_resultados.xlsx,3587,AL2021,420323,AF,PPD/PSD,party,PPD/PSD,,212
mapa_1_resultados.xlsx,3587,AL2021,420323,AF,PS,party,PS,,203
mapa_1_resultados.xlsx,3588,AL2021,420324,AF,PPD/PSD,party,PPD/PSD,,145
mapa_1_resultados.xlsx,3588,AL2021,420324,AF,PS,party,PS,,247
mapa_1_resultados.xlsx,3589,AL2021,420325,AF,[D],citizen_group,SCVN,Grupo de Cidadãos Eleitores Santa Clara - Vida Nova,827
mapa_1_resultados.xlsx,3590,AL2021,420400,CM,CH,party,CH,,12
mapa_1_resultados.xlsx,3590,AL2021,420400,CM,PPD/PSD,party,PPD/PSD,,1247
mapa_1_resultados.xlsx,3590,AL2021,420400,CM,PS,party,PS,,2576
mapa_1_resultados.xlsx,3590,AL2021,420400,CM,PCP-PEV,coalition,PCP-PEV,,26
mapa_1_resultados.xlsx,3591,AL2021,420400,AM,PS,party,PS,,2512
mapa_1_resultados.xlsx,3591,AL2021,420400,AM,[A],coalition,PPD/PSD.CDS-PP,MAIS POVOAÇÃO,1318
mapa_1_resultados.xlsx,3592,AL2021,420401,AF,PPD/PSD,party,PPD/PSD,,77
mapa_1_resultados.xlsx,3592,AL2021,420401,AF,PS,party,PS,,250
mapa_1_resultados.xlsx,3593,AL2021,420402,AF,PPD/PSD,party,PPD/PSD,,66
mapa_1_resultados.xlsx,3593,AL2021,420402,AF,PS,party,PS,,158
mapa_1_resultados.xlsx,3594,AL2021,420403,AF,PPD/PSD,party,PPD/PSD,,322
mapa_1_resultados.xlsx,3594,AL2021,420403,AF,PS,party,PS,,527
mapa_1_resultados.xlsx,3595,AL2021,420404,AF,PPD/PSD,party,PPD/PSD,,376
mapa_1_resultados.xlsx,3595,AL2021,420404,AF,PS,party,PS,,311
mapa_1_resultados.xlsx,3596,AL2021,420405,AF,PPD/PSD,party,PPD/PSD,,641
mapa_1_resultados.xlsx,3596,AL2021,420405,AF,PS,party,PS,,1299
mapa_1_resultados.xlsx,3597,AL2021,420406,AF,PPD/PSD,party,PPD/PSD,,178
mapa_1_resultados.xlsx,3597,AL2021,420406,AF,PS,party,PS,,343
mapa_1_resultados.xlsx,3598,AL2021,420500,CM,B.E.,party,B.E.,,287
mapa_1_resultados.xlsx,3598,AL2021,420500,CM,CH,party,CH,,240
mapa_1_resultados.xlsx,3598,AL2021,420500,CM,PPD/PSD,party,PPD/PSD,,9568
mapa_1_resultados.xlsx,3598,AL2021,420500,CM,PS,party,PS,,4984
mapa_1_resultados.xlsx,3598,AL2021,420500,CM,PCP-PEV,coalition,PCP-PEV,,124
mapa_1_resultados.xlsx,3599,AL2021,420500,AM,B.E.,party,B.E.,,444
mapa_1_resultados.xlsx,3599,AL2021,420500,AM,CH,party,CH,,327
mapa_1_resultados.xlsx,3599,AL2021,420500,AM,PPD/PSD,party,PPD/PSD,,8933
mapa_1_resultados.xlsx,3599,AL2021,420500,AM,PS,party,PS,,5197
mapa_1_resultados.xlsx,3599,AL2021,420500,AM,PCP-PEV,coalition,PCP-PEV,,195
mapa_1_resultados.xlsx,3600,AL2021,420501,AF,PPD/PSD,party,PPD/PSD,,263
mapa_1_resultados.xlsx,3600,AL2021,420501,AF,PS,party,PS,,207
mapa_1_resultados.xlsx,3601,AL2021,420502,AF,PPD/PSD,party,PPD/PSD,,353
mapa_1_resultados.xlsx,3601,AL2021,420502,AF,PS,party,PS,,234
mapa_1_resultados.xlsx,3602,AL2021,420503,AF,PPD/PSD,party,PPD/PSD,,375
mapa_1_resultados.xlsx,3602,AL2021,420503,AF,PS,party,PS,,250
mapa_1_resultados.xlsx,3603,AL2021,420504,AF,PPD/PSD,party,PPD/PSD,,142
mapa_1_resultados.xlsx,3603,AL2021,420504,AF,PS,party,PS,,100
mapa_1_resultados.xlsx,3604,AL2021,420505,AF,PPD/PSD,party,PPD/PSD,,473
mapa_1_resultados.xlsx,3604,AL2021,420505,AF,PS,party,PS,,521
mapa_1_resultados.xlsx,3605,AL2021,420506,AF,B.E.,party,B.E.,,51
mapa_1_resultados.xlsx,3605,AL2021,420506,AF,PPD/PSD,party,PPD/PSD,,718
mapa_1_resultados.xlsx,3605,AL2021,420506,AF,PS,party,PS,,478
mapa_1_resultados.xlsx,3606,AL2021,420507,AF,PPD/PSD,party,PPD/PSD,,418
mapa_1_resultados.xlsx,3606,AL2021,420507,AF,PS,party,PS,,250
mapa_1_resultados.xlsx,3607,AL2021,420508,AF,B.E.,party,B.E.,,104
mapa_1_resultados.xlsx,3607,AL2021,420508,AF,PPD/PSD,party,PPD/PSD,,2800
mapa_1_resultados.xlsx,3607,AL2021,420508,AF,PS,party,PS,,992
mapa_1_resultados.xlsx,3608,AL2021,420509,AF,B.E.,party,B.E.,,38
mapa_1_resultados.xlsx,3608,AL2021,420509,AF,PPD/PSD,party,PPD/PSD,,310
mapa_1_resultados.xlsx,3608,AL2021,420509,AF,PS,party,PS,,911
mapa_1_resultados.xlsx,3609,AL2021,420510,AF,PPD/PSD,party,PPD/PSD,,972
mapa_1_resultados.xlsx,3609,AL2021,420510,AF,PS,party,PS,,695
mapa_1_resultados.xlsx,3609,AL2021,420510,AF,PCP-PEV,coalition,PCP-PEV,,64
mapa_1_resultados.xlsx,3610,AL2021,420511,AF,PPD/PSD,party,PPD/PSD,,838
mapa_1_resultados.xlsx,3610,AL2021,420511,AF,PS,party,PS,,381
mapa_1_resultados.xlsx,3611,AL2021,420512,AF,PPD/PSD,party,PPD/PSD,,943
mapa_1_resultados.xlsx,3611,AL2021,420512,AF,PS,party,PS,,155
mapa_1_resultados.xlsx,3612,AL2021,420513,AF,PPD/PSD,party,PPD/PSD,,199
mapa_1_resultados.xlsx,3612,AL2021,420513,AF,PS,party,PS,,447
mapa_1_resultados.xlsx,3613,AL2021,420514,AF,PPD/PSD,party,PPD/PSD,,305
mapa_1_resultados.xlsx,3613,AL2021,420514,AF,PS,party,PS,,66
mapa_1_resultados.xlsx,3614,AL2021,420600,CM,CH,party,CH,,66
mapa_1_resultados.xlsx,3614,AL2021,420600,CM,PPD/PSD,party,PPD/PSD,,2539
mapa_1_resultados.xlsx,3614,AL2021,420600,CM,PS,party,PS,,2848
mapa_1_resultados.xlsx,3614,AL2021,420600,CM,PCP-PEV,coalition,PCP-PEV,,41
mapa_1_resultados.xlsx,3615,AL2021,420600,AM,PPD/PSD,party,PPD/PSD,,2826
mapa_1_resultados.xlsx,3615,AL2021,420600,AM,PS,party,PS,,2670
mapa_1_resultados.xlsx,3616,AL2021,420601,AF,PPD/PSD,party,PPD/PSD,,400
mapa_1_resultados.xlsx,3616,AL2021,420601,AF,PS,party,PS,,423
mapa_1_resultados.xlsx,3617,AL2021,420602,AF,PPD/PSD,party,PPD/PSD,,824
mapa_1_resultados.xlsx,3617,AL2021,420602,AF,PS,party,PS,,818
mapa_1_resultados.xlsx,3618,AL2021,420603,AF,PPD/PSD,party,PPD/PSD,,105
mapa_1_resultados.xlsx,3618,AL2021,420603,AF,PS,party,PS,,288
mapa_1_resultados.xlsx,3619,AL2021,420604,AF,PPD/PSD,party,PPD/PSD,,639
mapa_1_resultados.xlsx,3619,AL2021,420604,AF,PS,party,PS,,607
mapa_1_resultados.xlsx,3620,AL2021,420605,AF,PPD/PSD,party,PPD/PSD,,358
mapa_1_resultados.xlsx,3620,AL2021,420605,AF,PS,party,PS,,419
mapa_1_resultados.xlsx,3621,AL2021,420606,AF,PPD/PSD,party,PPD/PSD,,423
mapa_1_resultados.xlsx,3621,AL2021,420606,AF,PS,party,PS,,190
mapa_1_resultados.xlsx,3622,AL2021,430100,CM,B.E.,party,B.E.,,490
mapa_1_resultados.xlsx,3622,AL2021,430100,CM,CH,party,CH,,337
mapa_1_resultados.xlsx,3622,AL2021,430100,CM,PS,party,PS,,9826
mapa_1_resultados.xlsx,3622,AL2021,430100,CM,PCP-PEV,coalition,PCP-PEV,,206
mapa_1_resultados.xlsx,3622,AL2021,430100,CM,[A],coalition,PPD/PSD.CDS-PP.PPM,PELA NOSSA TERRA,7019
mapa_1_resultados.xlsx,3623,AL2021,430100,AM,B.E.,party,B.E.,,620
mapa_1_resultados.xlsx,3623,AL2021,430100,AM,CH,party,CH,,402
mapa_1_resultados.xlsx,3623,AL2021,430100,AM,PS,party,PS,,9122
mapa_1_resultados.xlsx,3623,AL2021,430100,AM,PCP-PEV,coalition,PCP-PEV,,245
mapa_1_resultados.xlsx,3623,AL2021,430100,AM,[A],coalition,PPD/PSD.CDS-PP.PPM,PELA NOSSA TERRA,7414
mapa_1_resultados.xlsx,3624,AL2021,430101,AF,PS,party,PS,,407
mapa_1_resultados.xlsx,3624,AL2021,430101,AF,[A],coalition,PPD/PSD.CDS-PP.PPM,PELA NOSSA TERRA,160
mapa_1_resultados.xlsx,3625,AL2021,430102,AF,B.E.,party,B.E.,,76
mapa_1_resultados.xlsx,3625,AL2021,430102,AF,PS,party,PS,,789
mapa_1_resultados.xlsx,3625,AL2021,430102,AF,PCP-PEV,coalition,PCP-PEV,,33
mapa_1_resultados.xlsx,3625,AL2021,430102,AF,[A],coalition,PPD/PSD.CDS-PP.PPM,PELA NOSSA TERRA,467
mapa_1_resultados.xlsx,3626,AL2021,430103,AF,PS,party,PS,,549
mapa_1_resultados.xlsx,3626,AL2021,430103,AF,PCP-PEV,coalition,PCP-PEV,,49
mapa_1_resultados.xlsx,3626,AL2021,430103,AF,[A],coalition,PPD/PSD.CDS-PP.PPM,PELA NOSSA TERRA,446
mapa_1_resultados.xlsx,3627,AL2021,430104,AF,B.E.,party,B.E.,,84
mapa_1_resultados.xlsx,3627,AL2021,430104,AF,PS,party,PS,,731
mapa_1_resultados.xlsx,3627,AL2021,430104,AF,PCP-PEV,coalition,PCP-PEV,,29
mapa_1_resultados.xlsx,3627,AL2021,430104,AF,[A],coalition,PPD/PSD.CDS-PP.PPM,PELA NOSSA TERRA,707
mapa_1_resultados.xlsx,3628,AL2021,430105,AF,PS,party,PS,,221
mapa_1_resultados.xlsx,3628,AL2021,430105,AF,PCP-PEV,coalition,PCP-PEV,,14
mapa_1_resultados.xlsx,3628,AL2021,430105,AF,[A],coalition,PPD/PSD.CDS-PP.PPM,PELA NOSSA TERRA,310
mapa_1_resultados.xlsx,3629,AL2021,430106,AF,PS,party,PS,,171
mapa_1_resultados.xlsx,3629,AL2021,430106,AF,[A],coalition,PPD/PSD.CDS-PP.PPM,PELA NOSSA TERRA,288
mapa_1_resultados.xlsx,3630,AL2021,430107,AF,PS,party,PS,,171
mapa_1_resultados.xlsx,3630,AL2021,430107,AF,PCP-PEV,coalition,PCP-PEV,,4
mapa_1_resultados.xlsx,3630,AL2021,430107,AF,[A],coalition,PPD/PSD.CDS-PP.PPM,PELA NOSSA TERRA,124
mapa_1_resultados.xlsx,3631,AL2021,430108,AF,PS,party,PS,,374
mapa_1_resultados.xlsx,3631,AL2021,430108,AF,[A],coalition,PPD/PSD.CDS-PP.PPM,PELA NOSSA TERRA,407
mapa_1_resultados.xlsx,3632,AL2021,430109,AF,PS,party,PS,,904
mapa_1_resultados.xlsx,3632,AL2021,430109,AF,PCP-PEV,coalition,PCP-PEV,,8
mapa_1_resultados.xlsx,3632,AL2021,430109,AF,[A],coalition,PPD/PSD.CDS-PP.PPM,PELA NOSSA TERRA,467
mapa_1_resultados.xlsx,3633,AL2021,430110,AF,PS,party,PS,,345
mapa_1_resultados.xlsx,3633,AL2021,430110,AF,[A],coalition,PPD/PSD.CDS-PP.PPM,PELA NOSSA TERRA,239
mapa_1_resultados.xlsx,3634,AL2021,430111,AF,PS,party,PS,,126
mapa_1_resultados.xlsx,3634,AL2021,430111,AF,PCP-PEV,coalition,PCP-PEV,,4
mapa_1_resultados.xlsx,3634,AL2021,430111,AF,[A],coalition,PPD/PSD.CDS-PP.PPM,PELA NOSSA TERRA,178
mapa_1_resultados.xlsx,3635,AL2021,430112,AF,CDS-PP,party,CDS-PP,,68
mapa_1_resultados.xlsx,3635,AL2021,430112,AF,PPD/PSD,party,PPD/PSD,,910
mapa_1_resultados.xlsx,3635,AL2021,430112,AF,PS,party,PS,,778
mapa_1_resultados.xlsx,3636,AL2021,430113,AF,PS,party,PS,,415
mapa_1_resultados.xlsx,3636,AL2021,430113,AF,[A],coalition,PPD/PSD.CDS-PP.PPM,PELA NOSSA TERRA,396
mapa_1_resultados.xlsx,3637,AL2021,430114,AF,PS,party,PS,,370
mapa_1_resultados.xlsx,3637,AL2021,430114,AF,PCP-PEV,coalition,PCP-PEV,,17
mapa_1_resultados.xlsx,3637,AL2021,430114,AF,[A],coalition,PPD/PSD.CDS-PP.PPM,PELA NOSSA TERRA,542
mapa_1_resultados.xlsx,3638,AL2021,430115,AF,PS,party,PS,,530
mapa_1_resultados.xlsx,3638,AL2021,430115,AF,[A],coalition,PPD/PSD.CDS-PP.PPM,PELA NOSSA TERRA,486
mapa_1_resultados.xlsx,3639,AL2021,430116,AF,PS,party,PS,,797
mapa_1_resultados.xlsx,3639,AL2021,430116,AF,PCP-PEV,coalition,PCP-PEV,,55
mapa_1_resultados.xlsx,3639,AL2021,430116,AF,[A],coalition,PPD/PSD.CDS-PP.PPM,PELA NOSSA TERRA,932
mapa_1_resultados.xlsx,3640,AL2021,430117,AF,PS,party,PS,,112
mapa_1_resultados.xlsx,3640,AL2021,430117,AF,[A],coalition,PPD/PSD.CDS-PP.PPM,PELA NOSSA TERRA,95
mapa_1_resultados.xlsx,3641,AL2021,430118,AF,PPD/PSD,party,PPD/PSD,,713
mapa_1_resultados.xlsx,3641,AL2021,430118,AF,PS,party,PS,,679
mapa_1_resultados.xlsx,3641,AL2021,430118,AF,PCP-PEV,coalition,PCP-PEV,,28
mapa_1_resultados.xlsx,3642,AL2021,430119,AF,PS,party,PS,,445
mapa_1_resultados.xlsx,3642,AL2021,430119,AF,[A],coalition,PPD/PSD.CDS-PP.PPM,PELA NOSSA TERRA,593
mapa_1_resultados.xlsx,3643,AL2021,430200,CM,B.E.,party,B.E.,,88
mapa_1_resultados.xlsx,3643,AL2021,430200,CM,CH,party,CH,,141
mapa_1_resultados.xlsx,3643,AL2021,430200,CM,PS,party,PS,,4304
mapa_1_resultados.xlsx,3643,AL2021,430200,CM,PCP-PEV,coalition,PCP-PEV,,72
mapa_1_resultados.xlsx,3643,AL2021,430200,CM,[A],coalition,PPD/PSD.CDS-PP,POR AMOR À PRAIA,4668
mapa_1_resultados.xlsx,3643,AL2021,430200,CM,[D],citizen_group,PV,Esta é a nossa Praia,1011
mapa_1_resultados.xlsx,3644,AL2021,430200,AM,B.E.,party,B.E.,,148
mapa_1_resultados.xlsx,3644,AL2021,430200,AM,CH,party,CH,,217
mapa_1_resultados.xlsx,3644,AL2021,430200,AM,PS,party,PS,,4230
mapa_1_resultados.xlsx,3644,AL2021,430200,AM,PCP-PEV,coalition,PCP-PEV,,69
mapa_1_resultados.xlsx,3644,AL2021,430200,AM,[A],coalition,PPD/PSD.CDS-PP,POR AMOR À PRAIA,4698
mapa_1_resultados.xlsx,3644,AL2021,430200,AM,[D],citizen_group,PV,Esta é a nossa Praia,879
mapa_1_resultados.xlsx,3645,AL2021,430201,AF,PPD/PSD,party,PPD/PSD,,503
mapa_1_resultados.xlsx,3645,AL2021,430201,AF,PS,party,PS,,345
mapa_1_resultados.xlsx,3646,AL2021,430202,AF,PS,party,PS,,205
mapa_1_resultados.xlsx,3646,AL2021,430202,AF,PCP-PEV,coalition,PCP-PEV,,12
mapa_1_resultados.xlsx,3646,AL2021,430202,AF,[A],coalition,PPD/PSD.CDS-PP,POR AMOR À PRAIA,589
mapa_1_resultados.xlsx,3647,AL2021,430203,AF,PS,party,PS,,232
mapa_1_resultados.xlsx,3647,AL2021,430203,AF,[A],coalition,PPD/PSD.CDS-PP,POR AMOR À PRAIA,229
mapa_1_resultados.xlsx,3648,AL2021,430204,AF,PS,party,PS,,315
mapa_1_resultados.xlsx,3648,AL2021,430204,AF,[A],coalition,PPD/PSD.CDS-PP,POR AMOR À PRAIA,332
mapa_1_resultados.xlsx,3649,AL2021,430205,AF,PS,party,PS,,277
mapa_1_resultados.xlsx,3649,AL2021,430205,AF,[A],coalition,PPD/PSD.CDS-PP,POR AMOR À PRAIA,592
mapa_1_resultados.xlsx,3650,AL2021,430206,AF,PS,party,PS,,605
mapa_1_resultados.xlsx,3650,AL2021,430206,AF,[A],coalition,PPD/PSD.CDS-PP,POR AMOR À PRAIA,1042
mapa_1_resultados.xlsx,3651,AL2021,430207,AF,PS,party,PS,,1381
mapa_1_resultados.xlsx,3651,AL2021,430207,AF,PCP-PEV,coalition,PCP-PEV,,62
mapa_1_resultados.xlsx,3651,AL2021,430207,AF,[A],coalition,PPD/PSD.CDS-PP,POR AMOR À PRAIA,1239
mapa_1_resultados.xlsx,3652,AL2021,430208,AF,PS,party,PS,,148
mapa_1_resultados.xlsx,3652,AL2021,430208,AF,[A],coalition,PPD/PSD.CDS-PP,POR AMOR À PRAIA,103
mapa_1_resultados.xlsx,3653,AL2021,430209,AF,PS,party,PS,,333
mapa_1_resultados.xlsx,3653,AL2021,430209,AF,PCP-PEV,coalition,PCP-PEV,,11
mapa_1_resultados.xlsx,3653,AL2021,430209,AF,[A],coalition,PPD/PSD.CDS-PP,POR AMOR À PRAIA,295
mapa_1_resultados.xlsx,3654,AL2021,430210,AF,PS,party,PS,,597
mapa_1_resultados.xlsx,3654,AL2021,430210,AF,[A],coalition,PPD/PSD.CDS-PP,POR AMOR À PRAIA,231
mapa_1_resultados.xlsx,3655,AL2021,430211,AF,PS,party,PS,,247
mapa_1_resultados.xlsx,3655,AL2021,430211,AF,[A],coalition,PPD/PSD.CDS-PP,POR AMOR À PRAIA,367
mapa_1_resultados.xlsx,3656,AL2021,440100,CM,PS,party,PS,,1077
mapa_1_resultados.xlsx,3656,AL2021,440100,CM,[A],coalition,PPD/PSD.CDS-PP.PPM,SOMOS TODOS GRACIOSA,1595
mapa_1_resultados.xlsx,3657,AL2021,440100,AM,PS,party,PS,,1256
mapa_1_resultados.xlsx,3657,AL2021,440100,AM,[A],coalition,PPD/PSD.CDS-PP.PPM,SOMOS TODOS GRACIOSA,1393
mapa_1_resultados.xlsx,3658,AL2021,440101,AF,PS,party,PS,,178
mapa_1_resultados.xlsx,3658,AL2021,440101,AF,[A],coalition,PPD/PSD.CDS-PP.PPM,SOMOS TODOS GRACIOSA,477
mapa_1_resultados.xlsx,3659,AL2021,440102,AF,PS,party,PS,,221
mapa_1_resultados.xlsx,3659,AL2021,440102,AF,[A],coalition,PPD/PSD.CDS-PP.PPM,SOMOS TODOS GRACIOSA,215
mapa_1_resultados.xlsx,3660,AL2021,440103,AF,PS,party,PS,,297
mapa_1_resultados.xlsx,3660,AL2021,440103,AF,[A],coalition,PPD/PSD.CDS-PP.PPM,SOMOS TODOS GRACIOSA,218
mapa_1_resultados.xlsx,3661,AL2021,440104,AF,PS,party,PS,,561
mapa_1_resultados.xlsx,3661,AL2021,440104,AF,[A],coalition,PPD/PSD.CDS-PP.PPM,SOMOS TODOS GRACIOSA,476
mapa_1_resultados.xlsx,3662,AL2021,450100,CM,PS,party,PS,,1020
mapa_1_resultados.xlsx,3662,AL2021,450100,CM,[D],citizen_group,«CCALHETA»,Independentes DAR VIDA AO CONCELHO,1245
mapa_1_resultados.xlsx,3663,AL2021,450100,AM,PS,party,PS,,961
mapa_1_resultados.xlsx,3663,AL2021,450100,AM,PCP-PEV,coalition,PCP-PEV,,197
mapa_1_resultados.xlsx,3663,AL2021,450100,AM,[D],citizen_group,«CCALHETA»,Independentes Dar Vida ao Concelho,1106
mapa_1_resultados.xlsx,3664,AL2021,450101,AF,PPD/PSD,party,PPD/PSD,,390
mapa_1_resultados.xlsx,3664,AL2021,450101,AF,PS,party,PS,,383
mapa_1_resultados.xlsx,3665,AL2021,450102,AF,PS,party,PS,,65
mapa_1_resultados.xlsx,3665,AL2021,450102,AF,[D],citizen_group,«NPEQUENO»,Independentes pelo Norte Pequeno,89
mapa_1_resultados.xlsx,3666,AL2021,450103,AF,PS,party,PS,,218
mapa_1_resultados.xlsx,3666,AL2021,450103,AF,[D],citizen_group,RSECA,Independentes Unidos pela nossa Freguesia,405
mapa_1_resultados.xlsx,3667,AL2021,450104,AF,[D],citizen_group,«SANTÃO»,Independentes por Santo Antão,373
mapa_1_resultados.xlsx,3668,AL2021,450105,AF,PPD/PSD,party,PPD/PSD,,102
mapa_1_resultados.xlsx,3668,AL2021,450105,AF,PS,party,PS,,202
mapa_1_resultados.xlsx,3669,AL2021,450200,CM,CDS-PP,party,CDS-PP,,2078
mapa_1_resultados.xlsx,3669,AL2021,450200,CM,PS,party,PS,,855
mapa_1_resultados.xlsx,3670,AL2021,450200,AM,CDS-PP,party,CDS-PP,,1468
mapa_1_resultados.xlsx,3670,AL2021,450200,AM,PPD/PSD,party,PPD/PSD,,483
mapa_1_resultados.xlsx,3670,AL2021,450200,AM,PS,party,PS,,787
mapa_1_resultados.xlsx,3670,AL2021,450200,AM,PCP-PEV,coalition,PCP-PEV,,258
mapa_1_resultados.xlsx,3671,AL2021,450201,AF,CDS-PP,party,CDS-PP,,108
mapa_1_resultados.xlsx,3671,AL2021,450201,AF,PPD/PSD,party,PPD/PSD,,147
mapa_1_resultados.xlsx,3672,AL2021,450202,AF,CDS-PP,party,CDS-PP,,257
mapa_1_resultados.xlsx,3673,AL2021,450203,AF,CDS-PP,party,CDS-PP,,323
mapa_1_resultados.xlsx,3673,AL2021,450203,AF,PCP-PEV,coalition,PCP-PEV,,49
mapa_1_resultados.xlsx,3674,AL2021,450204,AF,CDS-PP,party,CDS-PP,,336
mapa_1_resultados.xlsx,3675,AL2021,450205,AF,CDS-PP,party,CDS-PP,,312
mapa_1_resultados.xlsx,3675,AL2021,450205,AF,PS,party,PS,,277
mapa_1_resultados.xlsx,3676,AL2021,450206,AF,CDS-PP,party,CDS-PP,,228
mapa_1_resultados.xlsx,3676,AL2021,450206,AF,PPD/PSD,party,PPD/PSD,,116
mapa_1_resultados.xlsx,3676,AL2021,450206,AF,PS,party,PS,,642
mapa_1_resultados.xlsx,3677,AL2021,460100,CM,PS,party,PS,,1765
mapa_1_resultados.xlsx,3677,AL2021,460100,CM,PCP-PEV,coalition,PCP-PEV,,95
mapa_1_resultados.xlsx,3677,AL2021,460100,CM,[A],coalition,PPD/PSD.CDS-PP.PPM,UNIDOS PELO CONCELHO,1213
mapa_1_resultados.xlsx,3678,AL2021,460100,AM,PS,party,PS,,1566
mapa_1_resultados.xlsx,3678,AL2021,460100,AM,PCP-PEV,coalition,PCP-PEV,,135
mapa_1_resultados.xlsx,3678,AL2021,460100,AM,[A],coalition,PPD/PSD.CDS-PP.PPM,UNIDOS PELO CONCELHO,1311
mapa_1_resultados.xlsx,3679,AL2021,460101,AF,PS,party,PS,,132
mapa_1_resultados.xlsx,3679,AL2021,460101,AF,[A],coalition,PPD/PSD.CDS-PP.PPM,UNIDOS PELO CONCELHO,89
mapa_1_resultados.xlsx,3680,AL2021,460102,AF,PS,party,PS,,465
mapa_1_resultados.xlsx,3680,AL2021,460102,AF,[A],coalition,PPD/PSD.CDS-PP.PPM,UNIDOS PELO CONCELHO,652
mapa_1_resultados.xlsx,3681,AL2021,460103,AF,PS,party,PS,,268
mapa_1_resultados.xlsx,3681,AL2021,460103,AF,[A],coalition,PPD/PSD.CDS-PP.PPM,UNIDOS PELO CONCELHO,293
mapa_1_resultados.xlsx,3682,AL2021,460104,AF,PS,party,PS,,346
mapa_1_resultados.xlsx,3682,AL2021,460104,AF,[A],coalition,PPD/PSD.CDS-PP.PPM,UNIDOS PELO CONCELHO,220
mapa_1_resultados.xlsx,3683,AL2021,460105,AF,PS,party,PS,,160
mapa_1_resultados.xlsx,3683,AL2021,460105,AF,[A],coalition,PPD/PSD.CDS-PP.PPM,UNIDOS PELO CONCELHO,102
mapa_1_resultados.xlsx,3684,AL2021,460106,AF,PS,party,PS,,174
mapa_1_resultados.xlsx,3684,AL2021,460106,AF,[A],coalition,PPD/PSD.CDS-PP.PPM,UNIDOS PELO CONCELHO,134
mapa_1_resultados.xlsx,3685,AL2021,460200,CM,B.E.,party,B.E.,,73
mapa_1_resultados.xlsx,3685,AL2021,460200,CM,PPD/PSD,party,PPD/PSD,,2254
mapa_1_resultados.xlsx,3685,AL2021,460200,CM,PS,party,PS,,1428
mapa_1_resultados.xlsx,3686,AL2021,460200,AM,PPD/PSD,party,PPD/PSD,,1993
mapa_1_resultados.xlsx,3686,AL2021,460200,AM,PS,party,PS,,1613
mapa_1_resultados.xlsx,3686,AL2021,460200,AM,PCP-PEV,coalition,PCP-PEV,,125
mapa_1_resultados.xlsx,3687,AL2021,460201,AF,PPD/PSD,party,PPD/PSD,,218
mapa_1_resultados.xlsx,3687,AL2021,460201,AF,PS,party,PS,,262
mapa_1_resultados.xlsx,3688,AL2021,460202,AF,PPD/PSD,party,PPD/PSD,,275
mapa_1_resultados.xlsx,3688,AL2021,460202,AF,PS,party,PS,,292
mapa_1_resultados.xlsx,3689,AL2021,460203,AF,PPD/PSD,party,PPD/PSD,,318
mapa_1_resultados.xlsx,3689,AL2021,460203,AF,PS,party,PS,,217
mapa_1_resultados.xlsx,3690,AL2021,460204,AF,PPD/PSD,party,PPD/PSD,,839
mapa_1_resultados.xlsx,3690,AL2021,460204,AF,PS,party,PS,,523
mapa_1_resultados.xlsx,3690,AL2021,460204,AF,PCP-PEV,coalition,PCP-PEV,,40
mapa_1_resultados.xlsx,3691,AL2021,460205,AF,PPD/PSD,party,PPD/PSD,,187
mapa_1_resultados.xlsx,3691,AL2021,460205,AF,PS,party,PS,,130
mapa_1_resultados.xlsx,3692,AL2021,460206,AF,PPD/PSD,party,PPD/PSD,,194
mapa_1_resultados.xlsx,3692,AL2021,460206,AF,PS,party,PS,,257
mapa_1_resultados.xlsx,3693,AL2021,460300,CM,PPD/PSD,party,PPD/PSD,,1381
mapa_1_resultados.xlsx,3693,AL2021,460300,CM,PS,party,PS,,811
mapa_1_resultados.xlsx,3694,AL2021,460300,AM,PPD/PSD,party,PPD/PSD,,1253
mapa_1_resultados.xlsx,3694,AL2021,460300,AM,PS,party,PS,,927
mapa_1_resultados.xlsx,3695,AL2021,460301,AF,PPD/PSD,party,PPD/PSD,,196
mapa_1_resultados.xlsx,3695,AL2021,460301,AF,PS,party,PS,,163
mapa_1_resultados.xlsx,3696,AL2021,460302,AF,PPD/PSD,party,PPD/PSD,,205
mapa_1_resultados.xlsx,3696,AL2021,460302,AF,PS,party,PS,,120
mapa_1_resultados.xlsx,3697,AL2021,460303,AF,PPD/PSD,party,PPD/PSD,,66
mapa_1_resultados.xlsx,3697,AL2021,460303,AF,PS,party,PS,,122
mapa_1_resultados.xlsx,3698,AL2021,460304,AF,PPD/PSD,party,PPD/PSD,,266
mapa_1_resultados.xlsx,3698,AL2021,460304,AF,PS,party,PS,,218
mapa_1_resultados.xlsx,3698,AL2021,460304,AF,[D],citizen_group,mmsr,Mais e Melhor de São Roque,5
mapa_1_resultados.xlsx,3699,AL2021,460305,AF,PPD/PSD,party,PPD/PSD,,477
mapa_1_resultados.xlsx,3699,AL2021,460305,AF,PS,party,PS,,358
mapa_1_resultados.xlsx,3700,AL2021,470100,CM,B.E.,party,B.E.,,168
mapa_1_resultados.xlsx,3700,AL2021,470100,CM,PS,party,PS,,3493
mapa_1_resultados.xlsx,3700,AL2021,470100,CM,PCP-PEV,coalition,PCP-PEV,,419
mapa_1_resultados.xlsx,3700,AL2021,470100,CM,[A],coalition,PPD/PSD.CDS-PP.PPM,JUNTOS PELO FAIAL,4033
mapa_1_resultados.xlsx,3700,AL2021,470100,CM,[D],citizen_group,SF,Somos Faial,124
mapa_1_resultados.xlsx,3701,AL2021,470100,AM,B.E.,party,B.E.,,253
mapa_1_resultados.xlsx,3701,AL2021,470100,AM,PS,party,PS,,3198
mapa_1_resultados.xlsx,3701,AL2021,470100,AM,PCP-PEV,coalition,PCP-PEV,,550
mapa_1_resultados.xlsx,3701,AL2021,470100,AM,[A],coalition,PPD/PSD.CDS-PP.PPM,JUNTOS PELO FAIAL,3996
mapa_1_resultados.xlsx,3701,AL2021,470100,AM,[D],citizen_group,SF,Somos Faial,196
mapa_1_resultados.xlsx,3702,AL2021,470101,AF,PS,party,PS,,157
mapa_1_resultados.xlsx,3702,AL2021,470101,AF,PCP-PEV,coalition,PCP-PEV,,24
mapa_1_resultados.xlsx,3702,AL2021,470101,AF,[A],coalition,PPD/PSD.CDS-PP.PPM,JUNTOS PELO FAIAL,150
mapa_1_resultados.xlsx,3703,AL2021,470102,AF,PS,party,PS,,402
mapa_1_resultados.xlsx,3703,AL2021,470102,AF,PCP-PEV,coalition,PCP-PEV,,18
mapa_1_resultados.xlsx,3703,AL2021,470102,AF,[A],coalition,PPD/PSD.CDS-PP.PPM,JUNTOS PELO FAIAL,282
mapa_1_resultados.xlsx,3704,AL2021,470103,AF,PS,party,PS,,159
mapa_1_resultados.xlsx,3704,AL2021,470103,AF,PCP-PEV,coalition,PCP-PEV,,30
mapa_1_resultados.xlsx,3704,AL2021,470103,AF,[A],coalition,PPD/PSD.CDS-PP.PPM,JUNTOS PELO FAIAL,368
mapa_1_resultados.xlsx,3705,AL2021,470104,AF,PS,party,PS,,525
mapa_1_resultados.xlsx,3705,AL2021,470104,AF,PCP-PEV,coalition,PCP-PEV,,69
mapa_1_resultados.xlsx,3705,AL2021,470104,AF,[A],coalition,PPD/PSD.CDS-PP.PPM,JUNTOS PELO FAIAL,370
mapa_1_resultados.xlsx,3706,AL2021,470105,AF,PS,party,PS,,414
mapa_1_resultados.xlsx,3706,AL2021,470105,AF,PCP-PEV,coalition,PCP-PEV,,16
mapa_1_resultados.xlsx,3706,AL2021,470105,AF,[A],coalition,PPD/PSD.CDS-PP.PPM,JUNTOS PELO FAIAL,501
mapa_1_resultados.xlsx,3707,AL2021,470106,AF,B.E.,party,B.E.,,59
mapa_1_resultados.xlsx,3707,AL2021,470106,AF,PS,party,PS,,472
mapa_1_resultados.xlsx,3707,AL2021,470106,AF,PCP-PEV,coalition,PCP-PEV,,46
mapa_1_resultados.xlsx,3707,AL2021,470106,AF,[A],coalition,PPD/PSD.CDS-PP.PPM,JUNTOS PELO FAIAL,622
mapa_1_resultados.xlsx,3708,AL2021,470107,AF,B.E.,party,B.E.,,16
mapa_1_resultados.xlsx,3708,AL2021,470107,AF,PS,party,PS,,349
mapa_1_resultados.xlsx,3708,AL2021,470107,AF,PCP-PEV,coalition,PCP-PEV,,41
mapa_1_resultados.xlsx,3708,AL2021,470107,AF,[A],coalition,PPD/PSD.CDS-PP.PPM,JUNTOS PELO FAIAL,242
mapa_1_resultados.xlsx,3709,AL2021,470108,AF,B.E.,party,B.E.,,53
mapa_1_resultados.xlsx,3709,AL2021,470108,AF,PS,party,PS,,406
mapa_1_resultados.xlsx,3709,AL2021,470108,AF,PCP-PEV,coalition,PCP-PEV,,82
mapa_1_resultados.xlsx,3709,AL2021,470108,AF,[A],coalition,PPD/PSD.CDS-PP.PPM,JUNTOS PELO FAIAL,691
mapa_1_resultados.xlsx,3710,AL2021,470109,AF,PS,party,PS,,139
mapa_1_resultados.xlsx,3710,AL2021,470109,AF,PCP-PEV,coalition,PCP-PEV,,50
mapa_1_resultados.xlsx,3710,AL2021,470109,AF,[A],coalition,PPD/PSD.CDS-PP.PPM,JUNTOS PELO FAIAL,245
mapa_1_resultados.xlsx,3711,AL2021,470110,AF,PS,party,PS,,282
mapa_1_resultados.xlsx,3711,AL2021,470110,AF,PCP-PEV,coalition,PCP-PEV,,28
mapa_1_resultados.xlsx,3711,AL2021,470110,AF,[A],coalition,PPD/PSD.CDS-PP.PPM,JUNTOS PELO FAIAL,199
mapa_1_resultados.xlsx,3712,AL2021,470111,AF,PS,party,PS,,65
mapa_1_resultados.xlsx,3712,AL2021,470111,AF,[A],coalition,PPD/PSD.CDS-PP.PPM,JUNTOS PELO FAIAL,102
mapa_1_resultados.xlsx,3713,AL2021,470112,AF,PS,party,PS,,171
mapa_1_resultados.xlsx,3713,AL2021,470112,AF,PCP-PEV,coalition,PCP-PEV,,8
mapa_1_resultados.xlsx,3713,AL2021,470112,AF,[A],coalition,PPD/PSD.CDS-PP.PPM,JUNTOS PELO FAIAL,67
mapa_1_resultados.xlsx,3714,AL2021,470113,AF,PS,party,PS,,77
mapa_1_resultados.xlsx,3714,AL2021,470113,AF,[A],coalition,PPD/PSD.CDS-PP.PPM,JUNTOS PELO FAIAL,162
mapa_1_resultados.xlsx,3715,AL2021,480100,CM,PS,party,PS,,485
mapa_1_resultados.xlsx,3715,AL2021,480100,CM,[A],coalition,PPD/PSD.CDS-PP.PPM,UNIDOS COM CONFIANÇA,467
mapa_1_resultados.xlsx,3716,AL2021,480100,AM,PS,party,PS,,497
mapa_1_resultados.xlsx,3716,AL2021,480100,AM,[A],coalition,PPD/PSD.CDS-PP.PPM,UNIDOS COM CONFIANÇA,446
mapa_1_resultados.xlsx,3717,AL2021,480101,AF,PS,party,PS,,40
mapa_1_resultados.xlsx,3717,AL2021,480101,AF,[A],coalition,PPD/PSD.CDS-PP.PPM,UNIDOS COM CONFIANÇA,102
mapa_1_resultados.xlsx,3719,AL2021,480103,AF,PS,party,PS,,77
mapa_1_resultados.xlsx,3719,AL2021,480103,AF,[A],coalition,PPD/PSD.CDS-PP.PPM,UNIDOS COM CONFIANÇA,94
mapa_1_resultados.xlsx,3721,AL2021,480105,AF,PS,party,PS,,195
mapa_1_resultados.xlsx,3721,AL2021,480105,AF,[A],coalition,PPD/PSD.CDS-PP.PPM,UNIDOS COM CONFIANÇA,174
mapa_1_resultados.xlsx,3722,AL2021,480106,AF,PS,party,PS,,88
mapa_1_resultados.xlsx,3722,AL2021,480106,AF,[A],coalition,PPD/PSD.CDS-PP.PPM,UNIDOS COM CONFIANÇA,52
mapa_1_resultados.xlsx,3724,AL2021,480200,CM,PS,party,PS,,800
mapa_1_resultados.xlsx,3724,AL2021,480200,CM,[A],coalition,PPD/PSD.PPM.CDS-PP,UNIDOS COM CONFIANÇA,453
mapa_1_resultados.xlsx,3725,AL2021,480200,AM,PS,party,PS,,632
mapa_1_resultados.xlsx,3725,AL2021,480200,AM,PCP-PEV,coalition,PCP-PEV,,93
mapa_1_resultados.xlsx,3725,AL2021,480200,AM,[A],coalition,PPD/PSD.PPM.CDS-PP,UNIDOS COM CONFIANÇA,520
mapa_1_resultados.xlsx,3728,AL2021,480203,AF,PS,party,PS,,129
mapa_1_resultados.xlsx,3728,AL2021,480203,AF,[A],coalition,PPD/PSD.PPM.CDS-PP,UNIDOS COM CONFIANÇA,70
mapa_1_resultados.xlsx,3729,AL2021,480204,AF,PS,party,PS,,472
mapa_1_resultados.xlsx,3729,AL2021,480204,AF,[A],coalition,PPD/PSD.PPM.CDS-PP,UNIDOS COM CONFIANÇA,434
mapa_1_resultados.xlsx,3730,AL2021,490100,CM,PS,party,PS,,166
mapa_1_resultados.xlsx,3730,AL2021,490100,CM,PCP-PEV,coalition,PCP-PEV,,9
mapa_1_resultados.xlsx,3730,AL2021,490100,CM,[A],coalition,CDS-PP.PPD/PSD.PPM,UNIDOS PELO CORVO,97
mapa_1_resultados.xlsx,3731,AL2021,490100,AM,PS,party,PS,,165
mapa_1_resultados.xlsx,3731,AL2021,490100,AM,PCP-PEV,coalition,PCP-PEV,,23
mapa_1_resultados.xlsx,3731,AL2021,490100,AM,[A],coalition,CDS-PP.PPD/PSD.PPM,UNIDOS PELO CORVO,84
